채수위치,조사일,수온(℃),pH,DO(㎎/L),투명도,탁도,Chl-a (㎎/㎥),유해남조류 세포수 (cells/㎖),수위(EL.m),저수량(백만㎥),저수율(%),강우량(mm),유입량(㎥/s),총방류량(㎥/s),평균기온(°C),일강수량(mm),합계 일조시간(hr),합계 일사량(MJ/m2),TN(㎎/L),TP(㎎/L),NP_Ratio,Retention_Index
문의,2015-01-05,,,,,,,0.0,73.22,970.717,65.2,6.2879,16.073,29.395,3.2,6.1,4.1,7.64,1.798,0.009,199.7777777777778,33.02320122469808
추동,2015-01-05,,,,,,,0.0,73.22,970.717,65.2,6.2879,16.073,29.395,3.2,6.1,4.1,7.64,,,,33.02320122469808
회남,2015-01-05,,,,,,,48.0,73.22,970.717,65.2,6.2879,16.073,29.395,3.2,6.1,4.1,7.64,,,,33.02320122469808
문의,2015-01-12,,,,,,,0.0,73.23,971.292,65.2,0.0,30.533,50.526,-1.8,,8.9,12.35,1.403,0.009,155.8888888888889,19.2236076475478
추동,2015-01-12,,,,,,,28.0,73.23,971.292,65.2,0.0,30.533,50.526,-1.8,,8.9,12.35,,,,19.2236076475478
회남,2015-01-12,,,,,,,0.0,73.23,971.292,65.2,0.0,30.533,50.526,-1.8,,8.9,12.35,,,,19.2236076475478
문의,2015-01-19,,,,,,,0.0,73.09,963.255,64.7,0.7291,30.604,50.5,1.8,0.0,2.3,5.16,1.501,0.015,100.06666666666666,19.07435643564357
추동,2015-01-19,,,,,,,0.0,73.09,963.255,64.7,0.7291,30.604,50.5,1.8,0.0,2.3,5.16,,,,19.07435643564357
회남,2015-01-19,,,,,,,0.0,73.09,963.255,64.7,0.7291,30.604,50.5,1.8,0.0,2.3,5.16,,,,19.07435643564357
문의,2015-01-26,,,,,,,0.0,72.95,955.257,64.1,1.7979,30.833,50.631,5.3,0.3,0.0,1.82,1.509,0.007,215.57142857142856,18.86703798068377
추동,2015-01-26,,,,,,,0.0,72.95,955.257,64.1,1.7979,30.833,50.631,5.3,0.3,0.0,1.82,,,,18.86703798068377
회남,2015-01-26,,,,,,,0.0,72.95,955.257,64.1,1.7979,30.833,50.631,5.3,0.3,0.0,1.82,,,,18.86703798068377
문의,2015-02-02,,,,,,,0.0,72.83,948.432,63.7,0.0,34.534,60.825,-0.5,,8.0,13.14,1.615,0.01,161.5,15.592799013563502
추동,2015-02-02,,,,,,,0.0,72.83,948.432,63.7,0.0,34.534,60.825,-0.5,,8.0,13.14,,,,15.592799013563502
회남,2015-02-02,,,,,,,0.0,72.83,948.432,63.7,0.0,34.534,60.825,-0.5,,8.0,13.14,,,,15.592799013563502
문의,2015-02-09,,,,,,,0.0,72.58,934.307,62.7,0.0,24.158,63.262,-4.5,0.0,9.1,14.99,1.475,0.009,163.8888888888889,14.768850178622236
추동,2015-02-09,,,,,,,16.0,72.58,934.307,62.7,0.0,24.158,63.262,-4.5,0.0,9.1,14.99,,,,14.768850178622236
회남,2015-02-09,,,,,,,68.0,72.58,934.307,62.7,0.0,24.158,63.262,-4.5,0.0,9.1,14.99,,,,14.768850178622236
문의,2015-02-16,,,,,,,0.0,72.25,915.853,61.5,14.7602,41.117,60.431,4.8,17.0,0.0,1.33,1.492,0.007,213.14285714285717,15.155350730585296
추동,2015-02-16,,,,,,,52.0,72.25,915.853,61.5,14.7602,41.117,60.431,4.8,17.0,0.0,1.33,,,,15.155350730585296
회남,2015-02-16,,,,,,,56.0,72.25,915.853,61.5,14.7602,41.117,60.431,4.8,17.0,0.0,1.33,,,,15.155350730585296
문의,2015-02-23,,,,,,,0.0,72.13,909.196,61.0,0.0,42.64,55.459,3.0,,6.9,15.66,1.436,0.006,239.3333333333333,16.39402080816459
추동,2015-02-23,,,,,,,132.0,72.13,909.196,61.0,0.0,42.64,55.459,3.0,,6.9,15.66,,,,16.39402080816459
회남,2015-02-23,,,,,,,0.0,72.13,909.196,61.0,0.0,42.64,55.459,3.0,,6.9,15.66,,,,16.39402080816459
문의,2015-03-02,,,,,,,48.0,72.0,902.016,60.5,0.0,32.909,45.669,3.8,,10.5,20.08,1.458,0.006,243.0,19.75116599881758
추동,2015-03-02,,,,,,,100.0,72.0,902.016,60.5,0.0,32.909,45.669,3.8,,10.5,20.08,,,,19.75116599881758
회남,2015-03-02,,,,,,,0.0,72.0,902.016,60.5,0.0,32.909,45.669,3.8,,10.5,20.08,,,,19.75116599881758
문의,2015-03-09,,,,,,,0.0,71.75,888.302,59.6,0.0,22.66,60.625,4.4,,9.1,18.79,1.53,0.007,218.57142857142856,14.65240412371134
추동,2015-03-09,,,,,,,0.0,71.75,888.302,59.6,0.0,22.66,60.625,4.4,,9.1,18.79,,,,14.65240412371134
회남,2015-03-09,,,,,,,158.0,71.75,888.302,59.6,0.0,22.66,60.625,4.4,,9.1,18.79,,,,14.65240412371134
문의,2015-03-16,,,,,,,0.0,71.47,873.088,58.6,0.0,29.14,60.454,10.3,,9.3,19.06,1.469,0.008,183.625,14.442187448307804
추동,2015-03-16,,,,,,,94.0,71.47,873.088,58.6,0.0,29.14,60.454,10.3,,9.3,19.06,,,,14.442187448307804
회남,2015-03-16,,,,,,,0.0,71.47,873.088,58.6,0.0,29.14,60.454,10.3,,9.3,19.06,,,,14.442187448307804
문의,2015-03-23,,,,,,,0.0,71.68,884.484,59.4,0.0,67.272,60.968,5.3,,11.6,24.63,1.617,0.006,269.5,14.507348117045009
추동,2015-03-23,,,,,,,0.0,71.68,884.484,59.4,0.0,67.272,60.968,5.3,,11.6,24.63,,,,14.507348117045009
회남,2015-03-23,,,,,,,0.0,71.68,884.484,59.4,0.0,67.272,60.968,5.3,,11.6,24.63,,,,14.507348117045009
문의,2015-03-30,,,,,,,0.0,71.65,882.85,59.3,0.0,26.984,33.283,14.8,,10.3,22.87,1.34,0.006,223.33333333333331,26.52555358591473
추동,2015-03-30,,,,,,,0.0,71.65,882.85,59.3,0.0,26.984,33.283,14.8,,10.3,22.87,,,,26.52555358591473
회남,2015-03-30,,,,,,,14.0,71.65,882.85,59.3,0.0,26.984,33.283,14.8,,10.3,22.87,,,,26.52555358591473
문의,2015-04-06,,,,,,,0.0,71.52,875.793,58.8,1.8356,70.874,70.874,10.4,2.1,0.0,5.41,1.403,0.007,200.42857142857144,12.35704207466772
추동,2015-04-06,,,,,,,0.0,71.52,875.793,58.8,1.8356,70.874,70.874,10.4,2.1,0.0,5.41,,,,12.35704207466772
회남,2015-04-06,,,,,,,0.0,71.52,875.793,58.8,1.8356,70.874,70.874,10.4,2.1,0.0,5.41,,,,12.35704207466772
문의,2015-04-13,,,,,,,0.0,71.4,869.308,58.3,2.3573,42.133,79.621,10.8,1.5,0.2,5.43,1.673,0.007,239.0,10.918074377362757
추동,2015-04-13,,,,,,,0.0,71.4,869.308,58.3,2.3573,42.133,79.621,10.8,1.5,0.2,5.43,,,,10.918074377362757
회남,2015-04-13,,,,,,,0.0,71.4,869.308,58.3,2.3573,42.133,79.621,10.8,1.5,0.2,5.43,,,,10.918074377362757
문의,2015-04-20,,,,,,,0.0,71.35,866.614,58.2,15.2309,79.173,79.173,11.5,13.0,0.0,3.63,1.392,0.007,198.85714285714283,10.945827491695402
추동,2015-04-20,,,,,,,0.0,71.35,866.614,58.2,15.2309,79.173,79.173,11.5,13.0,0.0,3.63,,,,10.945827491695402
회남,2015-04-20,,,,,,,18.0,71.35,866.614,58.2,15.2309,79.173,79.173,11.5,13.0,0.0,3.63,,,,10.945827491695402
문의,2015-04-27,,,,,,,0.0,71.41,869.847,58.4,0.0,41.104,41.104,19.3,,12.4,27.61,1.838,0.007,262.57142857142856,21.16210101206695
추동,2015-04-27,,,,,,,0.0,71.41,869.847,58.4,0.0,41.104,41.104,19.3,,12.4,27.61,,,,21.16210101206695
회남,2015-04-27,,,,,,,0.0,71.41,869.847,58.4,0.0,41.104,41.104,19.3,,12.4,27.61,,,,21.16210101206695
문의,2015-05-04,,,,,,,0.0,71.17,856.957,57.5,0.2501,40.515,96.311,16.4,,11.8,27.61,1.546,0.008,193.25,8.897810218978101
추동,2015-05-04,,,,,,,0.0,71.17,856.957,57.5,0.2501,40.515,96.311,16.4,,11.8,27.61,,,,8.897810218978101
회남,2015-05-04,,,,,,,184.0,71.17,856.957,57.5,0.2501,40.515,96.311,16.4,,11.8,27.61,,,,8.897810218978101
문의,2015-05-11,,,,,,,0.0,70.48,820.52,55.1,5.0741,36.565,97.025,18.2,10.0,5.3,16.62,1.564,0.008,195.5,8.456789487245555
추동,2015-05-11,,,,,,,0.0,70.48,820.52,55.1,5.0741,36.565,97.025,18.2,10.0,5.3,16.62,,,,8.456789487245555
회남,2015-05-11,,,,,,,22.0,70.48,820.52,55.1,5.0741,36.565,97.025,18.2,10.0,5.3,16.62,,,,8.456789487245555
문의,2015-05-18,,,,,,,28.0,69.72,781.161,52.4,0.0,26.619,97.357,18.7,,5.6,18.34,1.588,0.007,226.8571428571429,8.023675750074467
추동,2015-05-18,,,,,,,44.0,69.72,781.161,52.4,0.0,26.619,97.357,18.7,,5.6,18.34,,,,8.023675750074467
회남,2015-05-18,,,,,,,540.0,69.72,781.161,52.4,0.0,26.619,97.357,18.7,,5.6,18.34,,,,8.023675750074467
문의,2015-05-26,,,,,,,28.0,68.75,732.942,49.2,0.0,22.067,95.459,22.3,,13.3,31.86,1.633,0.007,233.28571428571428,7.678081689521155
추동,2015-05-26,,,,,,,486.0,68.75,732.942,49.2,0.0,22.067,95.459,22.3,,13.3,31.86,,,,7.678081689521155
회남,2015-05-26,,,,,,,16.0,68.75,732.942,49.2,0.0,22.067,95.459,22.3,,13.3,31.86,,,,7.678081689521155
문의,2015-06-01,,,,,,,0.0,67.98,696.142,46.7,0.0,13.356,89.685,23.3,,12.5,28.27,1.491,0.007,213.0,7.762078385460223
추동,2015-06-01,,,,,,,0.0,67.98,696.142,46.7,0.0,13.356,89.685,23.3,,12.5,28.27,,,,7.762078385460223
회남,2015-06-01,,,,,,,0.0,67.98,696.142,46.7,0.0,13.356,89.685,23.3,,12.5,28.27,,,,7.762078385460223
문의,2015-06-08,,,,,,,120.0,67.07,654.301,43.9,0.1095,18.42,86.352,22.0,,1.3,12.78,1.437,0.007,205.28571428571428,7.577137761719474
추동,2015-06-08,,,,,,,0.0,67.07,654.301,43.9,0.1095,18.42,86.352,22.0,,1.3,12.78,,,,7.577137761719474
회남,2015-06-08,,,,,,,0.0,67.07,654.301,43.9,0.1095,18.42,86.352,22.0,,1.3,12.78,,,,7.577137761719474
문의,2015-06-15,,,,,,,0.0,66.25,618.097,41.5,0.0,14.476,74.786,24.9,0.0,5.1,19.87,1.275,0.009,141.66666666666666,8.264875778889097
추동,2015-06-15,,,,,,,540.0,66.25,618.097,41.5,0.0,14.476,74.786,24.9,0.0,5.1,19.87,,,,8.264875778889097
회남,2015-06-15,,,,,,,656.0,66.25,618.097,41.5,0.0,14.476,74.786,24.9,0.0,5.1,19.87,,,,8.264875778889097
문의,2015-06-22,,,,,,,0.0,65.54,587.871,39.5,1.4345,21.935,75.354,24.4,,7.1,23.5,1.441,0.011,131.0,7.801457122382355
추동,2015-06-22,,,,,,,0.0,65.54,587.871,39.5,1.4345,21.935,75.354,24.4,,7.1,23.5,,,,7.801457122382355
회남,2015-06-22,,,,,,,644.0,65.54,587.871,39.5,1.4345,21.935,75.354,24.4,,7.1,23.5,,,,7.801457122382355
문의,2015-06-29,,,,,,,142.0,65.37,580.787,39.0,0.0,39.02,58.253,25.7,,10.1,26.28,1.546,0.014,110.42857142857144,9.970078794225191
추동,2015-06-29,,,,,,,2232.0,65.37,580.787,39.0,0.0,39.02,58.253,25.7,,10.1,26.28,,,,9.970078794225191
회남,2015-06-29,,,,,,,78.0,65.37,580.787,39.0,0.0,39.02,58.253,25.7,,10.1,26.28,,,,9.970078794225191
문의,2015-07-06,,,,,,,548.0,64.99,565.161,37.9,1.6656,15.469,43.803,24.3,,8.5,23.09,1.084,0.016,67.75,12.902335456475583
추동,2015-07-06,,,,,,,1502.0,64.99,565.161,37.9,1.6656,15.469,43.803,24.3,,8.5,23.09,,,,12.902335456475583
회남,2015-07-06,,,,,,,292.0,64.99,565.161,37.9,1.6656,15.469,43.803,24.3,,8.5,23.09,,,,12.902335456475583
문의,2015-07-13,,,,,,,140.0,66.36,622.872,41.8,1.7676,141.798,46.512,23.9,4.6,0.1,6.15,0.868,0.014,62.0,13.391640866873065
추동,2015-07-13,,,,,,,422.0,66.36,622.872,41.8,1.7676,141.798,46.512,23.9,4.6,0.1,6.15,,,,13.391640866873065
회남,2015-07-13,,,,,,,260.0,66.36,622.872,41.8,1.7676,141.798,46.512,23.9,4.6,0.1,6.15,,,,13.391640866873065
문의,2015-07-20,,,,,,,366.0,66.62,634.259,42.6,0.1075,34.014,54.435,27.4,,4.2,19.86,0.707,0.019,37.21052631578947,11.65167631119684
추동,2015-07-20,,,,,,,532.0,66.62,634.259,42.6,0.1075,34.014,54.435,27.4,,4.2,19.86,,,,11.65167631119684
회남,2015-07-20,,,,,,,1406.0,66.62,634.259,42.6,0.1075,34.014,54.435,27.4,,4.2,19.86,,,,11.65167631119684
문의,2015-07-27,,,,,,,64.0,66.63,634.7,42.6,1.5451,32.112,47.431,25.7,4.0,2.3,8.13,0.872,0.016,54.5,13.38154371613502
추동,2015-07-27,,,,,,,68.0,66.63,634.7,42.6,1.5451,32.112,47.431,25.7,4.0,2.3,8.13,,,,13.38154371613502
회남,2015-07-27,,,,,,,1044.0,66.63,634.7,42.6,1.5451,32.112,47.431,25.7,4.0,2.3,8.13,,,,13.38154371613502
문의,2015-08-03,,,,,,,502.0,66.45,626.798,42.1,0.0273,25.151,50.478,29.0,,13.0,27.86,0.869,0.023,37.78260869565217,12.417251079678277
추동,2015-08-03,,,,,,,70.0,66.45,626.798,42.1,0.0273,25.151,50.478,29.0,,13.0,27.86,,,,12.417251079678277
회남,2015-08-03,,,,,,,914.0,66.45,626.798,42.1,0.0273,25.151,50.478,29.0,,13.0,27.86,,,,12.417251079678277
문의,2015-08-10,,,,,,,28.0,66.11,612.055,41.1,0.0,26.452,51.372,26.3,,1.6,14.28,0.69,0.025,27.6,11.914175036985126
추동,2015-08-10,,,,,,,58.0,66.11,612.055,41.1,0.0,26.452,51.372,26.3,,1.6,14.28,,,,11.914175036985126
회남,2015-08-10,,,,,,,1020.0,66.11,612.055,41.1,0.0,26.452,51.372,26.3,,1.6,14.28,,,,11.914175036985126
문의,2015-08-17,,,,,,,486.0,65.77,597.55,40.1,0.167,19.712,49.139,26.8,,11.2,23.9,0.641,0.022,29.13636363636364,12.160402124585358
추동,2015-08-17,,,,,,,84.0,65.77,597.55,40.1,0.167,19.712,49.139,26.8,,11.2,23.9,,,,12.160402124585358
회남,2015-08-17,,,,,,,336.0,65.77,597.55,40.1,0.167,19.712,49.139,26.8,,11.2,23.9,,,,12.160402124585358
문의,2015-08-24,,,,,,,374.0,65.38,581.202,39.0,0.5442,14.46,43.338,26.5,0.0,4.3,15.03,0.679,0.022,30.863636363636367,13.410909594351375
추동,2015-08-24,,,,,,,504.0,65.38,581.202,39.0,0.5442,14.46,43.338,26.5,0.0,4.3,15.03,,,,13.410909594351375
회남,2015-08-24,,,,,,,922.0,65.38,581.202,39.0,0.5442,14.46,43.338,26.5,0.0,4.3,15.03,,,,13.410909594351375
문의,2015-08-31,,,,,,,532.0,65.37,580.787,39.0,0.1042,29.424,39.036,25.3,,10.0,20.98,0.616,0.027,22.814814814814813,14.87824059842197
추동,2015-08-31,,,,,,,478.0,65.37,580.787,39.0,0.1042,29.424,39.036,25.3,,10.0,20.98,,,,14.87824059842197
회남,2015-08-31,,,,,,,1702.0,65.37,580.787,39.0,0.1042,29.424,39.036,25.3,,10.0,20.98,,,,14.87824059842197
문의,2015-09-07,,,,,,,288.0,65.29,577.473,38.8,0.0,26.495,36.07,22.6,,12.2,26.26,0.576,0.023,25.043478260869563,16.009786526199058
추동,2015-09-07,,,,,,,2044.0,65.29,577.473,38.8,0.0,26.495,36.07,22.6,,12.2,26.26,,,,16.009786526199058
회남,2015-09-07,,,,,,,814.0,65.29,577.473,38.8,0.0,26.495,36.07,22.6,,12.2,26.26,,,,16.009786526199058
문의,2015-09-14,,,,,,,1008.0,65.13,570.884,38.3,0.0,18.881,33.135,19.9,,11.1,22.54,0.779,0.023,33.869565217391305,17.229032744831752
추동,2015-09-14,,,,,,,1540.0,65.13,570.884,38.3,0.0,18.881,33.135,19.9,,11.1,22.54,,,,17.229032744831752
회남,2015-09-14,,,,,,,600.0,65.13,570.884,38.3,0.0,18.881,33.135,19.9,,11.1,22.54,,,,17.229032744831752
문의,2015-09-21,,,,,,,2294.0,64.91,561.908,37.7,0.0,14.739,28.84,21.9,,10.6,21.9,0.638,0.022,29.000000000000004,19.48363384188627
추동,2015-09-21,,,,,,,1566.0,64.91,561.908,37.7,0.0,14.739,28.84,21.9,,10.6,21.9,,,,19.48363384188627
회남,2015-09-21,,,,,,,990.0,64.91,561.908,37.7,0.0,14.739,28.84,21.9,,10.6,21.9,,,,19.48363384188627
문의,2015-09-30,,,,,,,942.0,64.59,549.024,36.9,0.0,10.494,29.006,21.1,,1.7,11.49,0.629,0.026,24.192307692307693,18.92794594221885
추동,2015-09-30,,,,,,,2014.0,64.59,549.024,36.9,0.0,10.494,29.006,21.1,,1.7,11.49,,,,18.92794594221885
회남,2015-09-30,,,,,,,1770.0,64.59,549.024,36.9,0.0,10.494,29.006,21.1,,1.7,11.49,,,,18.92794594221885
문의,2015-10-05,,,,,,,676.0,64.59,549.024,36.9,0.0,19.553,28.804,17.8,,10.8,19.85,0.717,0.019,37.73684210526316,19.06068601583113
추동,2015-10-05,,,,,,,1074.0,64.59,549.024,36.9,0.0,19.553,28.804,17.8,,10.8,19.85,,,,19.06068601583113
회남,2015-10-05,,,,,,,788.0,64.59,549.024,36.9,0.0,19.553,28.804,17.8,,10.8,19.85,,,,19.06068601583113
문의,2015-10-12,,,,,,,726.0,64.55,547.427,36.7,0.8777,14.791,19.406,13.6,0.7,8.3,16.28,0.763,0.019,40.15789473684211,28.209162114809857
추동,2015-10-12,,,,,,,1592.0,64.55,547.427,36.7,0.8777,14.791,19.406,13.6,0.7,8.3,16.28,,,,28.209162114809857
회남,2015-10-12,,,,,,,886.0,64.55,547.427,36.7,0.8777,14.791,19.406,13.6,0.7,8.3,16.28,,,,28.209162114809857
문의,2015-10-19,,,,,,,732.0,64.52,546.232,36.7,0.0,14.944,19.553,17.1,,8.7,14.34,0.61,0.011,55.45454545454545,27.93596890502736
추동,2015-10-19,,,,,,,2048.0,64.52,546.232,36.7,0.0,14.944,19.553,17.1,,8.7,14.34,,,,27.93596890502736
회남,2015-10-19,,,,,,,2346.0,64.52,546.232,36.7,0.0,14.944,19.553,17.1,,8.7,14.34,,,,27.93596890502736
문의,2015-10-26,,,,,,,1358.0,64.44,543.054,36.5,0.0,10.197,19.38,16.9,,7.4,13.75,0.663,0.017,39.0,28.021362229102166
추동,2015-10-26,,,,,,,2000.0,64.44,543.054,36.5,0.0,10.197,19.38,16.9,,7.4,13.75,,,,28.021362229102166
회남,2015-10-26,,,,,,,2456.0,64.44,543.054,36.5,0.0,10.197,19.38,16.9,,7.4,13.75,,,,28.021362229102166
문의,2015-11-02,,,,,,,410.0,64.44,543.054,36.5,0.0,14.667,19.257,9.4,,6.8,11.73,0.808,0.011,73.45454545454547,28.200342732512848
추동,2015-11-02,,,,,,,1146.0,64.44,543.054,36.5,0.0,14.667,19.257,9.4,,6.8,11.73,,,,28.200342732512848
회남,2015-11-02,,,,,,,2136.0,64.44,543.054,36.5,0.0,14.667,19.257,9.4,,6.8,11.73,,,,28.200342732512848
문의,2015-11-09,,,,,,,212.0,64.46,543.847,36.5,2.3447,27.826,18.643,13.1,1.7,0.7,4.44,0.617,0.004,154.25,29.171646194282037
추동,2015-11-09,,,,,,,1306.0,64.46,543.847,36.5,2.3447,27.826,18.643,13.1,1.7,0.7,4.44,,,,29.171646194282037
회남,2015-11-09,,,,,,,1474.0,64.46,543.847,36.5,2.3447,27.826,18.643,13.1,1.7,0.7,4.44,,,,29.171646194282037
문의,2015-11-16,,,,,,,332.0,64.84,559.072,37.5,10.9552,68.202,16.853,11.7,26.3,0.1,3.76,0.741,0.013,57.0,33.173440930398144
추동,2015-11-16,,,,,,,1870.0,64.84,559.072,37.5,10.9552,68.202,16.853,11.7,26.3,0.1,3.76,,,,33.173440930398144
회남,2015-11-16,,,,,,,1606.0,64.84,559.072,37.5,10.9552,68.202,16.853,11.7,26.3,0.1,3.76,,,,33.173440930398144
문의,2015-11-25,,,,,,,374.0,65.35,579.957,38.9,7.824,39.346,20.169,5.7,8.7,0.0,1.61,0.556,0.01,55.6,28.75487133720065
문의,2015-11-25,,,,,,,374.0,65.35,579.957,38.9,7.824,39.346,20.169,5.7,8.7,0.0,1.61,0.52,0.011,47.27272727272728,28.75487133720065
추동,2015-11-25,,,,,,,1762.0,65.35,579.957,38.9,7.824,39.346,20.169,5.7,8.7,0.0,1.61,,,,28.75487133720065
회남,2015-11-25,,,,,,,1078.0,65.35,579.957,38.9,7.824,39.346,20.169,5.7,8.7,0.0,1.61,,,,28.75487133720065
문의,2015-11-30,,,,,,,308.0,65.52,587.035,39.4,0.0,33.784,19.279,6.9,0.0,5.3,8.0,0.659,0.01,65.9,30.4494527724467
추동,2015-11-30,,,,,,,1286.0,65.52,587.035,39.4,0.0,33.784,19.279,6.9,0.0,5.3,8.0,,,,30.4494527724467
회남,2015-11-30,,,,,,,1052.0,65.52,587.035,39.4,0.0,33.784,19.279,6.9,0.0,5.3,8.0,,,,30.4494527724467
문의,2015-12-07,,,,,,,58.0,65.68,593.75,39.9,0.0,23.737,18.862,2.1,,8.7,11.5,0.732,0.021,34.857142857142854,31.47863429116743
추동,2015-12-07,,,,,,,782.0,65.68,593.75,39.9,0.0,23.737,18.862,2.1,,8.7,11.5,,,,31.47863429116743
회남,2015-12-07,,,,,,,728.0,65.68,593.75,39.9,0.0,23.737,18.862,2.1,,8.7,11.5,,,,31.47863429116743
문의,2015-12-14,,,,,,,250.0,65.9,603.068,40.5,5.2425,48.791,19.264,7.2,9.9,0.0,2.04,0.725,0.009,80.55555555555556,31.30544019933555
추동,2015-12-14,,,,,,,222.0,65.9,603.068,40.5,5.2425,48.791,19.264,7.2,9.9,0.0,2.04,,,,31.30544019933555
회남,2015-12-14,,,,,,,242.0,65.9,603.068,40.5,5.2425,48.791,19.264,7.2,9.9,0.0,2.04,,,,31.30544019933555
문의,2015-12-21,,,,,,,176.0,66.12,612.485,41.1,1.2627,28.862,18.906,4.3,1.2,5.1,6.95,0.829,0.012,69.08333333333333,32.396329207658944
추동,2015-12-21,,,,,,,304.0,66.12,612.485,41.1,1.2627,28.862,18.906,4.3,1.2,5.1,6.95,,,,32.396329207658944
회남,2015-12-21,,,,,,,448.0,66.12,612.485,41.1,1.2627,28.862,18.906,4.3,1.2,5.1,6.95,,,,32.396329207658944
문의,2015-12-28,,,,,,,406.0,66.2,615.934,41.3,0.0,23.722,18.724,-3.2,,7.5,11.12,0.576,0.007,82.28571428571428,32.89542832728049
추동,2015-12-28,,,,,,,388.0,66.2,615.934,41.3,0.0,23.722,18.724,-3.2,,7.5,11.12,,,,32.89542832728049
회남,2015-12-28,,,,,,,368.0,66.2,615.934,41.3,0.0,23.722,18.724,-3.2,,7.5,11.12,,,,32.89542832728049
문의,2016-01-05,,,,,,,108.0,66.22,616.798,41.4,0.0,14.02,19.026,-0.6,,4.8,7.72,0.821,0.009,91.22222222222224,32.4186902133922
추동,2016-01-05,,,,,,,100.0,66.22,616.798,41.4,0.0,14.02,19.026,-0.6,,4.8,7.72,,,,32.4186902133922
회남,2016-01-05,,,,,,,176.0,66.22,616.798,41.4,0.0,14.02,19.026,-0.6,,4.8,7.72,,,,32.4186902133922
문의,2016-01-11,,,,,,,134.0,66.2,615.934,41.3,0.0,18.8,18.8,-1.8,,8.7,11.6,0.768,0.008,96.0,32.76244680851064
추동,2016-01-11,,,,,,,186.0,66.2,615.934,41.3,0.0,18.8,18.8,-1.8,,8.7,11.6,,,,32.76244680851064
회남,2016-01-11,,,,,,,42.0,66.2,615.934,41.3,0.0,18.8,18.8,-1.8,,8.7,11.6,,,,32.76244680851064
문의,2016-01-18,,,,,,,26.0,66.16,614.208,41.2,0.3891,18.608,18.608,-3.1,3.5,4.3,6.16,1.069,0.025,42.76,33.007738607050726
추동,2016-01-18,,,,,,,32.0,66.16,614.208,41.2,0.3891,18.608,18.608,-3.1,3.5,4.3,6.16,,,,33.007738607050726
회남,2016-01-18,,,,,,,84.0,66.16,614.208,41.2,0.3891,18.608,18.608,-3.1,3.5,4.3,6.16,,,,33.007738607050726
문의,2016-01-25,,,,,,,0.0,66.07,610.336,41.0,0.0,14.502,19.472,-7.8,0.1,7.8,12.09,0.861,0.012,71.75,31.3442892358258
추동,2016-01-25,,,,,,,0.0,66.07,610.336,41.0,0.0,14.502,19.472,-7.8,0.1,7.8,12.09,,,,31.3442892358258
회남,2016-01-25,,,,,,,0.0,66.07,610.336,41.0,0.0,14.502,19.472,-7.8,0.1,7.8,12.09,,,,31.3442892358258
문의,2016-02-01,,,,,,,0.0,65.99,606.908,40.7,0.0,14.829,19.78,-3.9,,9.3,14.95,1.041,0.012,86.74999999999999,30.682912032355915
추동,2016-02-01,,,,,,,0.0,65.99,606.908,40.7,0.0,14.829,19.78,-3.9,,9.3,14.95,,,,30.682912032355915
회남,2016-02-01,,,,,,,142.0,65.99,606.908,40.7,0.0,14.829,19.78,-3.9,,9.3,14.95,,,,30.682912032355915
문의,2016-02-11,,,,,,,0.0,65.87,601.791,40.4,0.0273,18.415,18.415,6.8,0.4,4.1,9.97,1.003,0.04,25.075,32.67939180016292
추동,2016-02-11,,,,,,,0.0,65.87,601.791,40.4,0.0273,18.415,18.415,6.8,0.4,4.1,9.97,,,,32.67939180016292
회남,2016-02-11,,,,,,,0.0,65.87,601.791,40.4,0.0273,18.415,18.415,6.8,0.4,4.1,9.97,,,,32.67939180016292
문의,2016-02-15,,,,,,,0.0,65.9,603.068,40.5,0.055,29.205,19.353,-3.3,0.0,9.1,17.51,0.936,0.014,66.85714285714286,31.161473673332296
추동,2016-02-15,,,,,,,0.0,65.9,603.068,40.5,0.055,29.205,19.353,-3.3,0.0,9.1,17.51,,,,31.161473673332296
회남,2016-02-15,,,,,,,0.0,65.9,603.068,40.5,0.055,29.205,19.353,-3.3,0.0,9.1,17.51,,,,31.161473673332296
문의,2016-02-22,,,,,,,0.0,65.99,606.908,40.7,0.0,23.467,18.519,2.9,,1.6,9.29,0.765,0.017,45.0,32.772179923322
추동,2016-02-22,,,,,,,0.0,65.99,606.908,40.7,0.0,23.467,18.519,2.9,,1.6,9.29,,,,32.772179923322
회남,2016-02-22,,,,,,,0.0,65.99,606.908,40.7,0.0,23.467,18.519,2.9,,1.6,9.29,,,,32.772179923322
문의,2016-03-02,,,,,,,0.0,65.99,606.908,40.7,0.0,19.524,19.524,3.0,,10.6,19.68,0.986,0.014,70.42857142857143,31.085228436795735
추동,2016-03-02,,,,,,,0.0,65.99,606.908,40.7,0.0,19.524,19.524,3.0,,10.6,19.68,,,,31.085228436795735
회남,2016-03-02,,,,,,,0.0,65.99,606.908,40.7,0.0,19.524,19.524,3.0,,10.6,19.68,,,,31.085228436795735
문의,2016-03-07,,,,,,,0.0,66.7,637.791,42.8,0.0,235.318,17.399,9.0,,3.2,9.72,0.873,0.01,87.3,36.65676188286683
추동,2016-03-07,,,,,,,0.0,66.7,637.791,42.8,0.0,235.318,17.399,9.0,,3.2,9.72,,,,36.65676188286683
회남,2016-03-07,,,,,,,0.0,66.7,637.791,42.8,0.0,235.318,17.399,9.0,,3.2,9.72,,,,36.65676188286683
문의,2016-03-14,,,,,,,0.0,67.25,662.438,44.5,0.0,27.869,17.367,4.4,,6.0,11.89,1.119,0.009,124.33333333333334,38.1434905280129
추동,2016-03-14,,,,,,,0.0,67.25,662.438,44.5,0.0,27.869,17.367,4.4,,6.0,11.89,,,,38.1434905280129
회남,2016-03-14,,,,,,,0.0,67.25,662.438,44.5,0.0,27.869,17.367,4.4,,6.0,11.89,,,,38.1434905280129
문의,2016-03-21,,,,,,,0.0,67.35,666.987,44.8,0.0,19.082,19.082,9.5,,10.3,21.51,0.93,0.006,155.0,34.95372602452573
추동,2016-03-21,,,,,,,0.0,67.35,666.987,44.8,0.0,19.082,19.082,9.5,,10.3,21.51,,,,34.95372602452573
회남,2016-03-21,,,,,,,0.0,67.35,666.987,44.8,0.0,19.082,19.082,9.5,,10.3,21.51,,,,34.95372602452573
문의,2016-03-28,,,,,,,0.0,67.34,666.531,44.7,0.0,12.934,18.211,9.4,,11.6,24.33,1.07,0.013,82.30769230769232,36.60046125967822
추동,2016-03-28,,,,,,,0.0,67.34,666.531,44.7,0.0,12.934,18.211,9.4,,11.6,24.33,,,,36.60046125967822
회남,2016-03-28,,,,,,,0.0,67.34,666.531,44.7,0.0,12.934,18.211,9.4,,11.6,24.33,,,,36.60046125967822
문의,2016-04-04,8.8,8.2,13.3,2.9,1.7,4.5,0.0,67.29,664.255,44.6,1.5744,14.068,19.333,13.5,,6.8,19.2,1.154,0.022,52.45454545454545,34.358609631200544
추동,2016-04-04,8.7,8.2,12.8,2.2,2.0,5.8,0.0,67.29,664.255,44.6,1.5744,14.068,19.333,13.5,,6.8,19.2,,,,34.358609631200544
회남,2016-04-04,7.9,8.0,12.5,2.5,1.2,5.2,0.0,67.29,664.255,44.6,1.5744,14.068,19.333,13.5,,6.8,19.2,,,,34.358609631200544
문의,2016-04-11,9.1,7.7,12.1,3.2,1.1,4.4,0.0,67.98,696.142,46.7,0.0,63.217,19.821,13.2,,11.4,26.86,1.04,0.017,61.17647058823529,35.12143685989607
추동,2016-04-11,10.0,8.2,11.5,2.3,2.3,4.0,0.0,67.98,696.142,46.7,0.0,63.217,19.821,13.2,,11.4,26.86,,,,35.12143685989607
회남,2016-04-11,8.6,8.0,11.0,2.5,1.3,6.2,0.0,67.98,696.142,46.7,0.0,63.217,19.821,13.2,,11.4,26.86,,,,35.12143685989607
문의,2016-04-18,12.1,8.2,11.3,2.0,2.5,5.1,0.0,68.52,721.814,48.4,0.688,102.719,19.447,12.3,1.7,9.6,23.73,0.923,0.011,83.90909090909092,37.11698462487787
추동,2016-04-18,10.2,7.8,11.2,1.8,3.1,5.0,0.0,68.52,721.814,48.4,0.688,102.719,19.447,12.3,1.7,9.6,23.73,,,,37.11698462487787
회남,2016-04-18,8.9,7.4,11.4,2.8,1.5,5.3,0.0,68.52,721.814,48.4,0.688,102.719,19.447,12.3,1.7,9.6,23.73,,,,37.11698462487787
문의,2016-04-25,14.7,8.3,11.4,2.7,1.8,4.5,0.0,69.76,783.195,52.6,0.0,78.752,19.986,17.7,,11.6,26.84,1.322,0.005,264.40000000000003,39.187181026718704
추동,2016-04-25,12.1,7.9,11.3,2.7,2.0,4.2,0.0,69.76,783.195,52.6,0.0,78.752,19.986,17.7,,11.6,26.84,,,,39.187181026718704
회남,2016-04-25,10.1,7.3,10.7,2.8,1.3,4.3,0.0,69.76,783.195,52.6,0.0,78.752,19.986,17.7,,11.6,26.84,,,,39.187181026718704
문의,2016-05-02,14.4,8.2,11.5,2.2,1.7,6.9,0.0,70.28,810.13,54.4,1.9942,53.058,41.082,19.8,6.3,8.3,22.04,1.514,0.007,216.28571428571428,19.719828635412103
추동,2016-05-02,13.9,8.0,11.8,3.0,1.8,5.8,0.0,70.28,810.13,54.4,1.9942,53.058,41.082,19.8,6.3,8.3,22.04,,,,19.719828635412103
회남,2016-05-02,11.1,7.8,11.8,2.0,1.7,6.0,0.0,70.28,810.13,54.4,1.9942,53.058,41.082,19.8,6.3,8.3,22.04,,,,19.719828635412103
문의,2016-05-09,16.1,8.1,12.2,2.4,1.5,8.8,0.0,70.21,806.512,54.1,0.0,32.096,56.013,20.0,,2.9,18.29,1.624,0.003,541.3333333333334,14.398657454519483
추동,2016-05-09,14.5,7.8,11.2,3.6,1.1,5.9,0.0,70.21,806.512,54.1,0.0,32.096,56.013,20.0,,2.9,18.29,,,,14.398657454519483
회남,2016-05-09,11.4,7.8,11.3,1.5,1.6,6.8,38.0,70.21,806.512,54.1,0.0,32.096,56.013,20.0,,2.9,18.29,,,,14.398657454519483
문의,2016-05-16,17.0,8.4,11.4,4.3,1.4,7.4,0.0,70.06,798.79,53.6,7.7333,39.989,51.877,15.9,5.2,11.7,29.91,1.25,0.004,312.5,15.397767796904214
추동,2016-05-16,15.2,7.8,10.4,4.4,1.3,3.6,12.0,70.06,798.79,53.6,7.7333,39.989,51.877,15.9,5.2,11.7,29.91,,,,15.397767796904214
회남,2016-05-16,12.2,7.9,10.3,2.5,1.4,6.4,0.0,70.06,798.79,53.6,7.7333,39.989,51.877,15.9,5.2,11.7,29.91,,,,15.397767796904214
문의,2016-05-23,19.9,8.2,11.9,4.9,1.2,3.3,0.0,69.46,768.03,51.6,0.0,18.688,76.933,23.1,,10.5,26.78,1.402,0.006,233.66666666666663,9.983102179818802
추동,2016-05-23,16.9,7.8,9.9,4.0,1.3,3.3,0.0,69.46,768.03,51.6,0.0,18.688,76.933,23.1,,10.5,26.78,,,,9.983102179818802
회남,2016-05-23,13.6,7.9,10.2,2.5,1.4,4.4,12.0,69.46,768.03,51.6,0.0,18.688,76.933,23.1,,10.5,26.78,,,,9.983102179818802
문의,2016-05-30,20.5,8.1,10.6,5.1,2.0,3.2,0.0,68.82,736.351,49.4,0.0,14.136,76.405,22.0,,12.2,29.85,,,,9.63747136967476
추동,2016-05-30,17.9,7.7,8.6,3.9,1.7,7.3,0.0,68.82,736.351,49.4,0.0,14.136,76.405,22.0,,12.2,29.85,,,,9.63747136967476
회남,2016-05-30,14.2,7.7,8.5,4.2,1.0,3.8,0.0,68.82,736.351,49.4,0.0,14.136,76.405,22.0,,12.2,29.85,,,,9.63747136967476
문의,2016-06-07,21.9,8.2,9.6,4.3,2.0,6.7,0.0,67.93,693.797,46.6,0.4327,18.523,78.317,21.9,1.2,4.1,17.95,,,,8.858830139050271
추동,2016-06-07,20.1,8.0,8.2,2.7,2.7,7.8,0.0,67.93,693.797,46.6,0.4327,18.523,78.317,21.9,1.2,4.1,17.95,,,,8.858830139050271
회남,2016-06-07,15.5,7.7,6.8,4.9,1.1,2.5,260.0,67.93,693.797,46.6,0.4327,18.523,78.317,21.9,1.2,4.1,17.95,,,,8.858830139050271
문의,2016-06-13,23.2,8.3,10.1,4.4,1.9,4.7,0.0,67.26,662.892,44.5,0.0552,13.498,76.749,24.6,,8.7,24.26,,,,8.637141852011103
추동,2016-06-13,22.1,8.2,9.7,2.7,2.5,7.3,0.0,67.26,662.892,44.5,0.0552,13.498,76.749,24.6,,8.7,24.26,,,,8.637141852011103
회남,2016-06-13,16.6,7.4,6.2,4.8,1.2,2.3,442.0,67.26,662.892,44.5,0.0552,13.498,76.749,24.6,,8.7,24.26,,,,8.637141852011103
문의,2016-06-20,24.6,8.6,10.4,3.7,1.5,6.6,0.0,66.6,633.378,42.5,3.2715,18.06,69.136,24.2,2.2,5.8,19.67,,,,9.16133418190234
추동,2016-06-20,23.1,8.3,8.6,2.3,3.0,8.0,0.0,66.6,633.378,42.5,3.2715,18.06,69.136,24.2,2.2,5.8,19.67,,,,9.16133418190234
회남,2016-06-20,16.7,7.5,5.4,4.3,1.7,2.8,90.0,66.6,633.378,42.5,3.2715,18.06,69.136,24.2,2.2,5.8,19.67,,,,9.16133418190234
문의,2016-06-27,25.1,8.6,10.0,3.7,2.1,7.5,0.0,66.09,611.195,41.0,0.0,19.59,59.453,23.3,5.5,5.1,16.32,,,,10.280305451364944
추동,2016-06-27,23.3,8.4,8.2,2.1,3.1,12.2,166.0,66.09,611.195,41.0,0.0,19.59,59.453,23.3,5.5,5.1,16.32,,,,10.280305451364944
회남,2016-06-27,16.6,7.5,5.0,6.7,1.3,3.2,264.0,66.09,611.195,41.0,0.0,19.59,59.453,23.3,5.5,5.1,16.32,,,,10.280305451364944
문의,2016-07-04,25.0,8.5,8.7,2.4,27.6,5.7,0.0,68.11,702.264,47.1,92.556,842.346,34.864,22.1,179.1,0.0,3.42,,,,20.14295548416705
추동,2016-07-04,23.3,8.3,6.3,2.2,8.5,13.1,596.0,68.11,702.264,47.1,92.556,842.346,34.864,22.1,179.1,0.0,3.42,,,,20.14295548416705
회남,2016-07-04,17.3,7.4,3.6,3.9,1.9,6.0,582.0,68.11,702.264,47.1,92.556,842.346,34.864,22.1,179.1,0.0,3.42,,,,20.14295548416705
문의,2016-07-11,24.2,8.0,7.1,3.0,7.8,3.4,0.0,75.16,1086.143,72.9,2.6503,112.51,233.834,27.1,0.3,2.8,16.95,,,,4.644931874748753
추동,2016-07-11,23.7,8.0,7.7,1.3,20.3,7.7,0.0,75.16,1086.143,72.9,2.6503,112.51,233.834,27.1,0.3,2.8,16.95,,,,4.644931874748753
회남,2016-07-11,20.0,7.7,7.8,2.4,38.3,4.4,272.0,75.16,1086.143,72.9,2.6503,112.51,233.834,27.1,0.3,2.8,16.95,,,,4.644931874748753
문의,2016-07-18,23.1,7.9,5.7,2.5,9.6,6.7,180.0,73.87,1008.537,67.7,0.0,53.888,238.627,24.3,,8.3,20.07,,,,4.226416122232606
추동,2016-07-18,23.0,7.8,5.8,2.1,14.2,5.9,298.0,73.87,1008.537,67.7,0.0,53.888,238.627,24.3,,8.3,20.07,,,,4.226416122232606
회남,2016-07-18,20.8,7.7,6.2,3.2,21.0,3.4,338.0,73.87,1008.537,67.7,0.0,53.888,238.627,24.3,,8.3,20.07,,,,4.226416122232606
문의,2016-07-25,24.9,8.3,6.8,1.7,5.6,15.1,8170.0,72.73,942.767,63.3,0.0,19.243,71.677,29.2,,6.7,15.99,,,,13.152991894192
추동,2016-07-25,24.3,8.1,5.8,1.8,8.0,7.6,1896.0,72.73,942.767,63.3,0.0,19.243,71.677,29.2,,6.7,15.99,,,,13.152991894192
회남,2016-07-25,22.9,8.0,7.2,2.1,18.3,3.7,3146.0,72.73,942.767,63.3,0.0,19.243,71.677,29.2,,6.7,15.99,,,,13.152991894192
문의,2016-08-01,25.1,8.3,5.8,2.0,4.9,8.7,7724.0,72.23,914.741,61.4,0.0,28.364,73.431,28.7,,4.9,19.06,,,,12.45715024989446
추동,2016-08-01,24.7,8.4,5.8,1.9,8.6,5.7,7470.0,72.23,914.741,61.4,0.0,28.364,73.431,28.7,,4.9,19.06,,,,12.45715024989446
회남,2016-08-01,22.3,8.2,5.9,2.4,11.3,3.2,5588.0,72.23,914.741,61.4,0.0,28.364,73.431,28.7,,4.9,19.06,,,,12.45715024989446
문의,2016-08-08,26.2,8.5,5.8,2.0,3.2,7.8,5282.0,71.83,892.677,59.9,3.1546,12.666,50.74,29.7,,11.9,24.82,,,,17.59316121403232
추동,2016-08-08,25.6,8.1,4.1,1.9,7.0,3.3,372.0,71.83,892.677,59.9,3.1546,12.666,50.74,29.7,,11.9,24.82,,,,17.59316121403232
회남,2016-08-08,23.4,8.2,5.6,1.6,12.5,5.4,8598.0,71.83,892.677,59.9,3.1546,12.666,50.74,29.7,,11.9,24.82,,,,17.59316121403232
문의,2016-08-16,27.0,8.7,5.5,1.4,3.3,9.8,8630.0,71.4,869.308,58.3,0.0,7.393,51.137,29.9,0.0,9.0,23.67,,,,16.999589338443787
추동,2016-08-16,26.1,8.4,4.0,2.6,5.0,3.9,3414.0,71.4,869.308,58.3,0.0,7.393,51.137,29.9,0.0,9.0,23.67,,,,16.999589338443787
회남,2016-08-16,24.2,8.4,5.1,2.0,9.2,5.7,3422.0,71.4,869.308,58.3,0.0,7.393,51.137,29.9,0.0,9.0,23.67,,,,16.999589338443787
문의,2016-08-22,27.1,8.5,5.3,1.5,3.1,9.2,6466.0,71.03,849.489,57.0,0.0,9.266,52.426,30.3,,11.4,23.9,,,,16.203582192042116
추동,2016-08-22,25.6,8.3,4.7,1.9,5.1,4.5,2056.0,71.03,849.489,57.0,0.0,9.266,52.426,30.3,,11.4,23.9,,,,16.203582192042116
회남,2016-08-22,23.4,8.3,5.0,1.6,9.7,6.2,8064.0,71.03,849.489,57.0,0.0,9.266,52.426,30.3,,11.4,23.9,,,,16.203582192042116
문의,2016-08-29,25.5,8.7,4.8,1.3,3.5,13.5,2542.0,70.53,823.129,55.2,0.3895,9.225,51.602,20.5,3.1,9.9,22.85,,,,15.95149412813457
추동,2016-08-29,25.0,7.7,5.6,1.8,5.3,7.2,182.0,70.53,823.129,55.2,0.3895,9.225,51.602,20.5,3.1,9.9,22.85,,,,15.95149412813457
회남,2016-08-29,22.5,7.8,4.8,1.8,8.3,7.3,2324.0,70.53,823.129,55.2,0.3895,9.225,51.602,20.5,3.1,9.9,22.85,,,,15.95149412813457
문의,2016-09-05,25.1,8.8,6.1,1.5,7.1,27.5,8496.0,70.27,809.613,54.3,0.9667,21.206,45.176,26.2,0.0,5.0,13.15,,,,17.921307774039313
추동,2016-09-05,24.6,8.3,5.5,1.8,7.9,7.2,5008.0,70.27,809.613,54.3,0.9667,21.206,45.176,26.2,0.0,5.0,13.15,,,,17.921307774039313
회남,2016-09-05,22.0,8.2,3.5,1.9,7.6,5.7,5946.0,70.27,809.613,54.3,0.9667,21.206,45.176,26.2,0.0,5.0,13.15,,,,17.921307774039313
문의,2016-09-12,25.5,8.7,5.1,1.6,3.5,16.7,8540.0,69.97,793.931,53.3,1.4279,12.911,39.471,23.5,9.8,5.7,15.95,,,,20.114286438144465
추동,2016-09-12,24.6,8.1,5.6,1.8,4.1,8.3,8258.0,69.97,793.931,53.3,1.4279,12.911,39.471,23.5,9.8,5.7,15.95,,,,20.114286438144465
회남,2016-09-12,21.8,7.9,3.3,3.0,5.1,2.7,2828.0,69.97,793.931,53.3,1.4279,12.911,39.471,23.5,9.8,5.7,15.95,,,,20.114286438144465
문의,2016-09-19,25.2,8.1,6.2,1.9,4.8,10.3,5638.0,70.74,834.142,56.0,0.0,209.011,39.286,20.0,,0.4,10.3,,,,21.232551035992465
추동,2016-09-19,23.5,7.8,4.9,2.9,5.1,7.3,4648.0,70.74,834.142,56.0,0.0,209.011,39.286,20.0,,0.4,10.3,,,,21.232551035992465
회남,2016-09-19,22.4,7.4,2.1,2.5,7.1,2.7,1700.0,70.74,834.142,56.0,0.0,209.011,39.286,20.0,,0.4,10.3,,,,21.232551035992465
문의,2016-09-26,24.0,8.0,4.6,2.1,3.8,7.7,8418.0,70.91,843.119,56.6,0.5478,26.573,38.839,22.1,,2.5,9.8,,,,21.708051185663894
추동,2016-09-26,23.2,7.7,5.6,2.3,4.4,10.4,5108.0,70.91,843.119,56.6,0.5478,26.573,38.839,22.1,,2.5,9.8,,,,21.708051185663894
회남,2016-09-26,20.9,7.5,3.5,2.8,6.0,5.3,300.0,70.91,843.119,56.6,0.5478,26.573,38.839,22.1,,2.5,9.8,,,,21.708051185663894
문의,2016-10-04,23.8,8.0,7.0,2.7,3.5,10.5,3862.0,70.89,842.06,56.5,0.1241,33.386,27.261,22.1,,8.7,19.62,0.775,0.027,28.703703703703702,30.888815524008656
추동,2016-10-04,22.8,7.8,5.5,1.9,3.9,11.5,2614.0,70.89,842.06,56.5,0.1241,33.386,27.261,22.1,,8.7,19.62,,,,30.888815524008656
회남,2016-10-04,21.7,7.6,4.6,2.8,4.7,4.8,868.0,70.89,842.06,56.5,0.1241,33.386,27.261,22.1,,8.7,19.62,,,,30.888815524008656
문의,2016-10-10,22.3,7.6,7.3,2.9,4.0,7.1,3898.0,72.68,939.942,63.1,0.0,171.047,27.866,12.7,,6.3,13.15,0.897,0.039,23.0,33.730783033086915
추동,2016-10-10,22.2,7.6,7.3,2.5,4.4,9.9,1374.0,72.68,939.942,63.1,0.0,171.047,27.866,12.7,,6.3,13.15,,,,33.730783033086915
회남,2016-10-10,20.8,7.6,5.4,2.4,7.3,11.8,736.0,72.68,939.942,63.1,0.0,171.047,27.866,12.7,,6.3,13.15,,,,33.730783033086915
문의,2016-10-17,21.4,8.6,6.7,3.3,2.5,6.8,3448.0,73.02,959.251,64.4,1.4919,41.29,28.07,17.6,1.0,6.9,14.43,1.459,0.036,40.527777777777786,34.17353045956537
추동,2016-10-17,21.4,8.3,5.4,2.1,4.0,6.1,820.0,73.02,959.251,64.4,1.4919,41.29,28.07,17.6,1.0,6.9,14.43,,,,34.17353045956537
회남,2016-10-17,20.4,8.4,7.4,2.9,5.1,13.8,126.0,73.02,959.251,64.4,1.4919,41.29,28.07,17.6,1.0,6.9,14.43,,,,34.17353045956537
문의,2016-10-24,20.5,7.4,7.2,2.7,2.7,7.0,860.0,73.06,961.537,64.5,0.1019,14.845,28.092,15.5,0.0,8.9,15.78,1.069,0.051,20.96078431372549,34.22814324362808
추동,2016-10-24,20.4,7.2,6.5,1.5,5.7,5.7,0.0,73.06,961.537,64.5,0.1019,14.845,28.092,15.5,0.0,8.9,15.78,,,,34.22814324362808
회남,2016-10-24,19.6,7.2,7.5,3.2,2.5,8.2,316.0,73.06,961.537,64.5,0.1019,14.845,28.092,15.5,0.0,8.9,15.78,,,,34.22814324362808
문의,2016-10-31,18.9,7.5,6.5,2.9,2.2,5.7,180.0,73.08,962.682,64.6,0.0,21.6,28.227,7.8,0.0,0.0,2.68,1.073,0.05,21.46,34.105005845467105
추동,2016-10-31,18.8,7.4,6.3,1.8,3.9,4.3,0.0,73.08,962.682,64.6,0.0,21.6,28.227,7.8,0.0,0.0,2.68,,,,34.105005845467105
회남,2016-10-31,18.3,7.5,5.5,3.1,3.0,7.7,0.0,73.08,962.682,64.6,0.0,21.6,28.227,7.8,0.0,0.0,2.68,,,,34.105005845467105
문의,2016-11-07,17.7,7.5,6.9,2.8,2.6,5.9,0.0,73.02,959.251,64.4,0.8621,21.412,28.025,14.3,2.7,5.2,10.18,1.253,0.011,113.9090909090909,34.228403211418374
추동,2016-11-07,17.5,7.6,7.4,2.4,4.7,5.6,0.0,73.02,959.251,64.4,0.8621,21.412,28.025,14.3,2.7,5.2,10.18,,,,34.228403211418374
회남,2016-11-07,17.4,7.6,7.2,2.9,4.3,7.4,16.0,73.02,959.251,64.4,0.8621,21.412,28.025,14.3,2.7,5.2,10.18,,,,34.228403211418374
문의,2016-11-14,16.8,7.2,7.5,3.5,2.3,7.8,0.0,72.95,955.257,64.1,0.0525,15.103,28.299,15.3,0.1,6.7,10.67,1.46,0.007,208.57142857142856,33.755857097423934
추동,2016-11-14,16.4,7.3,8.5,2.9,3.4,7.8,80.0,72.95,955.257,64.1,0.0525,15.103,28.299,15.3,0.1,6.7,10.67,,,,33.755857097423934
회남,2016-11-14,16.5,7.4,8.2,3.6,3.8,5.8,0.0,72.95,955.257,64.1,0.0525,15.103,28.299,15.3,0.1,6.7,10.67,,,,33.755857097423934
문의,2016-11-21,15.7,7.6,8.6,3.1,2.3,15.2,0.0,72.84,949.0,63.7,0.4316,18.787,31.933,8.7,0.1,0.0,2.33,1.676,0.009,186.22222222222223,29.718473052954625
추동,2016-11-21,15.5,7.6,9.1,3.0,2.9,13.2,0.0,72.84,949.0,63.7,0.4316,18.787,31.933,8.7,0.1,0.0,2.33,,,,29.718473052954625
회남,2016-11-21,15.1,7.6,8.8,3.0,3.1,5.0,0.0,72.84,949.0,63.7,0.4316,18.787,31.933,8.7,0.1,0.0,2.33,,,,29.718473052954625
문의,2016-11-28,13.8,7.5,9.5,3.2,2.2,15.9,0.0,72.7,941.072,63.2,0.0,19.574,32.655,2.8,,8.0,11.58,1.325,0.005,265.0,28.81861889450314
추동,2016-11-28,13.4,7.6,12.0,3.4,3.4,18.1,48.0,72.7,941.072,63.2,0.0,19.574,32.655,2.8,,8.0,11.58,,,,28.81861889450314
회남,2016-11-28,14.0,7.5,7.5,3.3,2.4,6.2,0.0,72.7,941.072,63.2,0.0,19.574,32.655,2.8,,8.0,11.58,,,,28.81861889450314
문의,2016-12-05,12.8,7.4,9.0,3.0,1.8,16.6,0.0,72.55,932.621,62.6,0.0,12.735,32.256,8.9,0.2,3.7,6.22,1.257,0.012,104.75,28.913101438492063
추동,2016-12-05,12.4,7.5,10.1,3.2,2.3,17.6,0.0,72.55,932.621,62.6,0.0,12.735,32.256,8.9,0.2,3.7,6.22,,,,28.913101438492063
회남,2016-12-05,12.7,7.4,8.9,3.2,1.9,6.0,66.0,72.55,932.621,62.6,0.0,12.735,32.256,8.9,0.2,3.7,6.22,,,,28.913101438492063
문의,2016-12-12,11.5,7.5,9.4,4.0,1.9,10.3,0.0,72.43,925.892,62.1,0.0,21.906,28.383,4.3,0.0,6.5,8.18,1.304,0.005,260.8,32.621357855054086
추동,2016-12-12,11.1,7.6,10.0,4.4,2.4,7.6,0.0,72.43,925.892,62.1,0.0,21.906,28.383,4.3,0.0,6.5,8.18,,,,32.621357855054086
회남,2016-12-12,11.3,7.5,9.1,3.8,1.8,4.6,0.0,72.43,925.892,62.1,0.0,21.906,28.383,4.3,0.0,6.5,8.18,,,,32.621357855054086
문의,2016-12-19,10.6,8.4,9.4,3.0,2.0,5.5,38.0,72.29,918.078,61.6,2.6928,15.676,28.568,7.8,1.8,0.9,3.97,1.279,0.011,116.27272727272728,32.136586390366844
추동,2016-12-19,10.1,8.5,10.2,3.8,1.5,2.8,0.0,72.29,918.078,61.6,2.6928,15.676,28.568,7.8,1.8,0.9,3.97,,,,32.136586390366844
회남,2016-12-19,10.4,8.4,9.6,4.4,1.6,3.5,84.0,72.29,918.078,61.6,2.6928,15.676,28.568,7.8,1.8,0.9,3.97,,,,32.136586390366844
문의,2016-12-26,9.8,8.4,9.4,3.3,2.0,2.4,0.0,72.34,920.864,61.8,11.6639,41.378,28.472,3.1,10.8,0.0,1.48,1.377,0.009,153.0,32.34279291935937
추동,2016-12-26,9.5,8.4,10.1,3.0,1.9,2.4,0.0,72.34,920.864,61.8,11.6639,41.378,28.472,3.1,10.8,0.0,1.48,,,,32.34279291935937
회남,2016-12-26,9.5,8.4,9.9,1.3,3.1,2.5,140.0,72.34,920.864,61.8,11.6639,41.378,28.472,3.1,10.8,0.0,1.48,,,,32.34279291935937
문의,2017-01-02,8.9,8.2,9.2,3.8,1.5,1.6,0.0,72.43,925.892,62.1,0.0273,28.643,28.643,4.7,,4.5,7.77,1.435,0.028,51.25,32.32524526062214
추동,2017-01-02,8.5,8.3,10.3,3.2,2.6,2.0,14.0,72.43,925.892,62.1,0.0273,28.643,28.643,4.7,,4.5,7.77,,,,32.32524526062214
회남,2017-01-02,8.7,8.4,10.2,4.2,1.8,2.1,32.0,72.43,925.892,62.1,0.0273,28.643,28.643,4.7,,4.5,7.77,,,,32.32524526062214
문의,2017-01-09,8.7,8.3,10.1,4.2,1.8,1.8,0.0,72.39,923.656,62.0,0.0974,15.215,28.153,4.3,0.0,6.4,8.35,1.349,0.01,134.9,32.80843959791141
추동,2017-01-09,8.4,8.6,11.1,3.0,2.0,3.3,0.0,72.39,923.656,62.0,0.0974,15.215,28.153,4.3,0.0,6.4,8.35,,,,32.80843959791141
회남,2017-01-09,7.9,8.4,11.0,4.2,1.9,1.9,28.0,72.39,923.656,62.0,0.0974,15.215,28.153,4.3,0.0,6.4,8.35,,,,32.80843959791141
문의,2017-01-16,7.1,7.6,9.8,3.5,1.5,2.0,0.0,72.29,918.078,61.6,0.0,15.17,28.062,-3.9,,9.1,13.58,1.331,0.003,443.6666666666666,32.71605730168911
추동,2017-01-16,6.7,7.7,11.5,4.2,1.7,3.4,104.0,72.29,918.078,61.6,0.0,15.17,28.062,-3.9,,9.1,13.58,,,,32.71605730168911
회남,2017-01-16,7.2,7.7,11.1,4.2,1.3,2.1,178.0,72.29,918.078,61.6,0.0,15.17,28.062,-3.9,,9.1,13.58,,,,32.71605730168911
문의,2017-01-23,6.1,7.6,9.5,3.3,1.5,1.8,0.0,72.18,911.966,61.2,0.0273,21.941,28.361,-6.5,0.0,8.9,14.14,1.361,0.009,151.22222222222223,32.155636261062725
추동,2017-01-23,5.7,7.7,11.2,4.7,1.8,2.8,36.0,72.18,911.966,61.2,0.0273,21.941,28.361,-6.5,0.0,8.9,14.14,,,,32.155636261062725
회남,2017-01-23,6.3,7.7,10.8,5.7,1.5,2.9,34.0,72.18,911.966,61.2,0.0273,21.941,28.361,-6.5,0.0,8.9,14.14,,,,32.155636261062725
문의,2017-01-31,5.9,8.1,10.0,4.5,1.3,1.6,0.0,72.04,904.221,60.7,0.0273,22.375,28.763,-4.2,,7.9,13.67,1.259,0.011,114.45454545454544,31.436950248583248
추동,2017-01-31,5.1,8.0,11.3,4.9,1.3,2.0,64.0,72.04,904.221,60.7,0.0273,22.375,28.763,-4.2,,7.9,13.67,,,,31.436950248583248
회남,2017-01-31,5.6,8.6,10.5,5.7,1.2,2.2,98.0,72.04,904.221,60.7,0.0273,22.375,28.763,-4.2,,7.9,13.67,,,,31.436950248583248
문의,2017-02-06,5.7,8.6,11.2,3.4,2.0,1.6,0.0,71.93,898.163,60.3,0.0,15.727,28.455,0.0,,8.7,14.07,1.484,0.016,92.75,31.56432964329644
추동,2017-02-06,5.0,8.7,13.2,3.7,2.2,1.9,152.0,71.93,898.163,60.3,0.0,15.727,28.455,0.0,,8.7,14.07,,,,31.56432964329644
회남,2017-02-06,5.4,8.7,12.8,3.8,1.7,2.4,492.0,71.93,898.163,60.3,0.0,15.727,28.455,0.0,,8.7,14.07,,,,31.56432964329644
문의,2017-02-13,5.1,7.0,11.0,4.0,1.4,1.9,0.0,71.79,890.488,59.8,0.3237,15.905,28.569,0.3,0.6,5.7,11.33,1.319,0.01,131.9,31.169729427001297
추동,2017-02-13,4.6,7.1,12.4,3.8,2.0,1.9,84.0,71.79,890.488,59.8,0.3237,15.905,28.569,0.3,0.6,5.7,11.33,,,,31.169729427001297
회남,2017-02-13,4.9,7.1,11.9,6.3,1.1,2.1,176.0,71.79,890.488,59.8,0.3237,15.905,28.569,0.3,0.6,5.7,11.33,,,,31.169729427001297
문의,2017-02-20,5.6,7.7,11.4,3.6,3.2,2.1,0.0,71.68,884.484,59.4,16.4878,28.326,28.326,1.3,15.3,7.0,15.09,1.404,0.003,468.0,31.225164160135567
추동,2017-02-20,5.2,7.8,12.5,2.8,3.4,1.5,78.0,71.68,884.484,59.4,16.4878,28.326,28.326,1.3,15.3,7.0,15.09,,,,31.225164160135567
회남,2017-02-20,5.1,7.8,12.2,3.5,2.8,2.1,142.0,71.68,884.484,59.4,16.4878,28.326,28.326,1.3,15.3,7.0,15.09,,,,31.225164160135567
문의,2017-02-27,5.9,7.6,11.9,4.3,1.3,2.5,120.0,72.05,904.773,60.7,0.0,47.323,28.166,4.2,,10.1,18.64,1.419,0.004,354.75,32.12287864801534
추동,2017-02-27,5.4,7.7,12.7,4.3,2.0,1.5,42.0,72.05,904.773,60.7,0.0,47.323,28.166,4.2,,10.1,18.64,,,,32.12287864801534
회남,2017-02-27,5.2,7.7,12.6,5.3,1.4,2.3,130.0,72.05,904.773,60.7,0.0,47.323,28.166,4.2,,10.1,18.64,,,,32.12287864801534
문의,2017-03-06,6.1,7.9,11.8,2.1,1.7,2.3,0.0,72.09,906.983,60.9,0.0505,21.771,28.17,1.8,0.0,10.8,21.82,1.335,0.005,267.0,32.19676961306354
추동,2017-03-06,5.9,7.9,12.3,2.1,2.5,1.5,72.0,72.09,906.983,60.9,0.0505,21.771,28.17,1.8,0.0,10.8,21.82,,,,32.19676961306354
회남,2017-03-06,5.4,7.9,12.4,2.9,2.4,2.3,36.0,72.09,906.983,60.9,0.0505,21.771,28.17,1.8,0.0,10.8,21.82,,,,32.19676961306354
문의,2017-03-13,6.3,7.5,12.2,4.3,1.3,2.3,0.0,72.04,904.221,60.7,0.0,21.991,28.379,8.0,,9.3,20.41,1.247,0.007,178.14285714285717,31.862327777582014
추동,2017-03-13,6.5,7.6,12.5,4.5,1.6,1.9,100.0,72.04,904.221,60.7,0.0,21.991,28.379,8.0,,9.3,20.41,,,,31.862327777582014
회남,2017-03-13,6.2,7.6,12.7,4.3,1.6,2.4,248.0,72.04,904.221,60.7,0.0,21.991,28.379,8.0,,9.3,20.41,,,,31.862327777582014
문의,2017-03-20,6.5,7.5,12.3,3.9,1.8,2.4,0.0,71.94,898.713,60.3,0.9673,22.42,28.785,8.6,0.1,2.3,7.39,1.963,0.005,392.6,31.221573736321
추동,2017-03-20,7.0,7.5,12.6,4.9,2.3,2.1,94.0,71.94,898.713,60.3,0.9673,22.42,28.785,8.6,0.1,2.3,7.39,,,,31.221573736321
회남,2017-03-20,6.6,7.5,12.7,4.1,3.2,2.0,256.0,71.94,898.713,60.3,0.9673,22.42,28.785,8.6,0.1,2.3,7.39,,,,31.221573736321
문의,2017-03-27,8.1,7.8,12.5,3.5,1.7,2.3,36.0,71.83,892.677,59.9,2.4137,22.769,29.109,6.4,1.6,5.2,10.9,1.302,0.013,100.15384615384616,30.666701020303
추동,2017-03-27,7.2,7.6,12.2,2.8,1.6,2.1,0.0,71.83,892.677,59.9,2.4137,22.769,29.109,6.4,1.6,5.2,10.9,,,,30.666701020303
회남,2017-03-27,6.7,7.7,12.5,2.9,1.4,1.8,68.0,71.83,892.677,59.9,2.4137,22.769,29.109,6.4,1.6,5.2,10.9,,,,30.666701020303
문의,2017-04-03,7.8,7.7,12.6,4.6,1.6,1.9,130.0,71.8,891.035,59.8,0.055,31.806,31.806,12.0,,11.7,25.31,1.255,0.006,209.16666666666663,28.014682764258318
추동,2017-04-03,8.2,7.7,12.4,5.3,1.7,1.9,76.0,71.8,891.035,59.8,0.055,31.806,31.806,12.0,,11.7,25.31,,,,28.014682764258318
회남,2017-04-03,7.7,7.6,12.6,5.9,1.1,1.4,172.0,71.8,891.035,59.8,0.055,31.806,31.806,12.0,,11.7,25.31,,,,28.014682764258318
문의,2017-04-10,10.2,7.7,13.3,5.2,1.2,1.8,0.0,71.85,893.772,60.0,0.0,30.971,30.971,15.1,,10.3,25.92,1.336,0.006,222.66666666666669,28.858351360950568
추동,2017-04-10,9.2,7.7,13.0,5.4,1.6,2.0,14.0,71.85,893.772,60.0,0.0,30.971,30.971,15.1,,10.3,25.92,,,,28.858351360950568
회남,2017-04-10,8.2,7.6,13.2,3.0,1.4,1.7,32.0,71.85,893.772,60.0,0.0,30.971,30.971,15.1,,10.3,25.92,,,,28.858351360950568
문의,2017-04-17,11.2,8.0,12.2,3.9,2.2,1.7,22.0,71.94,898.713,60.3,20.059,42.955,30.232,13.7,26.8,1.9,3.39,1.312,0.008,164.0,29.72720957925377
추동,2017-04-17,10.2,7.9,12.1,3.2,2.5,2.0,0.0,71.94,898.713,60.3,20.059,42.955,30.232,13.7,26.8,1.9,3.39,,,,29.72720957925377
회남,2017-04-17,8.9,7.9,12.0,5.2,3.2,2.1,0.0,71.94,898.713,60.3,20.059,42.955,30.232,13.7,26.8,1.9,3.39,,,,29.72720957925377
문의,2017-04-24,12.7,8.2,11.7,5.9,2.0,1.9,0.0,72.09,906.983,60.9,0.0,23.729,30.128,15.2,,12.0,29.0,1.245,0.009,138.33333333333334,30.10432156133829
추동,2017-04-24,11.0,8.0,11.4,6.7,1.5,2.1,0.0,72.09,906.983,60.9,0.0,23.729,30.128,15.2,,12.0,29.0,,,,30.10432156133829
회남,2017-04-24,9.9,8.0,11.3,8.3,1.3,1.9,0.0,72.09,906.983,60.9,0.0,23.729,30.128,15.2,,12.0,29.0,,,,30.10432156133829
문의,2017-05-02,14.3,8.3,11.2,6.4,1.3,3.2,0.0,71.95,899.263,60.4,0.0,21.471,46.954,20.0,,11.5,25.0,,,,19.15199982962048
추동,2017-05-02,12.6,8.4,10.8,6.0,1.7,2.2,6.0,71.95,899.263,60.4,0.0,21.471,46.954,20.0,,11.5,25.0,,,,19.15199982962048
회남,2017-05-02,10.9,8.4,10.3,8.1,1.6,1.4,0.0,71.95,899.263,60.4,0.0,21.471,46.954,20.0,,11.5,25.0,,,,19.15199982962048
문의,2017-05-08,14.2,7.7,11.5,2.4,1.2,3.2,0.0,71.62,881.219,59.1,0.0,16.896,48.38,18.2,,4.2,16.62,1.279,0.007,182.7142857142857,18.21453079785035
추동,2017-05-08,13.2,8.2,11.1,3.4,2.1,3.5,0.0,71.62,881.219,59.1,0.0,16.896,48.38,18.2,,4.2,16.62,,,,18.21453079785035
회남,2017-05-08,10.8,8.2,10.5,5.5,1.4,1.8,0.0,71.62,881.219,59.1,0.0,16.896,48.38,18.2,,4.2,16.62,,,,18.21453079785035
문의,2017-05-15,16.6,8.2,10.5,3.4,1.6,3.4,34.0,71.26,861.778,57.8,0.0,11.605,48.904,16.7,,13.2,31.16,1.37,0.013,105.3846153846154,17.62183052511042
추동,2017-05-15,13.2,7.8,10.5,3.7,1.9,2.6,0.0,71.26,861.778,57.8,0.0,11.605,48.904,16.7,,13.2,31.16,,,,17.62183052511042
회남,2017-05-15,11.6,7.8,10.1,6.7,1.2,1.6,0.0,71.26,861.778,57.8,0.0,11.605,48.904,16.7,,13.2,31.16,,,,17.62183052511042
문의,2017-05-22,17.8,8.8,8.7,4.1,1.5,3.1,0.0,70.84,839.415,56.3,0.0,12.299,49.031,21.7,,13.3,30.86,1.296,0.013,99.6923076923077,17.120087291713407
추동,2017-05-22,15.0,8.6,10.2,4.2,2.1,4.7,0.0,70.84,839.415,56.3,0.0,12.299,49.031,21.7,,13.3,30.86,,,,17.120087291713407
회남,2017-05-22,12.5,8.5,9.0,6.4,1.8,2.5,0.0,70.84,839.415,56.3,0.0,12.299,49.031,21.7,,13.3,30.86,,,,17.120087291713407
문의,2017-05-29,18.8,8.3,11.7,3.9,1.5,3.7,0.0,70.38,815.315,54.7,0.0553,6.787,48.93,24.1,,12.2,28.74,1.239,0.01,123.9,16.662885755160435
추동,2017-05-29,16.2,8.1,11.3,2.9,2.0,4.0,0.0,70.38,815.315,54.7,0.0553,6.787,48.93,24.1,,12.2,28.74,,,,16.662885755160435
회남,2017-05-29,12.9,7.9,9.2,6.8,1.3,2.5,0.0,70.38,815.315,54.7,0.0553,6.787,48.93,24.1,,12.2,28.74,,,,16.662885755160435
문의,2017-06-05,20.4,8.9,11.8,2.3,2.0,6.7,0.0,69.74,782.177,52.5,0.0,5.473,70.36,22.6,,12.3,29.88,1.309,0.009,145.44444444444446,11.116785105173394
추동,2017-06-05,17.4,8.3,10.4,2.8,2.3,4.8,0.0,69.74,782.177,52.5,0.0,5.473,70.36,22.6,,12.3,29.88,,,,11.116785105173394
회남,2017-06-05,13.5,7.8,8.7,4.2,1.8,2.7,0.0,69.74,782.177,52.5,0.0,5.473,70.36,22.6,,12.3,29.88,,,,11.116785105173394
문의,2017-06-12,21.4,9.0,11.8,1.9,2.4,11.0,0.0,69.01,745.661,50.0,0.0,7.247,70.052,22.1,,9.1,25.05,1.204,0.008,150.5,10.644392736824072
추동,2017-06-12,18.1,8.3,10.4,2.2,2.4,4.8,0.0,69.01,745.661,50.0,0.0,7.247,70.052,22.1,,9.1,25.05,,,,10.644392736824072
회남,2017-06-12,13.4,8.0,8.8,2.6,1.8,3.6,0.0,69.01,745.661,50.0,0.0,7.247,70.052,22.1,,9.1,25.05,,,,10.644392736824072
문의,2017-06-19,22.4,9.2,12.8,1.9,2.7,13.4,48.0,68.35,713.664,47.9,0.0,9.746,54.047,26.1,,12.4,28.64,1.217,0.007,173.85714285714286,13.204507188188058
추동,2017-06-19,20.1,8.6,10.4,2.4,3.2,7.2,0.0,68.35,713.664,47.9,0.0,9.746,54.047,26.1,,12.4,28.64,,,,13.204507188188058
회남,2017-06-19,14.4,8.3,8.2,3.1,1.7,2.0,0.0,68.35,713.664,47.9,0.0,9.746,54.047,26.1,,12.4,28.64,,,,13.204507188188058
문의,2017-06-26,23.4,9.3,12.3,2.7,2.3,4.8,0.0,67.71,683.543,45.9,7.3157,13.381,61.787,23.9,1.8,4.1,15.51,1.233,0.015,82.2,11.06289348892162
추동,2017-06-26,20.8,8.7,10.1,1.7,2.6,8.8,0.0,67.71,683.543,45.9,7.3157,13.381,61.787,23.9,1.8,4.1,15.51,,,,11.06289348892162
회남,2017-06-26,15.0,8.4,7.9,2.2,1.7,3.0,0.0,67.71,683.543,45.9,7.3157,13.381,61.787,23.9,1.8,4.1,15.51,,,,11.06289348892162
문의,2017-07-03,25.5,9.0,9.6,1.1,13.2,2.9,0.0,67.78,686.794,46.1,59.3482,218.4,47.361,25.3,69.9,0.6,8.72,1.05,0.008,131.25,14.501256307932689
추동,2017-07-03,21.8,8.4,9.1,1.5,3.0,9.7,0.0,67.78,686.794,46.1,59.3482,218.4,47.361,25.3,69.9,0.6,8.72,,,,14.501256307932689
회남,2017-07-03,16.1,7.9,5.8,3.9,1.6,2.4,0.0,67.78,686.794,46.1,59.3482,218.4,47.361,25.3,69.9,0.6,8.72,,,,14.501256307932689
문의,2017-07-10,26.3,8.9,10.1,0.8,6.0,6.3,0.0,69.84,787.273,52.8,7.4904,208.715,26.742,25.8,35.0,0.6,7.68,1.127,0.012,93.91666666666669,29.43957071273652
추동,2017-07-10,22.5,8.5,9.3,0.9,4.1,10.7,0.0,69.84,787.273,52.8,7.4904,208.715,26.742,25.8,35.0,0.6,7.68,,,,29.43957071273652
회남,2017-07-10,16.8,8.1,6.2,2.6,4.0,3.3,964.0,69.84,787.273,52.8,7.4904,208.715,26.742,25.8,35.0,0.6,7.68,,,,29.43957071273652
문의,2017-07-17,26.3,8.5,9.0,1.7,6.4,2.1,0.0,71.27,862.314,57.9,8.7191,207.667,28.468,25.6,7.1,0.0,8.58,1.027,0.023,44.65217391304348,30.290642124490656
추동,2017-07-17,23.2,8.4,8.5,1.7,3.3,6.1,68.0,71.27,862.314,57.9,8.7191,207.667,28.468,25.6,7.1,0.0,8.58,,,,30.290642124490656
회남,2017-07-17,19.8,8.3,6.3,2.5,10.6,7.9,4402.0,71.27,862.314,57.9,8.7191,207.667,28.468,25.6,7.1,0.0,8.58,,,,30.290642124490656
문의,2017-07-24,26.6,8.4,8.4,2.8,3.4,2.4,980.0,71.65,882.85,59.3,9.8736,45.252,32.661,28.8,0.7,0.0,8.75,1.083,0.013,83.3076923076923,27.030709408774992
추동,2017-07-24,24.0,8.1,6.3,2.1,3.1,4.8,0.0,71.65,882.85,59.3,9.8736,45.252,32.661,28.8,0.7,0.0,8.75,,,,27.030709408774992
회남,2017-07-24,18.8,8.3,6.8,1.9,6.4,6.4,4594.0,71.65,882.85,59.3,9.8736,45.252,32.661,28.8,0.7,0.0,8.75,,,,27.030709408774992
문의,2017-07-31,26.5,8.3,7.2,0.9,3.0,3.7,1960.0,72.27,916.965,61.5,24.6416,105.136,28.029,25.1,29.2,0.0,3.86,1.19,0.021,56.66666666666666,32.714866745156804
추동,2017-07-31,24.5,7.8,5.4,2.2,3.2,3.1,0.0,72.27,916.965,61.5,24.6416,105.136,28.029,25.1,29.2,0.0,3.86,,,,32.714866745156804
회남,2017-07-31,19.8,8.2,5.2,0.9,7.2,13.2,38964.0,72.27,916.965,61.5,24.6416,105.136,28.029,25.1,29.2,0.0,3.86,,,,32.714866745156804
문의,2017-08-07,27.8,8.2,5.3,4.5,2.0,4.2,2660.0,72.8,946.731,63.5,2.3229,82.981,37.109,29.4,,11.2,24.26,1.062,0.02,53.1,25.512166859791424
추동,2017-08-07,25.2,8.2,5.3,3.2,3.2,4.6,0.0,72.8,946.731,63.5,2.3229,82.981,37.109,29.4,,11.2,24.26,,,,25.512166859791424
회남,2017-08-07,21.2,8.5,5.6,1.3,6.4,6.0,20724.0,72.8,946.731,63.5,2.3229,82.981,37.109,29.4,,11.2,24.26,,,,25.512166859791424
회남,2017-08-10,20.8,8.1,4.6,1.5,6.6,7.2,18724.0,73.0,958.109,64.3,6.822,73.09,33.487,26.4,3.8,4.0,14.59,,,,28.61137157702989
문의,2017-08-14,27.2,8.3,5.4,2.8,3.4,6.0,5224.0,73.38,979.947,65.8,60.365,207.751,27.812,22.4,65.0,0.2,6.15,1.122,0.021,53.42857142857143,35.234682870703296
추동,2017-08-14,25.5,8.0,5.2,1.9,2.9,4.0,1088.0,73.38,979.947,65.8,60.365,207.751,27.812,22.4,65.0,0.2,6.15,,,,35.234682870703296
회남,2017-08-14,20.1,8.5,4.6,0.5,17.2,25.4,85734.0,73.38,979.947,65.8,60.365,207.751,27.812,22.4,65.0,0.2,6.15,,,,35.234682870703296
회남,2017-08-17,19.4,7.8,3.9,1.0,10.3,19.4,63944.0,75.11,1083.071,72.7,10.6647,310.669,56.459,25.7,1.2,5.2,17.79,,,,19.18331886855948
문의,2017-08-21,26.9,8.3,5.3,2.5,2.5,5.0,9540.0,74.87,1068.399,71.7,21.5679,137.929,236.821,24.7,36.1,0.1,6.86,1.064,0.027,39.40740740740741,4.511420017650462
추동,2017-08-21,25.3,7.9,4.0,1.9,4.4,9.8,14422.0,74.87,1068.399,71.7,21.5679,137.929,236.821,24.7,36.1,0.1,6.86,,,,4.511420017650462
회남,2017-08-21,20.1,8.2,6.5,0.4,26.6,38.7,206126.0,74.87,1068.399,71.7,21.5679,137.929,236.821,24.7,36.1,0.1,6.86,,,,4.511420017650462
회남,2017-08-24,20.7,8.1,5.5,0.8,32.1,13.9,77554.0,74.61,1052.638,70.7,23.3974,189.418,238.373,27.5,49.8,3.0,9.99,,,,4.415927978420375
문의,2017-08-28,26.6,8.4,4.3,1.8,3.6,7.3,918.0,74.3,1034.027,69.4,13.679,107.174,238.924,24.8,35.2,3.8,12.7,1.381,0.032,43.15625,4.327849023120323
추동,2017-08-28,26.1,8.2,4.6,1.8,3.8,8.2,3202.0,74.3,1034.027,69.4,13.679,107.174,238.924,24.8,35.2,3.8,12.7,,,,4.327849023120323
회남,2017-08-28,21.4,8.5,5.1,1.0,8.7,9.4,31940.0,74.3,1034.027,69.4,13.679,107.174,238.924,24.8,35.2,3.8,12.7,,,,4.327849023120323
회남,2017-08-31,20.9,8.1,3.9,1.8,6.0,7.5,16282.0,73.97,1014.431,68.1,0.0,63.158,69.993,21.5,,11.1,24.57,,,,14.493320760647494
문의,2017-09-04,26.3,8.6,5.9,1.8,5.8,8.5,4724.0,73.99,1015.613,68.2,0.0,33.891,40.731,22.4,,8.5,21.18,1.165,0.031,37.58064516129033,24.934644374063986
추동,2017-09-04,26.1,8.3,6.4,1.6,4.0,10.2,8500.0,73.99,1015.613,68.2,0.0,33.891,40.731,22.4,,8.5,21.18,,,,24.934644374063986
회남,2017-09-04,23.5,8.4,5.0,1.0,6.7,11.0,11024.0,73.99,1015.613,68.2,0.0,33.891,40.731,22.4,,8.5,21.18,,,,24.934644374063986
회남,2017-09-07,21.0,8.3,4.3,2.2,4.8,7.1,5476.0,73.98,1015.022,68.1,0.0505,29.866,29.866,21.9,,5.2,15.98,,,,33.98587022031742
문의,2017-09-11,25.6,8.1,5.3,2.7,3.3,9.3,1242.0,74.12,1023.311,68.7,57.5816,139.915,30.308,20.4,77.0,0.3,6.29,1.106,0.03,36.866666666666674,33.763725748977166
추동,2017-09-11,25.3,7.8,5.7,2.1,4.1,11.0,3302.0,74.12,1023.311,68.7,57.5816,139.915,30.308,20.4,77.0,0.3,6.29,,,,33.763725748977166
회남,2017-09-11,22.2,8.0,4.5,2.6,5.5,5.1,2854.0,74.12,1023.311,68.7,57.5816,139.915,30.308,20.4,77.0,0.3,6.29,,,,33.763725748977166
문의,2017-09-18,25.1,7.8,6.8,2.6,2.7,7.6,1444.0,74.67,1056.263,70.9,0.0,37.49,30.492,21.3,,10.8,21.21,0.977,0.018,54.27777777777778,34.6406598452053
추동,2017-09-18,25.0,7.9,8.7,1.6,4.5,12.6,5440.0,74.67,1056.263,70.9,0.0,37.49,30.492,21.3,,10.8,21.21,,,,34.6406598452053
회남,2017-09-18,20.5,7.7,4.7,2.1,6.6,6.1,4068.0,74.67,1056.263,70.9,0.0,37.49,30.492,21.3,,10.8,21.21,,,,34.6406598452053
문의,2017-09-25,24.7,8.1,7.4,2.1,2.8,9.2,1618.0,74.61,1052.638,70.7,0.0,23.91,30.896,23.1,,8.3,18.79,1.102,0.014,78.71428571428572,34.07036509580528
추동,2017-09-25,24.6,8.2,9.5,1.6,6.4,13.2,3242.0,74.61,1052.638,70.7,0.0,23.91,30.896,23.1,,8.3,18.79,,,,34.07036509580528
회남,2017-09-25,21.6,8.0,6.5,1.8,4.1,5.5,598.0,74.61,1052.638,70.7,0.0,23.91,30.896,23.1,,8.3,18.79,,,,34.07036509580528
문의,2017-09-29,22.2,8.1,7.6,2.9,1.8,8.3,506.0,74.71,1058.683,71.1,0.0,52.044,31.028,15.8,,10.5,19.62,,,,34.12024622921233
추동,2017-09-29,23.4,8.2,8.3,1.9,3.7,10.8,5190.0,74.71,1058.683,71.1,0.0,52.044,31.028,15.8,,10.5,19.62,,,,34.12024622921233
회남,2017-09-29,23.9,8.2,8.4,3.1,2.6,5.8,1368.0,74.71,1058.683,71.1,0.0,52.044,31.028,15.8,,10.5,19.62,,,,34.12024622921233
문의,2017-10-10,23.5,8.4,10.3,2.0,2.6,15.9,604.0,74.75,1061.107,71.2,0.0,22.434,29.454,22.3,,5.0,12.58,1.28,0.029,44.137931034482754,36.025904800706186
추동,2017-10-10,23.3,8.4,12.3,1.9,3.5,17.7,2448.0,74.75,1061.107,71.2,0.0,22.434,29.454,22.3,,5.0,12.58,,,,36.025904800706186
회남,2017-10-10,20.7,8.3,8.1,2.8,5.2,7.1,862.0,74.75,1061.107,71.2,0.0,22.434,29.454,22.3,,5.0,12.58,,,,36.025904800706186
문의,2017-10-16,22.0,7.2,7.0,2.6,2.3,18.5,392.0,74.72,1059.289,71.1,0.0,22.195,29.208,16.0,,4.4,11.15,1.201,0.021,57.19047619047619,36.2670843604492
추동,2017-10-16,21.9,7.6,8.2,2.3,3.8,11.8,2080.0,74.72,1059.289,71.1,0.0,22.195,29.208,16.0,,4.4,11.15,,,,36.2670843604492
회남,2017-10-16,18.5,7.3,4.7,3.0,4.2,5.3,402.0,74.72,1059.289,71.1,0.0,22.195,29.208,16.0,,4.4,11.15,,,,36.2670843604492
문의,2017-10-23,21.0,8.3,7.4,2.8,2.1,9.0,1768.0,74.56,1049.623,70.4,0.0,20.258,41.189,13.0,,9.8,16.83,1.237,0.025,49.48,25.483090145427177
추동,2017-10-23,21.0,7.6,8.2,2.9,4.7,8.7,1432.0,74.56,1049.623,70.4,0.0,20.258,41.189,13.0,,9.8,16.83,,,,25.483090145427177
회남,2017-10-23,18.8,7.4,4.8,3.3,4.9,3.4,674.0,74.56,1049.623,70.4,0.0,20.258,41.189,13.0,,9.8,16.83,,,,25.483090145427177
문의,2017-10-30,19.8,7.5,7.1,4.2,1.7,6.3,660.0,74.3,1034.027,69.4,0.0,6.568,41.156,7.0,,9.9,16.92,1.215,0.032,37.96875,25.124574788609195
추동,2017-10-30,19.8,7.6,8.2,3.0,4.6,9.5,5614.0,74.3,1034.027,69.4,0.0,6.568,41.156,7.0,,9.9,16.92,,,,25.124574788609195
회남,2017-10-30,17.3,7.5,5.2,3.8,2.9,4.3,360.0,74.3,1034.027,69.4,0.0,6.568,41.156,7.0,,9.9,16.92,,,,25.124574788609195
문의,2017-11-06,18.7,7.8,7.8,4.0,1.7,7.6,496.0,74.13,1023.905,68.7,0.0,17.725,38.35,9.2,,9.2,14.46,1.22,0.024,50.83333333333333,26.69895697522816
추동,2017-11-06,18.6,7.7,8.6,2.8,5.7,10.7,3832.0,74.13,1023.905,68.7,0.0,17.725,38.35,9.2,,9.2,14.46,,,,26.69895697522816
회남,2017-11-06,17.9,7.6,6.5,3.8,2.8,4.0,368.0,74.13,1023.905,68.7,0.0,17.725,38.35,9.2,,9.2,14.46,,,,26.69895697522816
문의,2017-11-13,17.4,7.8,8.4,3.8,1.3,7.6,434.0,73.88,1009.125,67.7,0.0525,17.479,37.928,7.3,0.0,1.5,6.49,1.165,0.014,83.21428571428571,26.60633305209872
추동,2017-11-13,17.1,7.7,8.8,2.6,2.8,10.1,208.0,73.88,1009.125,67.7,0.0525,17.479,37.928,7.3,0.0,1.5,6.49,,,,26.60633305209872
회남,2017-11-13,17.2,7.7,8.0,3.0,2.2,6.7,38.0,73.88,1009.125,67.7,0.0525,17.479,37.928,7.3,0.0,1.5,6.49,,,,26.60633305209872
문의,2017-11-20,15.3,7.8,8.6,2.9,1.5,7.1,488.0,73.6,992.723,66.6,0.0,11.487,38.494,3.7,,7.7,11.92,1.273,0.021,60.61904761904761,25.789032056943935
추동,2017-11-20,14.9,7.8,9.1,3.0,3.2,9.5,176.0,73.6,992.723,66.6,0.0,11.487,38.494,3.7,,7.7,11.92,,,,25.789032056943935
회남,2017-11-20,15.5,7.7,8.4,3.1,2.6,6.6,132.0,73.6,992.723,66.6,0.0,11.487,38.494,3.7,,7.7,11.92,,,,25.789032056943935
문의,2017-11-27,13.9,7.6,9.0,3.4,2.1,5.0,34.0,73.42,982.263,65.9,0.0,15.036,28.451,3.1,,8.3,11.09,1.179,0.007,168.42857142857144,34.52472672313803
추동,2017-11-27,13.4,7.8,9.4,2.3,1.9,6.9,886.0,73.42,982.263,65.9,0.0,15.036,28.451,3.1,,8.3,11.09,,,,34.52472672313803
회남,2017-11-27,13.9,7.6,8.5,2.6,2.0,3.5,0.0,73.42,982.263,65.9,0.0,15.036,28.451,3.1,,8.3,11.09,,,,34.52472672313803
문의,2017-12-04,12.6,7.9,9.2,3.8,1.7,3.8,0.0,73.23,971.292,65.2,0.5061,8.608,28.601,2.3,0.0,7.4,11.67,1.237,0.007,176.71428571428572,33.960071326177406
추동,2017-12-04,12.1,7.8,9.8,3.0,2.3,5.6,0.0,73.23,971.292,65.2,0.5061,8.608,28.601,2.3,0.0,7.4,11.67,,,,33.960071326177406
회남,2017-12-04,12.4,7.7,9.1,2.9,2.2,3.5,0.0,73.23,971.292,65.2,0.5061,8.608,28.601,2.3,0.0,7.4,11.67,,,,33.960071326177406
문의,2017-12-11,10.9,7.7,9.4,3.2,1.7,4.0,0.0,73.07,962.11,64.6,0.0,8.518,28.4,-4.2,0.6,2.4,6.19,1.663,0.01,166.3,33.87711267605634
추동,2017-12-11,10.5,7.8,10.1,3.0,2.1,6.0,0.0,73.07,962.11,64.6,0.0,8.518,28.4,-4.2,0.6,2.4,6.19,,,,33.87711267605634
회남,2017-12-11,10.9,7.7,9.4,3.5,2.0,3.9,0.0,73.07,962.11,64.6,0.0,8.518,28.4,-4.2,0.6,2.4,6.19,,,,33.87711267605634
문의,2017-12-18,9.1,7.7,9.8,3.0,1.5,5.1,0.0,72.87,950.704,63.8,0.0,15.426,28.585,1.0,0.0,7.0,9.51,1.478,0.008,184.75,33.25884205002623
추동,2017-12-18,8.5,7.9,10.9,2.8,1.7,6.7,0.0,72.87,950.704,63.8,0.0,15.426,28.585,1.0,0.0,7.0,9.51,,,,33.25884205002623
회남,2017-12-18,9.2,7.8,10.1,2.9,1.6,4.1,0.0,72.87,950.704,63.8,0.0,15.426,28.585,1.0,0.0,7.0,9.51,,,,33.25884205002623
문의,2017-12-26,8.4,7.7,10.5,3.4,1.6,5.6,0.0,72.61,935.996,62.8,0.0273,7.711,27.274,-1.1,0.3,5.5,4.31,1.21,0.009,134.44444444444446,34.3182518149153
추동,2017-12-26,7.9,7.8,11.7,3.4,1.4,6.8,0.0,72.61,935.996,62.8,0.0273,7.711,27.274,-1.1,0.3,5.5,4.31,,,,34.3182518149153
회남,2017-12-26,7.9,7.8,11.2,4.1,1.4,7.3,0.0,72.61,935.996,62.8,0.0273,7.711,27.274,-1.1,0.3,5.5,4.31,,,,34.3182518149153
문의,2018-01-02,7.5,7.7,10.5,3.1,2.7,5.7,0.0,72.48,928.692,62.3,0.0,15.433,28.413,-1.0,,0.3,2.33,1.191,0.006,198.5,32.68546088058283
추동,2018-01-02,7.0,7.9,12.0,3.7,2.5,6.8,0.0,72.48,928.692,62.3,0.0,15.433,28.413,-1.0,,0.3,2.33,,,,32.68546088058283
회남,2018-01-02,7.3,7.8,11.5,4.0,2.8,4.1,240.0,72.48,928.692,62.3,0.0,15.433,28.413,-1.0,,0.3,2.33,,,,32.68546088058283
문의,2018-01-08,6.8,7.5,10.9,3.7,1.7,4.6,0.0,72.34,920.864,61.8,2.2279,15.521,28.436,1.5,3.6,0.0,1.05,1.345,0.015,89.66666666666667,32.38373892249262
추동,2018-01-08,6.4,7.7,12.4,3.1,1.6,5.0,0.0,72.34,920.864,61.8,2.2279,15.521,28.436,1.5,3.6,0.0,1.05,,,,32.38373892249262
회남,2018-01-08,6.6,7.7,12.3,4.6,2.0,4.9,0.0,72.34,920.864,61.8,2.2279,15.521,28.436,1.5,3.6,0.0,1.05,,,,32.38373892249262
문의,2018-01-15,6.2,7.6,11.9,3.4,1.9,4.1,0.0,72.18,911.966,61.2,0.0,15.724,28.566,5.5,,7.5,6.4,1.224,0.01,122.4,31.924875726388017
추동,2018-01-15,5.3,7.7,13.7,3.7,1.4,4.7,0.0,72.18,911.966,61.2,0.0,15.724,28.566,5.5,,7.5,6.4,,,,31.924875726388017
회남,2018-01-15,5.8,7.7,13.3,4.5,1.2,5.4,0.0,72.18,911.966,61.2,0.0,15.724,28.566,5.5,,7.5,6.4,,,,31.924875726388017
문의,2018-01-22,6.0,7.2,9.3,3.7,1.7,9.8,0.0,72.1,907.536,60.9,2.5861,22.029,28.431,3.0,0.8,1.2,6.34,1.309,0.01,130.89999999999998,31.920649994724062
추동,2018-01-22,5.7,7.5,11.4,4.7,1.6,3.3,0.0,72.1,907.536,60.9,2.5861,22.029,28.431,3.0,0.8,1.2,6.34,,,,31.920649994724062
회남,2018-01-22,5.6,7.5,11.4,5.6,1.2,3.5,0.0,72.1,907.536,60.9,2.5861,22.029,28.431,3.0,0.8,1.2,6.34,,,,31.920649994724062
문의,2018-02-05,3.4,7.1,12.3,4.3,1.5,3.3,0.0,71.76,888.848,59.7,0.0,16.602,29.252,-8.1,,9.1,8.58,1.151,0.006,191.83333333333331,30.385888144400383
추동,2018-02-05,3.3,7.5,12.8,4.1,2.4,3.4,0.0,71.76,888.848,59.7,0.0,16.602,29.252,-8.1,,9.1,8.58,,,,30.385888144400383
회남,2018-02-05,3.7,7.6,12.4,4.5,1.4,4.2,0.0,71.76,888.848,59.7,0.0,16.602,29.252,-8.1,,9.1,8.58,,,,30.385888144400383
문의,2018-03-05,5.1,7.6,12.7,4.1,2.5,3.4,0.0,71.24,860.705,57.8,19.4853,54.139,29.336,6.6,18.6,0.0,4.88,1.549,0.005,309.79999999999995,29.339548677392965
추동,2018-03-05,4.4,7.6,13.2,3.1,2.9,3.1,0.0,71.24,860.705,57.8,19.4853,54.139,29.336,6.6,18.6,0.0,4.88,,,,29.339548677392965
회남,2018-03-05,4.5,7.7,13.1,4.5,2.0,4.4,0.0,71.24,860.705,57.8,19.4853,54.139,29.336,6.6,18.6,0.0,4.88,,,,29.339548677392965
문의,2018-03-12,5.7,7.8,13.0,3.6,1.4,3.9,0.0,71.96,899.813,60.4,0.0,67.267,29.097,8.6,,10.3,20.14,1.132,0.011,102.9090909090909,30.92459703749527
추동,2018-03-12,5.7,7.8,13.5,1.9,2.4,2.5,0.0,71.96,899.813,60.4,0.0,67.267,29.097,8.6,,10.3,20.14,,,,30.92459703749527
회남,2018-03-12,5.5,7.8,13.4,4.2,2.2,3.9,0.0,71.96,899.813,60.4,0.0,67.267,29.097,8.6,,10.3,20.14,,,,30.92459703749527
문의,2018-03-19,6.3,8.3,12.6,3.9,2.2,2.5,0.0,72.35,921.422,61.8,19.459,87.158,29.132,8.3,22.0,0.0,2.91,1.29,0.015,86.0,31.62920499794041
추동,2018-03-19,5.9,8.3,13.2,2.9,2.1,2.6,0.0,72.35,921.422,61.8,19.459,87.158,29.132,8.3,22.0,0.0,2.91,,,,31.62920499794041
회남,2018-03-19,5.8,8.3,13.2,2.9,4.0,4.9,0.0,72.35,921.422,61.8,19.459,87.158,29.132,8.3,22.0,0.0,2.91,,,,31.62920499794041
문의,2018-03-26,7.3,7.4,12.5,4.2,1.8,2.3,0.0,73.1,963.827,64.7,0.0,75.976,29.618,12.4,,10.5,23.01,1.177,0.009,130.7777777777778,32.54193395907894
추동,2018-03-26,7.1,7.6,13.0,2.2,2.9,2.2,0.0,73.1,963.827,64.7,0.0,75.976,29.618,12.4,,10.5,23.01,,,,32.54193395907894
회남,2018-03-26,6.7,7.6,13.1,2.5,1.6,5.0,0.0,73.1,963.827,64.7,0.0,75.976,29.618,12.4,,10.5,23.01,,,,32.54193395907894
문의,2018-04-02,8.8,7.7,12.6,2.6,2.3,2.8,0.0,73.29,974.749,65.4,0.0,29.847,29.847,18.3,,10.3,14.24,1.544,0.008,193.0,32.65819010285791
추동,2018-04-02,8.5,7.9,12.9,2.0,3.8,2.3,0.0,73.29,974.749,65.4,0.0,29.847,29.847,18.3,,10.3,14.24,,,,32.65819010285791
회남,2018-04-02,8.6,7.9,12.5,2.8,2.6,5.6,0.0,73.29,974.749,65.4,0.0,29.847,29.847,18.3,,10.3,14.24,,,,32.65819010285791
문의,2018-04-09,9.2,7.9,12.1,2.7,2.2,2.9,0.0,74.42,1041.208,69.9,0.0,119.724,29.702,11.9,,10.9,25.58,1.415,0.015,94.33333333333334,35.05514780149485
추동,2018-04-09,8.0,8.0,12.7,1.8,3.5,2.6,0.0,74.42,1041.208,69.9,0.0,119.724,29.702,11.9,,10.9,25.58,,,,35.05514780149485
회남,2018-04-09,8.3,8.1,12.5,3.2,2.3,3.8,0.0,74.42,1041.208,69.9,0.0,119.724,29.702,11.9,,10.9,25.58,,,,35.05514780149485
문의,2018-04-16,9.7,8.1,12.3,3.0,2.5,2.5,0.0,74.86,1067.79,71.7,0.0,74.405,39.211,11.6,,10.9,26.77,1.385,0.015,92.33333333333334,27.231899211955827
추동,2018-04-16,9.4,8.0,12.7,2.5,2.8,2.7,0.0,74.86,1067.79,71.7,0.0,74.405,39.211,11.6,,10.9,26.77,,,,27.231899211955827
회남,2018-04-16,9.2,8.0,12.1,4.3,2.2,2.8,0.0,74.86,1067.79,71.7,0.0,74.405,39.211,11.6,,10.9,26.77,,,,27.231899211955827
문의,2018-04-23,11.9,7.4,11.2,2.4,2.7,4.6,0.0,74.94,1072.666,72.0,26.2345,65.566,58.503,11.4,38.9,0.0,1.07,1.471,0.018,81.72222222222223,18.335230671931352
추동,2018-04-23,10.8,7.2,10.7,2.7,3.3,4.3,0.0,74.94,1072.666,72.0,26.2345,65.566,58.503,11.4,38.9,0.0,1.07,,,,18.335230671931352
회남,2018-04-23,9.2,7.3,10.5,3.0,3.5,6.1,0.0,74.94,1072.666,72.0,26.2345,65.566,58.503,11.4,38.9,0.0,1.07,,,,18.335230671931352
문의,2018-04-30,12.7,7.7,10.6,4.5,2.2,3.2,0.0,74.82,1065.357,71.5,0.0,49.48,98.784,20.3,,9.9,16.7,1.485,0.027,55.00000000000001,10.784712099125365
추동,2018-04-30,12.0,7.4,10.2,3.4,3.4,3.9,0.0,74.82,1065.357,71.5,0.0,49.48,98.784,20.3,,9.9,16.7,,,,10.784712099125365
회남,2018-04-30,11.4,7.6,10.0,2.5,2.2,4.1,0.0,74.82,1065.357,71.5,0.0,49.48,98.784,20.3,,9.9,16.7,,,,10.784712099125365
문의,2018-05-08,13.6,8.1,10.4,3.1,2.4,5.5,0.0,74.52,1047.214,70.3,0.0,94.976,101.941,16.5,,7.1,23.37,1.694,0.047,36.04255319148936,10.272746000137332
추동,2018-05-08,11.9,7.9,10.0,3.7,2.5,5.1,0.0,74.52,1047.214,70.3,0.0,94.976,101.941,16.5,,7.1,23.37,,,,10.272746000137332
회남,2018-05-08,10.8,7.7,9.3,2.3,2.9,4.1,0.0,74.52,1047.214,70.3,0.0,94.976,101.941,16.5,,7.1,23.37,,,,10.272746000137332
문의,2018-05-14,15.2,8.1,10.6,3.2,1.5,4.2,0.0,74.19,1027.471,69.0,0.0,67.234,101.692,19.6,,8.7,25.33,3.17,0.027,117.4074074074074,10.10375447429493
추동,2018-05-14,13.9,7.8,10.5,5.0,1.9,2.7,0.0,74.19,1027.471,69.0,0.0,67.234,101.692,19.6,,8.7,25.33,,,,10.10375447429493
회남,2018-05-14,12.9,7.8,9.0,3.0,2.4,2.7,0.0,74.19,1027.471,69.0,0.0,67.234,101.692,19.6,,8.7,25.33,,,,10.10375447429493
문의,2018-05-21,16.1,8.3,11.4,3.4,1.8,11.8,68.0,73.95,1013.251,68.0,0.0,27.532,61.708,17.5,,10.0,27.26,2.354,0.051,46.156862745098046,16.420091398197965
추동,2018-05-21,15.1,7.9,10.2,3.4,1.9,4.5,0.0,73.95,1013.251,68.0,0.0,27.532,61.708,17.5,,10.0,27.26,,,,16.420091398197965
회남,2018-05-21,11.9,7.8,9.4,2.0,4.3,4.2,0.0,73.95,1013.251,68.0,0.0,27.532,61.708,17.5,,10.0,27.26,,,,16.420091398197965
문의,2018-05-28,17.7,8.6,12.4,2.4,1.8,16.8,164.0,73.7,998.563,67.0,0.101,21.108,61.774,23.0,,10.9,29.34,1.935,0.05,38.7,16.16477806196782
추동,2018-05-28,16.1,8.0,10.4,3.8,2.1,8.4,86.0,73.7,998.563,67.0,0.101,21.108,61.774,23.0,,10.9,29.34,,,,16.16477806196782
회남,2018-05-28,13.2,7.8,8.9,2.7,1.8,3.6,998.0,73.7,998.563,67.0,0.101,21.108,61.774,23.0,,10.9,29.34,,,,16.16477806196782
문의,2018-06-04,19.0,8.7,13.1,2.7,2.0,16.5,0.0,73.12,964.974,64.8,0.0,31.198,84.355,23.5,0.0,7.8,24.41,2.992,0.056,53.42857142857143,11.43944045996088
추동,2018-06-04,17.4,8.3,10.5,2.7,1.9,11.4,342.0,73.12,964.974,64.8,0.0,31.198,84.355,23.5,0.0,7.8,24.41,,,,11.43944045996088
회남,2018-06-04,14.5,7.9,8.0,3.7,1.6,3.4,284.0,73.12,964.974,64.8,0.0,31.198,84.355,23.5,0.0,7.8,24.41,,,,11.43944045996088
문의,2018-06-11,21.6,9.0,12.1,2.8,2.1,19.7,96.0,72.35,921.422,61.8,0.5975,13.305,84.478,20.4,0.0,1.1,13.74,2.734,0.036,75.94444444444444,10.907242122209334
추동,2018-06-11,17.4,8.4,10.5,1.8,1.9,11.7,712.0,72.35,921.422,61.8,0.5975,13.305,84.478,20.4,0.0,1.1,13.74,,,,10.907242122209334
회남,2018-06-11,15.1,8.2,9.2,1.4,2.6,11.2,772.0,72.35,921.422,61.8,0.5975,13.305,84.478,20.4,0.0,1.1,13.74,,,,10.907242122209334
문의,2018-06-18,20.8,8.8,11.1,2.8,1.9,17.4,76.0,71.54,876.877,58.9,0.7499,10.552,85.991,25.7,,10.3,26.28,3.312,0.016,207.0,10.197311346536264
추동,2018-06-18,20.2,8.4,10.2,2.0,2.4,9.1,0.0,71.54,876.877,58.9,0.7499,10.552,85.991,25.7,,10.3,26.28,,,,10.197311346536264
회남,2018-06-18,14.9,8.0,6.8,1.5,1.6,5.0,602.0,71.54,876.877,58.9,0.7499,10.552,85.991,25.7,,10.3,26.28,,,,10.197311346536264
문의,2018-06-25,22.7,9.0,11.6,3.1,2.2,11.2,0.0,70.7,832.037,55.8,0.0,16.311,83.37,26.6,,5.8,19.9,1.718,0.027,63.629629629629626,9.980052776778216
추동,2018-06-25,19.8,8.4,9.0,2.8,1.7,7.6,208.0,70.7,832.037,55.8,0.0,16.311,83.37,26.6,,5.8,19.9,,,,9.980052776778216
회남,2018-06-25,15.7,8.0,6.2,3.2,1.4,4.1,0.0,70.7,832.037,55.8,0.0,16.311,83.37,26.6,,5.8,19.9,,,,9.980052776778216
문의,2018-07-02,23.7,8.9,12.1,2.2,11.0,9.6,840.0,71.59,879.589,59.0,67.3632,728.254,202.241,22.8,43.9,0.2,5.7,1.59,0.024,66.25,4.34921207865863
추동,2018-07-02,21.1,8.2,9.5,1.6,5.1,9.7,128.0,71.59,879.589,59.0,67.3632,728.254,202.241,22.8,43.9,0.2,5.7,,,,4.34921207865863
회남,2018-07-02,16.1,7.8,5.3,2.0,15.2,6.7,398.0,71.59,879.589,59.0,67.3632,728.254,202.241,22.8,43.9,0.2,5.7,,,,4.34921207865863
문의,2018-07-09,24.2,8.8,9.5,1.8,3.1,8.6,832.0,72.16,910.857,61.1,13.625,109.392,173.648,20.5,35.5,0.0,3.94,2.19,0.022,99.54545454545456,5.245421772781719
추동,2018-07-09,22.5,8.4,7.4,2.1,3.6,9.2,108.0,72.16,910.857,61.1,13.625,109.392,173.648,20.5,35.5,0.0,3.94,,,,5.245421772781719
회남,2018-07-09,18.6,8.0,5.9,2.0,7.1,9.9,208.0,72.16,910.857,61.1,13.625,109.392,173.648,20.5,35.5,0.0,3.94,,,,5.245421772781719
문의,2018-07-16,26.7,8.0,9.8,1.5,3.4,8.0,866.0,72.25,915.853,61.5,0.0,22.014,34.888,29.7,,11.5,26.1,1.377,0.026,52.96153846153847,26.2512325154781
추동,2018-07-16,28.3,7.9,8.6,2.9,3.7,6.8,178.0,72.25,915.853,61.5,0.0,22.014,34.888,29.7,,11.5,26.1,,,,26.2512325154781
회남,2018-07-16,20.1,8.1,7.8,1.8,5.2,6.9,322.0,72.25,915.853,61.5,0.0,22.014,34.888,29.7,,11.5,26.1,,,,26.2512325154781
문의,2018-07-23,26.1,8.5,7.3,2.5,2.7,8.1,840.0,72.03,903.67,60.7,0.0,14.335,39.891,30.8,,10.3,24.03,1.4,0.024,58.33333333333333,22.653480735002884
추동,2018-07-23,24.6,8.1,5.6,1.8,3.3,7.9,874.0,72.03,903.67,60.7,0.0,14.335,39.891,30.8,,10.3,24.03,,,,22.653480735002884
회남,2018-07-23,21.4,8.3,7.5,1.5,8.0,13.4,940.0,72.03,903.67,60.7,0.0,14.335,39.891,30.8,,10.3,24.03,,,,22.653480735002884
문의,2018-07-30,25.8,8.6,7.8,1.5,4.3,9.5,5874.0,71.72,886.664,59.5,0.0,8.54,40.137,30.5,,10.2,23.95,1.447,0.019,76.15789473684211,22.090938535515857
추동,2018-07-30,25.1,8.5,6.7,1.4,7.3,6.5,970.0,71.72,886.664,59.5,0.0,8.54,40.137,30.5,,10.2,23.95,,,,22.090938535515857
회남,2018-07-30,21.3,8.4,6.0,2.5,4.4,4.1,740.0,71.72,886.664,59.5,0.0,8.54,40.137,30.5,,10.2,23.95,,,,22.090938535515857
문의,2018-08-06,27.0,9.1,9.8,1.2,6.8,14.0,8036.0,71.22,859.633,57.7,0.0,5.01,54.688,30.8,,7.1,20.51,1.55,0.031,50.0,15.71885971328262
추동,2018-08-06,25.5,8.2,4.1,1.8,3.6,5.2,974.0,71.22,859.633,57.7,0.0,5.01,54.688,30.8,,7.1,20.51,,,,15.71885971328262
회남,2018-08-06,21.9,8.3,6.2,1.7,4.0,6.3,4600.0,71.22,859.633,57.7,0.0,5.01,54.688,30.8,,7.1,20.51,,,,15.71885971328262
문의,2018-08-13,27.3,9.1,7.0,1.8,4.4,12.5,2076.0,70.71,832.563,55.9,0.5717,18.331,54.888,31.2,0.0,9.1,21.87,1.158,0.03,38.6,15.168397463926542
추동,2018-08-13,25.0,8.4,3.7,1.4,4.2,8.8,7716.0,70.71,832.563,55.9,0.5717,18.331,54.888,31.2,0.0,9.1,21.87,,,,15.168397463926542
회남,2018-08-13,22.0,8.4,4.5,1.5,5.3,7.1,6190.0,70.71,832.563,55.9,0.5717,18.331,54.888,31.2,0.0,9.1,21.87,,,,15.168397463926542
문의,2018-08-20,27.3,9.2,7.0,1.5,5.0,11.9,7836.0,70.14,802.903,53.9,0.0,13.241,55.01,29.4,,7.7,20.17,1.121,0.022,50.95454545454546,14.595582621341576
추동,2018-08-20,26.6,8.4,4.7,1.9,5.0,5.4,6852.0,70.14,802.903,53.9,0.0,13.241,55.01,29.4,,7.7,20.17,,,,14.595582621341576
회남,2018-08-20,21.6,8.5,3.9,1.5,4.8,7.5,8322.0,70.14,802.903,53.9,0.0,13.241,55.01,29.4,,7.7,20.17,,,,14.595582621341576
문의,2018-08-27,26.7,9.5,7.3,1.7,4.6,12.9,7060.0,72.45,927.012,62.2,65.5486,1607.661,105.798,23.6,53.0,0.0,4.0,1.22,0.025,48.8,8.76209380139511
추동,2018-08-27,25.3,8.5,5.3,2.0,4.6,8.4,1910.0,72.45,927.012,62.2,65.5486,1607.661,105.798,23.6,53.0,0.0,4.0,,,,8.76209380139511
회남,2018-08-27,22.2,8.0,3.4,1.4,10.0,12.3,4896.0,72.45,927.012,62.2,65.5486,1607.661,105.798,23.6,53.0,0.0,4.0,,,,8.76209380139511
문의,2018-09-03,25.0,8.7,4.1,2.1,2.7,7.1,844.0,75.3,1094.771,73.5,25.354,280.296,503.097,24.4,89.8,1.6,10.93,,,,2.1760634629107307
추동,2018-09-03,24.5,8.3,4.9,1.7,6.3,6.9,3080.0,75.3,1094.771,73.5,25.354,280.296,503.097,24.4,89.8,1.6,10.93,,,,2.1760634629107307
회남,2018-09-03,20.3,8.1,5.9,0.5,20.0,20.9,47190.0,75.3,1094.771,73.5,25.354,280.296,503.097,24.4,89.8,1.6,10.93,,,,2.1760634629107307
문의,2018-09-10,24.0,8.4,4.2,2.1,4.7,4.6,4848.0,75.33,1096.625,73.6,0.0,67.358,160.603,22.1,,11.2,21.6,,,,6.82817257460944
추동,2018-09-10,23.7,8.0,6.5,2.5,4.5,12.6,2530.0,75.33,1096.625,73.6,0.0,67.358,160.603,22.1,,11.2,21.6,,,,6.82817257460944
회남,2018-09-10,23.4,8.2,8.0,2.0,12.8,12.3,35568.0,75.33,1096.625,73.6,0.0,67.358,160.603,22.1,,11.2,21.6,,,,6.82817257460944
회남,2018-09-13,21.6,7.7,6.1,0.8,17.3,12.7,22230.0,75.31,1095.389,73.5,0.0,43.805,36.654,21.6,0.1,0.7,7.15,,,,29.88456921481966
문의,2018-09-17,23.6,7.8,4.7,2.5,3.8,4.9,4140.0,75.32,1096.007,73.6,0.1042,36.744,36.744,22.7,,9.6,21.01,,,,29.828189636403224
추동,2018-09-17,23.9,7.7,6.0,1.2,6.6,24.9,8574.0,75.32,1096.007,73.6,0.1042,36.744,36.744,22.7,,9.6,21.01,,,,29.828189636403224
회남,2018-09-17,21.5,7.8,5.0,1.7,8.1,5.9,3212.0,75.32,1096.007,73.6,0.1042,36.744,36.744,22.7,,9.6,21.01,,,,29.828189636403224
회남,2018-09-19,23.0,8.1,6.6,1.6,8.8,14.0,8956.0,75.29,1094.153,73.4,0.0,22.449,36.749,21.4,,0.3,10.24,,,,29.77368091648752
문의,2018-09-27,23.1,7.0,5.4,2.1,3.4,8.2,2640.0,75.37,1099.1,73.8,0.0,22.279,36.617,18.6,,11.4,22.29,,,,30.016112734522217
추동,2018-09-27,23.0,7.6,8.2,1.3,5.7,33.7,4142.0,75.37,1099.1,73.8,0.0,22.279,36.617,18.6,,11.4,22.29,,,,30.016112734522217
회남,2018-09-27,22.3,7.3,5.2,1.5,6.4,14.5,6788.0,75.37,1099.1,73.8,0.0,22.279,36.617,18.6,,11.4,22.29,,,,30.016112734522217
문의,2018-10-01,22.6,7.2,6.6,2.7,3.4,8.6,640.0,75.31,1095.389,73.5,1.836,29.459,29.459,15.5,1.7,5.1,14.3,1.506,0.041,36.731707317073166,37.18350928408975
추동,2018-10-01,22.5,7.2,8.1,1.5,5.6,35.3,2870.0,75.31,1095.389,73.5,1.836,29.459,29.459,15.5,1.7,5.1,14.3,,,,37.18350928408975
회남,2018-10-01,21.3,6.9,4.9,1.6,5.7,16.8,658.0,75.31,1095.389,73.5,1.836,29.459,29.459,15.5,1.7,5.1,14.3,,,,37.18350928408975
문의,2018-10-08,21.9,7.1,6.7,2.3,3.6,10.4,1886.0,76.43,1165.907,78.3,0.0,247.231,224.972,13.8,,8.1,17.41,1.751,0.054,32.425925925925924,5.182453816474939
추동,2018-10-08,21.8,7.2,8.3,2.4,3.0,17.5,2272.0,76.43,1165.907,78.3,0.0,247.231,224.972,13.8,,8.1,17.41,,,,5.182453816474939
회남,2018-10-08,21.6,7.1,6.1,2.1,4.9,21.2,2506.0,76.43,1165.907,78.3,0.0,247.231,224.972,13.8,,8.1,17.41,,,,5.182453816474939
문의,2018-10-15,20.9,7.0,7.2,2.0,3.0,17.6,880.0,75.89,1131.58,75.9,0.0,36.911,29.62,14.2,,9.0,15.17,1.53,0.025,61.2,38.20324105334233
추동,2018-10-15,20.6,7.1,8.2,2.4,2.4,14.3,570.0,75.89,1131.58,75.9,0.0,36.911,29.62,14.2,,9.0,15.17,,,,38.20324105334233
회남,2018-10-15,20.2,7.0,7.1,2.3,4.8,10.2,394.0,75.89,1131.58,75.9,0.0,36.911,29.62,14.2,,9.0,15.17,,,,38.20324105334233
문의,2018-10-22,19.8,7.3,8.2,2.1,2.4,25.2,734.0,75.85,1129.061,75.8,0.0,22.542,29.826,13.4,,5.8,13.11,1.661,0.029,57.27586206896552,37.85492523301817
추동,2018-10-22,19.9,7.3,8.4,2.7,2.5,16.5,892.0,75.85,1129.061,75.8,0.0,22.542,29.826,13.4,,5.8,13.11,,,,37.85492523301817
회남,2018-10-22,19.1,7.2,7.6,2.7,3.0,9.3,182.0,75.85,1129.061,75.8,0.0,22.542,29.826,13.4,,5.8,13.11,,,,37.85492523301817
문의,2018-10-29,18.4,7.2,8.3,2.7,2.3,14.6,828.0,75.83,1127.803,75.7,0.8519,36.972,29.696,9.1,0.2,3.2,7.29,1.472,0.024,61.33333333333333,37.978279903017246
추동,2018-10-29,18.3,7.2,8.4,2.2,3.0,20.3,822.0,75.83,1127.803,75.7,0.8519,36.972,29.696,9.1,0.2,3.2,7.29,,,,37.978279903017246
회남,2018-10-29,18.2,7.1,7.4,2.6,2.7,10.1,402.0,75.83,1127.803,75.7,0.8519,36.972,29.696,9.1,0.2,3.2,7.29,,,,37.978279903017246
문의,2018-11-05,17.5,7.2,8.3,3.6,2.1,8.7,444.0,75.77,1124.035,75.4,0.0,22.418,29.682,10.5,,9.3,13.12,,,,37.86924735529952
추동,2018-11-05,17.3,7.3,9.3,2.6,2.6,23.3,600.0,75.77,1124.035,75.4,0.0,22.418,29.682,10.5,,9.3,13.12,,,,37.86924735529952
회남,2018-11-05,17.5,7.3,8.4,2.5,3.3,11.8,278.0,75.77,1124.035,75.4,0.0,22.418,29.682,10.5,,9.3,13.12,,,,37.86924735529952
문의,2018-11-12,16.8,7.4,8.4,3.5,1.9,10.2,684.0,75.93,1134.102,76.1,0.0,44.454,29.855,8.8,,9.3,13.92,1.531,0.014,109.35714285714285,37.9870038519511
문의,2018-11-12,16.8,7.4,8.4,3.5,1.9,10.2,684.0,75.93,1134.102,76.1,0.0,44.454,29.855,8.8,,9.3,13.92,1.531,0.014,109.35714285714285,37.9870038519511
추동,2018-11-12,16.7,7.3,9.6,2.5,2.9,25.5,958.0,75.93,1134.102,76.1,0.0,44.454,29.855,8.8,,9.3,13.92,,,,37.9870038519511
회남,2018-11-12,16.6,7.3,8.8,3.1,2.3,13.5,278.0,75.93,1134.102,76.1,0.0,44.454,29.855,8.8,,9.3,13.92,,,,37.9870038519511
문의,2018-11-19,15.8,7.4,8.8,3.5,1.9,17.4,74.0,75.93,1134.102,76.1,0.0,29.912,29.912,8.6,,8.4,12.78,1.305,0.02,65.25,37.914616207542124
추동,2018-11-19,15.8,7.4,10.2,2.8,2.8,28.8,86.0,75.93,1134.102,76.1,0.0,29.912,29.912,8.6,,8.4,12.78,,,,37.914616207542124
회남,2018-11-19,15.4,7.3,9.4,2.8,2.6,23.2,512.0,75.93,1134.102,76.1,0.0,29.912,29.912,8.6,,8.4,12.78,,,,37.914616207542124
문의,2018-11-26,14.6,7.3,9.1,3.2,2.0,17.5,86.0,75.86,1129.691,75.8,0.0,22.662,29.948,6.1,,5.7,10.48,1.45,0.026,55.76923076923077,37.721751035127554
추동,2018-11-26,14.4,7.4,10.3,3.1,2.7,21.4,476.0,75.86,1129.691,75.8,0.0,22.662,29.948,6.1,,5.7,10.48,,,,37.721751035127554
회남,2018-11-26,14.6,7.4,9.8,2.9,2.9,19.6,52.0,75.86,1129.691,75.8,0.0,22.662,29.948,6.1,,5.7,10.48,,,,37.721751035127554
문의,2018-12-03,13.8,7.4,9.6,3.4,2.0,17.9,74.0,75.78,1124.662,75.5,9.2906,29.933,29.933,12.6,10.6,0.0,1.92,1.499,0.021,71.38095238095238,37.57264557511776
추동,2018-12-03,13.6,7.6,10.3,3.9,1.8,10.4,372.0,75.78,1124.662,75.5,9.2906,29.933,29.933,12.6,10.6,0.0,1.92,,,,37.57264557511776
회남,2018-12-03,13.3,7.5,9.9,3.9,1.3,10.2,170.0,75.78,1124.662,75.5,9.2906,29.933,29.933,12.6,10.6,0.0,1.92,,,,37.57264557511776
문의,2018-12-10,11.9,7.1,9.5,3.3,1.8,11.8,32.0,75.86,1129.691,75.8,0.0,30.124,30.124,-2.8,,8.7,11.7,1.44,0.018,80.0,37.50136104103041
추동,2018-12-10,11.6,7.2,10.7,4.2,1.6,6.2,392.0,75.86,1129.691,75.8,0.0,30.124,30.124,-2.8,,8.7,11.7,,,,37.50136104103041
회남,2018-12-10,12.0,7.2,10.6,3.7,2.3,5.3,214.0,75.86,1129.691,75.8,0.0,30.124,30.124,-2.8,,8.7,11.7,,,,37.50136104103041
문의,2018-12-17,10.2,7.1,9.2,3.7,1.5,5.8,14.0,75.8,1125.918,75.6,0.0,22.453,29.724,3.6,0.1,7.2,10.18,1.386,0.017,81.52941176470587,37.879087605974966
추동,2018-12-17,9.6,7.3,10.3,3.4,1.4,5.8,314.0,75.8,1125.918,75.6,0.0,22.453,29.724,3.6,0.1,7.2,10.18,,,,37.879087605974966
회남,2018-12-17,10.1,7.3,10.1,3.9,1.6,4.8,676.0,75.8,1125.918,75.6,0.0,22.453,29.724,3.6,0.1,7.2,10.18,,,,37.879087605974966
문의,2018-12-24,9.6,7.1,9.5,4.5,1.3,4.5,0.0,75.72,1120.9,75.2,0.0,22.675,29.927,-0.9,,8.6,11.51,1.422,0.016,88.875,37.45447254987136
추동,2018-12-24,9.4,7.2,10.4,4.1,1.4,5.5,202.0,75.72,1120.9,75.2,0.0,22.675,29.927,-0.9,,8.6,11.51,,,,37.45447254987136
회남,2018-12-24,8.9,7.2,10.5,4.9,1.7,4.6,34.0,75.72,1120.9,75.2,0.0,22.675,29.927,-0.9,,8.6,11.51,,,,37.45447254987136
문의,2019-01-02,7.5,7.5,10.3,4.8,1.7,4.7,0.0,75.57,1111.526,74.6,0.0,22.066,29.282,-3.3,,8.7,11.86,,,,37.95936069940578
추동,2019-01-02,7.2,7.6,11.5,3.9,1.5,6.1,414.0,75.57,1111.526,74.6,0.0,22.066,29.282,-3.3,,8.7,11.86,,,,37.95936069940578
회남,2019-01-02,7.5,7.6,11.2,4.5,2.1,5.3,62.0,75.57,1111.526,74.6,0.0,22.066,29.282,-3.3,,8.7,11.86,,,,37.95936069940578
문의,2019-01-07,7.0,7.5,11.3,3.3,2.0,5.1,0.0,75.47,1105.303,74.2,0.0,7.74,29.323,-1.2,,7.9,10.43,1.409,0.009,156.55555555555557,37.69406268117178
추동,2019-01-07,6.7,7.6,12.5,4.0,2.0,6.0,264.0,75.47,1105.303,74.2,0.0,7.74,29.323,-1.2,,7.9,10.43,,,,37.69406268117178
회남,2019-01-07,7.0,7.6,12.2,4.4,1.9,5.1,302.0,75.47,1105.303,74.2,0.0,7.74,29.323,-1.2,,7.9,10.43,,,,37.69406268117178
문의,2019-01-14,6.7,7.5,11.5,4.1,1.7,3.2,0.0,75.35,1097.862,73.7,0.0,22.086,29.249,1.7,,4.5,8.33,1.489,0.009,165.44444444444446,37.5350268385244
추동,2019-01-14,6.3,7.7,12.9,4.2,1.8,5.2,600.0,75.35,1097.862,73.7,0.0,22.086,29.249,1.7,,4.5,8.33,,,,37.5350268385244
회남,2019-01-14,6.3,7.6,12.6,4.8,2.6,4.0,64.0,75.35,1097.862,73.7,0.0,22.086,29.249,1.7,,4.5,8.33,,,,37.5350268385244
문의,2019-01-21,6.0,7.5,11.1,4.5,1.3,5.2,0.0,75.2,1088.604,73.1,0.0,15.09,29.347,0.2,,7.4,10.71,1.421,0.009,157.8888888888889,37.09421746686203
추동,2019-01-21,5.6,7.7,12.6,3.9,1.3,4.6,112.0,75.2,1088.604,73.1,0.0,15.09,29.347,0.2,,7.4,10.71,,,,37.09421746686203
회남,2019-01-21,5.6,7.6,12.7,4.1,1.2,4.3,82.0,75.2,1088.604,73.1,0.0,15.09,29.347,0.2,,7.4,10.71,,,,37.09421746686203
문의,2019-01-28,5.6,7.4,10.8,4.7,1.8,3.8,0.0,75.06,1080.004,72.5,0.3562,7.876,29.164,2.3,0.8,8.4,12.31,1.371,0.01,137.1,37.03209436291318
추동,2019-01-28,5.2,7.6,12.0,3.9,1.6,3.6,642.0,75.06,1080.004,72.5,0.3562,7.876,29.164,2.3,0.8,8.4,12.31,,,,37.03209436291318
회남,2019-01-28,5.4,7.6,11.6,4.5,1.3,3.9,144.0,75.06,1080.004,72.5,0.3562,7.876,29.164,2.3,0.8,8.4,12.31,,,,37.03209436291318
문의,2019-02-07,5.5,7.4,11.1,4.1,1.7,4.3,0.0,74.93,1072.056,72.0,0.0,22.093,29.156,1.8,0.0,7.0,12.59,1.521,0.016,95.0625,36.7696529016326
추동,2019-02-07,5.0,7.7,12.7,3.4,2.2,4.3,390.0,74.93,1072.056,72.0,0.0,22.093,29.156,1.8,0.0,7.0,12.59,,,,36.7696529016326
회남,2019-02-07,4.7,7.7,12.2,4.3,1.5,3.7,44.0,74.93,1072.056,72.0,0.0,22.093,29.156,1.8,0.0,7.0,12.59,,,,36.7696529016326
문의,2019-02-11,5.0,7.6,12.0,3.9,2.0,5.2,0.0,74.87,1068.399,71.7,0.0,15.09,29.189,-1.7,,9.7,16.2,1.462,0.022,66.45454545454545,36.60279557367501
추동,2019-02-11,4.7,7.7,12.3,3.8,1.8,4.6,156.0,74.87,1068.399,71.7,0.0,15.09,29.189,-1.7,,9.7,16.2,,,,36.60279557367501
회남,2019-02-11,4.8,7.6,11.9,4.3,1.5,4.3,26.0,74.87,1068.399,71.7,0.0,15.09,29.189,-1.7,,9.7,16.2,,,,36.60279557367501
문의,2019-02-18,5.0,7.6,10.4,4.5,1.8,5.3,0.0,74.73,1059.895,71.1,0.0,15.143,29.175,1.9,0.1,4.3,10.72,1.624,0.015,108.26666666666668,36.32887746358183
추동,2019-02-18,4.6,7.8,11.4,4.6,2.2,4.5,324.0,74.73,1059.895,71.1,0.0,15.143,29.175,1.9,0.1,4.3,10.72,,,,36.32887746358183
회남,2019-02-18,4.7,7.8,11.1,4.1,1.7,4.6,94.0,74.73,1059.895,71.1,0.0,15.143,29.175,1.9,0.1,4.3,10.72,,,,36.32887746358183
문의,2019-02-25,5.2,7.6,12.7,4.7,3.6,5.7,44.0,74.7,1058.078,71.0,0.0,22.022,29.03,5.7,,9.7,16.76,1.544,0.026,59.38461538461539,36.44774371339993
추동,2019-02-25,5.0,7.7,13.6,4.0,4.1,5.3,36.0,74.7,1058.078,71.0,0.0,22.022,29.03,5.7,,9.7,16.76,,,,36.44774371339993
회남,2019-02-25,4.8,7.6,13.0,4.0,5.9,4.6,0.0,74.7,1058.078,71.0,0.0,22.022,29.03,5.7,,9.7,16.76,,,,36.44774371339993
문의,2019-03-04,5.6,7.7,12.4,3.2,2.0,4.6,0.0,74.61,1052.638,70.7,0.0,22.44,29.426,10.0,,7.3,15.02,1.595,0.022,72.5,35.77237816896622
추동,2019-03-04,6.3,7.8,13.0,3.3,1.4,5.2,168.0,74.61,1052.638,70.7,0.0,22.44,29.426,10.0,,7.3,15.02,,,,35.77237816896622
회남,2019-03-04,5.3,7.6,12.5,3.5,2.9,1.7,0.0,74.61,1052.638,70.7,0.0,22.44,29.426,10.0,,7.3,15.02,,,,35.77237816896622
문의,2019-03-11,5.6,7.7,11.7,3.1,1.9,4.6,0.0,74.49,1045.41,70.2,0.9668,15.398,29.316,5.7,0.8,2.5,9.52,1.504,0.025,60.16,35.66004911993451
추동,2019-03-11,6.1,7.9,12.9,3.2,2.3,6.0,76.0,74.49,1045.41,70.2,0.9668,15.398,29.316,5.7,0.8,2.5,9.52,,,,35.66004911993451
회남,2019-03-11,5.3,7.8,12.7,3.4,2.6,5.0,68.0,74.49,1045.41,70.2,0.9668,15.398,29.316,5.7,0.8,2.5,9.52,,,,35.66004911993451
문의,2019-03-18,5.8,7.7,12.1,3.1,1.9,5.4,0.0,74.39,1039.41,69.8,0.0,15.504,29.375,7.1,,5.9,15.73,1.663,0.036,46.19444444444445,35.38417021276596
추동,2019-03-18,6.0,7.8,12.2,3.6,1.7,3.8,74.0,74.39,1039.41,69.8,0.0,15.504,29.375,7.1,,5.9,15.73,,,,35.38417021276596
회남,2019-03-18,5.8,7.8,12.6,3.1,1.6,4.6,0.0,74.39,1039.41,69.8,0.0,15.504,29.375,7.1,,5.9,15.73,,,,35.38417021276596
문의,2019-03-25,6.5,7.9,12.8,3.1,1.9,4.0,0.0,74.32,1035.222,69.5,0.0,22.509,29.427,7.2,,8.4,19.45,1.775,0.043,41.27906976744186,35.17932510959323
추동,2019-03-25,6.1,7.8,12.7,2.8,2.4,4.0,0.0,74.32,1035.222,69.5,0.0,22.509,29.427,7.2,,8.4,19.45,,,,35.17932510959323
회남,2019-03-25,5.9,7.9,12.8,3.9,2.4,4.0,0.0,74.32,1035.222,69.5,0.0,22.509,29.427,7.2,,8.4,19.45,,,,35.17932510959323
문의,2019-04-01,6.6,7.8,11.9,3.0,2.3,3.7,0.0,74.2,1028.066,69.0,0.0,15.83,29.611,6.1,0.0,8.6,18.98,1.603,0.024,66.79166666666667,34.719057107156125
추동,2019-04-01,6.4,7.8,12.3,3.1,2.5,4.3,0.0,74.2,1028.066,69.0,0.0,15.83,29.611,6.1,0.0,8.6,18.98,,,,34.719057107156125
회남,2019-04-01,6.5,7.8,12.4,3.2,2.5,4.1,0.0,74.2,1028.066,69.0,0.0,15.83,29.611,6.1,0.0,8.6,18.98,,,,34.719057107156125
문의,2019-04-08,7.8,7.8,12.3,3.5,1.5,3.6,0.0,74.04,1018.57,68.4,0.0,8.88,29.442,12.6,,11.1,24.93,1.5,0.095,15.789473684210526,34.59581550166429
추동,2019-04-08,7.4,7.8,12.4,2.9,1.5,5.0,0.0,74.04,1018.57,68.4,0.0,8.88,29.442,12.6,,11.1,24.93,,,,34.59581550166429
회남,2019-04-08,7.0,7.8,11.9,3.2,2.0,4.7,0.0,74.04,1018.57,68.4,0.0,8.88,29.442,12.6,,11.1,24.93,,,,34.59581550166429
문의,2019-04-15,8.0,7.8,11.6,3.5,1.8,3.5,0.0,74.32,1035.222,69.5,0.0,36.399,29.484,11.6,,12.3,27.0,1.552,0.047,33.02127659574468,35.11131461131461
추동,2019-04-15,8.5,8.0,12.1,2.7,2.3,4.4,0.0,74.32,1035.222,69.5,0.0,36.399,29.484,11.6,,12.3,27.0,,,,35.11131461131461
회남,2019-04-15,7.7,7.8,11.7,3.2,1.8,4.4,0.0,74.32,1035.222,69.5,0.0,36.399,29.484,11.6,,12.3,27.0,,,,35.11131461131461
문의,2019-04-22,10.2,8.3,12.7,3.5,2.0,5.4,0.0,74.26,1031.64,69.2,0.0,16.848,30.657,20.5,,11.5,27.2,1.408,0.068,20.70588235294117,33.651042176338194
추동,2019-04-22,9.8,8.2,12.5,3.0,2.2,5.6,0.0,74.26,1031.64,69.2,0.0,16.848,30.657,20.5,,11.5,27.2,,,,33.651042176338194
회남,2019-04-22,9.3,8.2,12.3,2.6,3.4,9.4,0.0,74.26,1031.64,69.2,0.0,16.848,30.657,20.5,,11.5,27.2,,,,33.651042176338194
문의,2019-04-29,9.9,8.2,12.1,3.3,2.3,6.4,0.0,74.4,1040.009,69.8,21.1282,65.849,31.202,11.0,16.6,1.1,7.1,1.352,0.054,25.03703703703704,33.33148516120762
추동,2019-04-29,9.7,8.3,11.7,2.5,2.5,8.3,0.0,74.4,1040.009,69.8,21.1282,65.849,31.202,11.0,16.6,1.1,7.1,,,,33.33148516120762
회남,2019-04-29,8.8,8.3,11.3,2.2,2.9,6.7,0.0,74.4,1040.009,69.8,21.1282,65.849,31.202,11.0,16.6,1.1,7.1,,,,33.33148516120762
문의,2019-05-07,10.9,8.3,11.9,1.9,2.1,7.6,0.0,74.41,1040.608,69.8,0.0,29.159,63.877,14.9,,13.1,30.53,1.33,0.04,33.25,16.290808898351518
추동,2019-05-07,10.9,8.2,10.9,3.3,2.2,6.4,0.0,74.41,1040.608,69.8,0.0,29.159,63.877,14.9,,13.1,30.53,,,,16.290808898351518
회남,2019-05-07,10.1,7.9,10.1,2.1,2.0,4.4,0.0,74.41,1040.608,69.8,0.0,29.159,63.877,14.9,,13.1,30.53,,,,16.290808898351518
문의,2019-05-13,12.7,8.7,13.3,2.8,2.9,6.5,38.0,74.01,1016.795,68.2,0.0,10.642,65.464,20.1,0.0,8.0,21.85,1.639,0.034,48.20588235294117,15.53212452645729
추동,2019-05-13,12.4,8.3,11.8,3.2,2.7,5.0,0.0,74.01,1016.795,68.2,0.0,10.642,65.464,20.1,0.0,8.0,21.85,,,,15.53212452645729
회남,2019-05-13,10.8,8.4,11.3,2.0,3.1,6.1,0.0,74.01,1016.795,68.2,0.0,10.642,65.464,20.1,0.0,8.0,21.85,,,,15.53212452645729
문의,2019-05-20,12.5,8.6,12.4,2.8,2.5,7.2,0.0,73.55,989.811,66.4,2.1205,24.496,64.951,17.1,6.0,8.0,24.19,1.513,0.073,20.726027397260275,15.239349663592556
추동,2019-05-20,11.5,8.0,11.1,2.6,2.3,4.1,0.0,73.55,989.811,66.4,2.1205,24.496,64.951,17.1,6.0,8.0,24.19,,,,15.239349663592556
회남,2019-05-20,11.1,8.3,10.4,1.8,2.5,6.3,0.0,73.55,989.811,66.4,2.1205,24.496,64.951,17.1,6.0,8.0,24.19,,,,15.239349663592556
문의,2019-05-27,14.8,8.5,12.9,2.7,3.0,6.8,0.0,73.05,960.966,64.5,15.5104,12.653,59.044,17.9,14.4,0.0,4.12,1.449,0.038,38.131578947368425,16.275421719395705
추동,2019-05-27,11.6,7.9,10.6,1.9,4.1,5.7,0.0,73.05,960.966,64.5,15.5104,12.653,59.044,17.9,14.4,0.0,4.12,,,,16.275421719395705
회남,2019-05-27,11.2,8.3,9.9,2.5,4.5,6.4,508.0,73.05,960.966,64.5,15.5104,12.653,59.044,17.9,14.4,0.0,4.12,,,,16.275421719395705
문의,2019-06-03,15.4,8.5,12.3,2.3,2.3,6.3,616.0,72.58,934.307,62.7,0.0,11.544,57.174,23.4,,12.5,29.65,1.75,0.036,48.61111111111112,16.34146640081156
추동,2019-06-03,12.9,8.0,10.2,3.4,2.7,4.3,0.0,72.58,934.307,62.7,0.0,11.544,57.174,23.4,,12.5,29.65,,,,16.34146640081156
회남,2019-06-03,11.7,8.0,8.4,2.5,2.1,4.8,0.0,72.58,934.307,62.7,0.0,11.544,57.174,23.4,,12.5,29.65,,,,16.34146640081156
문의,2019-06-10,16.6,8.5,13.0,3.9,2.2,3.6,0.0,72.35,921.422,61.8,8.3429,46.272,39.816,18.9,11.1,2.2,18.56,1.575,0.041,38.41463414634146,23.142003214788023
추동,2019-06-10,13.7,8.3,11.9,2.9,3.1,5.5,0.0,72.35,921.422,61.8,8.3429,46.272,39.816,18.9,11.1,2.2,18.56,,,,23.142003214788023
회남,2019-06-10,11.9,8.6,10.5,3.0,2.8,4.4,56.0,72.35,921.422,61.8,8.3429,46.272,39.816,18.9,11.1,2.2,18.56,,,,23.142003214788023
문의,2019-06-17,17.7,8.6,13.0,4.2,1.9,6.4,0.0,71.91,897.064,60.2,0.0,11.782,56.337,22.2,,11.6,30.07,1.476,0.023,64.17391304347827,15.923176597972912
추동,2019-06-17,14.8,8.3,10.8,2.4,2.3,6.4,0.0,71.91,897.064,60.2,0.0,11.782,56.337,22.2,,11.6,30.07,,,,15.923176597972912
회남,2019-06-17,12.4,8.0,8.0,5.1,3.6,2.5,18.0,71.91,897.064,60.2,0.0,11.782,56.337,22.2,,11.6,30.07,,,,15.923176597972912
문의,2019-06-24,19.0,8.6,11.9,5.5,1.4,3.9,0.0,71.4,869.308,58.3,0.0,6.583,56.586,24.9,,11.9,27.58,1.686,0.028,60.21428571428571,15.362598522602765
추동,2019-06-24,16.4,8.5,10.4,2.0,2.2,4.7,0.0,71.4,869.308,58.3,0.0,6.583,56.586,24.9,,11.9,27.58,,,,15.362598522602765
회남,2019-06-24,13.0,8.4,6.1,4.8,1.8,2.4,0.0,71.4,869.308,58.3,0.0,6.583,56.586,24.9,,11.9,27.58,,,,15.362598522602765
문의,2019-07-01,18.5,8.3,10.1,5.0,1.8,6.2,0.0,71.02,848.957,57.0,0.0,33.291,57.932,23.7,,3.6,15.0,1.392,0.021,66.28571428571428,14.65437064144169
추동,2019-07-01,16.0,8.3,8.4,1.6,2.3,3.6,0.0,71.02,848.957,57.0,0.0,33.291,57.932,23.7,,3.6,15.0,,,,14.65437064144169
회남,2019-07-01,12.5,8.3,5.7,4.7,2.5,2.8,160.0,71.02,848.957,57.0,0.0,33.291,57.932,23.7,,3.6,15.0,,,,14.65437064144169
문의,2019-07-08,20.5,8.6,11.1,4.7,2.4,9.6,98.0,70.56,824.697,55.4,0.0,18.465,60.888,24.5,0.6,8.6,23.87,1.147,0.025,45.88,13.54449152542373
추동,2019-07-08,17.8,8.3,9.2,1.5,2.7,7.1,234.0,70.56,824.697,55.4,0.0,18.465,60.888,24.5,0.6,8.6,23.87,,,,13.54449152542373
회남,2019-07-08,13.6,8.5,6.2,3.1,2.3,3.8,74.0,70.56,824.697,55.4,0.0,18.465,60.888,24.5,0.6,8.6,23.87,,,,13.54449152542373
문의,2019-07-15,22.9,8.9,9.4,6.2,2.5,8.0,0.0,70.42,817.395,54.9,15.6161,63.591,39.523,23.8,12.8,2.3,12.99,1.368,0.029,47.17241379310345,20.681501910280087
추동,2019-07-15,21.2,8.8,7.5,2.1,3.3,5.8,0.0,70.42,817.395,54.9,15.6161,63.591,39.523,23.8,12.8,2.3,12.99,,,,20.681501910280087
회남,2019-07-15,15.3,8.8,3.9,3.5,4.3,2.4,0.0,70.42,817.395,54.9,15.6161,63.591,39.523,23.8,12.8,2.3,12.99,,,,20.681501910280087
문의,2019-07-22,22.6,8.6,8.5,3.8,2.2,4.2,82.0,71.85,893.772,60.0,0.055,463.728,31.435,27.9,0.0,8.2,21.55,1.217,0.024,50.708333333333336,28.432384285032608
추동,2019-07-22,21.7,8.3,7.2,2.3,3.2,7.6,84.0,71.85,893.772,60.0,0.055,463.728,31.435,27.9,0.0,8.2,21.55,,,,28.432384285032608
회남,2019-07-22,16.6,8.2,3.1,2.7,6.1,3.9,850.0,71.85,893.772,60.0,0.055,463.728,31.435,27.9,0.0,8.2,21.55,,,,28.432384285032608
문의,2019-07-29,25.2,8.4,8.2,1.5,2.9,3.8,124.0,72.84,949.0,63.7,0.0,88.355,29.314,28.5,,12.6,26.98,1.146,0.039,29.384615384615383,32.373609879238586
추동,2019-07-29,22.5,8.3,5.8,2.8,3.4,7.3,224.0,72.84,949.0,63.7,0.0,88.355,29.314,28.5,,12.6,26.98,,,,32.373609879238586
회남,2019-07-29,17.1,8.4,4.0,2.6,4.6,2.8,784.0,72.84,949.0,63.7,0.0,88.355,29.314,28.5,,12.6,26.98,,,,32.373609879238586
문의,2019-08-05,26.6,8.3,7.0,4.9,2.0,4.9,1566.0,72.79,946.164,63.5,0.0,20.752,53.576,30.7,,10.3,24.33,1.11,0.016,69.375,17.66022099447514
추동,2019-08-05,23.1,8.1,4.3,2.8,2.8,3.9,0.0,72.79,946.164,63.5,0.0,20.752,53.576,30.7,,10.3,24.33,,,,17.66022099447514
회남,2019-08-05,19.6,8.4,4.1,3.4,3.7,4.3,0.0,72.79,946.164,63.5,0.0,20.752,53.576,30.7,,10.3,24.33,,,,17.66022099447514
문의,2019-08-12,27.5,8.6,7.0,4.1,2.6,4.8,734.0,72.59,934.87,62.7,0.4439,21.235,53.828,29.0,1.3,1.7,11.4,1.226,0.022,55.72727272727273,17.36772683361819
추동,2019-08-12,23.7,8.3,3.7,2.4,3.0,5.1,28.0,72.59,934.87,62.7,0.4439,21.235,53.828,29.0,1.3,1.7,11.4,,,,17.36772683361819
회남,2019-08-12,19.8,8.6,3.9,1.8,4.2,6.9,744.0,72.59,934.87,62.7,0.4439,21.235,53.828,29.0,1.3,1.7,11.4,,,,17.36772683361819
문의,2019-08-19,26.7,8.0,5.3,4.1,3.2,6.2,3610.0,72.21,913.631,61.3,0.0,21.693,53.849,26.5,,9.9,24.06,0.947,0.03,31.566666666666663,16.966536054522834
추동,2019-08-19,24.8,8.0,5.6,2.7,2.9,4.7,466.0,72.21,913.631,61.3,0.0,21.693,53.849,26.5,,9.9,24.06,,,,16.966536054522834
회남,2019-08-19,20.1,8.2,4.1,1.6,3.0,3.7,734.0,72.21,913.631,61.3,0.0,21.693,53.849,26.5,,9.9,24.06,,,,16.966536054522834
문의,2019-08-26,27.7,8.6,5.9,4.1,2.6,5.7,2154.0,72.36,921.98,61.9,0.0,41.19,54.114,25.9,,10.2,22.82,0.887,0.019,46.6842105263158,17.03773515171675
추동,2019-08-26,25.0,8.3,5.3,3.4,3.4,4.1,700.0,72.36,921.98,61.9,0.0,41.19,54.114,25.9,,10.2,22.82,,,,17.03773515171675
회남,2019-08-26,20.0,8.6,3.7,2.0,4.1,4.6,982.0,72.36,921.98,61.9,0.0,41.19,54.114,25.9,,10.2,22.82,,,,17.03773515171675
문의,2019-09-02,26.7,9.7,5.7,2.6,2.7,5.6,578.0,72.27,916.965,61.5,14.6374,32.198,45.081,22.6,10.2,0.2,10.34,0.873,0.021,41.57142857142857,20.34038730285486
추동,2019-09-02,24.3,9.5,5.4,2.5,3.5,6.8,948.0,72.27,916.965,61.5,14.6374,32.198,45.081,22.6,10.2,0.2,10.34,,,,20.34038730285486
회남,2019-09-02,19.6,10.0,3.6,1.8,4.8,6.2,2240.0,72.27,916.965,61.5,14.6374,32.198,45.081,22.6,10.2,0.2,10.34,,,,20.34038730285486
문의,2019-09-09,25.9,9.0,5.3,2.2,5.3,5.1,510.0,72.73,942.767,63.3,6.2446,129.798,44.907,24.0,12.1,0.0,6.83,0.866,0.017,50.94117647058823,20.99376489188768
추동,2019-09-09,24.8,9.1,5.3,2.5,5.8,6.3,982.0,72.73,942.767,63.3,6.2446,129.798,44.907,24.0,12.1,0.0,6.83,,,,20.99376489188768
회남,2019-09-09,19.4,9.4,3.3,1.7,9.9,7.9,3328.0,72.73,942.767,63.3,6.2446,129.798,44.907,24.0,12.1,0.0,6.83,,,,20.99376489188768
문의,2019-09-16,26.3,8.3,5.8,2.6,2.5,5.2,980.0,72.93,954.117,64.0,0.0,51.576,44.986,24.5,,9.6,20.63,0.97,0.021,46.19047619047619,21.20919841728538
추동,2019-09-16,25.0,8.4,5.4,2.8,3.1,4.9,924.0,72.93,954.117,64.0,0.0,51.576,44.986,24.5,,9.6,20.63,,,,21.20919841728538
회남,2019-09-16,20.8,9.9,4.2,2.1,6.1,4.5,1838.0,72.93,954.117,64.0,0.0,51.576,44.986,24.5,,9.6,20.63,,,,21.20919841728538
문의,2019-09-23,24.4,7.5,6.4,3.5,2.7,5.5,530.0,74.99,1075.72,72.2,0.274,1044.527,36.744,17.8,0.1,4.2,14.12,0.979,0.04,24.475,29.2760722839103
추동,2019-09-23,24.2,7.6,7.1,2.7,4.4,5.6,2372.0,74.99,1075.72,72.2,0.274,1044.527,36.744,17.8,0.1,4.2,14.12,,,,29.2760722839103
회남,2019-09-23,19.3,7.4,4.1,2.8,8.8,4.5,2614.0,74.99,1075.72,72.2,0.274,1044.527,36.744,17.8,0.1,4.2,14.12,,,,29.2760722839103
문의,2019-09-30,23.3,7.7,5.0,2.9,2.5,5.5,486.0,75.72,1120.9,75.2,0.0,61.344,61.344,22.1,,10.1,19.86,0.847,0.025,33.879999999999995,18.27236567553469
추동,2019-09-30,23.2,7.9,6.7,2.7,4.2,5.4,2106.0,75.72,1120.9,75.2,0.0,61.344,61.344,22.1,,10.1,19.86,,,,18.27236567553469
회남,2019-09-30,18.8,7.7,5.6,2.7,5.8,3.9,1744.0,75.72,1120.9,75.2,0.0,61.344,61.344,22.1,,10.1,19.86,,,,18.27236567553469
문의,2019-10-07,23.2,7.3,4.6,3.2,3.0,4.4,760.0,76.92,1197.588,80.4,8.8838,103.491,224.497,15.7,11.8,0.0,3.77,0.939,0.026,36.11538461538461,5.33453899161236
추동,2019-10-07,22.1,7.4,5.7,2.7,3.8,8.2,2654.0,76.92,1197.588,80.4,8.8838,103.491,224.497,15.7,11.8,0.0,3.77,,,,5.33453899161236
회남,2019-10-07,19.4,7.4,4.8,2.5,7.3,5.4,2024.0,76.92,1197.588,80.4,8.8838,103.491,224.497,15.7,11.8,0.0,3.77,,,,5.33453899161236
문의,2019-10-14,21.8,7.5,6.1,2.3,3.8,11.1,954.0,76.46,1167.832,78.4,0.0,28.887,28.887,14.6,,7.9,13.38,0.865,0.017,50.882352941176464,40.42759718904698
추동,2019-10-14,21.4,7.7,7.2,2.3,4.5,12.9,2352.0,76.46,1167.832,78.4,0.0,28.887,28.887,14.6,,7.9,13.38,,,,40.42759718904698
회남,2019-10-14,19.1,7.4,5.2,3.0,4.8,5.6,220.0,76.46,1167.832,78.4,0.0,28.887,28.887,14.6,,7.9,13.38,,,,40.42759718904698
문의,2019-10-21,21.0,7.6,6.4,3.3,2.1,13.7,338.0,76.4,1163.984,78.1,0.0,21.761,66.3,15.5,,7.7,16.28,1.295,0.026,49.80769230769231,17.5563197586727
추동,2019-10-21,20.7,8.1,8.3,2.1,3.7,25.9,2148.0,76.4,1163.984,78.1,0.0,21.761,66.3,15.5,,7.7,16.28,,,,17.5563197586727
회남,2019-10-21,18.7,7.8,5.8,2.9,3.7,7.5,888.0,76.4,1163.984,78.1,0.0,21.761,66.3,15.5,,7.7,16.28,,,,17.5563197586727
문의,2019-10-28,20.0,7.9,9.0,3.4,2.8,26.5,368.0,75.88,1130.95,75.9,0.0,13.978,28.562,11.9,,8.8,15.67,1.303,0.021,62.04761904761904,39.5963167845389
추동,2019-10-28,20.1,8.1,9.8,1.4,4.9,39.2,4484.0,75.88,1130.95,75.9,0.0,13.978,28.562,11.9,,8.8,15.67,,,,39.5963167845389
회남,2019-10-28,19.1,7.7,7.0,2.6,4.2,13.9,930.0,75.88,1130.95,75.9,0.0,13.978,28.562,11.9,,8.8,15.67,,,,39.5963167845389
문의,2019-11-04,19.4,7.7,9.5,2.4,2.9,38.0,342.0,75.75,1122.78,75.4,0.0,14.283,28.804,13.6,,9.2,13.59,1.062,0.014,75.85714285714286,38.98000277739203
추동,2019-11-04,19.3,7.6,9.9,2.6,3.2,24.5,4154.0,75.75,1122.78,75.4,0.0,14.283,28.804,13.6,,9.2,13.59,,,,38.98000277739203
회남,2019-11-04,17.5,7.6,6.5,3.0,3.5,8.8,518.0,75.75,1122.78,75.4,0.0,14.283,28.804,13.6,,9.2,13.59,,,,38.98000277739203
문의,2019-11-11,18.0,8.2,10.0,2.5,4.2,45.9,398.0,75.63,1115.27,74.9,3.0976,21.32,28.55,11.7,1.3,2.3,6.03,1.139,0.021,54.238095238095234,39.06374781085814
추동,2019-11-11,17.8,8.0,9.5,2.3,3.3,15.3,3382.0,75.63,1115.27,74.9,3.0976,21.32,28.55,11.7,1.3,2.3,6.03,,,,39.06374781085814
회남,2019-11-11,18.0,7.8,8.7,2.7,3.9,12.1,954.0,75.63,1115.27,74.9,3.0976,21.32,28.55,11.7,1.3,2.3,6.03,,,,39.06374781085814
문의,2019-11-18,16.8,7.8,8.9,2.8,2.6,13.4,134.0,75.63,1115.27,74.9,17.5771,57.585,28.687,7.7,15.3,2.6,6.74,1.08,0.019,56.8421052631579,38.87719175933349
추동,2019-11-18,16.5,7.8,9.0,2.5,2.8,10.6,3528.0,75.63,1115.27,74.9,17.5771,57.585,28.687,7.7,15.3,2.6,6.74,,,,38.87719175933349
회남,2019-11-18,16.7,7.7,8.2,2.8,3.6,7.8,928.0,75.63,1115.27,74.9,17.5771,57.585,28.687,7.7,15.3,2.6,6.74,,,,38.87719175933349
문의,2019-11-25,15.7,7.7,8.7,4.2,2.0,7.6,406.0,75.62,1114.645,74.8,0.0,21.527,28.755,3.6,,0.0,5.64,1.165,0.016,72.8125,38.76351938793253
추동,2019-11-25,15.4,7.8,9.0,3.6,4.6,9.1,3504.0,75.62,1114.645,74.8,0.0,21.527,28.755,3.6,,0.0,5.64,,,,38.76351938793253
회남,2019-11-25,15.3,7.6,8.3,3.1,3.6,5.7,596.0,75.62,1114.645,74.8,0.0,21.527,28.755,3.6,,0.0,5.64,,,,38.76351938793253
문의,2019-12-02,14.3,7.6,8.6,4.8,2.0,5.8,696.0,75.51,1107.789,74.4,0.1597,14.397,28.802,2.7,0.0,7.3,11.01,1.384,0.02,69.19999999999999,38.46222484549684
추동,2019-12-02,14.1,7.8,9.3,3.9,2.9,9.7,3518.0,75.51,1107.789,74.4,0.1597,14.397,28.802,2.7,0.0,7.3,11.01,,,,38.46222484549684
회남,2019-12-02,13.7,7.6,8.7,3.4,2.1,5.2,532.0,75.51,1107.789,74.4,0.1597,14.397,28.802,2.7,0.0,7.3,11.01,,,,38.46222484549684
문의,2019-12-09,12.6,7.6,8.6,4.7,2.9,6.1,656.0,75.4,1100.959,73.9,0.0,20.518,27.693,3.3,,7.4,9.6,1.321,0.024,55.04166666666666,39.75585888130575
추동,2019-12-09,12.3,7.7,9.5,4.5,2.7,6.8,1706.0,75.4,1100.959,73.9,0.0,20.518,27.693,3.3,,7.4,9.6,,,,39.75585888130575
회남,2019-12-09,12.7,7.7,8.9,4.3,3.5,4.1,342.0,75.4,1100.959,73.9,0.0,20.518,27.693,3.3,,7.4,9.6,,,,39.75585888130575
문의,2019-12-16,11.8,7.5,8.7,3.6,2.4,5.0,524.0,75.25,1091.685,73.3,0.0,15.691,29.972,7.9,,8.1,9.77,1.246,0.013,95.84615384615384,36.42349526224476
추동,2019-12-16,11.5,7.7,9.5,4.0,1.9,4.3,486.0,75.25,1091.685,73.3,0.0,15.691,29.972,7.9,,8.1,9.77,,,,36.42349526224476
회남,2019-12-16,11.5,7.6,9.1,4.7,2.3,3.5,310.0,75.25,1091.685,73.3,0.0,15.691,29.972,7.9,,8.1,9.77,,,,36.42349526224476
문의,2019-12-23,10.8,7.6,8.9,3.1,2.3,4.9,832.0,75.1,1082.457,72.7,0.0851,15.158,29.367,3.8,0.1,2.9,6.74,1.317,0.034,38.73529411764706,36.85963836959853
추동,2019-12-23,10.5,7.6,9.7,3.8,1.9,4.9,488.0,75.1,1082.457,72.7,0.0851,15.158,29.367,3.8,0.1,2.9,6.74,,,,36.85963836959853
회남,2019-12-23,10.4,7.6,9.5,3.8,2.0,3.1,598.0,75.1,1082.457,72.7,0.0851,15.158,29.367,3.8,0.1,2.9,6.74,,,,36.85963836959853
문의,2019-12-30,9.9,7.6,9.2,3.2,2.8,7.0,782.0,74.97,1074.498,72.1,2.0788,15.16,29.307,4.2,1.5,0.7,3.84,,,,36.66352748490122
추동,2019-12-30,9.6,7.7,9.9,3.2,2.6,6.0,376.0,74.97,1074.498,72.1,2.0788,15.16,29.307,4.2,1.5,0.7,3.84,,,,36.66352748490122
회남,2019-12-30,9.8,7.6,9.7,4.5,2.1,3.9,160.0,74.97,1074.498,72.1,2.0788,15.16,29.307,4.2,1.5,0.7,3.84,,,,36.66352748490122
문의,2020-01-06,8.9,7.6,9.0,3.5,2.1,5.4,406.0,74.85,1067.182,71.6,11.1622,22.475,29.518,2.9,10.3,0.0,1.9,1.072,0.02,53.6,36.15360119249272
추동,2020-01-06,8.6,7.7,10.1,3.5,2.3,5.7,592.0,74.85,1067.182,71.6,11.1622,22.475,29.518,2.9,10.3,0.0,1.9,,,,36.15360119249272
회남,2020-01-06,8.9,7.7,9.9,5.0,2.2,3.7,88.0,74.85,1067.182,71.6,11.1622,22.475,29.518,2.9,10.3,0.0,1.9,,,,36.15360119249272
문의,2020-01-13,8.4,7.5,9.5,3.5,2.4,5.1,770.0,75.65,1116.519,74.9,0.0,57.886,28.969,0.2,0.0,4.2,6.83,1.178,0.016,73.625,38.54185508647174
추동,2020-01-13,8.0,7.7,10.9,3.5,2.4,5.4,612.0,75.65,1116.519,74.9,0.0,57.886,28.969,0.2,0.0,4.2,6.83,,,,38.54185508647174
회남,2020-01-13,8.1,7.7,10.3,4.2,2.9,3.4,338.0,75.65,1116.519,74.9,0.0,57.886,28.969,0.2,0.0,4.2,6.83,,,,38.54185508647174
문의,2020-01-20,7.7,7.2,9.0,3.1,2.2,3.7,508.0,75.69,1119.021,75.1,0.0,29.33,29.33,3.4,0.0,6.9,11.72,1.43,0.017,84.11764705882352,38.1527787248551
추동,2020-01-20,7.4,7.4,10.7,3.2,2.3,5.6,516.0,75.69,1119.021,75.1,0.0,29.33,29.33,3.4,0.0,6.9,11.72,,,,38.1527787248551
회남,2020-01-20,7.1,7.4,10.5,4.2,3.0,3.6,122.0,75.69,1119.021,75.1,0.0,29.33,29.33,3.4,0.0,6.9,11.72,,,,38.1527787248551
문의,2020-01-28,7.7,7.4,9.4,4.2,2.0,2.6,334.0,75.64,1115.894,74.9,0.1179,22.382,29.615,6.3,0.0,2.0,8.18,1.304,0.03,43.46666666666667,37.68002701333784
추동,2020-01-28,7.5,7.5,11.1,3.5,2.7,4.5,426.0,75.64,1115.894,74.9,0.1179,22.382,29.615,6.3,0.0,2.0,8.18,,,,37.68002701333784
회남,2020-01-28,7.0,7.5,11.0,3.6,2.3,3.4,244.0,75.64,1115.894,74.9,0.1179,22.382,29.615,6.3,0.0,2.0,8.18,,,,37.68002701333784
문의,2020-02-03,7.4,7.2,9.6,3.2,2.4,4.0,332.0,75.66,1117.144,75.0,0.0,22.569,29.807,1.5,0.0,8.4,13.78,1.292,0.013,99.3846153846154,37.479249840641465
추동,2020-02-03,7.3,7.4,10.8,4.5,3.0,3.8,188.0,75.66,1117.144,75.0,0.0,22.569,29.807,1.5,0.0,8.4,13.78,,,,37.479249840641465
회남,2020-02-03,6.8,7.4,10.9,5.0,3.6,3.1,258.0,75.66,1117.144,75.0,0.0,22.569,29.807,1.5,0.0,8.4,13.78,,,,37.479249840641465
문의,2020-02-10,6.8,7.3,10.5,4.1,1.9,4.1,48.0,75.59,1112.773,74.7,0.0,22.366,29.587,5.1,,9.4,15.16,1.356,0.009,150.66666666666669,37.61020042586271
추동,2020-02-10,6.8,7.5,11.3,4.2,1.9,3.2,214.0,75.59,1112.773,74.7,0.0,22.366,29.587,5.1,,9.4,15.16,,,,37.61020042586271
회남,2020-02-10,6.6,7.4,11.0,4.5,2.7,2.7,224.0,75.59,1112.773,74.7,0.0,22.366,29.587,5.1,,9.4,15.16,,,,37.61020042586271
문의,2020-02-17,6.9,7.5,10.8,3.9,3.6,4.6,68.0,75.58,1112.149,74.6,0.5626,29.486,29.486,-3.2,0.7,4.7,9.97,1.345,0.014,96.07142857142856,37.71786610594858
추동,2020-02-17,6.5,7.5,11.3,4.1,5.9,2.9,14.0,75.58,1112.149,74.6,0.5626,29.486,29.486,-3.2,0.7,4.7,9.97,,,,37.71786610594858
회남,2020-02-17,6.6,7.5,11.3,3.8,11.8,7.1,92.0,75.58,1112.149,74.6,0.5626,29.486,29.486,-3.2,0.7,4.7,9.97,,,,37.71786610594858
문의,2020-02-24,7.1,7.6,11.2,3.8,2.5,4.0,0.0,75.57,1111.526,74.6,0.0,29.633,29.633,7.4,0.4,9.9,18.12,1.483,0.014,105.92857142857144,37.50973576755644
추동,2020-02-24,6.9,7.6,11.6,3.8,3.1,3.2,0.0,75.57,1111.526,74.6,0.0,29.633,29.633,7.4,0.4,9.9,18.12,,,,37.50973576755644
회남,2020-02-24,6.8,7.6,11.4,4.8,4.6,2.9,32.0,75.57,1111.526,74.6,0.0,29.633,29.633,7.4,0.4,9.9,18.12,,,,37.50973576755644
문의,2020-03-02,7.6,7.5,11.4,4.3,2.1,3.8,0.0,76.06,1142.321,76.7,0.0,69.694,106.39,5.3,,10.2,20.18,1.31,0.027,48.51851851851852,10.737108750822443
추동,2020-03-02,7.1,7.6,11.3,3.0,2.6,4.2,0.0,76.06,1142.321,76.7,0.0,69.694,106.39,5.3,,10.2,20.18,,,,10.737108750822443
회남,2020-03-02,6.7,7.5,11.5,4.2,2.5,3.1,0.0,76.06,1142.321,76.7,0.0,69.694,106.39,5.3,,10.2,20.18,,,,10.737108750822443
문의,2020-03-09,7.5,7.4,10.6,4.3,1.7,3.1,0.0,76.09,1144.222,76.8,2.2364,29.681,29.681,10.0,1.6,4.8,11.24,1.271,0.015,84.73333333333333,38.55065530137124
추동,2020-03-09,7.7,7.6,11.7,2.5,2.3,4.0,0.0,76.09,1144.222,76.8,2.2364,29.681,29.681,10.0,1.6,4.8,11.24,,,,38.55065530137124
회남,2020-03-09,7.3,7.6,11.8,3.9,2.4,3.2,0.0,76.09,1144.222,76.8,2.2364,29.681,29.681,10.0,1.6,4.8,11.24,,,,38.55065530137124
문의,2020-03-16,7.4,7.5,10.9,4.1,2.4,2.9,0.0,75.76,1123.407,75.4,0.0,41.249,99.411,4.4,,11.3,23.58,1.35,0.015,90.00000000000001,11.300630714910824
추동,2020-03-16,7.9,7.6,11.9,2.9,4.4,3.8,0.0,75.76,1123.407,75.4,0.0,41.249,99.411,4.4,,11.3,23.58,,,,11.300630714910824
회남,2020-03-16,7.5,7.6,11.9,4.2,2.6,4.1,0.0,75.76,1123.407,75.4,0.0,41.249,99.411,4.4,,11.3,23.58,,,,11.300630714910824
문의,2020-03-23,8.1,7.6,11.3,3.2,2.4,3.1,0.0,75.1,1082.457,72.7,0.0,28.539,99.678,10.2,,11.6,23.65,1.297,0.012,108.08333333333331,10.859537711430807
추동,2020-03-23,8.1,7.6,11.7,2.9,2.9,4.1,0.0,75.1,1082.457,72.7,0.0,28.539,99.678,10.2,,11.6,23.65,,,,10.859537711430807
회남,2020-03-23,8.1,7.6,11.7,3.3,2.7,3.5,0.0,75.1,1082.457,72.7,0.0,28.539,99.678,10.2,,11.6,23.65,,,,10.859537711430807
문의,2020-03-30,9.4,7.7,10.8,3.7,2.5,3.5,0.0,74.4,1040.009,69.8,0.0,29.682,99.154,12.2,,11.5,25.67,1.269,0.011,115.36363636363636,10.488825463420538
추동,2020-03-30,9.2,7.7,10.8,3.0,2.8,3.5,0.0,74.4,1040.009,69.8,0.0,29.682,99.154,12.2,,11.5,25.67,,,,10.488825463420538
회남,2020-03-30,9.0,7.6,10.8,3.2,2.9,3.2,0.0,74.4,1040.009,69.8,0.0,29.682,99.154,12.2,,11.5,25.67,,,,10.488825463420538
문의,2020-04-06,9.3,7.8,10.7,3.0,1.7,3.5,0.0,74.13,1023.905,68.7,0.0,29.118,42.866,9.7,,10.7,25.16,1.259,0.01,125.9,23.88618018942752
추동,2020-04-06,9.7,7.9,10.7,3.4,2.2,3.3,0.0,74.13,1023.905,68.7,0.0,29.118,42.866,9.7,,10.7,25.16,,,,23.88618018942752
회남,2020-04-06,9.1,7.8,10.4,3.2,2.2,2.7,0.0,74.13,1023.905,68.7,0.0,29.118,42.866,9.7,,10.7,25.16,,,,23.88618018942752
문의,2020-04-13,9.5,7.8,10.8,2.4,2.9,3.7,0.0,73.9,1010.303,67.8,0.1491,15.522,42.811,10.7,,10.2,26.75,1.455,0.009,161.66666666666669,23.599145079535635
추동,2020-04-13,10.6,7.8,10.4,3.1,3.0,2.8,0.0,73.9,1010.303,67.8,0.1491,15.522,42.811,10.7,,10.2,26.75,,,,23.599145079535635
회남,2020-04-13,9.2,7.7,10.3,2.8,3.1,2.3,0.0,73.9,1010.303,67.8,0.1491,15.522,42.811,10.7,,10.2,26.75,,,,23.599145079535635
문의,2020-04-20,10.6,7.9,10.6,3.3,2.7,3.5,0.0,73.7,998.563,67.0,0.3031,38.007,44.779,11.0,0.0,3.1,13.08,1.377,0.013,105.92307692307692,22.29980571249916
추동,2020-04-20,10.6,7.7,9.8,3.2,3.2,3.3,0.0,73.7,998.563,67.0,0.3031,38.007,44.779,11.0,0.0,3.1,13.08,,,,22.29980571249916
회남,2020-04-20,9.4,7.5,9.3,4.2,2.7,2.9,0.0,73.7,998.563,67.0,0.3031,38.007,44.779,11.0,0.0,3.1,13.08,,,,22.29980571249916
문의,2020-04-27,10.8,7.8,10.8,2.2,3.4,2.9,0.0,73.48,985.742,66.2,0.0,16.136,49.761,12.1,0.0,9.3,20.92,1.387,0.01,138.7,19.809529551255
추동,2020-04-27,10.6,7.7,10.4,2.1,3.4,2.9,0.0,73.48,985.742,66.2,0.0,16.136,49.761,12.1,0.0,9.3,20.92,,,,19.809529551255
회남,2020-04-27,9.9,7.6,9.5,4.0,2.9,1.8,0.0,73.48,985.742,66.2,0.0,16.136,49.761,12.1,0.0,9.3,20.92,,,,19.809529551255
문의,2020-05-04,14.0,7.9,10.7,3.1,3.5,2.7,0.0,73.21,970.141,65.1,0.0,19.244,45.888,20.6,,8.6,21.53,1.586,0.013,122.0,21.141496687587168
추동,2020-05-04,13.2,8.0,10.3,2.6,3.8,2.8,0.0,73.21,970.141,65.1,0.0,19.244,45.888,20.6,,8.6,21.53,,,,21.141496687587168
회남,2020-05-04,12.1,7.7,9.7,5.1,5.2,1.4,0.0,73.21,970.141,65.1,0.0,19.244,45.888,20.6,,8.6,21.53,,,,21.141496687587168
문의,2020-05-11,14.5,7.9,10.2,3.5,4.4,3.8,0.0,73.02,959.251,64.4,0.0,31.012,44.241,18.5,0.0,10.6,27.85,1.271,0.011,115.54545454545456,21.682398679957505
추동,2020-05-11,13.3,7.9,10.1,3.1,3.9,2.6,0.0,73.02,959.251,64.4,0.0,31.012,44.241,18.5,0.0,10.6,27.85,,,,21.682398679957505
회남,2020-05-11,11.6,7.5,8.6,5.2,3.0,1.5,0.0,73.02,959.251,64.4,0.0,31.012,44.241,18.5,0.0,10.6,27.85,,,,21.682398679957505
문의,2020-05-18,15.4,8.0,10.3,4.2,3.1,4.7,0.0,72.9,952.41,63.9,20.5794,59.037,45.873,20.2,7.6,8.0,22.43,1.417,0.014,101.21428571428572,20.76188607677719
추동,2020-05-18,14.2,7.9,9.5,4.0,3.4,3.0,0.0,72.9,952.41,63.9,20.5794,59.037,45.873,20.2,7.6,8.0,22.43,,,,20.76188607677719
회남,2020-05-18,12.7,7.8,8.5,4.3,4.7,2.0,0.0,72.9,952.41,63.9,20.5794,59.037,45.873,20.2,7.6,8.0,22.43,,,,20.76188607677719
문의,2020-05-25,16.0,8.2,10.4,4.9,3.4,10.1,0.0,72.84,949.0,63.7,0.0,33.244,46.39,17.8,,2.8,15.39,1.315,0.009,146.11111111111111,20.45699504203492
추동,2020-05-25,13.9,8.1,9.6,3.7,3.2,7.1,0.0,72.84,949.0,63.7,0.0,33.244,46.39,17.8,,2.8,15.39,,,,20.45699504203492
회남,2020-05-25,12.5,7.9,8.1,4.4,3.7,3.1,0.0,72.84,949.0,63.7,0.0,33.244,46.39,17.8,,2.8,15.39,,,,20.45699504203492
문의,2020-06-01,17.4,8.1,10.0,5.5,3.2,4.5,0.0,72.54,952.503,62.6,0.4308,12.661,59.159,21.1,0.6,11.6,31.05,1.446,0.022,65.72727272727273,16.100728545107255
추동,2020-06-01,15.3,8.0,9.1,4.8,3.0,5.7,0.0,72.54,952.503,62.6,0.4308,12.661,59.159,21.1,0.6,11.6,31.05,,,,16.100728545107255
회남,2020-06-01,14.2,8.0,8.2,3.6,4.3,8.1,70.0,72.54,952.503,62.6,0.4308,12.661,59.159,21.1,0.6,11.6,31.05,,,,16.100728545107255
문의,2020-06-08,19.4,8.3,10.0,7.2,1.9,1.8,0.0,72.08,906.43,60.8,0.0,13.775,65.015,26.2,,12.8,29.28,1.286,0.032,40.1875,13.94185957086826
추동,2020-06-08,17.1,8.2,9.1,2.9,2.7,4.5,0.0,72.08,906.43,60.8,0.0,13.775,65.015,26.2,,12.8,29.28,,,,13.94185957086826
회남,2020-06-08,15.9,8.2,7.6,2.7,5.0,3.0,366.0,72.08,906.43,60.8,0.0,13.775,65.015,26.2,,12.8,29.28,,,,13.94185957086826
문의,2020-06-15,20.0,8.2,9.7,6.4,2.1,2.2,0.0,73.32,976.48,65.5,0.0,464.909,55.096,23.3,,12.4,28.35,1.371,0.017,80.6470588235294,17.723246696674895
추동,2020-06-15,17.6,8.3,9.2,1.5,4.1,6.8,0.0,73.32,976.48,65.5,0.0,464.909,55.096,23.3,,12.4,28.35,,,,17.723246696674895
회남,2020-06-15,15.9,8.2,6.0,2.4,7.6,3.0,348.0,73.32,976.48,65.5,0.0,464.909,55.096,23.3,,12.4,28.35,,,,17.723246696674895
문의,2020-06-22,22.4,8.7,10.0,5.5,2.2,5.3,0.0,73.41,981.684,65.9,0.0,39.986,60.105,27.2,,13.4,30.93,1.284,0.016,80.25,16.332817569253805
추동,2020-06-22,19.9,8.3,8.4,3.6,2.8,4.7,180.0,73.41,981.684,65.9,0.0,39.986,60.105,27.2,,13.4,30.93,,,,16.332817569253805
회남,2020-06-22,16.9,8.1,6.5,1.9,3.8,2.3,206.0,73.41,981.684,65.9,0.0,39.986,60.105,27.2,,13.4,30.93,,,,16.332817569253805
문의,2020-06-29,22.0,8.5,9.6,4.6,2.4,6.0,0.0,73.17,967.843,65.0,34.7162,66.525,53.236,22.4,41.5,0.4,10.18,1.277,0.027,47.29629629629629,18.180235179202043
추동,2020-06-29,20.1,8.2,7.6,2.8,2.9,5.0,344.0,73.17,967.843,65.0,34.7162,66.525,53.236,22.4,41.5,0.4,10.18,,,,18.180235179202043
회남,2020-06-29,16.0,8.4,6.9,1.3,4.6,10.7,460.0,73.17,967.843,65.0,34.7162,66.525,53.236,22.4,41.5,0.4,10.18,,,,18.180235179202043
문의,2020-07-06,23.5,8.3,9.4,3.9,2.7,6.6,198.0,72.39,923.656,62.0,30.6228,49.453,159.721,24.3,0.2,5.0,19.73,1.245,0.04,31.125000000000004,5.782933991147062
추동,2020-07-06,21.0,8.4,7.9,2.6,5.0,8.5,236.0,72.39,923.656,62.0,30.6228,49.453,159.721,24.3,0.2,5.0,19.73,,,,5.782933991147062
회남,2020-07-06,16.7,7.7,3.5,1.6,4.9,7.0,72.0,72.39,923.656,62.0,30.6228,49.453,159.721,24.3,0.2,5.0,19.73,,,,5.782933991147062
문의,2020-07-13,24.7,8.4,8.5,3.3,2.7,9.7,420.0,74.4,1040.009,69.8,86.0751,1824.759,176.664,18.8,117.9,0.0,3.26,1.216,0.017,71.52941176470587,5.8869322555812165
추동,2020-07-13,23.3,8.1,6.2,1.4,4.6,7.7,170.0,74.4,1040.009,69.8,86.0751,1824.759,176.664,18.8,117.9,0.0,3.26,,,,5.8869322555812165
회남,2020-07-13,18.7,7.4,2.6,2.1,4.7,6.5,438.0,74.4,1040.009,69.8,86.0751,1824.759,176.664,18.8,117.9,0.0,3.26,,,,5.8869322555812165
문의,2020-07-20,24.3,8.5,7.0,3.1,4.1,9.8,814.0,75.04,1078.779,72.4,23.6289,169.897,505.661,24.5,20.2,0.2,4.44,1.313,0.034,38.61764705882352,2.133403604391084
추동,2020-07-20,22.7,7.8,6.1,1.7,13.5,7.5,214.0,75.04,1078.779,72.4,23.6289,169.897,505.661,24.5,20.2,0.2,4.44,,,,2.133403604391084
회남,2020-07-20,18.4,7.5,6.4,1.3,14.0,10.1,976.0,75.04,1078.779,72.4,23.6289,169.897,505.661,24.5,20.2,0.2,4.44,,,,2.133403604391084
문의,2020-07-27,23.6,8.1,5.3,2.9,6.4,9.9,580.0,75.7,1119.647,75.1,3.4418,587.659,791.498,24.4,2.6,0.3,11.05,1.572,0.026,60.46153846153847,1.414592329986936
추동,2020-07-27,22.8,8.0,5.9,1.6,8.0,7.4,674.0,75.7,1119.647,75.1,3.4418,587.659,791.498,24.4,2.6,0.3,11.05,,,,1.414592329986936
회남,2020-07-27,20.3,8.1,8.1,1.4,17.9,17.4,3134.0,75.7,1119.647,75.1,3.4418,587.659,791.498,24.4,2.6,0.3,11.05,,,,1.414592329986936
문의,2020-08-04,22.7,8.3,6.8,1.5,14.1,12.9,2392.0,73.61,993.306,66.7,7.7525,420.762,1219.536,27.5,18.5,4.4,17.45,1.691,0.05,33.82,0.814495021057189
추동,2020-08-04,21.8,8.0,6.3,0.5,38.7,11.5,0.0,73.61,993.306,66.7,7.7525,420.762,1219.536,27.5,18.5,4.4,17.45,,,,0.814495021057189
회남,2020-08-04,22.6,8.0,8.9,1.1,106.0,21.5,8934.0,73.61,993.306,66.7,7.7525,420.762,1219.536,27.5,18.5,4.4,17.45,,,,0.814495021057189
추동,2020-08-11,21.2,8.3,6.6,0.3,82.7,9.6,148.0,75.81,1126.546,75.6,51.1945,2882.408,2999.081,26.0,59.3,0.3,7.34,,,,0.3756304014463097
문의,2020-08-12,24.1,8.8,8.2,0.4,46.6,13.5,5068.0,74.41,1040.608,69.8,7.2129,1836.91,2831.561,27.3,17.5,1.7,10.77,,,,0.3675032958852025
회남,2020-08-12,21.4,8.4,8.9,0.2,104.0,2.3,0.0,74.41,1040.608,69.8,7.2129,1836.91,2831.561,27.3,17.5,1.7,10.77,,,,0.3675032958852025
문의,2020-08-18,23.7,9.2,9.3,0.4,28.3,37.7,9870.0,73.69,997.978,67.0,0.0,105.103,125.418,29.1,,11.3,26.25,1.379,0.034,40.55882352941176,7.957215072796568
추동,2020-08-18,22.0,9.4,8.3,0.6,29.8,7.1,190.0,73.69,997.978,67.0,0.0,105.103,125.418,29.1,,11.3,26.25,,,,7.957215072796568
회남,2020-08-18,23.3,9.0,8.8,0.6,28.6,20.8,4004.0,73.69,997.978,67.0,0.0,105.103,125.418,29.1,,11.3,26.25,,,,7.957215072796568
문의,2020-08-24,24.1,9.0,8.9,1.2,14.3,15.9,8706.0,73.25,972.443,65.3,0.3852,66.149,246.968,28.5,,11.5,24.02,1.225,0.052,23.55769230769231,3.937526319199248
추동,2020-08-24,23.4,8.9,8.3,1.0,17.6,13.6,2376.0,73.25,972.443,65.3,0.3852,66.149,246.968,28.5,,11.5,24.02,,,,3.937526319199248
회남,2020-08-24,23.2,8.6,10.1,1.6,24.5,13.5,1510.0,73.25,972.443,65.3,0.3852,66.149,246.968,28.5,,11.5,24.02,,,,3.937526319199248
문의,2020-08-31,24.4,8.4,5.7,0.6,22.9,22.5,15276.0,72.8,946.7308,63.5,1.0611,246.666,50.867,26.7,0.1,6.2,18.31,1.339,0.039,34.333333333333336,18.61188589851967
추동,2020-08-31,23.3,8.3,6.1,1.0,15.8,10.3,3692.0,72.8,946.7308,63.5,1.0611,246.666,50.867,26.7,0.1,6.2,18.31,,,,18.61188589851967
회남,2020-08-31,23.2,8.1,6.7,1.7,28.1,9.3,5238.0,72.8,946.7308,63.5,1.0611,246.666,50.867,26.7,0.1,6.2,18.31,,,,18.61188589851967
문의,2020-09-08,23.6,6.9,6.6,0.5,17.9,9.7,7796.0,71.91,897.064,60.2,0.1676,792.523,39.896,24.3,0.2,11.0,23.34,1.476,0.045,32.800000000000004,22.485061159013437
추동,2020-09-08,23.4,7.1,5.9,0.7,23.7,6.0,3980.0,71.91,897.064,60.2,0.1676,792.523,39.896,24.3,0.2,11.0,23.34,,,,22.485061159013437
회남,2020-09-08,23.1,6.9,6.8,0.5,43.6,9.3,2534.0,71.91,897.064,60.2,0.1676,792.523,39.896,24.3,0.2,11.0,23.34,,,,22.485061159013437
문의,2020-09-14,23.6,8.2,6.8,0.8,20.6,14.5,9038.0,73.45,984.002,66.0,0.0,120.553,40.175,21.9,,10.8,21.57,1.451,0.061,23.78688524590164,24.49289359054138
추동,2020-09-14,23.5,8.1,6.7,0.8,20.2,14.9,3710.0,73.45,984.002,66.0,0.0,120.553,40.175,21.9,,10.8,21.57,,,,24.49289359054138
회남,2020-09-14,22.5,8.0,8.5,0.8,26.4,16.7,7402.0,73.45,984.002,66.0,0.0,120.553,40.175,21.9,,10.8,21.57,,,,24.49289359054138
문의,2020-09-21,23.0,8.9,8.0,0.8,30.4,31.1,21174.0,73.83,1006.185,67.5,0.0,59.7,39.307,18.0,,11.4,19.87,1.559,0.027,57.74074074074074,25.59811229551988
추동,2020-09-21,22.9,8.3,7.8,0.9,16.8,16.8,8064.0,73.83,1006.185,67.5,0.0,59.7,39.307,18.0,,11.4,19.87,,,,25.59811229551988
회남,2020-09-21,22.4,8.3,7.9,1.0,15.9,13.8,4998.0,73.83,1006.185,67.5,0.0,59.7,39.307,18.0,,11.4,19.87,,,,25.59811229551988
문의,2020-09-28,22.4,9.0,8.5,1.0,16.1,22.0,17258.0,73.84,1006.773,67.6,0.0,33.222,40.027,18.9,,11.3,20.77,,,,25.152347165663176
추동,2020-09-28,22.3,8.9,8.1,0.9,15.0,21.8,9138.0,73.84,1006.773,67.6,0.0,33.222,40.027,18.9,,11.3,20.77,,,,25.152347165663176
회남,2020-09-28,22.2,8.6,7.0,1.1,14.5,10.8,3876.0,73.84,1006.773,67.6,0.0,33.222,40.027,18.9,,11.3,20.77,,,,25.152347165663176
문의,2020-10-05,22.1,8.7,7.6,0.9,16.5,11.5,22976.0,73.8,1026.355,67.4,0.0,18.003,31.875,13.6,,10.6,18.54,1.378,0.03,45.93333333333333,32.19937254901961
추동,2020-10-05,22.1,8.1,8.3,1.1,11.0,17.9,5550.0,73.8,1026.355,67.4,0.0,18.003,31.875,13.6,,10.6,18.54,,,,32.19937254901961
회남,2020-10-05,21.8,8.3,5.9,1.6,10.6,6.8,3866.0,73.8,1026.355,67.4,0.0,18.003,31.875,13.6,,10.6,18.54,,,,32.19937254901961
문의,2020-10-07,21.9,9.0,9.7,0.8,22.8,14.7,31780.0,73.78,1025.157,67.3,0.0,17.009,30.871,16.8,,8.3,16.9,,,,33.207767807975124
문의,2020-10-12,21.3,8.3,7.5,1.3,16.7,10.0,6604.0,73.7,998.563,67.0,0.0,23.944,30.716,17.1,0.4,5.6,12.18,1.636,0.026,62.92307692307692,32.50953900247428
추동,2020-10-12,21.4,8.3,8.6,1.2,10.6,13.1,4798.0,73.7,998.563,67.0,0.0,23.944,30.716,17.1,0.4,5.6,12.18,,,,32.50953900247428
회남,2020-10-12,21.3,8.1,5.8,1.5,10.3,8.3,2828.0,73.7,998.563,67.0,0.0,23.944,30.716,17.1,0.4,5.6,12.18,,,,32.50953900247428
문의,2020-10-15,20.7,8.0,7.3,1.2,10.5,8.1,3966.0,73.64,995.057,66.8,0.0,17.628,31.146,11.4,,7.2,15.39,,,,31.948147434662555
문의,2020-10-19,20.2,7.8,6.8,1.3,7.4,6.3,2884.0,73.56,990.393,66.5,0.0,10.658,30.882,13.4,,9.7,15.23,1.603,0.021,76.33333333333333,32.07023508840101
추동,2020-10-19,20.3,7.8,7.9,1.6,7.3,8.9,2454.0,73.56,990.393,66.5,0.0,10.658,30.882,13.4,,9.7,15.23,,,,32.07023508840101
회남,2020-10-19,20.5,7.9,7.4,1.8,6.3,5.4,212.0,73.56,990.393,66.5,0.0,10.658,30.882,13.4,,9.7,15.23,,,,32.07023508840101
문의,2020-10-26,19.4,7.8,7.0,1.8,4.4,5.0,680.0,73.41,1003.148,67.3,0.0,17.377,31.064,11.8,,9.6,13.77,1.65,0.039,42.30769230769231,32.29294360030904
추동,2020-10-26,19.0,7.8,8.3,1.9,6.1,11.8,934.0,73.41,1003.148,67.3,0.0,17.377,31.064,11.8,,9.6,13.77,,,,32.29294360030904
회남,2020-10-26,19.5,7.7,7.0,1.4,5.5,4.6,0.0,73.41,1003.148,67.3,0.0,17.377,31.064,11.8,,9.6,13.77,,,,32.29294360030904
문의,2020-11-02,18.6,7.7,6.9,2.2,4.4,8.0,272.0,73.26,994.305,66.7,0.0552,15.007,28.622,11.3,,8.0,13.36,1.52,0.039,38.97435897435898,34.73918663964782
추동,2020-11-02,18.3,7.7,8.3,1.6,5.7,13.3,898.0,73.26,994.305,66.7,0.0552,15.007,28.622,11.3,,8.0,13.36,,,,34.73918663964782
회남,2020-11-02,18.4,7.5,6.9,1.8,5.3,4.0,0.0,73.26,994.305,66.7,0.0552,15.007,28.622,11.3,,8.0,13.36,,,,34.73918663964782
문의,2020-11-09,17.1,8.2,7.2,2.2,4.6,10.3,80.0,73.11,985.508,66.1,0.0,14.99,28.534,7.2,0.0,9.2,13.13,1.472,0.027,54.51851851851852,34.53802481250438
추동,2020-11-09,16.8,8.1,8.5,1.8,5.5,11.3,588.0,73.11,985.508,66.1,0.0,14.99,28.534,7.2,0.0,9.2,13.13,,,,34.53802481250438
회남,2020-11-09,16.9,8.0,7.5,2.1,10.3,7.1,0.0,73.11,985.508,66.1,0.0,14.99,28.534,7.2,0.0,9.2,13.13,,,,34.53802481250438
문의,2020-11-16,16.5,7.7,7.1,1.9,3.9,9.9,56.0,72.97,977.34,65.6,0.0,28.68,28.68,11.3,,6.8,9.26,1.386,0.019,72.94736842105263,34.07740585774059
추동,2020-11-16,16.4,8.2,8.4,1.9,4.0,9.2,722.0,72.97,977.34,65.6,0.0,28.68,28.68,11.3,,6.8,9.26,,,,34.07740585774059
회남,2020-11-16,16.3,8.1,7.9,2.2,4.2,5.1,160.0,72.97,977.34,65.6,0.0,28.68,28.68,11.3,,6.8,9.26,,,,34.07740585774059
문의,2020-11-23,15.5,8.0,7.6,1.9,4.7,7.7,0.0,72.95,976.176,65.5,0.0,8.625,28.831,3.9,,7.7,10.93,1.41,0.017,82.94117647058822,33.85855502757449
추동,2020-11-23,15.1,7.8,8.6,1.8,6.3,6.5,734.0,72.95,976.176,65.5,0.0,8.625,28.831,3.9,,7.7,10.93,,,,33.85855502757449
회남,2020-11-23,15.5,7.9,8.1,2.4,7.5,3.3,0.0,72.95,976.176,65.5,0.0,8.625,28.831,3.9,,7.7,10.93,,,,33.85855502757449
문의,2020-11-30,13.9,8.3,8.0,2.3,4.0,6.0,0.0,72.81,968.054,65.0,0.0,17.39,30.792,1.2,,8.9,11.15,1.467,0.027,54.333333333333336,31.438490517017403
추동,2020-11-30,13.5,8.2,9.1,2.4,4.8,8.0,0.0,72.81,968.054,65.0,0.0,17.39,30.792,1.2,,8.9,11.15,,,,31.438490517017403
회남,2020-11-30,14.0,8.0,8.4,2.2,5.8,4.5,0.0,72.81,968.054,65.0,0.0,17.39,30.792,1.2,,8.9,11.15,,,,31.438490517017403
문의,2020-12-07,12.9,7.6,8.1,2.6,3.4,4.4,0.0,72.64,958.245,64.3,0.0,10.843,30.828,2.8,,0.3,3.53,1.621,0.023,70.47826086956522,31.083592837680037
추동,2020-12-07,12.2,7.7,9.3,2.7,3.5,7.2,0.0,72.64,958.245,64.3,0.0,10.843,30.828,2.8,,0.3,3.53,,,,31.083592837680037
회남,2020-12-07,12.5,7.6,8.7,1.9,5.3,4.7,0.0,72.64,958.245,64.3,0.0,10.843,30.828,2.8,,0.3,3.53,,,,31.083592837680037
문의,2020-12-14,11.4,8.0,8.9,2.6,3.0,5.5,0.0,72.47,948.495,63.7,0.0,10.672,30.535,-4.7,,8.8,11.16,1.396,0.018,77.55555555555556,31.06255117078762
추동,2020-12-14,11.0,7.9,9.6,2.6,3.3,6.5,0.0,72.47,948.495,63.7,0.0,10.672,30.535,-4.7,,8.8,11.16,,,,31.06255117078762
회남,2020-12-14,11.0,7.8,9.1,2.5,5.2,4.0,0.0,72.47,948.495,63.7,0.0,10.672,30.535,-4.7,,8.8,11.16,,,,31.06255117078762
문의,2020-12-21,9.9,8.5,9.4,3.4,2.8,3.5,0.0,72.29,938.237,63.0,0.055,11.021,30.756,0.4,0.0,4.2,7.04,1.338,0.018,74.33333333333334,30.50582000260112
추동,2020-12-21,9.0,8.4,10.4,2.9,2.5,5.4,0.0,72.29,938.237,63.0,0.055,11.021,30.756,0.4,0.0,4.2,7.04,,,,30.50582000260112
회남,2020-12-21,9.6,8.4,9.8,3.1,4.0,3.0,0.0,72.29,938.237,63.0,0.055,11.021,30.756,0.4,0.0,4.2,7.04,,,,30.50582000260112
문의,2020-12-28,9.4,9.7,10.5,3.4,2.1,4.7,0.0,72.13,929.174,62.4,0.0,17.738,30.816,5.4,,7.0,9.55,,,,30.15232346832814
추동,2020-12-28,8.9,9.0,10.9,3.6,2.5,4.1,0.0,72.13,929.174,62.4,0.0,17.738,30.816,5.4,,7.0,9.55,,,,30.15232346832814
회남,2020-12-28,8.9,8.7,10.5,3.8,3.3,2.0,0.0,72.13,929.174,62.4,0.0,17.738,30.816,5.4,,7.0,9.55,,,,30.15232346832814
문의,2021-01-18,5.9,9.0,11.5,3.9,2.0,5.5,0.0,71.53,895.6574,60.1,1.1927,14.644,33.837,-1.5,3.3,2.3,5.97,1.301,0.007,185.85714285714283,26.469763867955194
추동,2021-01-18,5.0,8.7,11.9,3.6,2.4,4.1,0.0,71.53,895.6574,60.1,1.1927,14.644,33.837,-1.5,3.3,2.3,5.97,,,,26.469763867955194
회남,2021-01-18,5.7,8.8,11.5,4.0,2.2,3.3,0.0,71.53,895.6574,60.1,1.1927,14.644,33.837,-1.5,3.3,2.3,5.97,,,,26.469763867955194
문의,2021-01-25,6.1,8.0,11.6,3.3,1.9,4.6,0.0,71.4,888.493,59.63,0.0,24.418,30.782,8.3,,8.3,10.81,1.234,0.021,58.76190476190476,28.864043921772467
문의,2021-01-25,6.1,8.0,11.6,3.3,1.9,4.6,0.0,71.4,888.493,59.63,0.0,24.418,30.782,8.3,,8.3,10.81,1.266,0.02,63.3,28.864043921772467
추동,2021-01-25,5.3,8.3,12.1,3.4,2.7,4.1,0.0,71.4,888.493,59.63,0.0,24.418,30.782,8.3,,8.3,10.81,,,,28.864043921772467
회남,2021-01-25,5.5,8.6,11.5,4.0,2.9,3.0,0.0,71.4,888.493,59.63,0.0,24.418,30.782,8.3,,8.3,10.81,,,,28.864043921772467
문의,2021-02-01,5.6,7.8,11.6,3.7,2.6,5.1,0.0,71.21,878.084,58.93,7.9907,12.932,31.896,7.3,8.1,3.1,7.52,1.363,0.017,80.17647058823529,27.52959618760973
추동,2021-02-01,5.1,7.7,12.1,3.2,2.7,4.7,0.0,71.21,878.084,58.93,7.9907,12.932,31.896,7.3,8.1,3.1,7.52,,,,27.52959618760973
회남,2021-02-01,5.1,7.6,11.7,4.0,2.9,3.6,0.0,71.21,878.084,58.93,7.9907,12.932,31.896,7.3,8.1,3.1,7.52,,,,27.52959618760973
문의,2021-02-08,5.3,7.7,13.2,3.6,2.3,5.8,0.0,71.04,868.834,58.3,0.0,12.619,31.462,-1.7,,9.8,15.57,1.309,0.007,187.0,27.615345496154088
추동,2021-02-08,4.8,7.8,13.6,3.5,2.4,4.7,0.0,71.04,868.834,58.3,0.0,12.619,31.462,-1.7,,9.8,15.57,,,,27.615345496154088
회남,2021-02-08,4.8,7.9,13.1,3.5,2.5,6.6,0.0,71.04,868.834,58.3,0.0,12.619,31.462,-1.7,,9.8,15.57,,,,27.615345496154088
문의,2021-02-15,5.6,7.8,12.6,3.1,1.4,5.4,0.0,70.85,858.567,57.6,1.4491,12.613,31.32,3.0,0.5,4.7,7.48,1.283,0.013,98.6923076923077,27.41273946360153
추동,2021-02-15,5.4,7.9,12.9,3.2,1.7,9.7,0.0,70.85,858.567,57.6,1.4491,12.613,31.32,3.0,0.5,4.7,7.48,,,,27.41273946360153
회남,2021-02-15,4.9,8.0,12.7,3.2,1.6,9.6,0.0,70.85,858.567,57.6,1.4491,12.613,31.32,3.0,0.5,4.7,7.48,,,,27.41273946360153
문의,2021-02-22,5.8,7.8,12.9,2.8,2.0,9.0,0.0,70.67,848.908,56.97,0.0,7.303,32.079,11.7,,10.1,14.94,1.262,0.01,126.2,26.463044359238133
추동,2021-02-22,5.2,7.9,13.1,2.6,2.8,10.7,0.0,70.67,848.908,56.97,0.0,7.303,32.079,11.7,,10.1,14.94,,,,26.463044359238133
회남,2021-02-22,5.1,8.1,13.3,3.0,2.1,13.3,0.0,70.67,848.908,56.97,0.0,7.303,32.079,11.7,,10.1,14.94,,,,26.463044359238133
문의,2021-03-02,5.8,7.8,12.0,3.5,1.8,5.0,0.0,70.58,844.103,56.7,1.872,68.165,31.201,3.0,0.2,2.5,8.27,1.245,0.007,177.85714285714286,27.053716227044003
추동,2021-03-02,5.9,7.9,13.0,2.9,2.7,7.1,0.0,70.58,844.103,56.7,1.872,68.165,31.201,3.0,0.2,2.5,8.27,,,,27.053716227044003
회남,2021-03-02,5.0,8.0,12.8,2.8,2.6,10.4,0.0,70.58,844.103,56.7,1.872,68.165,31.201,3.0,0.2,2.5,8.27,,,,27.053716227044003
문의,2021-03-08,6.6,7.9,12.3,3.6,1.8,3.9,0.0,70.78,854.802,57.4,0.0,19.045,31.481,8.0,,9.7,18.52,1.213,0.012,101.08333333333334,27.152949398049618
추동,2021-03-08,6.7,8.0,12.5,2.5,2.2,4.3,0.0,70.78,854.802,57.4,0.0,19.045,31.481,8.0,,9.7,18.52,,,,27.152949398049618
회남,2021-03-08,5.6,8.0,12.9,3.2,1.9,5.6,0.0,70.78,854.802,57.4,0.0,19.045,31.481,8.0,,9.7,18.52,,,,27.152949398049618
문의,2021-03-15,6.9,7.8,12.1,2.5,1.6,3.2,0.0,70.82,856.952,57.5,0.055,43.872,31.427,11.8,0.0,8.6,16.61,1.216,0.013,93.53846153846156,27.268017946351865
추동,2021-03-15,7.3,8.0,12.6,2.9,2.7,4.4,0.0,70.82,856.952,57.5,0.055,43.872,31.427,11.8,0.0,8.6,16.61,,,,27.268017946351865
회남,2021-03-15,6.9,7.9,12.6,3.6,2.3,3.9,0.0,70.82,856.952,57.5,0.055,43.872,31.427,11.8,0.0,8.6,16.61,,,,27.268017946351865
문의,2021-03-22,8.7,8.0,12.2,2.7,2.2,4.1,0.0,70.78,854.802,57.4,0.0,18.75,31.186,7.1,,11.2,20.01,1.231,0.011,111.90909090909092,27.409799268902717
추동,2021-03-22,7.4,7.9,12.0,2.0,2.3,3.8,0.0,70.78,854.802,57.4,0.0,18.75,31.186,7.1,,11.2,20.01,,,,27.409799268902717
회남,2021-03-22,6.9,7.8,12.3,3.3,1.8,3.2,0.0,70.78,854.802,57.4,0.0,18.75,31.186,7.1,,11.2,20.01,,,,27.409799268902717
문의,2021-03-29,10.2,8.0,12.1,2.7,2.2,5.4,0.0,70.71,851.048,57.1,0.0,31.474,31.474,12.2,0.0,7.9,17.36,1.215,0.013,93.46153846153848,27.03971532058207
추동,2021-03-29,7.5,7.8,11.4,2.3,2.6,3.0,0.0,70.71,851.048,57.1,0.0,31.474,31.474,12.2,0.0,7.9,17.36,,,,27.03971532058207
회남,2021-03-29,8.3,7.8,11.7,3.2,2.1,2.8,0.0,70.71,851.048,57.1,0.0,31.474,31.474,12.2,0.0,7.9,17.36,,,,27.03971532058207
문의,2021-04-05,9.9,7.9,12.0,3.4,1.8,2.9,0.0,70.91,861.801,57.8,0.0505,117.873,30.656,11.6,,12.2,25.14,1.229,0.015,81.93333333333334,28.111984603340296
추동,2021-04-05,10.0,7.8,11.6,4.5,2.6,1.8,0.0,70.91,861.801,57.8,0.0505,117.873,30.656,11.6,,12.2,25.14,,,,28.111984603340296
회남,2021-04-05,8.8,7.7,11.6,2.9,2.3,2.5,0.0,70.91,861.801,57.8,0.0505,117.873,30.656,11.6,,12.2,25.14,,,,28.111984603340296
문의,2021-04-12,12.6,8.0,11.8,2.5,2.4,2.1,0.0,71.11,872.636,58.6,13.3883,31.244,31.244,13.6,15.3,0.0,5.55,1.183,0.016,73.9375,27.929714505184997
추동,2021-04-12,10.9,7.9,10.9,3.3,3.1,1.7,0.0,71.11,872.636,58.6,13.3883,31.244,31.244,13.6,15.3,0.0,5.55,,,,27.929714505184997
회남,2021-04-12,9.1,7.9,11.3,2.0,3.5,3.7,0.0,71.11,872.636,58.6,13.3883,31.244,31.244,13.6,15.3,0.0,5.55,,,,27.929714505184997
문의,2021-04-19,11.1,7.7,11.0,3.3,2.5,1.8,0.0,71.09,871.549,58.5,0.0,20.41,32.993,13.5,,12.5,25.96,1.078,0.008,134.75,26.41617918952505
추동,2021-04-19,10.8,7.8,10.6,3.0,3.5,1.9,0.0,71.09,871.549,58.5,0.0,20.41,32.993,13.5,,12.5,25.96,,,,26.41617918952505
회남,2021-04-19,9.4,7.6,10.5,2.6,2.3,1.9,0.0,71.09,871.549,58.5,0.0,20.41,32.993,13.5,,12.5,25.96,,,,26.41617918952505
문의,2021-04-26,14.5,7.9,10.6,4.5,1.9,1.9,0.0,70.89,860.722,57.8,0.0,17.057,35.793,17.0,,11.5,24.8,1.15,0.007,164.28571428571428,24.047215936076885
추동,2021-04-26,12.7,7.9,10.0,4.1,3.0,3.1,0.0,70.89,860.722,57.8,0.0,17.057,35.793,17.0,,11.5,24.8,,,,24.047215936076885
회남,2021-04-26,10.6,7.8,10.3,2.3,2.6,3.1,0.0,70.89,860.722,57.8,0.0,17.057,35.793,17.0,,11.5,24.8,,,,24.047215936076885
문의,2021-05-03,13.7,8.1,10.4,4.0,2.0,3.6,0.0,70.59,844.636,56.7,0.0663,15.918,46.799,15.1,,11.3,26.95,1.234,0.013,94.92307692307692,18.048163422295342
추동,2021-05-03,13.0,8.1,10.1,3.7,2.8,8.0,0.0,70.59,844.636,56.7,0.0663,15.918,46.799,15.1,,11.3,26.95,,,,18.048163422295342
회남,2021-05-03,10.5,7.8,9.4,3.6,2.3,2.0,0.0,70.59,844.636,56.7,0.0663,15.918,46.799,15.1,,11.3,26.95,,,,18.048163422295342
문의,2021-05-10,13.9,8.2,10.5,1.8,3.0,11.7,0.0,70.3,829.263,55.7,12.0061,27.91,46.224,12.5,11.1,0.5,4.57,1.241,0.012,103.41666666666669,17.940096053997927
추동,2021-05-10,13.7,8.3,10.2,2.0,3.5,11.0,0.0,70.3,829.263,55.7,12.0061,27.91,46.224,12.5,11.1,0.5,4.57,,,,17.940096053997927
회남,2021-05-10,10.9,7.9,9.0,2.9,2.3,4.9,0.0,70.3,829.263,55.7,12.0061,27.91,46.224,12.5,11.1,0.5,4.57,,,,17.940096053997927
문의,2021-05-17,16.3,8.3,9.8,3.0,2.4,8.1,0.0,70.22,825.052,55.4,4.6873,76.376,45.995,16.4,3.3,0.0,5.66,1.253,0.009,139.22222222222223,17.93786281117513
추동,2021-05-17,14.7,8.2,9.6,2.0,4.3,8.8,0.0,70.22,825.052,55.4,4.6873,76.376,45.995,16.4,3.3,0.0,5.66,,,,17.93786281117513
회남,2021-05-17,12.4,7.9,8.3,2.5,4.1,4.7,0.0,70.22,825.052,55.4,4.6873,76.376,45.995,16.4,3.3,0.0,5.66,,,,17.93786281117513
문의,2021-05-24,17.3,8.4,10.3,4.3,3.0,5.8,0.0,70.4,834.544,56.0,0.0,40.287,46.413,20.2,0.0,7.9,22.54,1.333,0.008,166.625,17.98082433800875
추동,2021-05-24,15.6,8.2,9.2,3.9,3.6,5.3,284.0,70.4,834.544,56.0,0.0,40.287,46.413,20.2,0.0,7.9,22.54,,,,17.98082433800875
회남,2021-05-24,12.8,8.0,8.2,2.7,3.4,4.3,0.0,70.4,834.544,56.0,0.0,40.287,46.413,20.2,0.0,7.9,22.54,,,,17.98082433800875
문의,2021-05-31,17.9,8.6,10.0,3.5,1.9,9.0,0.0,70.54,841.973,56.5,7.8036,73.113,48.499,20.7,7.1,5.0,17.04,1.431,0.009,159.00000000000003,17.360625992288497
추동,2021-05-31,15.7,8.2,8.8,3.3,1.9,3.1,76.0,70.54,841.973,56.5,7.8036,73.113,48.499,20.7,7.1,5.0,17.04,,,,17.360625992288497
회남,2021-05-31,13.1,8.2,7.3,2.3,2.0,3.4,0.0,70.54,841.973,56.5,7.8036,73.113,48.499,20.7,7.1,5.0,17.04,,,,17.360625992288497
문의,2021-06-07,19.0,8.8,9.8,2.8,1.7,5.5,144.0,70.65,847.839,56.9,0.0,55.759,55.759,23.3,,9.9,21.91,1.366,0.01,136.6,15.205419752865009
추동,2021-06-07,18.3,8.6,9.0,2.4,1.9,5.0,0.0,70.65,847.839,56.9,0.0,55.759,55.759,23.3,,9.9,21.91,,,,15.205419752865009
회남,2021-06-07,14.5,8.5,6.8,2.0,2.2,5.3,648.0,70.65,847.839,56.9,0.0,55.759,55.759,23.3,,9.9,21.91,,,,15.205419752865009
문의,2021-06-14,21.1,8.7,9.6,2.6,1.7,4.4,0.0,70.4,834.544,56.0,0.0,25.737,62.53,24.9,0.0,4.5,17.98,1.215,0.009,135.00000000000003,13.346297777067008
추동,2021-06-14,19.2,8.6,8.5,2.6,1.9,6.9,0.0,70.4,834.544,56.0,0.0,25.737,62.53,24.9,0.0,4.5,17.98,,,,13.346297777067008
회남,2021-06-14,16.8,8.4,6.0,1.9,1.8,4.2,132.0,70.4,834.544,56.0,0.0,25.737,62.53,24.9,0.0,4.5,17.98,,,,13.346297777067008
문의,2021-06-21,22.2,8.8,9.4,3.5,1.5,4.8,214.0,70.0,813.541,54.6,0.0,22.364,58.585,24.8,,12.5,26.49,1.27,0.012,105.83333333333331,13.88650678501323
추동,2021-06-21,20.7,8.5,7.7,2.6,1.6,4.7,0.0,70.0,813.541,54.6,0.0,22.364,58.585,24.8,,12.5,26.49,,,,13.88650678501323
회남,2021-06-21,16.1,8.5,5.4,2.3,1.8,3.0,434.0,70.0,813.541,54.6,0.0,22.364,58.585,24.8,,12.5,26.49,,,,13.88650678501323
문의,2021-06-28,23.1,8.5,9.3,2.3,2.5,6.8,28.0,69.62,793.893,53.3,0.6283,18.981,60.613,25.6,0.0,7.8,21.43,1.222,0.013,94.0,13.097734809364328
추동,2021-06-28,21.7,8.6,7.0,2.0,2.3,5.3,48.0,69.62,793.893,53.3,0.6283,18.981,60.613,25.6,0.0,7.8,21.43,,,,13.097734809364328
회남,2021-06-28,16.9,8.8,5.3,1.4,2.4,4.9,578.0,69.62,793.893,53.3,0.6283,18.981,60.613,25.6,0.0,7.8,21.43,,,,13.097734809364328
문의,2021-07-05,23.7,8.8,8.5,2.2,3.6,7.4,0.0,68.74,749.536,50.3,32.0035,59.953,250.31,22.5,5.6,0.0,9.83,1.172,0.027,43.407407407407405,2.9944309056769605
추동,2021-07-05,22.3,8.5,6.6,1.8,2.3,7.6,0.0,68.74,749.536,50.3,32.0035,59.953,250.31,22.5,5.6,0.0,9.83,,,,2.9944309056769605
회남,2021-07-05,17.1,8.4,3.9,2.1,2.9,3.8,640.0,68.74,749.536,50.3,32.0035,59.953,250.31,22.5,5.6,0.0,9.83,,,,2.9944309056769605
문의,2021-07-12,24.9,8.7,7.9,2.0,1.9,9.4,52.0,71.97,920.164,61.8,0.2117,135.169,245.991,28.7,0.0,6.1,19.5,1.14,0.031,36.774193548387096,3.740640917757153
추동,2021-07-12,24.1,8.4,5.3,1.9,3.8,7.6,212.0,71.97,920.164,61.8,0.2117,135.169,245.991,28.7,0.0,6.1,19.5,,,,3.740640917757153
회남,2021-07-12,20.8,8.4,6.7,2.2,27.2,7.2,820.0,71.97,920.164,61.8,0.2117,135.169,245.991,28.7,0.0,6.1,19.5,,,,3.740640917757153
문의,2021-07-19,25.8,9.2,7.8,1.8,2.4,19.5,466.0,71.17,875.903,58.8,3.6127,39.169,39.169,26.7,0.0,2.0,15.35,1.053,0.032,32.90625,22.362148637953485
추동,2021-07-19,24.5,9.1,6.7,1.0,6.4,37.9,452.0,71.17,875.903,58.8,3.6127,39.169,39.169,26.7,0.0,2.0,15.35,,,,22.362148637953485
회남,2021-07-19,20.8,8.8,5.6,2.0,13.7,4.2,196.0,71.17,875.903,58.8,3.6127,39.169,39.169,26.7,0.0,2.0,15.35,,,,22.362148637953485
문의,2021-07-26,25.8,9.9,6.5,2.8,2.9,5.9,494.0,70.96,864.502,58.0,0.0,18.923,43.976,29.9,,13.3,25.86,1.002,0.021,47.71428571428571,19.658495543023463
추동,2021-07-26,24.9,10.0,5.2,1.6,5.4,12.9,420.0,70.96,864.502,58.0,0.0,18.923,43.976,29.9,,13.3,25.86,,,,19.658495543023463
회남,2021-07-26,21.9,9.4,6.3,1.1,10.2,6.3,0.0,70.96,864.502,58.0,0.0,18.923,43.976,29.9,,13.3,25.86,,,,19.658495543023463
문의,2021-08-02,26.8,10.0,5.9,2.5,2.0,8.4,3714.0,70.77,854.266,57.3,24.0507,102.657,53.028,26.0,34.0,1.3,7.89,0.983,0.028,35.107142857142854,16.10971562193558
추동,2021-08-02,25.3,9.9,4.8,1.0,6.4,29.0,0.0,70.77,854.266,57.3,24.0507,102.657,53.028,26.0,34.0,1.3,7.89,,,,16.10971562193558
회남,2021-08-02,20.6,9.5,6.1,1.2,9.6,6.9,120.0,70.77,854.266,57.3,24.0507,102.657,53.028,26.0,34.0,1.3,7.89,,,,16.10971562193558
문의,2021-08-09,27.1,10.3,5.5,1.1,3.7,14.3,7866.0,71.15,874.813,58.7,0.0,39.153,58.075,28.1,,12.1,23.87,0.822,0.016,51.37499999999999,15.063504089539387
추동,2021-08-09,27.5,10.9,6.6,1.2,4.5,11.0,760.0,71.15,874.813,58.7,0.0,39.153,58.075,28.1,,12.1,23.87,,,,15.063504089539387
회남,2021-08-09,21.0,10.8,4.8,1.4,8.5,6.4,380.0,71.15,874.813,58.7,0.0,39.153,58.075,28.1,,12.1,23.87,,,,15.063504089539387
문의,2021-08-17,27.3,9.2,6.3,1.5,3.3,15.5,3040.0,70.84,858.028,57.6,0.9144,26.907,58.086,25.5,0.1,7.4,18.23,0.922,0.02,46.1,14.771683366043453
추동,2021-08-17,26.7,8.8,5.0,1.4,3.2,8.5,944.0,70.84,858.028,57.6,0.9144,26.907,58.086,25.5,0.1,7.4,18.23,,,,14.771683366043453
회남,2021-08-17,22.0,7.8,4.4,1.6,7.1,7.9,0.0,70.84,858.028,57.6,0.9144,26.907,58.086,25.5,0.1,7.4,18.23,,,,14.771683366043453
문의,2021-08-23,26.4,9.1,5.6,1.5,3.3,12.4,1980.0,70.67,848.908,57.0,48.4881,139.555,158.134,22.8,65.0,0.0,2.9,1.024,0.019,53.89473684210527,5.368282595773206
추동,2021-08-23,25.8,8.3,4.4,1.5,4.3,6.4,924.0,70.67,848.908,57.0,48.4881,139.555,158.134,22.8,65.0,0.0,2.9,,,,5.368282595773206
회남,2021-08-23,22.5,8.1,3.3,1.5,5.9,7.0,756.0,70.67,848.908,57.0,48.4881,139.555,158.134,22.8,65.0,0.0,2.9,,,,5.368282595773206
문의,2021-08-30,25.6,8.5,3.6,1.6,3.4,9.5,3568.0,72.91,973.852,65.4,0.0634,431.387,164.402,22.9,0.1,0.3,6.76,1.077,0.014,76.92857142857143,5.923601902653253
추동,2021-08-30,25.2,8.0,5.4,1.5,4.3,9.9,2348.0,72.91,973.852,65.4,0.0634,431.387,164.402,22.9,0.1,0.3,6.76,,,,5.923601902653253
회남,2021-08-30,22.2,7.6,5.0,2.4,8.6,6.2,784.0,72.91,973.852,65.4,0.0634,431.387,164.402,22.9,0.1,0.3,6.76,,,,5.923601902653253
문의,2021-09-06,24.1,8.3,3.7,1.7,3.8,4.6,3044.0,73.69,1019.778,68.4,23.6436,109.371,40.416,20.7,32.2,0.1,5.93,1.0,0.015,66.66666666666667,25.23203681710214
추동,2021-09-06,24.2,8.1,6.3,1.9,4.0,11.1,934.0,73.69,1019.778,68.4,23.6436,109.371,40.416,20.7,32.2,0.1,5.93,,,,25.23203681710214
회남,2021-09-06,22.6,7.8,5.4,2.2,5.8,6.4,704.0,73.69,1019.778,68.4,23.6436,109.371,40.416,20.7,32.2,0.1,5.93,,,,25.23203681710214
문의,2021-09-13,24.5,7.9,5.1,1.6,2.7,6.8,7144.0,74.284,1055.589,70.8,0.0,57.503,54.684,23.9,,6.7,15.41,1.097,0.017,64.52941176470587,19.30343427693658
추동,2021-09-13,24.2,7.9,7.2,1.9,3.3,11.4,2538.0,74.284,1055.589,70.8,0.0,57.503,54.684,23.9,,6.7,15.41,,,,19.30343427693658
회남,2021-09-13,22.3,7.8,5.8,2.1,4.5,4.7,772.0,74.284,1055.589,70.8,0.0,57.503,54.684,23.9,,6.7,15.41,,,,19.30343427693658
문의,2021-09-23,23.9,8.2,5.2,1.8,2.3,12.1,1446.0,74.502,1068.913,71.7,0.0,84.781,40.807,21.1,,10.7,19.29,,,,26.194353909868404
추동,2021-09-23,23.5,8.2,7.3,1.5,4.5,23.8,3124.0,74.502,1068.913,71.7,0.0,84.781,40.807,21.1,,10.7,19.29,,,,26.194353909868404
회남,2021-09-23,23.1,8.0,5.7,1.7,3.9,10.8,1940.0,74.502,1068.913,71.7,0.0,84.781,40.807,21.1,,10.7,19.29,,,,26.194353909868404
문의,2021-09-27,23.7,7.9,5.9,2.1,2.3,8.8,2056.0,74.552,1071.983,72.0,0.0,35.225,40.915,22.2,0.2,4.3,13.49,1.073,0.014,76.64285714285714,26.2002444091409
추동,2021-09-27,23.5,8.3,7.5,1.8,2.9,23.0,2768.0,74.552,1071.983,72.0,0.0,35.225,40.915,22.2,0.2,4.3,13.49,,,,26.2002444091409
회남,2021-09-27,22.6,7.9,4.7,2.7,3.9,6.6,590.0,74.552,1071.983,72.0,0.0,35.225,40.915,22.2,0.2,4.3,13.49,,,,26.2002444091409
문의,2021-10-05,24.0,8.0,6.7,1.5,1.6,11.0,2914.0,74.82,1088.524,73.1,0.0,25.99,31.731,23.4,,9.7,16.95,1.112,0.015,74.13333333333334,34.30474929879297
추동,2021-10-05,23.4,7.8,6.6,2.3,2.6,7.6,1968.0,74.82,1088.524,73.1,0.0,25.99,31.731,23.4,,9.7,16.95,,,,34.30474929879297
회남,2021-10-05,21.8,8.0,4.7,2.3,4.4,5.1,800.0,74.82,1088.524,73.1,0.0,25.99,31.731,23.4,,9.7,16.95,,,,34.30474929879297
문의,2021-10-12,23.1,7.5,5.0,2.6,1.7,12.7,644.0,74.818,1088.4,73.1,4.9582,29.84,31.275,16.2,0.5,0.0,2.68,1.248,0.014,89.14285714285714,34.80095923261391
추동,2021-10-12,23.0,7.5,6.1,1.2,2.3,12.9,970.0,74.818,1088.4,73.1,4.9582,29.84,31.275,16.2,0.5,0.0,2.68,,,,34.80095923261391
회남,2021-10-12,22.5,7.6,4.4,2.7,3.8,6.3,328.0,74.818,1088.4,73.1,4.9582,29.84,31.275,16.2,0.5,0.0,2.68,,,,34.80095923261391
문의,2021-10-18,21.7,7.4,7.1,2.2,2.9,21.6,938.0,74.86,1091.005,73.2,0.0,40.77,32.15,9.6,,10.5,16.91,1.173,0.009,130.33333333333334,33.934836702954904
추동,2021-10-18,21.7,7.5,8.2,2.2,2.5,13.1,850.0,74.86,1091.005,73.2,0.0,40.77,32.15,9.6,,10.5,16.91,,,,33.934836702954904
회남,2021-10-18,21.9,7.3,5.3,2.0,3.2,7.3,144.0,74.86,1091.005,73.2,0.0,40.77,32.15,9.6,,10.5,16.91,,,,33.934836702954904
문의,2021-10-25,20.6,7.3,7.2,3.4,2.1,15.9,360.0,74.8,1087.284,73.0,0.0,24.177,31.349,10.8,,9.8,15.13,1.162,0.007,165.99999999999997,34.68321158569652
추동,2021-10-25,20.4,7.5,7.8,3.3,1.6,8.5,356.0,74.8,1087.284,73.0,0.0,24.177,31.349,10.8,,9.8,15.13,,,,34.68321158569652
회남,2021-10-25,20.5,7.3,6.2,2.9,2.4,5.3,204.0,74.8,1087.284,73.0,0.0,24.177,31.349,10.8,,9.8,15.13,,,,34.68321158569652
문의,2021-11-01,19.8,7.4,6.9,3.2,1.3,8.7,240.0,74.674,1079.494,72.5,0.0,20.5,31.928,13.4,,7.0,10.54,1.339,0.011,121.72727272727272,33.81026058631922
추동,2021-11-01,19.5,7.5,7.9,2.7,2.1,12.7,468.0,74.674,1079.494,72.5,0.0,20.5,31.928,13.4,,7.0,10.54,,,,33.81026058631922
회남,2021-11-01,19.4,7.4,6.5,3.0,3.9,5.9,520.0,74.674,1079.494,72.5,0.0,20.5,31.928,13.4,,7.0,10.54,,,,33.81026058631922
문의,2021-11-08,18.8,7.5,7.4,2.3,2.1,10.6,130.0,74.54,1071.246,71.9,15.5008,28.975,31.819,10.3,10.3,1.2,3.1,1.354,0.007,193.42857142857144,33.66686570916748
추동,2021-11-08,18.6,7.6,8.4,4.3,2.6,15.1,44.0,74.54,1071.246,71.9,15.5008,28.975,31.819,10.3,10.3,1.2,3.1,,,,33.66686570916748
회남,2021-11-08,18.3,7.4,6.9,3.1,4.2,4.3,460.0,74.54,1071.246,71.9,15.5008,28.975,31.819,10.3,10.3,1.2,3.1,,,,33.66686570916748
문의,2021-11-15,17.2,7.4,7.4,3.3,1.8,6.6,36.0,74.46,1066.338,71.6,0.0,24.999,32.09,10.1,,8.2,10.84,1.205,0.007,172.14285714285714,33.22960423808039
추동,2021-11-15,16.7,7.6,8.7,3.3,1.6,13.5,48.0,74.46,1066.338,71.6,0.0,24.999,32.09,10.1,,8.2,10.84,,,,33.22960423808039
회남,2021-11-15,17.2,7.4,7.5,2.7,3.0,5.5,462.0,74.46,1066.338,71.6,0.0,24.999,32.09,10.1,,8.2,10.84,,,,33.22960423808039
문의,2021-11-22,16.4,7.4,8.2,2.5,2.2,8.6,314.0,74.33,1058.3922,71.0,3.639,18.333,32.456,5.3,3.6,4.7,7.37,1.173,0.01,117.3,32.610062854325854
추동,2021-11-22,16.0,7.5,8.9,2.7,2.1,8.1,332.0,74.33,1058.3922,71.0,3.639,18.333,32.456,5.3,3.6,4.7,7.37,,,,32.610062854325854
회남,2021-11-22,15.6,7.5,8.0,2.7,2.3,4.4,0.0,74.33,1058.3922,71.0,3.639,18.333,32.456,5.3,3.6,4.7,7.37,,,,32.610062854325854
문의,2021-11-29,14.8,7.5,8.1,2.5,1.5,8.3,300.0,74.19,1049.874,70.5,0.0,11.866,32.251,6.3,,6.6,9.07,1.226,0.004,306.5,32.55322315587114
추동,2021-11-29,14.3,7.7,9.2,3.4,1.5,5.9,232.0,74.19,1049.874,70.5,0.0,11.866,32.251,6.3,,6.6,9.07,,,,32.55322315587114
회남,2021-11-29,14.7,7.4,8.5,3.0,2.5,4.1,92.0,74.19,1049.874,70.5,0.0,11.866,32.251,6.3,,6.6,9.07,,,,32.55322315587114
문의,2021-12-06,13.3,7.5,8.4,4.5,1.4,4.1,132.0,74.16,1048.0533,70.3,0.0,24.141,31.161,4.4,,4.4,6.75,1.222,0.007,174.57142857142856,33.633493790314816
추동,2021-12-06,12.8,7.5,9.4,3.5,1.9,3.4,244.0,74.16,1048.0533,70.3,0.0,24.141,31.161,4.4,,4.4,6.75,,,,33.633493790314816
회남,2021-12-06,13.2,7.5,8.9,3.5,2.4,2.4,108.0,74.16,1048.0533,70.3,0.0,24.141,31.161,4.4,,4.4,6.75,,,,33.633493790314816
문의,2021-12-13,12.2,7.3,8.6,3.9,1.8,5.2,36.0,74.05,1041.395,69.9,0.0,19.661,32.252,-1.6,,8.8,11.29,1.24,0.01,124.0,32.28931539129356
추동,2021-12-13,12.0,7.4,9.2,3.4,1.6,4.7,436.0,74.05,1041.395,69.9,0.0,19.661,32.252,-1.6,,8.8,11.29,,,,32.28931539129356
회남,2021-12-13,11.4,7.3,9.2,3.5,2.3,3.1,144.0,74.05,1041.395,69.9,0.0,19.661,32.252,-1.6,,8.8,11.29,,,,32.28931539129356
문의,2021-12-20,10.8,7.5,8.9,2.4,1.3,5.0,28.0,73.903,1032.536,69.3,0.0,15.62,32.326,6.7,,3.8,5.55,1.199,0.008,149.875,31.94134752211842
추동,2021-12-20,10.5,7.5,9.8,2.6,1.6,4.3,196.0,73.903,1032.536,69.3,0.0,15.62,32.326,6.7,,3.8,5.55,,,,31.94134752211842
회남,2021-12-20,10.8,7.5,9.5,3.7,4.1,3.0,52.0,73.903,1032.536,69.3,0.0,15.62,32.326,6.7,,3.8,5.55,,,,31.94134752211842
문의,2021-12-27,9.2,7.6,9.4,4.0,1.5,5.2,84.0,73.74,1022.7641,68.6,0.0,11.52,32.288,-4.4,0.0,6.4,9.16,,,,31.676291501486624
추동,2021-12-27,9.0,7.7,10.3,3.2,2.3,4.8,192.0,73.74,1022.7641,68.6,0.0,11.52,32.288,-4.4,0.0,6.4,9.16,,,,31.676291501486624
회남,2021-12-27,9.5,7.7,10.0,4.1,2.8,2.9,92.0,73.74,1022.7641,68.6,0.0,11.52,32.288,-4.4,0.0,6.4,9.16,,,,31.676291501486624
문의,2022-01-03,8.4,7.6,9.7,3.7,1.9,4.6,0.0,73.59,1013.8198,68.04,0.0,17.405,31.177,-1.7,,8.5,10.56,1.233,0.009,137.00000000000003,32.51819610610386
추동,2022-01-03,7.8,7.7,11.1,3.4,1.4,4.9,320.0,73.59,1013.8198,68.04,0.0,17.405,31.177,-1.7,,8.5,10.56,,,,32.51819610610386
회남,2022-01-03,8.4,7.6,10.6,4.1,1.7,3.0,36.0,73.59,1013.8198,68.04,0.0,17.405,31.177,-1.7,,8.5,10.56,,,,32.51819610610386
문의,2022-01-10,7.9,7.4,9.5,3.8,1.1,3.5,0.0,73.43,1004.3302,67.4,0.0,13.606,32.098,0.7,0.0,5.4,8.6,1.232,0.009,136.88888888888889,31.28949467256527
추동,2022-01-10,7.5,7.5,10.9,3.2,1.3,4.7,0.0,73.43,1004.3302,67.4,0.0,13.606,32.098,0.7,0.0,5.4,8.6,,,,31.28949467256527
회남,2022-01-10,7.5,7.4,10.5,3.1,3.2,3.0,168.0,73.43,1004.3302,67.4,0.0,13.606,32.098,0.7,0.0,5.4,8.6,,,,31.28949467256527
문의,2022-01-17,7.0,7.3,10.0,3.5,1.1,3.4,0.0,73.26,994.305,66.73,0.055,39.195,32.391,-3.1,0.0,4.1,8.59,1.219,0.007,174.14285714285714,30.696952857275168
추동,2022-01-17,6.2,7.3,11.3,3.6,1.5,3.9,24.0,73.26,994.305,66.73,0.055,39.195,32.391,-3.1,0.0,4.1,8.59,,,,30.696952857275168
회남,2022-01-17,6.6,7.3,10.8,3.7,2.3,3.2,0.0,73.26,994.305,66.73,0.055,39.195,32.391,-3.1,0.0,4.1,8.59,,,,30.696952857275168
문의,2022-01-24,6.5,7.2,10.1,4.0,1.1,3.1,0.0,73.09,984.339,66.06,0.0,14.031,32.305,4.1,,5.7,10.13,1.288,0.011,117.09090909090912,30.47017489552701
추동,2022-01-24,5.6,7.3,11.5,3.8,1.3,3.1,92.0,73.09,984.339,66.06,0.0,14.031,32.305,4.1,,5.7,10.13,,,,30.47017489552701
회남,2022-01-24,6.2,7.3,11.1,3.9,1.6,3.4,136.0,73.09,984.339,66.06,0.0,14.031,32.305,4.1,,5.7,10.13,,,,30.47017489552701
문의,2022-02-03,5.8,7.6,10.9,3.7,1.5,4.1,0.0,72.837,969.6172,65.07,0.0,15.897,31.324,-1.7,,9.4,14.7,1.228,0.008,153.5,30.954450261780103
추동,2022-02-03,5.4,7.4,11.6,5.0,1.3,3.0,36.0,72.837,969.6172,65.07,0.0,15.897,31.324,-1.7,,9.4,14.7,,,,30.954450261780103
회남,2022-02-03,5.5,7.3,11.3,4.0,1.7,3.0,0.0,72.837,969.6172,65.07,0.0,15.897,31.324,-1.7,,9.4,14.7,,,,30.954450261780103
문의,2022-02-07,5.4,7.4,11.1,4.1,1.3,3.8,0.0,72.72,962.8535,64.62,0.0,10.239,30.281,-2.1,,4.1,9.62,1.229,0.008,153.625,31.79728212410423
추동,2022-02-07,4.9,7.3,11.8,4.3,1.6,3.1,0.0,72.72,962.8535,64.62,0.0,10.239,30.281,-2.1,,4.1,9.62,,,,31.79728212410423
회남,2022-02-07,5.1,7.3,11.5,4.3,1.1,3.4,84.0,72.72,962.8535,64.62,0.0,10.239,30.281,-2.1,,4.1,9.62,,,,31.79728212410423
문의,2022-02-14,5.6,7.6,11.2,4.6,1.1,3.6,0.0,72.542,952.6173,63.93,0.0663,14.816,32.074,4.1,0.0,7.6,13.23,1.227,0.008,153.375,29.700607969071523
추동,2022-02-14,5.3,7.5,12.0,4.5,1.5,3.0,136.0,72.542,952.6173,63.93,0.0663,14.816,32.074,4.1,0.0,7.6,13.23,,,,29.700607969071523
회남,2022-02-14,5.2,7.5,11.8,4.2,1.8,3.3,0.0,72.542,952.6173,63.93,0.0663,14.816,32.074,4.1,0.0,7.6,13.23,,,,29.700607969071523
문의,2022-02-21,4.8,7.5,11.7,4.4,1.2,3.9,0.0,72.35,941.649,63.2,0.0,14.505,32.304,-0.7,0.0,7.1,13.57,1.273,0.007,181.85714285714283,29.149609955423475
추동,2022-02-21,4.5,7.5,12.2,3.5,2.0,3.3,112.0,72.35,941.649,63.2,0.0,14.505,32.304,-0.7,0.0,7.1,13.57,,,,29.149609955423475
회남,2022-02-21,4.6,7.4,12.0,3.4,2.2,3.8,56.0,72.35,941.649,63.2,0.0,14.505,32.304,-0.7,0.0,7.1,13.57,,,,29.149609955423475
문의,2022-02-28,5.1,7.5,12.2,3.7,1.4,3.3,0.0,72.164,931.0956,62.49,0.0,15.233,32.258,6.9,,8.2,14.49,1.207,0.006,201.16666666666669,28.864021328042654
추동,2022-02-28,5.1,7.5,12.6,3.4,2.1,2.9,0.0,72.164,931.0956,62.49,0.0,15.233,32.258,6.9,,8.2,14.49,,,,28.864021328042654
회남,2022-02-28,4.9,7.5,12.4,3.9,1.4,4.2,0.0,72.164,931.0956,62.49,0.0,15.233,32.258,6.9,,8.2,14.49,,,,28.864021328042654
문의,2022-03-07,6.2,7.6,12.3,3.8,1.2,1.8,0.0,71.97,920.164,61.76,0.0,12.6,32.107,4.3,,9.7,17.93,1.194,0.007,170.57142857142856,28.659295480736287
추동,2022-03-07,5.5,7.6,12.7,4.0,1.9,2.6,0.0,71.97,920.164,61.76,0.0,12.6,32.107,4.3,,9.7,17.93,,,,28.659295480736287
회남,2022-03-07,5.2,7.6,12.5,3.4,1.9,3.7,0.0,71.97,920.164,61.76,0.0,12.6,32.107,4.3,,9.7,17.93,,,,28.659295480736287
문의,2022-03-14,7.1,7.6,12.1,3.6,1.9,2.8,0.0,71.84,912.882,61.27,3.5794,27.393,33.862,11.3,3.2,0.2,2.98,1.16,0.008,145.0,26.958891973303405
추동,2022-03-14,6.5,7.7,12.5,3.7,2.4,2.2,0.0,71.84,912.882,61.27,3.5794,27.393,33.862,11.3,3.2,0.2,2.98,,,,26.958891973303405
회남,2022-03-14,6.1,7.7,12.5,3.4,3.5,3.2,0.0,71.84,912.882,61.27,3.5794,27.393,33.862,11.3,3.2,0.2,2.98,,,,26.958891973303405
문의,2022-03-21,7.7,7.6,12.2,3.8,1.4,3.2,0.0,71.85,913.4409,61.3,0.0,43.253,32.257,5.8,,8.7,17.26,1.233,0.007,176.14285714285714,28.31760238087857
추동,2022-03-21,6.7,7.7,12.1,4.0,1.6,1.6,0.0,71.85,913.4409,61.3,0.0,43.253,32.257,5.8,,8.7,17.26,,,,28.31760238087857
회남,2022-03-21,6.3,7.7,12.2,4.2,1.9,2.4,32.0,71.85,913.4409,61.3,0.0,43.253,32.257,5.8,,8.7,17.26,,,,28.31760238087857
문의,2022-03-28,7.8,7.7,11.9,3.8,1.1,2.6,0.0,72.034,923.7618,62.0,0.0,73.968,32.327,7.7,,11.0,23.0,1.143,0.008,142.875,28.575549849970614
추동,2022-03-28,7.6,7.7,11.9,4.6,1.6,1.5,0.0,72.034,923.7618,62.0,0.0,73.968,32.327,7.7,,11.0,23.0,,,,28.575549849970614
회남,2022-03-28,7.0,7.8,12.2,4.9,1.6,1.9,0.0,72.034,923.7618,62.0,0.0,73.968,32.327,7.7,,11.0,23.0,,,,28.575549849970614
문의,2022-04-04,8.7,7.8,11.9,5.8,0.9,2.3,0.0,72.09,926.9167,62.21,0.0,19.259,32.318,10.8,,11.8,24.35,1.172,0.005,234.4,28.681128163871527
추동,2022-04-04,8.4,7.8,11.7,5.4,1.4,2.0,0.0,72.09,926.9167,62.21,0.0,19.259,32.318,10.8,,11.8,24.35,,,,28.681128163871527
회남,2022-04-04,7.8,7.7,11.8,4.8,1.4,2.5,0.0,72.09,926.9167,62.21,0.0,19.259,32.318,10.8,,11.8,24.35,,,,28.681128163871527
문의,2022-04-11,9.9,7.8,11.6,5.4,1.1,2.5,0.0,71.984,920.9503,61.81,0.0,20.599,32.307,20.6,,11.9,24.42,1.166,0.004,291.5,28.50621537128176
추동,2022-04-11,9.9,7.8,11.7,4.7,1.2,2.4,0.0,71.984,920.9503,61.81,0.0,20.599,32.307,20.6,,11.9,24.42,,,,28.50621537128176
회남,2022-04-11,9.6,7.7,11.3,5.5,1.4,2.0,0.0,71.984,920.9503,61.81,0.0,20.599,32.307,20.6,,11.9,24.42,,,,28.50621537128176
문의,2022-04-18,10.7,7.8,11.6,4.5,1.9,2.2,0.0,71.973,920.3325,61.77,0.0,24.889,35.941,15.0,,7.9,19.83,1.227,0.004,306.75,25.606758298322248
추동,2022-04-18,10.6,7.9,11.4,4.6,1.9,2.5,0.0,71.973,920.3325,61.77,0.0,24.889,35.941,15.0,,7.9,19.83,,,,25.606758298322248
회남,2022-04-18,9.1,7.6,11.2,6.3,1.6,1.9,0.0,71.973,920.3325,61.77,0.0,24.889,35.941,15.0,,7.9,19.83,,,,25.606758298322248
문의,2022-04-25,12.7,7.9,11.1,5.0,1.2,1.8,0.0,71.811,911.2623,61.16,5.7397,19.784,37.237,20.1,6.7,2.3,13.49,1.155,0.007,165.0,24.47195799876467
추동,2022-04-25,11.6,8.1,11.2,5.8,1.5,2.4,0.0,71.811,911.2623,61.16,5.7397,19.784,37.237,20.1,6.7,2.3,13.49,,,,24.47195799876467
회남,2022-04-25,10.6,7.7,10.7,7.7,1.3,1.9,0.0,71.811,911.2623,61.16,5.7397,19.784,37.237,20.1,6.7,2.3,13.49,,,,24.47195799876467
문의,2022-05-02,12.0,7.9,10.7,4.0,2.1,2.5,0.0,71.78,909.5328,61.04,0.0,29.337,48.708,13.9,,10.9,25.19,1.161,0.012,96.75,18.67317073170732
추동,2022-05-02,11.7,8.1,10.8,4.6,1.3,2.8,0.0,71.78,909.5328,61.04,0.0,29.337,48.708,13.9,,10.9,25.19,,,,18.67317073170732
회남,2022-05-02,10.2,7.9,10.4,5.0,1.4,1.8,0.0,71.78,909.5328,61.04,0.0,29.337,48.708,13.9,,10.9,25.19,,,,18.67317073170732
문의,2022-05-09,12.7,8.3,10.8,3.3,1.5,3.4,0.0,71.44,890.6938,59.78,1.2445,19.475,51.368,17.3,2.7,9.8,25.98,1.21,0.009,134.44444444444446,17.339468151378288
추동,2022-05-09,13.4,8.2,10.5,3.9,1.5,3.7,0.0,71.44,890.6938,59.78,1.2445,19.475,51.368,17.3,2.7,9.8,25.98,,,,17.339468151378288
회남,2022-05-09,11.1,8.0,10.0,5.8,1.2,1.8,0.0,71.44,890.6938,59.78,1.2445,19.475,51.368,17.3,2.7,9.8,25.98,,,,17.339468151378288
문의,2022-05-16,15.4,8.3,11.5,4.7,1.4,4.8,0.0,71.03,868.2922,58.27,0.0,13.612,51.305,16.6,,13.4,29.3,1.209,0.007,172.71428571428572,16.924124354351427
추동,2022-05-16,12.7,8.1,10.4,3.8,1.6,3.0,0.0,71.03,868.2922,58.27,0.0,13.612,51.305,16.6,,13.4,29.3,,,,16.924124354351427
회남,2022-05-16,11.4,8.1,9.9,5.2,1.2,2.2,0.0,71.03,868.2922,58.27,0.0,13.612,51.305,16.6,,13.4,29.3,,,,16.924124354351427
문의,2022-05-23,16.3,8.5,10.6,5.1,1.4,4.3,0.0,70.61,845.7028,56.76,0.0,12.787,49.88,22.6,,10.6,25.03,1.145,0.008,143.125,16.954747393744988
추동,2022-05-23,15.0,8.0,10.2,4.2,1.2,3.2,0.0,70.61,845.7028,56.76,0.0,12.787,49.88,22.6,,10.6,25.03,,,,16.954747393744988
회남,2022-05-23,12.4,8.2,9.3,6.1,1.1,2.8,0.0,70.61,845.7028,56.76,0.0,12.787,49.88,22.6,,10.6,25.03,,,,16.954747393744988
문의,2022-05-30,17.7,9.2,10.8,4.9,1.1,4.3,0.0,70.148,821.2739,55.12,0.5858,10.734,50.814,21.4,0.0,0.2,11.04,1.2,0.008,150.0,16.162354862833077
추동,2022-05-30,15.9,8.8,9.4,5.0,1.2,2.8,0.0,70.148,821.2739,55.12,0.5858,10.734,50.814,21.4,0.0,0.2,11.04,,,,16.162354862833077
회남,2022-05-30,12.8,8.9,8.7,6.2,1.6,3.0,0.0,70.148,821.2739,55.12,0.5858,10.734,50.814,21.4,0.0,0.2,11.04,,,,16.162354862833077
문의,2022-06-07,19.6,8.7,10.7,3.8,1.5,8.2,0.0,69.46,785.7097,52.73,9.7251,10.049,63.253,17.3,0.0,1.6,8.0,1.218,0.01,121.8,12.421698575561631
추동,2022-06-07,17.4,8.5,9.6,3.1,1.6,6.1,0.0,69.46,785.7097,52.73,9.7251,10.049,63.253,17.3,0.0,1.6,8.0,,,,12.421698575561631
회남,2022-06-07,12.8,8.1,7.9,5.4,1.0,2.1,0.0,69.46,785.7097,52.73,9.7251,10.049,63.253,17.3,0.0,1.6,8.0,,,,12.421698575561631
문의,2022-06-13,20.5,8.9,10.7,2.8,2.3,8.7,0.0,68.969,760.9254,51.07,0.0,10.269,62.999,23.1,0.0,9.8,25.13,1.19,0.007,170.0,12.078372672582104
추동,2022-06-13,18.6,8.4,9.1,2.7,2.1,5.3,0.0,68.969,760.9254,51.07,0.0,10.269,62.999,23.1,0.0,9.8,25.13,,,,12.078372672582104
회남,2022-06-13,13.9,8.3,7.5,5.9,1.3,2.1,0.0,68.969,760.9254,51.07,0.0,10.269,62.999,23.1,0.0,9.8,25.13,,,,12.078372672582104
문의,2022-06-20,22.5,8.8,9.7,2.7,1.5,5.8,0.0,68.44,734.7794,49.31,0.1988,16.024,63.062,26.8,,8.3,24.21,1.206,0.013,92.76923076923076,11.651698328628967
추동,2022-06-20,19.7,8.6,9.4,2.1,2.3,10.9,0.0,68.44,734.7794,49.31,0.1988,16.024,63.062,26.8,,8.3,24.21,,,,11.651698328628967
회남,2022-06-20,15.2,8.4,5.2,5.0,1.8,2.5,0.0,68.44,734.7794,49.31,0.1988,16.024,63.062,26.8,,8.3,24.21,,,,11.651698328628967
문의,2022-06-27,24.5,8.7,9.2,2.5,1.7,5.4,0.0,68.271,726.5482,48.76,2.1126,42.755,59.617,28.0,3.6,0.4,11.59,1.192,0.015,79.46666666666667,12.186929902544575
추동,2022-06-27,20.4,8.6,8.3,2.6,1.9,5.8,0.0,68.271,726.5482,48.76,2.1126,42.755,59.617,28.0,3.6,0.4,11.59,,,,12.186929902544575
회남,2022-06-27,15.6,8.7,4.8,3.3,1.9,4.1,136.0,68.271,726.5482,48.76,2.1126,42.755,59.617,28.0,3.6,0.4,11.59,,,,12.186929902544575
문의,2022-07-04,25.9,9.7,8.5,2.8,2.0,6.8,0.0,68.03,714.9123,47.98,2.2919,19.841,35.417,27.6,0.0,4.9,17.32,1.067,0.011,97.0,20.18556907699692
추동,2022-07-04,24.3,8.8,7.7,2.3,2.7,5.8,48.0,68.03,714.9123,47.98,2.2919,19.841,35.417,27.6,0.0,4.9,17.32,,,,20.18556907699692
회남,2022-07-04,17.4,9.8,4.2,4.2,2.8,2.4,588.0,68.03,714.9123,47.98,2.2919,19.841,35.417,27.6,0.0,4.9,17.32,,,,20.18556907699692
문의,2022-07-11,25.8,9.2,8.1,2.6,1.9,8.2,94.0,67.815,704.6329,47.29,8.5172,20.956,38.594,25.1,16.3,0.3,9.27,1.076,0.02,53.8,18.257576307198008
추동,2022-07-11,24.5,9.3,7.5,1.4,2.8,12.4,52.0,67.815,704.6329,47.29,8.5172,20.956,38.594,25.1,16.3,0.3,9.27,,,,18.257576307198008
회남,2022-07-11,18.0,9.4,3.7,4.5,1.8,4.4,776.0,67.815,704.6329,47.29,8.5172,20.956,38.594,25.1,16.3,0.3,9.27,,,,18.257576307198008
문의,2022-07-18,27.2,8.0,7.8,2.7,2.4,6.1,0.0,67.71,699.6474,46.96,68.643,82.656,38.869,22.3,57.4,0.0,4.3,0.956,0.011,86.9090909090909,18.000138928194705
추동,2022-07-18,23.6,8.1,6.8,2.0,2.6,9.0,148.0,67.71,699.6474,46.96,68.643,82.656,38.869,22.3,57.4,0.0,4.3,,,,18.000138928194705
회남,2022-07-18,18.2,8.7,3.3,3.8,1.5,3.6,0.0,67.71,699.6474,46.96,68.643,82.656,38.869,22.3,57.4,0.0,4.3,,,,18.000138928194705
문의,2022-07-25,26.8,9.1,7.3,3.3,1.7,6.4,276.0,68.4488,735.2096,49.34,0.3917,51.698,35.409,27.2,0.4,8.3,23.38,0.968,0.011,88.0,20.763353949560848
추동,2022-07-25,24.4,9.2,6.5,2.4,2.5,8.5,494.0,68.4488,735.2096,49.34,0.3917,51.698,35.409,27.2,0.4,8.3,23.38,,,,20.763353949560848
회남,2022-07-25,18.8,9.4,3.3,4.0,2.8,2.8,100.0,68.4488,735.2096,49.34,0.3917,51.698,35.409,27.2,0.4,8.3,23.38,,,,20.763353949560848
문의,2022-08-01,28.6,8.8,8.6,3.5,1.4,5.6,0.0,68.2452,725.2968,48.68,4.5771,31.848,57.008,27.6,4.4,3.7,18.0,0.843,0.012,70.25,12.722719618299184
추동,2022-08-01,25.4,9.0,5.5,2.5,1.9,7.4,880.0,68.2452,725.2968,48.68,4.5771,31.848,57.008,27.6,4.4,3.7,18.0,,,,12.722719618299184
회남,2022-08-01,19.7,9.4,3.3,3.0,2.4,6.2,394.0,68.2452,725.2968,48.68,4.5771,31.848,57.008,27.6,4.4,3.7,18.0,,,,12.722719618299184
문의,2022-08-08,29.9,8.7,7.9,3.8,1.5,5.1,0.0,68.0804,717.3358,48.14,0.037,21.536,60.371,28.6,0.0,0.1,7.38,0.848,0.011,77.0909090909091,11.882125523844229
추동,2022-08-08,27.0,8.0,5.7,1.9,2.7,6.4,788.0,68.0804,717.3358,48.14,0.037,21.536,60.371,28.6,0.0,0.1,7.38,,,,11.882125523844229
회남,2022-08-08,19.9,8.2,3.5,3.5,2.2,3.0,104.0,68.0804,717.3358,48.14,0.037,21.536,60.371,28.6,0.0,0.1,7.38,,,,11.882125523844229
문의,2022-08-16,27.5,8.0,6.1,2.1,6.0,6.3,72.0,71.9708,920.2089,61.76,64.7708,770.059,32.941,25.8,32.9,4.4,13.64,,,,27.935062687835824
추동,2022-08-16,26.4,7.5,5.3,2.3,2.8,6.6,212.0,71.9708,920.2089,61.76,64.7708,770.059,32.941,25.8,32.9,4.4,13.64,,,,27.935062687835824
회남,2022-08-16,20.4,7.6,4.5,1.7,5.7,6.4,3412.0,71.9708,920.2089,61.76,64.7708,770.059,32.941,25.8,32.9,4.4,13.64,,,,27.935062687835824
문의,2022-08-22,27.2,7.7,4.2,3.0,2.3,4.4,682.0,74.07,1042.6038,69.97,0.0,124.785,96.814,27.3,,5.3,17.7,0.908,0.016,56.75,10.769142892556864
추동,2022-08-22,26.6,7.6,4.8,2.1,4.0,6.4,504.0,74.07,1042.6038,69.97,0.0,124.785,96.814,27.3,,5.3,17.7,,,,10.769142892556864
회남,2022-08-22,21.0,8.0,9.2,0.3,20.7,33.9,139682.0,74.07,1042.6038,69.97,0.0,124.785,96.814,27.3,,5.3,17.7,,,,10.769142892556864
문의,2022-08-29,26.4,7.5,3.3,2.7,2.1,6.3,612.0,73.73,1022.1664,68.6,2.8297,46.336,124.509,19.6,4.5,0.0,4.19,0.989,0.018,54.94444444444445,8.209578424049667
추동,2022-08-29,25.8,7.4,5.4,2.3,3.6,8.1,778.0,73.73,1022.1664,68.6,2.8297,46.336,124.509,19.6,4.5,0.0,4.19,,,,8.209578424049667
회남,2022-08-29,20.1,7.6,4.7,1.8,9.6,6.3,5756.0,73.73,1022.1664,68.6,2.8297,46.336,124.509,19.6,4.5,0.0,4.19,,,,8.209578424049667
문의,2022-09-05,26.0,7.5,5.9,2.0,2.9,14.3,4060.0,71.734,906.9701,60.87,38.6906,193.618,786.544,22.6,46.5,0.0,3.94,1.069,0.02,53.45,1.1531078998759128
추동,2022-09-05,25.4,7.5,6.3,1.9,3.0,17.3,858.0,71.734,906.9701,60.87,38.6906,193.618,786.544,22.6,46.5,0.0,3.94,,,,1.1531078998759128
회남,2022-09-05,20.1,7.5,4.2,1.3,9.2,11.4,9236.0,71.734,906.9701,60.87,38.6906,193.618,786.544,22.6,46.5,0.0,3.94,,,,1.1531078998759128
문의,2022-09-13,24.8,8.1,7.2,1.4,4.6,20.5,4360.0,73.58,1013.2252,68.0,0.1265,71.859,85.626,24.5,0.0,0.7,10.85,1.165,0.018,64.72222222222223,11.833148809940903
추동,2022-09-13,24.7,7.8,6.6,1.5,6.0,16.6,3944.0,73.58,1013.2252,68.0,0.1265,71.859,85.626,24.5,0.0,0.7,10.85,,,,11.833148809940903
회남,2022-09-13,21.0,7.7,6.0,1.4,8.6,10.7,4256.0,73.58,1013.2252,68.0,0.1265,71.859,85.626,24.5,0.0,0.7,10.85,,,,11.833148809940903
문의,2022-09-19,24.3,7.4,4.4,2.9,1.9,5.6,682.0,73.57,1012.6308,67.96,0.0,25.21,38.972,24.5,,8.1,18.7,1.261,0.014,90.07142857142857,25.983547162065072
추동,2022-09-19,24.6,7.8,5.6,1.9,3.3,15.5,4062.0,73.57,1012.6308,67.96,0.0,25.21,38.972,24.5,,8.1,18.7,,,,25.983547162065072
회남,2022-09-19,22.9,7.7,5.4,1.5,5.3,11.4,1818.0,73.57,1012.6308,67.96,0.0,25.21,38.972,24.5,,8.1,18.7,,,,25.983547162065072
문의,2022-09-26,24.0,7.7,6.1,2.5,2.6,14.6,932.0,73.4,1002.5567,67.29,0.0,25.515,39.197,18.7,,3.4,12.82,1.366,0.014,97.57142857142858,25.57738347322499
추동,2022-09-26,23.8,7.5,5.7,1.9,3.6,21.8,2492.0,73.4,1002.5567,67.29,0.0,25.515,39.197,18.7,,3.4,12.82,,,,25.57738347322499
회남,2022-09-26,22.3,7.7,5.2,1.8,2.9,6.7,874.0,73.4,1002.5567,67.29,0.0,25.515,39.197,18.7,,3.4,12.82,,,,25.57738347322499
문의,2022-10-04,23.8,7.9,8.0,2.5,3.0,19.5,636.0,73.34,999.0153,67.05,35.2082,93.514,32.192,20.0,43.5,1.9,9.55,1.304,0.014,93.14285714285714,31.033029945328032
추동,2022-10-04,23.5,7.6,6.3,2.1,3.8,14.6,836.0,73.34,999.0153,67.05,35.2082,93.514,32.192,20.0,43.5,1.9,9.55,,,,31.033029945328032
회남,2022-10-04,21.8,7.8,5.5,2.4,3.5,12.6,586.0,73.34,999.0153,67.05,35.2082,93.514,32.192,20.0,43.5,1.9,9.55,,,,31.033029945328032
문의,2022-10-11,21.9,8.0,8.4,2.2,2.3,29.1,472.0,73.3968,1002.3677,67.27,0.1055,25.335,34.363,12.0,0.0,8.5,17.78,1.524,0.011,138.54545454545456,29.16997060792131
추동,2022-10-11,21.8,7.7,8.0,2.4,2.7,20.2,796.0,73.3968,1002.3677,67.27,0.1055,25.335,34.363,12.0,0.0,8.5,17.78,,,,29.16997060792131
회남,2022-10-11,18.2,7.5,5.2,2.7,3.9,12.3,538.0,73.3968,1002.3677,67.27,0.1055,25.335,34.363,12.0,0.0,8.5,17.78,,,,29.16997060792131
문의,2022-10-17,21.7,8.0,8.4,2.4,1.7,19.4,468.0,73.2916,996.164,66.86,0.0,16.542,33.172,12.4,,8.6,17.65,1.427,0.013,109.76923076923076,30.030266489810685
추동,2022-10-17,21.5,8.1,9.1,2.5,2.4,21.4,782.0,73.2916,996.164,66.86,0.0,16.542,33.172,12.4,,8.6,17.65,,,,30.030266489810685
회남,2022-10-17,20.7,7.6,5.6,2.5,2.9,13.4,428.0,73.2916,996.164,66.86,0.0,16.542,33.172,12.4,,8.6,17.65,,,,30.030266489810685
문의,2022-10-24,20.1,7.9,8.5,2.8,2.0,11.5,360.0,73.13,986.6786,66.22,0.0,17.926,31.48,9.7,,8.0,15.58,1.457,0.012,121.41666666666669,31.34303049555273
추동,2022-10-24,20.0,8.1,9.2,2.4,2.1,17.0,902.0,73.13,986.6786,66.22,0.0,17.926,31.48,9.7,,8.0,15.58,,,,31.34303049555273
회남,2022-10-24,19.9,7.6,6.4,3.0,2.3,6.7,244.0,73.13,986.6786,66.22,0.0,17.926,31.48,9.7,,8.0,15.58,,,,31.34303049555273
문의,2022-10-31,19.5,7.7,8.1,3.9,1.9,7.8,868.0,72.93,975.0135,65.44,0.0,13.147,33.338,14.1,,8.6,14.59,1.494,0.013,114.92307692307692,29.24631051652769
추동,2022-10-31,19.3,7.9,9.1,3.7,2.1,10.2,890.0,72.93,975.0135,65.44,0.0,13.147,33.338,14.1,,8.6,14.59,,,,29.24631051652769
회남,2022-10-31,19.3,7.6,7.0,3.3,2.3,6.2,412.0,72.93,975.0135,65.44,0.0,13.147,33.338,14.1,,8.6,14.59,,,,29.24631051652769
문의,2022-11-07,18.1,7.8,8.2,4.4,1.3,7.4,222.0,72.7316,963.5228,64.67,0.0,12.1,31.08,9.6,,6.5,10.89,1.509,0.007,215.57142857142856,31.00137709137709
추동,2022-11-07,17.9,8.0,9.2,3.5,1.4,8.4,516.0,72.7316,963.5228,64.67,0.0,12.1,31.08,9.6,,6.5,10.89,,,,31.00137709137709
회남,2022-11-07,18.0,7.8,8.2,3.0,2.9,8.2,82.0,72.7316,963.5228,64.67,0.0,12.1,31.08,9.6,,6.5,10.89,,,,31.00137709137709
문의,2022-11-14,17.6,7.7,8.1,3.7,2.2,8.3,22.0,72.55,953.076,63.96,0.0,11.275,31.196,9.5,,1.6,6.15,1.466,0.009,162.88888888888889,30.551224515963582
추동,2022-11-14,17.4,7.8,8.5,3.0,2.3,7.3,248.0,72.55,953.076,63.96,0.0,11.275,31.196,9.5,,1.6,6.15,,,,30.551224515963582
회남,2022-11-14,17.1,7.7,7.7,3.4,2.6,5.6,52.0,72.55,953.076,63.96,0.0,11.275,31.196,9.5,,1.6,6.15,,,,30.551224515963582
문의,2022-11-21,16.5,7.7,8.3,3.4,2.0,9.5,72.0,72.3732,942.9703,63.29,0.0,13.741,31.423,11.7,,8.5,10.93,1.472,0.011,133.8181818181818,30.00892021767495
추동,2022-11-21,16.5,7.8,8.6,3.2,1.9,8.0,254.0,72.3732,942.9703,63.29,0.0,13.741,31.423,11.7,,8.5,10.93,,,,30.00892021767495
회남,2022-11-21,16.2,7.7,7.8,3.0,3.0,5.3,32.0,72.3732,942.9703,63.29,0.0,13.741,31.423,11.7,,8.5,10.93,,,,30.00892021767495
문의,2022-11-28,15.3,7.7,8.5,2.7,1.8,9.5,46.0,72.1796,931.978,62.55,14.4172,26.438,33.25,7.3,30.1,1.4,2.63,1.473,0.008,184.125,28.029413533834585
추동,2022-11-28,15.3,7.8,9.0,3.0,2.0,10.2,84.0,72.1796,931.978,62.55,14.4172,26.438,33.25,7.3,30.1,1.4,2.63,,,,28.029413533834585
회남,2022-11-28,15.2,7.7,8.3,3.0,2.8,5.9,212.0,72.1796,931.978,62.55,14.4172,26.438,33.25,7.3,30.1,1.4,2.63,,,,28.029413533834585
문의,2022-12-05,12.9,7.7,9.2,2.9,1.7,9.6,0.0,72.0876,926.7814,62.2,0.0,18.978,33.604,-2.2,,6.2,9.97,1.491,0.009,165.66666666666669,27.57949648851327
추동,2022-12-05,12.8,7.9,9.9,3.5,1.7,10.7,148.0,72.0876,926.7814,62.2,0.0,18.978,33.604,-2.2,,6.2,9.97,,,,27.57949648851327
회남,2022-12-05,13.4,7.7,9.0,2.7,1.9,7.0,84.0,72.0876,926.7814,62.2,0.0,18.978,33.604,-2.2,,6.2,9.97,,,,27.57949648851327
문의,2022-12-12,12.0,7.7,9.0,3.7,1.8,8.3,148.0,71.913,916.9669,61.54,0.0,42.795,40.85,1.6,0.0,4.2,6.82,1.414,0.01,141.39999999999998,22.447170134638924
추동,2022-12-12,11.7,7.9,9.9,3.6,2.6,9.4,228.0,71.913,916.9669,61.54,0.0,42.795,40.85,1.6,0.0,4.2,6.82,,,,22.447170134638924
회남,2022-12-12,11.7,7.7,9.0,2.9,2.7,4.6,0.0,71.913,916.9669,61.54,0.0,42.795,40.85,1.6,0.0,4.2,6.82,,,,22.447170134638924
문의,2022-12-19,9.9,7.4,9.5,3.8,1.7,6.4,0.0,71.725,906.4692,60.84,0.0778,13.877,31.791,-5.5,,8.1,10.6,1.399,0.008,174.875,28.513390582240252
추동,2022-12-19,9.4,7.6,10.4,2.9,1.8,7.1,70.0,71.725,906.4692,60.84,0.0778,13.877,31.791,-5.5,,8.1,10.6,,,,28.513390582240252
회남,2022-12-19,10.0,7.4,9.5,3.9,2.3,3.5,48.0,71.725,906.4692,60.84,0.0778,13.877,31.791,-5.5,,8.1,10.6,,,,28.513390582240252
문의,2022-12-26,8.1,7.4,9.8,3.5,2.0,3.8,0.0,71.549,896.7075,60.18,0.1159,11.198,31.814,-3.6,,6.1,8.18,,,,28.18594015213428
추동,2022-12-26,8.0,7.4,10.1,4.0,1.8,4.0,0.0,71.549,896.7075,60.18,0.1159,11.198,31.814,-3.6,,6.1,8.18,,,,28.18594015213428
회남,2022-12-26,8.2,7.3,9.7,3.7,1.6,3.5,0.0,71.549,896.7075,60.18,0.1159,11.198,31.814,-3.6,,6.1,8.18,,,,28.18594015213428
문의,2023-01-02,7.6,7.3,9.3,3.7,1.6,4.0,64.0,71.3324,884.7813,59.38,0.0,10.34,31.679,-3.0,,8.5,11.46,1.446,0.009,160.66666666666669,27.92958426718015
추동,2023-01-02,7.1,7.5,10.3,4.2,1.3,4.3,56.0,71.3324,884.7813,59.38,0.0,10.34,31.679,-3.0,,8.5,11.46,,,,27.92958426718015
회남,2023-01-02,7.3,7.5,10.1,4.5,1.6,3.4,0.0,71.3324,884.7813,59.38,0.0,10.34,31.679,-3.0,,8.5,11.46,,,,27.92958426718015
문의,2023-01-09,7.0,7.3,9.2,3.4,1.9,2.7,0.0,71.1456,874.5733,58.7,0.11,25.561,31.613,1.9,0.0,3.3,6.14,1.392,0.006,232.0,27.664989086768102
추동,2023-01-09,6.5,7.5,10.6,3.6,2.2,3.9,0.0,71.1456,874.5733,58.7,0.11,25.561,31.613,1.9,0.0,3.3,6.14,,,,27.664989086768102
회남,2023-01-09,6.7,7.5,10.3,5.1,4.2,3.2,0.0,71.1456,874.5733,58.7,0.11,25.561,31.613,1.9,0.0,3.3,6.14,,,,27.664989086768102
문의,2023-01-16,7.0,7.3,9.3,3.9,1.6,3.2,0.0,71.0636,870.115,58.4,0.0,27.882,31.652,-3.1,0.0,7.7,12.1,1.364,0.005,272.8,27.49004802224188
추동,2023-01-16,6.6,7.6,11.3,4.0,2.4,4.4,0.0,71.0636,870.115,58.4,0.0,27.882,31.652,-3.1,0.0,7.7,12.1,,,,27.49004802224188
회남,2023-01-16,6.3,7.5,10.5,5.1,1.7,3.7,0.0,71.0636,870.115,58.4,0.0,27.882,31.652,-3.1,0.0,7.7,12.1,,,,27.49004802224188
문의,2023-01-25,5.2,7.5,10.8,3.6,1.7,3.2,0.0,70.9068,861.6284,57.83,0.0,20.158,31.654,-11.4,0.0,9.3,14.04,,,,27.22020597712769
추동,2023-01-25,5.1,7.6,11.5,3.8,2.0,4.6,0.0,70.9068,861.6284,57.83,0.0,20.158,31.654,-11.4,0.0,9.3,14.04,,,,27.22020597712769
회남,2023-01-25,5.5,7.6,11.2,4.5,1.9,3.9,0.0,70.9068,861.6284,57.83,0.0,20.158,31.654,-11.4,0.0,9.3,14.04,,,,27.22020597712769
문의,2023-01-30,4.6,7.4,11.0,4.4,1.4,2.5,0.0,70.7756,854.5662,57.35,0.0,16.732,31.902,-0.4,,9.4,14.24,1.388,0.008,173.49999999999997,26.78722964077487
추동,2023-01-30,3.9,7.5,12.0,4.1,1.7,4.0,0.0,70.7756,854.5662,57.35,0.0,16.732,31.902,-0.4,,9.4,14.24,,,,26.78722964077487
회남,2023-01-30,4.8,7.5,11.4,5.2,1.1,3.2,0.0,70.7756,854.5662,57.35,0.0,16.732,31.902,-0.4,,9.4,14.24,,,,26.78722964077487
문의,2023-02-06,5.3,7.4,11.1,4.4,1.3,2.8,0.0,70.58,844.1032,56.65,0.0,13.584,32.098,2.1,,6.2,11.59,1.457,0.008,182.125,26.29768832949093
추동,2023-02-06,4.4,7.5,12.1,4.5,1.4,3.9,0.0,70.58,844.1032,56.65,0.0,13.584,32.098,2.1,,6.2,11.59,,,,26.29768832949093
회남,2023-02-06,4.9,7.5,11.7,5.4,1.0,2.9,0.0,70.58,844.1032,56.65,0.0,13.584,32.098,2.1,,6.2,11.59,,,,26.29768832949093
문의,2023-02-13,5.2,7.4,11.3,4.6,1.4,2.6,0.0,70.3908,834.0575,55.98,0.0,14.531,31.684,6.3,,0.4,6.84,1.369,0.006,228.16666666666663,26.324248832218156
추동,2023-02-13,4.8,7.5,12.0,4.8,1.1,2.6,0.0,70.3908,834.0575,55.98,0.0,14.531,31.684,6.3,,0.4,6.84,,,,26.324248832218156
회남,2023-02-13,4.7,7.5,11.6,4.8,1.5,2.5,0.0,70.3908,834.0575,55.98,0.0,14.531,31.684,6.3,,0.4,6.84,,,,26.324248832218156
문의,2023-02-20,5.4,7.4,11.4,4.9,1.0,2.7,0.0,70.1888,823.4136,55.26,0.0,17.21,31.796,-0.1,,7.3,15.94,1.415,0.006,235.83333333333331,25.896766888916844
추동,2023-02-20,5.2,7.5,12.1,5.1,1.5,3.2,0.0,70.1888,823.4136,55.26,0.0,17.21,31.796,-0.1,,7.3,15.94,,,,25.896766888916844
회남,2023-02-20,4.8,7.5,12.0,6.2,1.4,3.0,0.0,70.1888,823.4136,55.26,0.0,17.21,31.796,-0.1,,7.3,15.94,,,,25.896766888916844
문의,2023-02-27,5.6,7.5,11.6,4.7,0.8,2.4,0.0,69.9784,812.4163,54.52,0.0,12.736,31.785,4.4,,10.5,18.96,1.356,0.005,271.2,25.559738870536417
추동,2023-02-27,5.6,7.6,12.3,5.3,1.4,2.7,0.0,69.9784,812.4163,54.52,0.0,12.736,31.785,4.4,,10.5,18.96,,,,25.559738870536417
회남,2023-02-27,5.4,7.6,12.2,5.7,1.3,2.5,0.0,69.9784,812.4163,54.52,0.0,12.736,31.785,4.4,,10.5,18.96,,,,25.559738870536417
문의,2023-03-06,6.0,7.6,11.8,4.8,1.0,2.7,0.0,69.7424,800.1896,53.7,0.0,10.5,31.762,8.3,,10.5,19.25,1.367,0.008,170.875,25.193300170014485
추동,2023-03-06,6.3,7.7,12.6,3.8,1.4,3.9,0.0,69.7424,800.1896,53.7,0.0,10.5,31.762,8.3,,10.5,19.25,,,,25.193300170014485
회남,2023-03-06,5.8,7.6,12.2,5.7,0.9,2.9,0.0,69.7424,800.1896,53.7,0.0,10.5,31.762,8.3,,10.5,19.25,,,,25.193300170014485
문의,2023-03-13,7.1,7.5,11.6,3.4,1.5,3.5,0.0,69.52,788.7724,52.94,0.0,13.942,31.698,3.5,,10.9,21.29,1.359,0.004,339.75,24.88398006183355
추동,2023-03-13,7.0,7.5,12.0,3.0,1.6,3.1,0.0,69.52,788.7724,52.94,0.0,13.942,31.698,3.5,,10.9,21.29,,,,24.88398006183355
회남,2023-03-13,6.6,7.5,12.1,4.3,1.5,3.4,0.0,69.52,788.7724,52.94,0.0,13.942,31.698,3.5,,10.9,21.29,,,,24.88398006183355
문의,2023-03-20,7.0,7.4,11.3,4.8,1.3,2.6,0.0,69.28,776.5661,52.12,0.0,11.758,33.097,10.6,,10.1,20.84,1.499,0.008,187.375,23.46333806689428
추동,2023-03-20,8.2,7.6,11.9,3.2,1.2,3.1,0.0,69.28,776.5661,52.12,0.0,11.758,33.097,10.6,,10.1,20.84,,,,23.46333806689428
회남,2023-03-20,7.2,7.6,12.1,4.7,1.1,3.6,0.0,69.28,776.5661,52.12,0.0,11.758,33.097,10.6,,10.1,20.84,,,,23.46333806689428
문의,2023-03-27,8.6,7.9,11.9,4.3,1.5,3.2,0.0,69.08,766.4849,51.44,0.0,20.582,33.138,7.4,,11.2,23.38,1.403,0.011,127.54545454545456,23.13008932343533
추동,2023-03-27,9.0,7.8,11.7,3.3,1.6,3.2,0.0,69.08,766.4849,51.44,0.0,20.582,33.138,7.4,,11.2,23.38,,,,23.13008932343533
회남,2023-03-27,7.4,7.7,11.8,4.3,1.1,2.9,0.0,69.08,766.4849,51.44,0.0,20.582,33.138,7.4,,11.2,23.38,,,,23.13008932343533
문의,2023-04-03,11.8,8.0,12.2,3.8,1.5,3.2,0.0,68.84,754.4963,50.64,0.0,10.2,33.231,16.8,,11.1,23.32,1.41,0.014,100.71428571428572,22.70459209774006
추동,2023-04-03,9.3,7.7,11.3,3.0,1.5,3.4,0.0,68.84,754.4963,50.64,0.0,10.2,33.231,16.8,,11.1,23.32,,,,22.70459209774006
회남,2023-04-03,8.3,7.7,11.7,3.5,1.0,3.7,0.0,68.84,754.4963,50.64,0.0,10.2,33.231,16.8,,11.1,23.32,,,,22.70459209774006
문의,2023-04-10,11.6,8.0,11.5,3.9,1.5,3.7,0.0,68.69,747.0638,50.14,0.0,22.095,33.534,12.6,,11.3,23.51,1.33,0.012,110.83333333333334,22.277801634162344
추동,2023-04-10,9.7,7.8,11.0,3.2,2.2,3.7,0.0,68.69,747.0638,50.14,0.0,22.095,33.534,12.6,,11.3,23.51,,,,22.277801634162344
회남,2023-04-10,8.9,7.8,11.3,3.0,1.3,4.3,0.0,68.69,747.0638,50.14,0.0,22.095,33.534,12.6,,11.3,23.51,,,,22.277801634162344
문의,2023-04-17,11.6,8.0,11.6,3.7,1.3,4.5,0.0,68.506,738.01,49.53,0.0,19.211,34.424,13.6,,10.8,23.73,1.302,0.013,100.15384615384616,21.438821752265863
추동,2023-04-17,11.1,8.0,10.9,2.9,2.3,3.5,0.0,68.506,738.01,49.53,0.0,19.211,34.424,13.6,,10.8,23.73,,,,21.438821752265863
회남,2023-04-17,15.4,7.9,11.0,2.5,1.5,4.3,0.0,68.506,738.01,49.53,0.0,19.211,34.424,13.6,,10.8,23.73,,,,21.438821752265863
문의,2023-04-24,14.4,8.2,11.2,3.6,1.9,4.1,0.0,68.25,725.5296,48.69,0.0,10.61,33.077,15.0,,4.1,17.15,1.428,0.005,285.6,21.93456480333767
추동,2023-04-24,12.6,8.0,10.3,2.7,2.5,3.3,0.0,68.25,725.5296,48.69,0.0,10.61,33.077,15.0,,4.1,17.15,,,,21.93456480333767
회남,2023-04-24,10.2,7.9,10.4,2.5,1.6,5.6,0.0,68.25,725.5296,48.69,0.0,10.61,33.077,15.0,,4.1,17.15,,,,21.93456480333767
문의,2023-05-02,15.3,8.2,10.8,2.6,2.2,2.3,0.0,67.89,708.2079,47.53,0.0,11.863,54.373,17.0,,10.2,25.5,1.324,0.011,120.36363636363636,13.024992183620547
추동,2023-05-02,12.3,8.0,9.7,2.2,3.7,3.6,0.0,67.89,708.2079,47.53,0.0,11.863,54.373,17.0,,10.2,25.5,,,,13.024992183620547
회남,2023-05-02,10.9,8.0,9.8,2.8,1.9,3.5,0.0,67.89,708.2079,47.53,0.0,11.863,54.373,17.0,,10.2,25.5,,,,13.024992183620547
문의,2023-05-08,15.5,8.2,10.6,2.6,2.2,4.6,0.0,68.44,734.7794,49.31,0.0,164.645,34.71,13.7,,11.2,26.74,1.306,0.006,217.66666666666663,21.169098242581388
추동,2023-05-08,12.8,7.7,9.2,2.3,2.8,3.5,0.0,68.44,734.7794,49.31,0.0,164.645,34.71,13.7,,11.2,26.74,,,,21.169098242581388
회남,2023-05-08,11.0,7.8,9.0,2.4,2.0,4.5,0.0,68.44,734.7794,49.31,0.0,164.645,34.71,13.7,,11.2,26.74,,,,21.169098242581388
문의,2023-05-15,17.2,8.6,11.1,3.9,1.5,5.0,0.0,68.35,730.3886,49.02,0.0,19.987,56.331,20.5,,12.7,27.74,1.421,0.01,142.1,12.966015160391258
추동,2023-05-15,14.8,8.3,9.7,2.2,2.7,10.2,0.0,68.35,730.3886,49.02,0.0,19.987,56.331,20.5,,12.7,27.74,,,,12.966015160391258
회남,2023-05-15,12.6,8.1,8.7,1.4,3.2,19.7,0.0,68.35,730.3886,49.02,0.0,19.987,56.331,20.5,,12.7,27.74,,,,12.966015160391258
문의,2023-05-22,17.3,8.5,10.7,4.5,1.5,6.7,0.0,67.8433,705.9805,47.38,1.2259,16.828,55.877,17.5,5.7,3.4,13.64,1.338,0.011,121.63636363636364,12.634545519623458
추동,2023-05-22,16.8,8.3,10.1,2.8,1.9,10.1,0.0,67.8433,705.9805,47.38,1.2259,16.828,55.877,17.5,5.7,3.4,13.64,,,,12.634545519623458
회남,2023-05-22,12.4,8.0,8.1,2.7,2.1,5.0,0.0,67.8433,705.9805,47.38,1.2259,16.828,55.877,17.5,5.7,3.4,13.64,,,,12.634545519623458
문의,2023-05-30,18.5,8.5,10.2,4.3,1.8,3.8,0.0,68.6256,743.887,49.93,0.0,533.77,41.931,21.6,,7.0,22.34,1.22,0.019,64.21052631578948,17.74074074074074
추동,2023-05-30,16.2,8.3,9.1,3.4,2.1,13.8,0.0,68.6256,743.887,49.93,0.0,533.77,41.931,21.6,,7.0,22.34,,,,17.74074074074074
회남,2023-05-30,14.0,7.9,6.0,2.3,5.0,5.6,0.0,68.6256,743.887,49.93,0.0,533.77,41.931,21.6,,7.0,22.34,,,,17.74074074074074
문의,2023-06-05,21.2,8.5,10.2,4.2,2.0,3.7,0.0,68.9132,758.1402,50.88,0.0,27.144,59.727,21.5,,9.4,23.26,1.276,0.011,116.0,12.693425084132803
추동,2023-06-05,18.8,8.3,9.1,2.3,1.9,5.0,0.0,68.9132,758.1402,50.88,0.0,27.144,59.727,21.5,,9.4,23.26,,,,12.693425084132803
회남,2023-06-05,14.6,8.1,7.1,2.2,3.4,5.5,0.0,68.9132,758.1402,50.88,0.0,27.144,59.727,21.5,,9.4,23.26,,,,12.693425084132803
문의,2023-06-12,22.3,8.4,9.3,4.7,1.7,3.8,770.0,68.45,735.2683,49.35,0.037,30.931,60.394,23.3,,8.6,26.75,1.291,0.011,117.36363636363636,12.17452561512733
추동,2023-06-12,20.0,8.2,7.4,2.4,1.9,4.7,0.0,68.45,735.2683,49.35,0.037,30.931,60.394,23.3,,8.6,26.75,,,,12.17452561512733
회남,2023-06-12,16.7,8.0,5.9,2.4,2.4,2.8,334.0,68.45,735.2683,49.35,0.037,30.931,60.394,23.3,,8.6,26.75,,,,12.17452561512733
문의,2023-06-19,23.9,8.5,9.2,3.7,3.1,12.8,496.0,67.93,710.1193,47.66,0.0,12.238,60.154,27.0,,11.2,26.78,1.134,0.016,70.87499999999999,11.805022109917877
추동,2023-06-19,21.9,8.1,6.7,3.0,2.2,8.5,0.0,67.93,710.1193,47.66,0.0,12.238,60.154,27.0,,11.2,26.78,,,,11.805022109917877
회남,2023-06-19,16.5,7.9,5.5,3.0,2.0,6.5,176.0,67.93,710.1193,47.66,0.0,12.238,60.154,27.0,,11.2,26.78,,,,11.805022109917877
문의,2023-06-26,25.9,8.6,9.3,3.0,2.6,10.4,230.0,67.486,689.0879,46.25,54.8108,69.697,55.589,23.8,54.5,0.0,5.04,1.186,0.013,91.23076923076924,12.396119735918976
추동,2023-06-26,22.6,8.0,6.0,1.5,2.7,10.3,72.0,67.486,689.0879,46.25,54.8108,69.697,55.589,23.8,54.5,0.0,5.04,,,,12.396119735918976
회남,2023-06-26,18.0,7.9,4.5,2.0,3.9,8.8,0.0,67.486,689.0879,46.25,54.8108,69.697,55.589,23.8,54.5,0.0,5.04,,,,12.396119735918976
문의,2023-07-03,25.4,8.2,6.7,3.0,2.0,4.4,240.0,70.1,818.761,54.95,0.0,116.858,32.343,28.4,,6.4,21.03,1.203,0.006,200.5,25.31493677148069
추동,2023-07-03,24.2,8.2,6.3,3.2,2.3,7.3,32.0,70.1,818.761,54.95,0.0,116.858,32.343,28.4,,6.4,21.03,,,,25.31493677148069
회남,2023-07-03,18.6,7.9,4.6,2.1,3.5,5.0,760.0,70.1,818.761,54.95,0.0,116.858,32.343,28.4,,6.4,21.03,,,,25.31493677148069
문의,2023-07-10,25.4,7.7,5.5,2.0,4.8,5.6,82.0,73.0036,979.2967,65.72,13.5878,374.481,470.084,26.5,36.2,8.3,22.11,1.155,0.023,50.21739130434783,2.0832376766705525
추동,2023-07-10,24.7,7.9,5.3,1.5,4.9,9.6,164.0,73.0036,979.2967,65.72,13.5878,374.481,470.084,26.5,36.2,8.3,22.11,,,,2.0832376766705525
회남,2023-07-10,19.5,7.8,6.0,1.5,8.5,7.0,0.0,73.0036,979.2967,65.72,13.5878,374.481,470.084,26.5,36.2,8.3,22.11,,,,2.0832376766705525
문의,2023-07-17,23.7,6.9,4.9,1.0,47.6,3.1,232.0,71.9,916.2386,61.49,25.8966,959.921,2127.229,25.4,30.9,3.8,17.49,,,,0.43071930666609
추동,2023-07-17,23.0,6.7,4.6,1.0,13.8,6.1,176.0,71.9,916.2386,61.49,25.8966,959.921,2127.229,25.4,30.9,3.8,17.49,,,,0.43071930666609
회남,2023-07-17,22.4,6.6,7.7,0.4,62.3,3.6,26.0,71.9,916.2386,61.49,25.8966,959.921,2127.229,25.4,30.9,3.8,17.49,,,,0.43071930666609
문의,2023-07-31,26.0,8.3,8.8,1.0,9.9,20.5,4898.0,71.55,896.7627,60.19,0.2473,81.922,43.572,27.8,,9.1,21.85,1.258,0.021,59.9047619047619,20.581169099421647
추동,2023-07-31,24.8,8.1,8.1,1.1,8.7,14.1,4106.0,71.55,896.7627,60.19,0.2473,81.922,43.572,27.8,,9.1,21.85,,,,20.581169099421647
회남,2023-07-31,25.2,7.8,7.6,2.3,11.3,5.5,740.0,71.55,896.7627,60.19,0.2473,81.922,43.572,27.8,,9.1,21.85,,,,20.581169099421647
문의,2023-08-07,27.0,8.7,9.7,1.2,8.9,17.8,7324.0,71.5584,897.2272,60.22,0.8518,32.987,46.818,29.7,,8.3,22.87,1.22,0.023,53.04347826086956,19.164150540390448
추동,2023-08-07,25.8,7.9,7.5,1.4,6.4,34.3,4676.0,71.5584,897.2272,60.22,0.8518,32.987,46.818,29.7,,8.3,22.87,,,,19.164150540390448
회남,2023-08-07,25.7,7.8,7.6,2.1,16.5,14.4,4580.0,71.5584,897.2272,60.22,0.8518,32.987,46.818,29.7,,8.3,22.87,,,,19.164150540390448
문의,2023-08-14,26.7,8.4,9.3,1.0,8.8,29.3,16068.0,75.0,1099.7161,73.81,0.0,139.671,226.457,28.1,,9.2,23.99,1.013,0.034,29.79411764705882,4.856180643565887
추동,2023-08-14,25.7,8.0,7.8,1.2,7.5,29.7,6852.0,75.0,1099.7161,73.81,0.0,139.671,226.457,28.1,,9.2,23.99,,,,4.856180643565887
회남,2023-08-14,24.6,7.8,9.0,1.2,29.1,19.6,6372.0,75.0,1099.7161,73.81,0.0,139.671,226.457,28.1,,9.2,23.99,,,,4.856180643565887
문의,2023-08-21,27.4,8.8,8.5,0.5,18.9,47.0,29712.0,73.7496,1023.3381,68.68,1.432,80.669,46.368,29.2,,8.0,19.76,1.038,0.029,35.793103448275865,22.069921066252583
추동,2023-08-21,26.4,8.0,7.1,1.0,10.7,24.8,9092.0,73.7496,1023.3381,68.68,1.432,80.669,46.368,29.2,,8.0,19.76,,,,22.069921066252583
회남,2023-08-21,25.9,8.2,8.9,0.8,17.3,17.5,9204.0,73.7496,1023.3381,68.68,1.432,80.669,46.368,29.2,,8.0,19.76,,,,22.069921066252583
문의,2023-08-24,26.4,8.2,7.4,0.4,12.7,41.5,30068.0,73.66,1017.9881,68.32,12.1377,138.247,190.481,25.5,44.3,0.6,8.54,,,,5.344302581359821
문의,2023-08-28,26.2,8.4,7.1,0.6,23.1,60.7,73584.0,73.7932,1025.9474,68.86,0.0,52.095,42.947,26.1,,1.1,11.02,1.171,0.038,30.81578947368421,23.88868605490488
추동,2023-08-28,25.4,8.0,5.0,0.8,6.7,16.5,9042.0,73.7932,1025.9474,68.86,0.0,52.095,42.947,26.1,,1.1,11.02,,,,23.88868605490488
회남,2023-08-28,24.9,8.0,7.8,0.6,19.1,29.0,12408.0,73.7932,1025.9474,68.86,0.0,52.095,42.947,26.1,,1.1,11.02,,,,23.88868605490488
문의,2023-08-31,25.9,8.2,5.5,1.0,10.0,18.9,18948.0,74.618,1076.0427,72.22,0.2906,504.734,104.838,22.5,,4.3,15.62,,,,10.263861386138617
문의,2023-09-04,26.9,8.4,7.0,0.3,33.3,59.4,94208.0,75.04,1102.2122,73.97,0.0,89.288,31.544,27.4,,2.6,15.27,0.887,0.03,29.566666666666663,34.94205554146588
추동,2023-09-04,26.2,8.0,6.6,0.6,13.0,26.3,38812.0,75.04,1102.2122,73.97,0.0,89.288,31.544,27.4,,2.6,15.27,,,,34.94205554146588
회남,2023-09-04,25.0,7.7,7.3,1.1,11.8,19.1,8220.0,75.04,1102.2122,73.97,0.0,89.288,31.544,27.4,,2.6,15.27,,,,34.94205554146588
문의,2023-09-07,26.2,8.2,6.0,1.0,14.8,33.1,51248.0,75.166,1110.0966,74.5,0.0,61.841,42.98,25.0,,12.0,24.37,,,,25.828213122382508
문의,2023-09-11,26.3,8.4,5.8,0.4,19.4,28.7,56024.0,75.0304,1101.6129,73.93,0.0,36.343,64.973,25.2,,6.6,16.71,0.861,0.052,16.557692307692307,16.95493358779801
추동,2023-09-11,25.9,8.0,5.4,0.7,17.7,28.0,35504.0,75.0304,1101.6129,73.93,0.0,36.343,64.973,25.2,,6.6,16.71,,,,16.95493358779801
회남,2023-09-11,24.8,7.8,5.7,1.7,8.5,7.4,6548.0,75.0304,1101.6129,73.93,0.0,36.343,64.973,25.2,,6.6,16.71,,,,16.95493358779801
문의,2023-09-18,26.3,8.1,5.4,0.5,18.5,28.7,42000.0,75.4292,1126.6709,75.62,0.5403,167.843,60.646,24.5,2.2,7.4,19.23,1.171,0.032,36.59375,18.577827061966165
추동,2023-09-18,25.8,7.4,4.3,0.7,9.1,14.0,7752.0,75.4292,1126.6709,75.62,0.5403,167.843,60.646,24.5,2.2,7.4,19.23,,,,18.577827061966165
회남,2023-09-18,24.3,7.4,3.8,2.3,9.0,5.5,4604.0,75.4292,1126.6709,75.62,0.5403,167.843,60.646,24.5,2.2,7.4,19.23,,,,18.577827061966165
문의,2023-09-21,25.3,7.5,3.4,1.3,16.8,10.8,8148.0,77.316,1249.6345,83.87,6.3737,1224.968,220.086,18.4,3.0,0.0,6.85,,,,5.677937260888925
추동,2023-09-21,25.2,7.0,3.7,1.8,18.7,6.4,5942.0,77.316,1249.6345,83.87,6.3737,1224.968,220.086,18.4,3.0,0.0,6.85,,,,5.677937260888925
문의,2023-09-25,25.1,7.5,4.0,1.4,9.8,10.7,7542.0,77.4476,1258.4823,84.46,1.4729,115.218,218.658,21.4,4.0,2.9,13.23,1.168,0.025,46.71999999999999,5.75548253436874
추동,2023-09-25,24.8,7.0,3.6,1.5,6.6,6.1,5864.0,77.4476,1258.4823,84.46,1.4729,115.218,218.658,21.4,4.0,2.9,13.23,,,,5.75548253436874
회남,2023-09-25,23.9,7.0,5.0,2.3,6.3,11.3,2888.0,77.4476,1258.4823,84.46,1.4729,115.218,218.658,21.4,4.0,2.9,13.23,,,,5.75548253436874
문의,2023-10-04,24.1,7.1,5.0,1.7,7.0,9.9,6872.0,76.16,1173.4342,78.75,0.0525,46.56,218.912,17.8,,8.2,17.26,1.155,0.026,44.42307692307693,5.360300942844613
추동,2023-10-04,23.8,7.1,4.2,1.7,4.3,13.9,3906.0,76.16,1173.4342,78.75,0.0525,46.56,218.912,17.8,,8.2,17.26,,,,5.360300942844613
회남,2023-10-04,23.3,7.0,5.1,2.5,2.8,6.9,598.0,76.16,1173.4342,78.75,0.0525,46.56,218.912,17.8,,8.2,17.26,,,,5.360300942844613
문의,2023-10-10,23.1,7.4,6.2,1.7,5.3,13.5,5344.0,75.026,1101.3382,73.92,0.0,41.431,29.875,16.5,,9.4,17.68,1.188,0.028,42.42857142857142,36.864876987447694
추동,2023-10-10,23.1,7.2,6.5,1.9,3.7,7.5,2084.0,75.026,1101.3382,73.92,0.0,41.431,29.875,16.5,,9.4,17.68,,,,36.864876987447694
회남,2023-10-10,22.8,7.2,6.0,1.8,5.2,15.8,630.0,75.026,1101.3382,73.92,0.0,41.431,29.875,16.5,,9.4,17.68,,,,36.864876987447694
문의,2023-10-16,22.3,7.3,6.9,1.5,7.1,15.1,6592.0,75.03,1101.5879,73.93,0.0,22.882,30.108,14.7,,8.9,15.47,1.131,0.017,66.52941176470588,36.58788029759532
추동,2023-10-16,22.3,7.3,7.2,1.8,4.1,21.4,3838.0,75.03,1101.5879,73.93,0.0,22.882,30.108,14.7,,8.9,15.47,,,,36.58788029759532
회남,2023-10-16,22.0,7.1,7.0,1.7,5.6,15.9,206.0,75.03,1101.5879,73.93,0.0,22.882,30.108,14.7,,8.9,15.47,,,,36.58788029759532
문의,2023-10-23,21.2,7.4,6.7,2.3,3.8,13.2,3370.0,74.98,1098.4692,73.72,0.0,23.216,30.43,13.7,,7.3,12.92,1.283,0.015,85.53333333333333,36.09823200788696
추동,2023-10-23,20.9,7.4,8.1,1.6,3.8,25.0,1730.0,74.98,1098.4692,73.72,0.0,23.216,30.43,13.7,,7.3,12.92,,,,36.09823200788696
회남,2023-10-23,21.3,7.4,7.4,1.8,3.6,16.5,640.0,74.98,1098.4692,73.72,0.0,23.216,30.43,13.7,,7.3,12.92,,,,36.09823200788696
문의,2023-10-30,20.7,7.1,7.2,1.5,5.0,18.7,4498.0,74.87,1091.6261,73.26,0.0,25.174,32.362,14.1,,9.6,14.52,1.244,0.015,82.93333333333334,33.73172548050182
추동,2023-10-30,20.4,7.1,7.8,2.6,2.9,16.5,2154.0,74.87,1091.6261,73.26,0.0,25.174,32.362,14.1,,9.6,14.52,,,,33.73172548050182
회남,2023-10-30,20.4,7.0,6.9,2.0,3.9,8.5,260.0,74.87,1091.6261,73.26,0.0,25.174,32.362,14.1,,9.6,14.52,,,,33.73172548050182
문의,2023-11-06,20.3,7.2,7.2,1.7,3.6,11.4,3040.0,74.7672,1085.2534,72.84,12.2568,25.835,32.426,15.5,11.5,3.1,7.65,1.32,0.011,120.0,33.46861777585888
추동,2023-11-06,20.2,7.0,7.6,2.2,3.2,10.8,520.0,74.7672,1085.2534,72.84,12.2568,25.835,32.426,15.5,11.5,3.1,7.65,,,,33.46861777585888
회남,2023-11-06,19.9,7.0,7.0,2.5,3.4,6.1,0.0,74.7672,1085.2534,72.84,12.2568,25.835,32.426,15.5,11.5,3.1,7.65,,,,33.46861777585888
문의,2023-11-13,18.0,7.1,7.7,1.8,5.5,11.6,3360.0,74.72,1082.3346,72.64,0.0,24.779,31.932,2.4,,9.4,13.97,1.272,0.015,84.80000000000001,33.89498308906426
추동,2023-11-13,17.6,7.1,8.1,2.1,3.5,10.9,760.0,74.72,1082.3346,72.64,0.0,24.779,31.932,2.4,,9.4,13.97,,,,33.89498308906426
회남,2023-11-13,18.3,7.0,7.5,2.3,3.1,8.0,42.0,74.72,1082.3346,72.64,0.0,24.779,31.932,2.4,,9.4,13.97,,,,33.89498308906426
문의,2023-11-20,16.5,7.1,7.7,3.0,2.5,9.2,914.0,74.64,1077.3979,72.31,0.0,24.997,32.131,6.0,,9.2,12.87,1.383,0.023,60.130434782608695,33.53141514425321
추동,2023-11-20,16.0,7.2,8.3,2.6,2.5,4.4,528.0,74.64,1077.3979,72.31,0.0,24.997,32.131,6.0,,9.2,12.87,,,,33.53141514425321
회남,2023-11-20,16.5,7.1,7.8,2.0,4.1,6.0,126.0,74.64,1077.3979,72.31,0.0,24.997,32.131,6.0,,9.2,12.87,,,,33.53141514425321
문의,2023-11-27,15.2,7.0,7.9,2.7,2.4,8.9,896.0,74.53,1070.6314,71.85,3.3888,25.073,32.181,7.0,3.0,0.8,3.19,1.565,0.013,120.3846153846154,33.269053168018395
추동,2023-11-27,14.7,7.1,8.8,2.5,2.9,9.4,634.0,74.53,1070.6314,71.85,3.3888,25.073,32.181,7.0,3.0,0.8,3.19,,,,33.269053168018395
회남,2023-11-27,15.0,7.1,8.1,3.0,4.9,5.6,260.0,74.53,1070.6314,71.85,3.3888,25.073,32.181,7.0,3.0,0.8,3.19,,,,33.269053168018395
문의,2023-12-04,13.3,7.2,8.9,3.5,2.5,4.6,360.0,74.4124,1063.4249,71.37,0.0,24.171,32.101,2.3,,8.7,11.41,1.332,0.013,102.46153846153848,33.12746954923523
추동,2023-12-04,12.9,7.2,9.4,3.3,2.0,6.2,296.0,74.4124,1063.4249,71.37,0.0,24.171,32.101,2.3,,8.7,11.41,,,,33.12746954923523
회남,2023-12-04,13.3,7.1,8.7,3.7,3.2,3.5,186.0,74.4124,1063.4249,71.37,0.0,24.171,32.101,2.3,,8.7,11.41,,,,33.12746954923523
문의,2023-12-11,13.2,7.1,8.6,3.1,1.7,4.3,0.0,74.3216,1057.88,71.0,34.4989,40.275,32.09,11.9,37.0,0.0,0.85,1.645,0.018,91.3888888888889,32.96603303209723
추동,2023-12-11,12.6,7.1,9.2,3.5,1.7,4.1,240.0,74.3216,1057.88,71.0,34.4989,40.275,32.09,11.9,37.0,0.0,0.85,,,,32.96603303209723
회남,2023-12-11,12.2,7.0,9.0,2.7,3.8,4.1,52.0,74.3216,1057.88,71.0,34.4989,40.275,32.09,11.9,37.0,0.0,0.85,,,,32.96603303209723
문의,2023-12-18,11.5,7.0,9.0,2.8,2.3,3.6,0.0,75.36,1122.2995,75.32,0.103,140.779,228.589,-5.6,,5.8,8.85,1.361,0.014,97.21428571428572,4.909682880628552
추동,2023-12-18,11.3,7.1,9.8,3.5,2.7,4.6,180.0,75.36,1122.2995,75.32,0.103,140.779,228.589,-5.6,,5.8,8.85,,,,4.909682880628552
회남,2023-12-18,10.9,7.3,9.9,4.1,3.8,4.0,108.0,75.36,1122.2995,75.32,0.103,140.779,228.589,-5.6,,5.8,8.85,,,,4.909682880628552
문의,2023-12-26,9.7,7.1,9.4,3.0,1.7,5.6,160.0,74.9864,1098.8681,73.75,0.1235,44.091,32.262,2.2,,5.5,9.78,,,,34.060755687806086
추동,2023-12-26,9.1,7.1,10.6,2.8,1.7,2.2,0.0,74.9864,1098.8681,73.75,0.1235,44.091,32.262,2.2,,5.5,9.78,,,,34.060755687806086
회남,2023-12-26,9.2,7.0,10.1,4.2,4.8,6.0,0.0,74.9864,1098.8681,73.75,0.1235,44.091,32.262,2.2,,5.5,9.78,,,,34.060755687806086
문의,2024-01-02,9.1,7.1,10.4,3.5,1.8,5.0,0.0,75.0444,1102.487,73.99,0.0,35.724,32.544,4.0,,0.0,2.9,1.343,0.014,95.92857142857144,33.87681293018683
추동,2024-01-02,9.0,7.1,10.5,3.8,1.7,6.0,0.0,75.0444,1102.487,73.99,0.0,35.724,32.544,4.0,,0.0,2.9,,,,33.87681293018683
회남,2024-01-02,8.3,7.0,10.6,3.4,3.4,3.7,160.0,75.0444,1102.487,73.99,0.0,35.724,32.544,4.0,,0.0,2.9,,,,33.87681293018683
문의,2024-01-08,8.3,7.4,10.1,4.0,1.9,5.9,0.0,75.0532,1103.0367,74.03,0.0,31.935,32.224,-3.8,,8.7,11.94,1.218,0.013,93.6923076923077,34.23028488083417
추동,2024-01-08,8.3,7.4,10.7,3.4,1.9,5.8,0.0,75.0532,1103.0367,74.03,0.0,31.935,32.224,-3.8,,8.7,11.94,,,,34.23028488083417
회남,2024-01-08,7.6,7.3,10.6,3.8,2.1,3.9,0.0,75.0532,1103.0367,74.03,0.0,31.935,32.224,-3.8,,8.7,11.94,,,,34.23028488083417
문의,2024-01-15,7.6,7.2,10.2,3.4,2.2,5.5,0.0,75.02,1100.9637,73.89,0.0,32.61,32.61,-2.1,,9.0,12.61,1.314,0.017,77.29411764705883,33.761536338546456
추동,2024-01-15,7.4,7.2,11.2,3.5,2.1,6.4,166.0,75.02,1100.9637,73.89,0.0,32.61,32.61,-2.1,,9.0,12.61,,,,33.761536338546456
회남,2024-01-15,7.7,7.2,10.7,4.3,2.1,4.4,0.0,75.02,1100.9637,73.89,0.0,32.61,32.61,-2.1,,9.0,12.61,,,,33.761536338546456
문의,2024-01-22,7.1,7.2,11.1,2.4,1.9,6.6,0.0,75.3336,1120.6344,75.21,0.0,101.193,32.997,-5.4,0.0,1.7,6.36,1.406,0.021,66.95238095238095,33.96170560960087
추동,2024-01-22,6.9,7.3,11.8,3.1,1.8,8.6,0.0,75.3336,1120.6344,75.21,0.0,101.193,32.997,-5.4,0.0,1.7,6.36,,,,33.96170560960087
회남,2024-01-22,6.9,7.3,11.5,3.0,1.6,6.6,0.0,75.3336,1120.6344,75.21,0.0,101.193,32.997,-5.4,0.0,1.7,6.36,,,,33.96170560960087
문의,2024-01-30,6.6,7.4,10.8,3.0,2.2,4.3,0.0,75.59,1136.8667,76.3,0.0,40.178,32.821,1.3,,9.2,13.5,1.316,0.01,131.6,34.63839310197739
추동,2024-01-30,6.1,7.5,12.1,2.5,1.9,8.3,0.0,75.59,1136.8667,76.3,0.0,40.178,32.821,1.3,,9.2,13.5,,,,34.63839310197739
회남,2024-01-30,6.3,7.5,11.6,2.8,2.6,7.8,0.0,75.59,1136.8667,76.3,0.0,40.178,32.821,1.3,,9.2,13.5,,,,34.63839310197739
문의,2024-02-05,6.4,7.3,11.4,2.5,2.2,7.7,44.0,75.5996,1137.477,76.34,13.4313,55.133,40.712,4.1,12.3,0.0,3.26,1.492,0.023,64.86956521739131,27.93960011790136
추동,2024-02-05,6.2,7.5,12.3,2.8,2.2,9.3,0.0,75.5996,1137.477,76.34,13.4313,55.133,40.712,4.1,12.3,0.0,3.26,,,,27.93960011790136
회남,2024-02-05,6.0,7.4,11.9,3.1,2.0,7.6,116.0,75.5996,1137.477,76.34,13.4313,55.133,40.712,4.1,12.3,0.0,3.26,,,,27.93960011790136
문의,2024-02-13,6.3,7.1,11.8,4.0,2.3,6.4,0.0,75.66,1141.3216,76.6,0.0,39.458,32.085,8.4,,8.4,14.96,1.419,0.009,157.66666666666669,35.5718123733832
추동,2024-02-13,6.1,7.5,12.4,3.0,1.7,8.2,0.0,75.66,1141.3216,76.6,0.0,39.458,32.085,8.4,,8.4,14.96,,,,35.5718123733832
회남,2024-02-13,5.6,7.4,12.3,3.3,1.9,6.4,128.0,75.66,1141.3216,76.6,0.0,39.458,32.085,8.4,,8.4,14.96,,,,35.5718123733832
문의,2024-02-19,6.7,7.4,11.7,2.6,2.5,9.7,0.0,75.84,1152.8233,77.37,20.1523,129.184,40.056,9.8,16.6,0.0,2.2,1.395,0.01,139.5,28.780290093868587
추동,2024-02-19,6.5,7.5,12.3,3.0,3.1,8.8,14.0,75.84,1152.8233,77.37,20.1523,129.184,40.056,9.8,16.6,0.0,2.2,,,,28.780290093868587
회남,2024-02-19,5.8,7.5,12.3,3.1,3.7,7.0,0.0,75.84,1152.8233,77.37,20.1523,129.184,40.056,9.8,16.6,0.0,2.2,,,,28.780290093868587
문의,2024-02-26,6.5,7.3,11.7,2.6,2.3,8.8,0.0,77.0,1228.5336,82.45,0.0,105.586,144.072,3.7,,7.3,15.85,1.36,0.009,151.11111111111114,8.527219723471598
추동,2024-02-26,6.6,7.4,12.3,2.9,2.2,9.4,0.0,77.0,1228.5336,82.45,0.0,105.586,144.072,3.7,,7.3,15.85,,,,8.527219723471598
회남,2024-02-26,6.0,7.4,12.4,2.5,2.7,9.4,56.0,77.0,1228.5336,82.45,0.0,105.586,144.072,3.7,,7.3,15.85,,,,8.527219723471598
문의,2024-03-04,6.3,7.4,12.3,1.8,2.4,12.0,0.0,76.17,1174.0817,78.8,0.057,56.006,159.662,6.7,,5.7,13.26,1.38,0.011,125.45454545454544,7.353544988788816
추동,2024-03-04,6.6,7.4,12.6,2.5,2.1,9.2,0.0,76.17,1174.0817,78.8,0.057,56.006,159.662,6.7,,5.7,13.26,,,,7.353544988788816
회남,2024-03-04,6.1,7.4,12.8,2.5,2.1,7.4,64.0,76.17,1174.0817,78.8,0.057,56.006,159.662,6.7,,5.7,13.26,,,,7.353544988788816
문의,2024-03-11,6.5,7.6,12.5,2.4,2.1,10.1,0.0,75.12,1107.2144,74.31,0.0,41.94,159.643,6.4,,4.4,11.04,1.467,0.011,133.36363636363637,6.935564979360198
추동,2024-03-11,6.6,7.5,12.5,2.5,2.4,8.1,0.0,75.12,1107.2144,74.31,0.0,41.94,159.643,6.4,,4.4,11.04,,,,6.935564979360198
회남,2024-03-11,6.4,7.4,12.7,2.5,2.1,6.4,104.0,75.12,1107.2144,74.31,0.0,41.94,159.643,6.4,,4.4,11.04,,,,6.935564979360198
문의,2024-03-18,6.9,7.9,12.2,2.4,2.2,7.5,0.0,74.76,1084.8078,72.81,0.0,33.836,40.998,7.9,,10.2,21.43,1.382,0.009,153.55555555555554,26.460017561832288
추동,2024-03-18,7.5,7.8,12.5,2.5,2.4,12.2,0.0,74.76,1084.8078,72.81,0.0,33.836,40.998,7.9,,10.2,21.43,,,,26.460017561832288
회남,2024-03-18,7.2,7.7,12.3,3.8,2.1,3.9,148.0,74.76,1084.8078,72.81,0.0,33.836,40.998,7.9,,10.2,21.43,,,,26.460017561832288
문의,2024-03-25,8.1,7.8,12.6,3.0,2.4,7.9,0.0,74.6853,1080.1917,72.5,9.0732,38.321,40.821,9.4,6.8,0.0,5.04,1.426,0.008,178.25,26.461666789152645
추동,2024-03-25,7.4,7.6,12.2,2.1,2.5,6.1,230.0,74.6853,1080.1917,72.5,9.0732,38.321,40.821,9.4,6.8,0.0,5.04,,,,26.461666789152645
회남,2024-03-25,7.3,7.5,11.8,2.4,2.7,4.2,225.0,74.6853,1080.1917,72.5,9.0732,38.321,40.821,9.4,6.8,0.0,5.04,,,,26.461666789152645
문의,2024-04-01,8.4,7.8,12.0,3.5,1.7,5.8,30.0,74.9868,1098.8931,73.75,0.0,95.649,115.571,13.1,,11.6,23.63,1.466,0.009,162.88888888888889,9.508380995232368
추동,2024-04-01,8.4,7.5,11.8,3.7,1.4,4.4,16.0,74.9868,1098.8931,73.75,0.0,95.649,115.571,13.1,,11.6,23.63,,,,9.508380995232368
회남,2024-04-01,8.7,7.6,11.6,2.5,1.7,5.6,111.0,74.9868,1098.8931,73.75,0.0,95.649,115.571,13.1,,11.6,23.63,,,,9.508380995232368
문의,2024-04-08,10.0,8.0,12.2,2.7,1.6,5.3,118.0,74.04,1040.7909,69.85,0.0,75.822,229.903,16.5,,5.6,16.25,1.572,0.009,174.66666666666669,4.527087075853729
추동,2024-04-08,9.9,7.9,11.8,2.8,1.5,3.0,32.0,74.04,1040.7909,69.85,0.0,75.822,229.903,16.5,,5.6,16.25,,,,4.527087075853729
회남,2024-04-08,9.4,7.7,11.1,2.8,1.6,3.8,172.0,74.04,1040.7909,69.85,0.0,75.822,229.903,16.5,,5.6,16.25,,,,4.527087075853729
문의,2024-04-15,11.7,8.4,12.0,3.5,1.8,5.6,14.0,73.8739,1030.7873,69.18,10.0376,46.138,41.203,16.2,7.5,0.0,3.29,1.516,0.016,94.75,25.017287576147364
추동,2024-04-15,11.5,7.9,11.1,2.7,1.4,2.7,98.0,73.8739,1030.7873,69.18,10.0376,46.138,41.203,16.2,7.5,0.0,3.29,,,,25.017287576147364
회남,2024-04-15,10.5,7.9,10.8,1.8,1.6,4.9,24.0,73.8739,1030.7873,69.18,10.0376,46.138,41.203,16.2,7.5,0.0,3.29,,,,25.017287576147364
문의,2024-04-22,12.2,8.0,11.5,3.5,1.8,5.8,0.0,73.9568,1035.773,69.51,0.0,42.117,33.057,17.4,0.0,6.2,19.42,1.606,0.011,146.00000000000003,31.33294007320688
추동,2024-04-22,11.7,7.9,10.5,3.0,1.7,3.9,4.0,73.9568,1035.773,69.51,0.0,42.117,33.057,17.4,0.0,6.2,19.42,,,,31.33294007320688
회남,2024-04-22,10.9,7.8,10.1,2.4,1.5,4.0,98.0,73.9568,1035.773,69.51,0.0,42.117,33.057,17.4,0.0,6.2,19.42,,,,31.33294007320688
문의,2024-04-29,13.1,8.2,11.2,3.0,2.1,8.5,0.0,73.916,1033.3175,69.35,2.5029,26.804,33.07,17.2,0.8,0.0,6.96,1.774,0.021,84.47619047619047,31.246371333534928
추동,2024-04-29,12.1,8.0,10.2,2.7,2.1,6.2,0.0,73.916,1033.3175,69.35,2.5029,26.804,33.07,17.2,0.8,0.0,6.96,,,,31.246371333534928
회남,2024-04-29,11.4,7.8,10.0,1.8,2.1,4.9,28.0,73.916,1033.3175,69.35,2.5029,26.804,33.07,17.2,0.8,0.0,6.96,,,,31.246371333534928
문의,2024-05-07,12.8,8.0,9.7,4.2,1.9,5.4,0.0,73.7322,1022.2978,68.61,13.6896,73.171,56.507,12.9,14.1,0.0,5.6,1.664,0.034,48.94117647058823,18.091524943812274
추동,2024-05-07,12.2,8.0,9.5,3.3,2.5,12.5,88.0,73.7322,1022.2978,68.61,13.6896,73.171,56.507,12.9,14.1,0.0,5.6,,,,18.091524943812274
회남,2024-05-07,11.4,7.8,8.8,2.1,2.3,7.7,0.0,73.7322,1022.2978,68.61,13.6896,73.171,56.507,12.9,14.1,0.0,5.6,,,,18.091524943812274
문의,2024-05-13,13.9,8.2,10.7,3.8,1.5,10.4,228.0,73.7602,1023.9721,68.72,0.0,59.06,59.06,17.6,,13.4,29.96,1.676,0.013,128.92307692307693,17.337827632915676
추동,2024-05-13,13.2,8.0,9.7,4.7,1.8,14.1,305.0,73.7602,1023.9721,68.72,0.0,59.06,59.06,17.6,,13.4,29.96,,,,17.337827632915676
회남,2024-05-13,12.5,8.1,9.0,2.5,2.2,7.8,0.0,73.7602,1023.9721,68.72,0.0,59.06,59.06,17.6,,13.4,29.96,,,,17.337827632915676
문의,2024-05-20,15.3,8.4,10.8,4.5,1.4,8.2,345.0,73.6192,1015.5574,68.16,0.0,36.243,58.719,19.3,,4.7,19.61,1.608,0.006,268.0,17.295209387080842
추동,2024-05-20,14.3,8.3,9.8,2.4,2.5,10.8,49.0,73.6192,1015.5574,68.16,0.0,36.243,58.719,19.3,,4.7,19.61,,,,17.295209387080842
회남,2024-05-20,14.2,8.3,8.3,3.2,2.5,7.2,0.0,73.6192,1015.5574,68.16,0.0,36.243,58.719,19.3,,4.7,19.61,,,,17.295209387080842
문의,2024-05-27,16.8,8.3,10.0,4.0,1.3,5.4,52.0,73.353,999.782,67.1,0.1918,49.999,65.708,18.5,,10.9,24.38,1.685,0.011,153.1818181818182,15.21552931149936
추동,2024-05-27,14.9,8.2,9.3,2.6,1.6,8.4,30.0,73.353,999.782,67.1,0.1918,49.999,65.708,18.5,,10.9,24.38,,,,15.21552931149936
회남,2024-05-27,13.0,7.9,8.1,3.0,1.8,5.7,115.0,73.353,999.782,67.1,0.1918,49.999,65.708,18.5,,10.9,24.38,,,,15.21552931149936
문의,2024-06-03,18.5,8.5,10.2,3.6,1.6,4.0,566.0,74.1222,1045.7625,70.19,0.0,19.628,151.692,20.8,,12.8,29.53,1.568,0.034,46.11764705882353,6.893985839727869
추동,2024-06-03,16.9,8.4,8.8,4.0,1.4,4.6,86.0,74.1222,1045.7625,70.19,0.0,19.628,151.692,20.8,,12.8,29.53,,,,6.893985839727869
회남,2024-06-03,14.8,8.1,6.6,2.1,1.8,6.5,671.0,74.1222,1045.7625,70.19,0.0,19.628,151.692,20.8,,12.8,29.53,,,,6.893985839727869
문의,2024-06-10,21.3,8.6,10.2,3.0,1.4,5.8,347.0,72.7901,966.9025,64.89,0.0,21.635,151.265,24.7,,10.8,27.56,1.711,0.015,114.06666666666668,6.392109873400986
추동,2024-06-10,18.5,8.3,7.8,2.8,1.9,6.8,0.0,72.7901,966.9025,64.89,0.0,21.635,151.265,24.7,,10.8,27.56,,,,6.392109873400986
회남,2024-06-10,15.8,8.2,6.1,4.9,1.6,6.0,57.0,72.7901,966.9025,64.89,0.0,21.635,151.265,24.7,,10.8,27.56,,,,6.392109873400986
문의,2024-06-17,23.4,8.9,11.0,2.4,1.9,7.6,705.0,71.355,886.0211,59.46,0.0,11.853,150.901,23.4,,7.5,20.53,1.423,0.031,45.903225806451616,5.871538956004268
추동,2024-06-17,22.1,8.5,7.9,2.1,1.9,9.8,813.0,71.355,886.0211,59.46,0.0,11.853,150.901,23.4,,7.5,20.53,,,,5.871538956004268
회남,2024-06-17,17.0,8.3,5.3,4.0,1.3,3.5,136.0,71.355,886.0211,59.46,0.0,11.853,150.901,23.4,,7.5,20.53,,,,5.871538956004268
문의,2024-06-24,23.8,8.7,9.3,2.3,2.3,7.3,433.0,70.4611,837.7815,56.23,0.0,28.316,58.367,25.3,,8.1,24.9,1.365,0.038,35.921052631578945,14.353684444977471
추동,2024-06-24,22.0,8.4,6.9,1.9,2.2,8.0,413.0,70.4611,837.7815,56.23,0.0,28.316,58.367,25.3,,8.1,24.9,,,,14.353684444977471
회남,2024-06-24,17.8,8.1,4.8,3.1,1.7,2.9,0.0,70.4611,837.7815,56.23,0.0,28.316,58.367,25.3,,8.1,24.9,,,,14.353684444977471
문의,2024-07-01,24.6,8.9,8.1,1.7,3.2,8.3,610.0,70.421,835.6561,56.08,0.0,152.142,42.919,26.2,,8.7,24.37,1.339,0.038,35.23684210526316,19.47053985414385
추동,2024-07-01,23.4,8.6,6.5,2.7,2.3,13.9,141.0,70.421,835.6561,56.08,0.0,152.142,42.919,26.2,,8.7,24.37,,,,19.47053985414385
회남,2024-07-01,18.9,8.5,4.6,3.5,1.8,2.9,41.0,70.421,835.6561,56.08,0.0,152.142,42.919,26.2,,8.7,24.37,,,,19.47053985414385
문의,2024-07-08,24.7,8.4,7.2,2.1,2.1,5.5,830.0,73.7416,1022.8597,68.65,115.6252,1695.691,149.304,23.9,137.5,0.0,3.05,,,,6.850852622836628
추동,2024-07-08,23.7,8.0,6.0,2.1,2.6,10.2,189.0,73.7416,1022.8597,68.65,115.6252,1695.691,149.304,23.9,137.5,0.0,3.05,,,,6.850852622836628
회남,2024-07-08,18.7,7.7,3.1,1.8,2.7,6.5,0.0,73.7416,1022.8597,68.65,115.6252,1695.691,149.304,23.9,137.5,0.0,3.05,,,,6.850852622836628
문의,2024-07-15,24.3,8.3,6.6,0.3,14.3,7.0,461.0,70.309,829.7371,55.69,1.3326,193.933,1448.797,26.6,0.2,7.0,20.76,1.122,0.031,36.193548387096776,0.572707632608295
추동,2024-07-15,23.9,8.6,6.3,0.2,16.7,5.9,803.0,70.309,829.7371,55.69,1.3326,193.933,1448.797,26.6,0.2,7.0,20.76,,,,0.572707632608295
회남,2024-07-15,22.8,8.3,7.9,0.2,123.0,7.4,680.0,70.309,829.7371,55.69,1.3326,193.933,1448.797,26.6,0.2,7.0,20.76,,,,0.572707632608295
문의,2024-07-23,25.4,7.7,6.5,1.2,14.5,13.9,1933.0,71.3467,885.5656,59.43,1.0622,239.879,43.218,27.2,3.9,0.0,4.96,1.21,0.028,43.21428571428572,20.49066592623444
추동,2024-07-23,24.4,7.9,5.6,1.8,13.9,12.7,909.0,71.3467,885.5656,59.43,1.0622,239.879,43.218,27.2,3.9,0.0,4.96,,,,20.49066592623444
회남,2024-07-23,23.7,7.6,7.1,0.7,58.4,23.7,160.0,71.3467,885.5656,59.43,1.0622,239.879,43.218,27.2,3.9,0.0,4.96,,,,20.49066592623444
문의,2024-07-29,26.4,8.8,6.4,1.3,6.2,8.7,3284.0,71.898,916.1266,61.49,0.0,74.975,43.179,28.6,,5.6,18.2,1.149,0.047,24.4468085106383,21.216948053451908
추동,2024-07-29,25.3,8.6,5.8,1.6,6.9,11.8,3098.0,71.898,916.1266,61.49,0.0,74.975,43.179,28.6,,5.6,18.2,,,,21.216948053451908
회남,2024-07-29,23.8,7.7,5.2,1.7,47.4,6.8,6064.0,71.898,916.1266,61.49,0.0,74.975,43.179,28.6,,5.6,18.2,,,,21.216948053451908
문의,2024-08-05,27.8,9.4,7.9,1.3,6.9,12.3,43992.0,71.8816,915.2085,61.42,11.9,38.177,48.609,27.4,34.3,5.4,15.35,1.296,0.031,41.80645161290322,18.827963957291857
추동,2024-08-05,26.9,9.3,5.9,1.2,5.5,6.4,11809.0,71.8816,915.2085,61.42,11.9,38.177,48.609,27.4,34.3,5.4,15.35,,,,18.827963957291857
회남,2024-08-05,25.6,9.3,8.0,1.5,48.4,3.6,25760.0,71.8816,915.2085,61.42,11.9,38.177,48.609,27.4,34.3,5.4,15.35,,,,18.827963957291857
문의,2024-08-12,28.0,9.8,7.9,1.0,5.9,11.4,38105.0,71.6748,903.6784,60.65,0.111,23.541,57.259,30.5,,11.1,24.7,1.159,0.057,20.33333333333333,15.782294486456278
추동,2024-08-12,26.7,9.5,6.5,1.2,4.2,7.0,8180.0,71.6748,903.6784,60.65,0.111,23.541,57.259,30.5,,11.1,24.7,,,,15.782294486456278
회남,2024-08-12,25.9,9.3,8.5,0.2,42.6,18.8,85601.0,71.6748,903.6784,60.65,0.111,23.541,57.259,30.5,,11.1,24.7,,,,15.782294486456278
문의,2024-08-14,27.8,8.8,5.7,0.7,5.6,13.7,29240.0,71.5979,899.4133,60.36,0.0,14.425,48.818,29.5,,12.4,26.45,,,,18.42380474415175
회남,2024-08-14,25.2,8.4,6.4,0.6,41.1,22.0,64852.0,71.5979,899.4133,60.36,0.0,14.425,48.818,29.5,,12.4,26.45,,,,18.42380474415175
문의,2024-08-19,27.7,9.0,5.6,0.8,5.9,7.2,42552.0,71.3332,884.8251,59.38,0.0,15.503,48.413,29.9,0.1,9.0,21.04,1.101,0.045,24.46666666666667,18.276601326090105
추동,2024-08-19,26.9,8.8,5.3,1.8,4.3,14.8,8418.0,71.3332,884.8251,59.38,0.0,15.503,48.413,29.9,0.1,9.0,21.04,,,,18.276601326090105
회남,2024-08-19,25.3,8.5,7.1,0.9,24.4,15.8,32982.0,71.3332,884.8251,59.38,0.0,15.503,48.413,29.9,0.1,9.0,21.04,,,,18.276601326090105
문의,2024-08-22,27.5,9.2,5.3,1.4,5.8,19.4,38407.0,71.2639,881.0297,59.13,2.6423,26.054,36.883,28.5,0.5,4.7,13.87,,,,23.88714855082287
회남,2024-08-22,25.3,8.2,5.4,1.1,13.3,14.5,28211.0,71.2639,881.0297,59.13,2.6423,26.054,36.883,28.5,0.5,4.7,13.87,,,,23.88714855082287
문의,2024-08-26,27.6,8.9,4.8,1.1,5.7,10.8,22472.0,71.1788,876.3824,58.82,4.1379,20.551,42.715,27.9,,2.6,13.01,1.095,0.031,35.32258064516129,20.51697061922041
추동,2024-08-26,26.6,8.6,4.1,1.9,4.1,6.5,5902.0,71.1788,876.3824,58.82,4.1379,20.551,42.715,27.9,,2.6,13.01,,,,20.51697061922041
회남,2024-08-26,24.9,8.5,5.9,0.9,27.9,13.1,40717.0,71.1788,876.3824,58.82,4.1379,20.551,42.715,27.9,,2.6,13.01,,,,20.51697061922041
문의,2024-08-29,26.5,9.1,3.9,1.3,6.9,13.6,22003.0,71.0379,868.7206,58.3,0.7092,19.287,47.62,27.0,3.0,8.8,19.49,,,,18.242767744645107
회남,2024-08-29,24.5,8.8,3.4,1.2,20.5,7.3,16147.0,71.0379,868.7206,58.3,0.7092,19.287,47.62,27.0,3.0,8.8,19.49,,,,18.242767744645107
문의,2024-09-02,27.3,9.0,4.9,1.2,4.5,9.9,22385.0,70.8602,859.1159,57.66,0.1019,12.853,33.94,24.8,0.0,1.5,8.26,1.055,0.038,27.76315789473684,25.312784325279907
추동,2024-09-02,26.6,8.8,5.3,0.9,7.3,13.5,28952.0,70.8602,859.1159,57.66,0.1019,12.853,33.94,24.8,0.0,1.5,8.26,,,,25.312784325279907
회남,2024-09-02,24.3,8.4,4.3,1.3,24.1,11.7,20749.0,70.8602,859.1159,57.66,0.1019,12.853,33.94,24.8,0.0,1.5,8.26,,,,25.312784325279907
문의,2024-09-05,27.5,8.9,5.5,1.4,6.1,12.1,28860.0,70.7599,853.7234,57.3,0.0525,9.829,36.557,27.2,0.0,6.8,18.91,,,,23.353212790983942
회남,2024-09-05,24.6,8.0,2.9,1.8,16.9,9.0,11065.0,70.7599,853.7234,57.3,0.0525,9.829,36.557,27.2,0.0,6.8,18.91,,,,23.353212790983942
문의,2024-09-09,27.4,8.9,4.2,1.3,4.2,9.0,19328.0,70.619,846.1831,56.79,0.0,10.332,31.843,29.0,,6.5,18.6,1.051,0.044,23.88636363636364,26.573598593097383
추동,2024-09-09,27.1,9.0,6.1,1.0,9.7,12.9,37106.0,70.619,846.1831,56.79,0.0,10.332,31.843,29.0,,6.5,18.6,,,,26.573598593097383
회남,2024-09-09,24.8,8.4,3.5,1.4,21.3,6.8,17201.0,70.619,846.1831,56.79,0.0,10.332,31.843,29.0,,6.5,18.6,,,,26.573598593097383
문의,2024-09-12,27.9,9.2,5.0,1.2,3.5,8.6,12675.0,70.5391,841.9254,56.51,13.1994,25.098,34.892,26.5,4.1,0.0,8.28,,,,24.129468072910694
추동,2024-09-12,27.2,9.1,5.6,0.9,9.3,11.8,28667.0,70.5391,841.9254,56.51,13.1994,25.098,34.892,26.5,4.1,0.0,8.28,,,,24.129468072910694
회남,2024-09-12,24.4,8.4,3.7,1.2,20.2,8.0,16319.0,70.5391,841.9254,56.51,13.1994,25.098,34.892,26.5,4.1,0.0,8.28,,,,24.129468072910694
문의,2024-09-19,28.6,9.1,5.2,1.4,5.3,8.3,22266.0,70.5012,839.9103,56.37,1.8068,73.944,33.412,28.5,,4.9,16.45,0.802,0.049,16.367346938775512,25.13798335927212
추동,2024-09-19,27.5,8.8,4.4,1.6,11.0,10.3,24892.0,70.5012,839.9103,56.37,1.8068,73.944,33.412,28.5,,4.9,16.45,,,,25.13798335927212
회남,2024-09-19,24.0,8.1,2.9,1.6,20.4,7.1,8756.0,70.5012,839.9103,56.37,1.8068,73.944,33.412,28.5,,4.9,16.45,,,,25.13798335927212
문의,2024-09-23,26.7,8.1,3.7,1.3,5.0,6.7,11994.0,74.004,1038.618,69.71,0.0,204.251,33.215,21.0,,11.3,22.27,1.038,0.019,54.631578947368425,31.269546891464696
추동,2024-09-23,26.1,7.2,4.2,0.6,10.0,7.6,11553.0,74.004,1038.618,69.71,0.0,204.251,33.215,21.0,,11.3,22.27,,,,31.269546891464696
회남,2024-09-23,23.9,6.7,1.8,1.0,21.9,3.9,2735.0,74.004,1038.618,69.71,0.0,204.251,33.215,21.0,,11.3,22.27,,,,31.269546891464696
문의,2024-09-26,26.9,8.6,5.1,1.2,4.5,8.2,17586.0,74.2269,1052.1149,70.61,0.0,62.742,32.515,24.1,,5.6,15.14,,,,32.35783176995233
추동,2024-09-26,26.1,8.4,5.3,0.8,9.8,16.5,27725.0,74.2269,1052.1149,70.61,0.0,62.742,32.515,24.1,,5.6,15.14,,,,32.35783176995233
문의,2024-09-30,25.9,7.8,4.6,1.7,3.4,6.4,16302.0,74.2501,1053.5256,70.71,0.0,23.286,34.342,21.0,,11.0,19.94,1.017,0.04,25.425,30.67746782365617
추동,2024-09-30,25.5,7.6,5.3,1.2,7.9,12.6,21154.0,74.2501,1053.5256,70.71,0.0,23.286,34.342,21.0,,11.0,19.94,,,,30.67746782365617
회남,2024-09-30,23.7,7.3,3.9,1.6,8.7,22.1,14538.0,74.2501,1053.5256,70.71,0.0,23.286,34.342,21.0,,11.0,19.94,,,,30.67746782365617
문의,2024-10-02,24.8,7.2,3.4,1.7,8.0,9.1,10568.0,74.2378,1052.7775,70.66,0.0,31.22,32.064,14.9,,8.6,19.18,,,,32.83362961576846
추동,2024-10-02,24.6,7.1,4.3,1.3,4.4,1.9,9203.0,74.2378,1052.7775,70.66,0.0,31.22,32.064,14.9,,8.6,19.18,,,,32.83362961576846
문의,2024-10-07,24.0,6.9,5.2,2.2,4.9,1.9,12039.0,74.2031,1050.6689,70.51,3.8581,26.569,32.052,17.0,2.3,1.0,8.24,1.143,0.03,38.1,32.78013540496693
추동,2024-10-07,23.7,7.0,4.6,1.3,5.7,6.6,16506.0,74.2031,1050.6689,70.51,3.8581,26.569,32.052,17.0,2.3,1.0,8.24,,,,32.78013540496693
회남,2024-10-07,22.5,6.9,3.4,2.2,10.7,14.0,6316.0,74.2031,1050.6689,70.51,3.8581,26.569,32.052,17.0,2.3,1.0,8.24,,,,32.78013540496693
문의,2024-10-10,23.7,7.2,6.1,2.2,5.8,10.0,12482.0,74.1549,1047.7441,70.32,0.037,19.156,32.494,17.7,0.0,5.9,12.93,,,,32.24423278143657
추동,2024-10-10,23.6,7.2,6.3,1.6,5.7,21.2,9544.0,74.1549,1047.7441,70.32,0.037,19.156,32.494,17.7,0.0,5.9,12.93,,,,32.24423278143657
문의,2024-10-14,23.1,7.1,6.0,2.7,2.4,9.5,8977.0,74.0859,1043.5653,70.04,6.6849,24.5,32.273,17.7,8.3,0.0,3.57,1.205,0.029,41.55172413793103,32.335552938989245
추동,2024-10-14,23.0,7.0,6.3,1.7,4.7,22.9,8332.0,74.0859,1043.5653,70.04,6.6849,24.5,32.273,17.7,8.3,0.0,3.57,,,,32.335552938989245
회남,2024-10-14,22.1,7.0,4.2,2.5,10.8,11.2,1325.0,74.0859,1043.5653,70.04,6.6849,24.5,32.273,17.7,8.3,0.0,3.57,,,,32.335552938989245
문의,2024-10-17,23.0,7.1,5.7,2.7,1.7,5.4,5709.0,74.086,1043.5714,70.04,0.0,24.763,32.466,19.1,,6.3,13.99,,,,32.14351629396908
문의,2024-10-21,22.0,7.0,6.0,2.8,2.4,8.4,2944.0,74.1988,1050.4078,70.5,2.5733,37.194,32.275,13.9,0.4,0.7,6.66,1.212,0.027,44.888888888888886,32.545555383423704
추동,2024-10-21,21.9,7.1,7.3,1.7,3.7,29.8,2404.0,74.1988,1050.4078,70.5,2.5733,37.194,32.275,13.9,0.4,0.7,6.66,,,,32.545555383423704
회남,2024-10-21,21.3,7.0,4.3,3.0,9.8,8.0,430.0,74.1988,1050.4078,70.5,2.5733,37.194,32.275,13.9,0.4,0.7,6.66,,,,32.545555383423704
문의,2024-10-28,21.1,7.0,6.8,2.6,2.9,7.5,597.0,74.388,1061.9332,71.27,0.3412,33.578,32.093,14.8,0.0,0.4,5.37,1.349,0.031,43.516129032258064,33.08924687626585
추동,2024-10-28,20.9,7.0,7.6,2.0,2.9,13.0,2133.0,74.388,1061.9332,71.27,0.3412,33.578,32.093,14.8,0.0,0.4,5.37,,,,33.08924687626585
회남,2024-10-28,20.9,7.0,4.6,2.7,7.0,3.2,94.0,74.388,1061.9332,71.27,0.3412,33.578,32.093,14.8,0.0,0.4,5.37,,,,33.08924687626585
문의,2024-11-04,20.5,6.9,6.4,2.3,1.9,11.8,158.0,74.3228,1057.9531,71.0,0.0,20.818,32.113,14.5,,4.6,9.85,1.371,0.023,59.60869565217392,32.944698408744124
추동,2024-11-04,20.3,7.2,8.0,2.0,2.7,22.2,1152.0,74.3228,1057.9531,71.0,0.0,20.818,32.113,14.5,,4.6,9.85,,,,32.944698408744124
회남,2024-11-04,19.9,7.1,6.3,2.3,4.7,6.8,73.0,74.3228,1057.9531,71.0,0.0,20.818,32.113,14.5,,4.6,9.85,,,,32.944698408744124
문의,2024-11-11,19.3,7.5,7.4,2.8,1.8,6.9,162.0,74.2069,1050.8997,70.53,0.0,22.193,32.037,13.3,,9.1,12.95,1.325,0.025,52.99999999999999,32.80268751755782
추동,2024-11-11,19.2,7.3,8.2,2.6,1.9,15.9,837.0,74.2069,1050.8997,70.53,0.0,22.193,32.037,13.3,,9.1,12.95,,,,32.80268751755782
회남,2024-11-11,19.2,7.2,7.4,2.9,3.7,7.2,172.0,74.2069,1050.8997,70.53,0.0,22.193,32.037,13.3,,9.1,12.95,,,,32.80268751755782
문의,2024-11-18,18.2,6.8,7.0,3.6,2.9,15.6,755.0,74.0519,1041.5098,69.9,0.0,14.144,31.704,2.6,,9.2,13.99,1.151,0.019,60.578947368421055,32.85105349482715
추동,2024-11-18,18.0,7.0,8.4,2.2,2.4,22.2,955.0,74.0519,1041.5098,69.9,0.0,14.144,31.704,2.6,,9.2,13.99,,,,32.85105349482715
회남,2024-11-18,17.9,6.9,7.2,2.8,4.3,12.0,39.0,74.0519,1041.5098,69.9,0.0,14.144,31.704,2.6,,9.2,13.99,,,,32.85105349482715
문의,2024-11-25,16.9,6.8,6.4,3.3,1.4,6.9,115.0,73.89,1031.7544,69.25,0.2732,15.627,32.117,9.7,0.3,7.5,10.98,1.282,0.024,53.41666666666666,32.12486844973068
추동,2024-11-25,16.7,7.0,8.2,3.5,2.4,10.6,68.0,73.89,1031.7544,69.25,0.2732,15.627,32.117,9.7,0.3,7.5,10.98,,,,32.12486844973068
회남,2024-11-25,16.9,6.9,7.5,2.5,3.3,7.2,40.0,73.89,1031.7544,69.25,0.2732,15.627,32.117,9.7,0.3,7.5,10.98,,,,32.12486844973068
문의,2024-12-02,15.5,6.9,7.0,4.0,1.5,6.1,0.0,73.8379,1028.6266,69.04,0.0,22.49,32.281,8.3,0.0,5.1,7.75,1.452,0.014,103.71428571428572,31.864768749419166
추동,2024-12-02,14.8,7.1,8.6,3.0,1.9,9.7,257.0,73.8379,1028.6266,69.04,0.0,22.49,32.281,8.3,0.0,5.1,7.75,,,,31.864768749419166
회남,2024-12-02,15.3,7.0,7.9,2.5,3.8,5.1,0.0,73.8379,1028.6266,69.04,0.0,22.49,32.281,8.3,0.0,5.1,7.75,,,,31.864768749419166
문의,2024-12-09,13.7,6.9,8.1,4.2,1.8,7.9,0.0,73.7422,1022.8956,68.65,0.0,17.973,32.371,2.0,,5.7,8.68,1.414,0.017,83.17647058823529,31.59913502826604
추동,2024-12-09,13.2,6.9,9.0,3.5,1.9,7.8,0.0,73.7422,1022.8956,68.65,0.0,17.973,32.371,2.0,,5.7,8.68,,,,31.59913502826604
회남,2024-12-09,13.5,6.8,8.4,2.5,5.6,4.4,0.0,73.7422,1022.8956,68.65,0.0,17.973,32.371,2.0,,5.7,8.68,,,,31.59913502826604
문의,2024-12-16,12.3,6.9,8.2,3.8,1.7,5.6,0.0,73.613,1015.1883,68.13,0.3145,21.108,32.065,2.7,0.1,6.8,10.22,1.478,0.014,105.57142857142856,31.660324341181976
추동,2024-12-16,11.8,7.0,9.2,3.3,2.0,6.4,90.0,73.613,1015.1883,68.13,0.3145,21.108,32.065,2.7,0.1,6.8,10.22,,,,31.660324341181976
회남,2024-12-16,12.0,7.0,8.8,3.0,3.8,4.0,0.0,73.613,1015.1883,68.13,0.3145,21.108,32.065,2.7,0.1,6.8,10.22,,,,31.660324341181976
문의,2024-12-23,10.7,6.8,8.6,3.5,1.5,3.9,0.0,73.4641,1006.3483,67.54,0.2352,15.405,32.341,-0.4,0.0,4.2,6.87,,,,31.116796017439164
추동,2024-12-23,10.3,7.0,9.7,3.5,1.7,7.1,0.0,73.4641,1006.3483,67.54,0.2352,15.405,32.341,-0.4,0.0,4.2,6.87,,,,31.116796017439164
회남,2024-12-23,10.7,7.0,9.3,3.0,2.2,4.3,60.0,73.4641,1006.3483,67.54,0.2352,15.405,32.341,-0.4,0.0,4.2,6.87,,,,31.116796017439164
문의,2024-12-30,9.9,7.1,8.7,2.8,1.4,4.6,0.0,73.3056,996.9883,66.91,0.0,11.619,32.146,6.7,0.0,2.1,5.55,,,,31.01438126049897
추동,2024-12-30,9.3,7.2,10.1,2.8,1.8,7.1,140.0,73.3056,996.9883,66.91,0.0,11.619,32.146,6.7,0.0,2.1,5.55,,,,31.01438126049897
회남,2024-12-30,9.5,7.2,9.7,3.2,3.1,5.1,0.0,73.3056,996.9883,66.91,0.0,11.619,32.146,6.7,0.0,2.1,5.55,,,,31.01438126049897
문의,2025-01-06,9.0,7.1,9.0,2.6,3.5,4.2,130.0,73.13,986.6786,66.22,3.4313,12.02,33.032,2.0,1.8,1.2,4.69,1.4,0.015,93.33333333333331,29.870386292080408
추동,2025-01-06,8.5,7.1,10.4,2.9,1.8,4.8,0.0,73.13,986.6786,66.22,3.4313,12.02,33.032,2.0,1.8,1.2,4.69,,,,29.870386292080408
회남,2025-01-06,8.7,7.1,10.1,3.6,2.5,7.4,97.0,73.13,986.6786,66.22,3.4313,12.02,33.032,2.0,1.8,1.2,4.69,,,,29.870386292080408
문의,2025-01-13,7.8,6.9,9.3,2.7,2.6,4.2,0.0,72.9519,976.2868,65.52,0.073,17.135,33.299,1.1,,7.8,11.61,1.379,0.012,114.91666666666669,29.31880236643743
추동,2025-01-13,7.0,7.0,10.8,3.6,1.8,6.3,0.0,72.9519,976.2868,65.52,0.073,17.135,33.299,1.1,,7.8,11.61,,,,29.31880236643743
회남,2025-01-13,7.5,7.0,10.5,4.5,1.4,5.9,0.0,72.9519,976.2868,65.52,0.073,17.135,33.299,1.1,,7.8,11.61,,,,29.31880236643743
문의,2025-01-20,7.3,6.8,9.5,3.0,2.6,4.9,0.0,72.7708,965.7867,64.82,0.0,14.376,33.182,2.8,,3.0,7.09,1.435,0.018,79.72222222222223,29.10574106443252
추동,2025-01-20,6.5,6.9,11.1,4.2,1.4,5.4,0.0,72.7708,965.7867,64.82,0.0,14.376,33.182,2.8,,3.0,7.09,,,,29.10574106443252
회남,2025-01-20,7.0,7.0,10.8,3.7,1.8,4.5,0.0,72.7708,965.7867,64.82,0.0,14.376,33.182,2.8,,3.0,7.09,,,,29.10574106443252
문의,2025-02-03,6.4,6.8,10.2,3.5,1.6,4.2,0.0,72.4215,945.7247,63.47,0.1608,20.769,32.994,-1.4,0.2,9.0,15.17,1.311,0.012,109.25,28.663535794386856
추동,2025-02-03,6.0,7.1,11.2,4.1,1.2,5.7,0.0,72.4215,945.7247,63.47,0.1608,20.769,32.994,-1.4,0.2,9.0,15.17,,,,28.663535794386856
회남,2025-02-03,6.0,7.0,11.2,4.3,1.5,4.8,0.0,72.4215,945.7247,63.47,0.1608,20.769,32.994,-1.4,0.2,9.0,15.17,,,,28.663535794386856
문의,2025-02-10,5.4,6.8,11.1,4.7,1.5,5.6,0.0,72.2438,935.6146,62.79,0.0273,22.634,32.745,-2.6,0.0,5.1,10.56,1.313,0.007,187.57142857142856,28.57274698427241
추동,2025-02-10,4.8,7.0,12.1,3.4,1.5,6.7,0.0,72.2438,935.6146,62.79,0.0273,22.634,32.745,-2.6,0.0,5.1,10.56,,,,28.57274698427241
회남,2025-02-10,5.3,7.0,11.6,3.7,1.6,4.8,0.0,72.2438,935.6146,62.79,0.0273,22.634,32.745,-2.6,0.0,5.1,10.56,,,,28.57274698427241
문의,2025-02-17,5.6,6.7,11.5,3.6,1.3,6.1,0.0,72.0696,925.7667,62.13,0.0663,15.294,33.044,1.3,,10.0,17.69,1.385,0.006,230.83333333333331,28.01618145502966
추동,2025-02-17,4.8,6.9,12.3,3.1,1.6,6.2,0.0,72.0696,925.7667,62.13,0.0663,15.294,33.044,1.3,,10.0,17.69,,,,28.01618145502966
회남,2025-02-17,5.2,6.9,11.8,4.1,1.3,4.2,74.0,72.0696,925.7667,62.13,0.0663,15.294,33.044,1.3,,10.0,17.69,,,,28.01618145502966
문의,2025-02-24,5.1,6.9,12.2,2.5,1.4,6.3,0.0,71.888,915.5667,61.45,0.0,13.868,32.603,-0.7,,10.3,19.21,1.491,0.034,43.85294117647059,28.082283838910527
추동,2025-02-24,4.5,7.0,12.7,3.2,1.5,5.8,0.0,71.888,915.5667,61.45,0.0,13.868,32.603,-0.7,,10.3,19.21,,,,28.082283838910527
회남,2025-02-24,4.9,7.0,12.1,3.7,1.7,4.4,0.0,71.888,915.5667,61.45,0.0,13.868,32.603,-0.7,,10.3,19.21,,,,28.082283838910527
문의,2025-03-04,5.3,7.1,12.0,3.1,2.0,6.8,0.0,71.8099,911.2009,61.15,3.5201,63.691,32.965,3.4,0.9,0.8,6.16,1.439,0.015,95.93333333333334,27.641465190353404
추동,2025-03-04,5.2,7.2,12.7,2.9,7.7,7.1,0.0,71.8099,911.2009,61.15,3.5201,63.691,32.965,3.4,0.9,0.8,6.16,,,,27.641465190353404
회남,2025-03-04,4.9,7.1,12.2,3.3,1.6,4.9,130.0,71.8099,911.2009,61.15,3.5201,63.691,32.965,3.4,0.9,0.8,6.16,,,,27.641465190353404
문의,2025-03-10,6.2,7.0,12.3,3.8,1.4,2.4,0.0,71.941,918.5366,61.65,0.0,40.15,33.075,8.2,,10.8,17.64,1.297,0.006,216.16666666666663,27.771325774754345
추동,2025-03-10,6.1,7.3,13.0,3.2,1.5,6.8,0.0,71.941,918.5366,61.65,0.0,40.15,33.075,8.2,,10.8,17.64,,,,27.771325774754345
회남,2025-03-10,5.7,7.3,12.5,3.5,1.7,4.5,24.0,71.941,918.5366,61.65,0.0,40.15,33.075,8.2,,10.8,17.64,,,,27.771325774754345
문의,2025-03-17,7.1,7.4,12.3,3.8,1.1,4.9,0.0,71.898,916.1266,61.49,0.0,21.301,32.972,3.8,,11.1,21.51,1.309,0.011,119.0,27.78498726191921
추동,2025-03-17,6.9,7.3,12.6,3.2,2.1,4.1,22.0,71.898,916.1266,61.49,0.0,21.301,32.972,3.8,,11.1,21.51,,,,27.78498726191921
회남,2025-03-17,5.8,7.3,12.3,3.3,2.1,2.5,0.0,71.898,916.1266,61.49,0.0,21.301,32.972,3.8,,11.1,21.51,,,,27.78498726191921
문의,2025-03-24,10.3,7.1,11.8,2.3,1.5,2.1,0.0,71.7888,910.0236,61.08,0.0,22.14,35.056,16.6,0.0,8.3,19.25,1.288,0.016,80.5,25.95913966225468
추동,2025-03-24,7.2,7.3,12.1,4.5,1.6,1.5,0.0,71.7888,910.0236,61.08,0.0,22.14,35.056,16.6,0.0,8.3,19.25,,,,25.95913966225468
회남,2025-03-24,9.5,7.3,11.5,2.5,1.3,1.7,0.0,71.7888,910.0236,61.08,0.0,22.14,35.056,16.6,0.0,8.3,19.25,,,,25.95913966225468
문의,2025-03-31,8.4,7.0,11.6,3.8,2.1,2.7,36.0,71.6649,903.1286,60.61,0.0,23.621,33.327,8.1,,8.8,21.06,1.453,0.011,132.0909090909091,27.099006811294142
추동,2025-03-31,8.2,7.1,11.8,3.5,1.8,4.8,0.0,71.6649,903.1286,60.61,0.0,23.621,33.327,8.1,,8.8,21.06,,,,27.099006811294142
회남,2025-03-31,7.9,7.1,11.7,4.4,2.1,3.8,122.0,71.6649,903.1286,60.61,0.0,23.621,33.327,8.1,,8.8,21.06,,,,27.099006811294142
문의,2025-04-08,10.3,7.2,11.9,3.0,1.4,1.8,0.0,71.4762,892.6883,59.91,0.0,17.565,32.887,15.6,,10.4,23.97,1.257,0.01,125.7,27.14410861434609
추동,2025-04-08,8.6,7.4,11.7,3.7,1.5,2.7,0.0,71.4762,892.6883,59.91,0.0,17.565,32.887,15.6,,10.4,23.97,,,,27.14410861434609
회남,2025-04-08,8.8,7.3,11.6,4.7,0.9,2.8,0.0,71.4762,892.6883,59.91,0.0,17.565,32.887,15.6,,10.4,23.97,,,,27.14410861434609
문의,2025-04-14,11.0,8.1,11.5,2.3,1.8,6.8,0.0,71.347,885.5821,59.44,4.6288,26.864,32.58,5.1,6.2,0.9,9.1,1.254,0.008,156.75,27.18177102516881
추동,2025-04-14,8.8,7.8,11.3,2.3,2.3,4.8,0.0,71.347,885.5821,59.44,4.6288,26.864,32.58,5.1,6.2,0.9,9.1,,,,27.18177102516881
회남,2025-04-14,8.8,7.9,11.4,2.8,1.6,5.6,0.0,71.347,885.5821,59.44,4.6288,26.864,32.58,5.1,6.2,0.9,9.1,,,,27.18177102516881
문의,2025-04-21,12.6,8.2,11.2,3.0,1.4,3.3,54.0,71.2099,878.079,58.93,0.0,16.79,31.896,21.5,,8.1,23.31,1.246,0.01,124.6,27.52943942814146
추동,2025-04-21,14.0,7.9,9.3,3.6,1.7,2.2,0.0,71.2099,878.079,58.93,0.0,16.79,31.896,21.5,,8.1,23.31,,,,27.52943942814146
회남,2025-04-21,10.2,8.1,11.1,3.3,1.5,6.7,0.0,71.2099,878.079,58.93,0.0,16.79,31.896,21.5,,8.1,23.31,,,,27.52943942814146
문의,2025-04-28,12.7,8.0,11.1,3.0,1.4,3.2,0.0,71.125,873.452,58.62,0.0,16.5,33.26,15.3,,12.7,28.33,1.321,0.01,132.1,26.261334936861097
추동,2025-04-28,11.5,7.8,10.6,3.5,2.2,3.1,0.0,71.125,873.452,58.62,0.0,16.5,33.26,15.3,,12.7,28.33,,,,26.261334936861097
회남,2025-04-28,10.4,7.9,10.6,3.4,1.5,3.4,0.0,71.125,873.452,58.62,0.0,16.5,33.26,15.3,,12.7,28.33,,,,26.261334936861097
문의,2025-05-07,14.4,8.0,10.6,3.0,2.0,2.6,0.0,70.9846,865.8329,58.11,0.0,46.011,57.479,14.7,,10.6,26.59,1.21,0.011,110.0,15.063464917622088
추동,2025-05-07,12.4,7.7,10.0,3.8,1.7,2.4,0.0,70.9846,865.8329,58.11,0.0,46.011,57.479,14.7,,10.6,26.59,,,,15.063464917622088
회남,2025-05-07,10.9,7.6,9.7,6.6,1.2,1.2,0.0,70.9846,865.8329,58.11,0.0,46.011,57.479,14.7,,10.6,26.59,,,,15.063464917622088
문의,2025-05-12,14.7,7.9,10.3,3.7,2.1,3.2,0.0,70.8789,860.1236,57.73,0.0,51.8,56.73,17.7,,13.0,28.78,1.389,0.01,138.9,15.1617063282214
추동,2025-05-12,12.6,7.7,10.2,3.7,1.6,3.3,0.0,70.8789,860.1236,57.73,0.0,51.8,56.73,17.7,,13.0,28.78,,,,15.1617063282214
회남,2025-05-12,11.3,7.6,9.4,5.5,1.7,2.1,0.0,70.8789,860.1236,57.73,0.0,51.8,56.73,17.7,,13.0,28.78,,,,15.1617063282214
문의,2025-05-19,15.3,8.3,10.1,3.5,1.7,3.3,0.0,70.9251,862.6162,57.89,0.0,84.468,58.925,18.8,,4.3,15.54,1.291,0.016,80.6875,14.63922274077217
추동,2025-05-19,14.8,8.1,10.2,3.5,2.0,4.8,0.0,70.9251,862.6162,57.89,0.0,84.468,58.925,18.8,,4.3,15.54,,,,14.63922274077217
회남,2025-05-19,12.0,8.0,8.9,4.3,1.4,2.8,0.0,70.9251,862.6162,57.89,0.0,84.468,58.925,18.8,,4.3,15.54,,,,14.63922274077217
문의,2025-05-26,17.0,8.2,10.0,5.7,1.2,3.2,72.0,70.6985,850.4326,57.08,0.0,25.785,58.968,19.7,,,,1.287,0.006,214.5,14.421933930267262
추동,2025-05-26,15.0,7.9,9.7,2.8,1.4,4.3,0.0,70.6985,850.4326,57.08,0.0,25.785,58.968,19.7,,,,,,,14.421933930267262
회남,2025-05-26,12.8,7.7,8.4,5.1,1.3,4.3,24.0,70.6985,850.4326,57.08,0.0,25.785,58.968,19.7,,,,,,,14.421933930267262
문의,2025-06-02,19.1,8.4,10.2,5.5,1.2,3.2,56.0,70.2249,825.3096,55.39,0.0,19.725,77.684,20.4,0.0,0.0,9.34,1.205,0.01,120.5,10.623932856186602
추동,2025-06-02,16.9,8.0,9.4,4.3,1.3,3.4,0.0,70.2249,825.3096,55.39,0.0,19.725,77.684,20.4,0.0,0.0,9.34,,,,10.623932856186602
회남,2025-06-02,13.5,7.7,7.9,4.5,1.7,3.5,0.0,70.2249,825.3096,55.39,0.0,19.725,77.684,20.4,0.0,0.0,9.34,,,,10.623932856186602
문의,2025-06-09,22.1,8.5,9.8,2.5,1.2,4.9,67.0,69.5052,788.0162,52.89,0.0,15.026,77.823,25.5,,9.9,26.19,1.282,0.012,106.83333333333331,10.125749457101373
추동,2025-06-09,18.5,8.1,9.5,2.9,1.5,5.6,0.0,69.5052,788.0162,52.89,0.0,15.026,77.823,25.5,,9.9,26.19,,,,10.125749457101373
회남,2025-06-09,15.5,7.7,6.7,3.6,1.4,4.0,210.0,69.5052,788.0162,52.89,0.0,15.026,77.823,25.5,,9.9,26.19,,,,10.125749457101373
문의,2025-06-16,23.3,8.6,9.7,3.6,1.2,6.3,111.0,69.3958,782.4408,52.51,9.7324,151.038,261.574,24.2,26.3,3.8,12.91,1.19,0.021,56.66666666666666,2.991278949742711
추동,2025-06-16,21.7,8.1,8.9,2.4,2.0,7.6,38.0,69.3958,782.4408,52.51,9.7324,151.038,261.574,24.2,26.3,3.8,12.91,,,,2.991278949742711
회남,2025-06-16,16.1,7.5,4.7,2.3,2.1,5.5,24.0,69.3958,782.4408,52.51,9.7324,151.038,261.574,24.2,26.3,3.8,12.91,,,,2.991278949742711
문의,2025-06-23,25.5,8.1,8.3,1.8,4.2,5.7,90.0,69.97,811.9792,54.5,0.0,369.403,252.358,25.1,,13.5,29.0,1.236,0.035,35.31428571428571,3.217568692096149
추동,2025-06-23,24.4,8.1,8.5,2.3,2.5,6.6,146.0,69.97,811.9792,54.5,0.0,369.403,252.358,25.1,,13.5,29.0,,,,3.217568692096149
회남,2025-06-23,18.9,7.5,4.7,1.9,6.1,5.8,191.0,69.97,811.9792,54.5,0.0,369.403,252.358,25.1,,13.5,29.0,,,,3.217568692096149
문의,2025-06-30,25.1,7.9,7.0,2.2,1.9,4.7,118.0,69.6511,795.4902,53.39,0.0,83.38,76.187,29.1,,11.7,28.75,1.079,0.01,107.9,10.441285258639926
추동,2025-06-30,24.8,7.9,6.5,2.0,2.4,5.7,331.0,69.6511,795.4902,53.39,0.0,83.38,76.187,29.1,,11.7,28.75,,,,10.441285258639926
회남,2025-06-30,21.0,7.8,6.0,1.7,4.1,5.0,626.0,69.6511,795.4902,53.39,0.0,83.38,76.187,29.1,,11.7,28.75,,,,10.441285258639926
문의,2025-07-07,26.0,8.0,5.6,3.3,1.7,6.8,759.0,69.5452,790.061,53.02,0.3646,23.11,46.102,30.0,,8.6,24.07,0.94,0.017,55.29411764705882,17.137239165329056
추동,2025-07-07,25.5,8.0,5.7,2.7,2.8,7.1,982.0,69.5452,790.061,53.02,0.3646,23.11,46.102,30.0,,8.6,24.07,,,,17.137239165329056
회남,2025-07-07,21.7,7.8,5.7,3.7,3.4,4.1,620.0,69.5452,790.061,53.02,0.3646,23.11,46.102,30.0,,8.6,24.07,,,,17.137239165329056
문의,2025-07-14,26.0,8.1,5.3,3.4,2.2,4.7,569.0,69.1723,771.1271,51.75,6.8218,20.209,45.835,23.4,20.9,4.0,16.43,1.182,0.021,56.28571428571428,16.82397949165485
추동,2025-07-14,24.9,7.9,4.3,2.4,2.2,5.6,826.0,69.1723,771.1271,51.75,6.8218,20.209,45.835,23.4,20.9,4.0,16.43,,,,16.82397949165485
회남,2025-07-14,20.6,8.6,6.8,1.3,3.3,7.4,1276.0,69.1723,771.1271,51.75,6.8218,20.209,45.835,23.4,20.9,4.0,16.43,,,,16.82397949165485
문의,2025-07-21,24.7,7.9,5.1,2.4,5.4,7.6,9948.0,73.56,1012.0365,67.92,1.5731,290.857,47.015,28.4,,9.1,23.59,1.135,0.031,36.612903225806456,21.525821546315008
추동,2025-07-21,25.1,7.7,3.9,2.2,6.4,6.7,1073.0,73.56,1012.0365,67.92,1.5731,290.857,47.015,28.4,,9.1,23.59,,,,21.525821546315008
회남,2025-07-21,20.6,7.7,5.3,1.3,14.4,8.4,710.0,73.56,1012.0365,67.92,1.5731,290.857,47.015,28.4,,9.1,23.59,,,,21.525821546315008
문의,2025-07-28,26.9,7.8,4.5,2.9,3.3,3.8,3096.0,72.516,951.1276,63.83,0.0,33.276,237.825,30.9,,,20.76,1.137,0.042,27.07142857142857,3.9992750972353615
추동,2025-07-28,25.0,7.3,3.9,2.5,4.2,1.4,950.0,72.516,951.1276,63.83,0.0,33.276,237.825,30.9,,,20.76,,,,3.9992750972353615
회남,2025-07-28,25.0,7.8,6.7,2.1,6.9,6.6,4705.0,72.516,951.1276,63.83,0.0,33.276,237.825,30.9,,,20.76,,,,3.9992750972353615
문의,2025-08-04,26.9,8.5,5.6,1.1,4.2,20.0,17585.0,72.4774,948.9185,63.69,19.7962,129.492,49.572,28.4,11.4,6.2,20.96,1.262,0.036,35.05555555555556,19.14222746711853
추동,2025-08-04,25.2,7.9,4.7,2.1,4.0,7.8,896.0,72.4774,948.9185,63.69,19.7962,129.492,49.572,28.4,11.4,6.2,20.96,,,,19.14222746711853
회남,2025-08-04,24.5,7.7,6.7,0.9,8.1,18.1,23323.0,72.4774,948.9185,63.69,19.7962,129.492,49.572,28.4,11.4,6.2,20.96,,,,19.14222746711853
문의,2025-08-11,27.6,8.1,4.9,1.2,3.7,15.8,11129.0,72.1459,930.0724,62.42,4.9376,53.868,157.308,24.3,2.3,0.3,7.51,1.307,0.02,65.35,5.912429119943042
추동,2025-08-11,26.3,7.8,5.4,2.3,2.9,12.6,4228.0,72.1459,930.0724,62.42,4.9376,53.868,157.308,24.3,2.3,0.3,7.51,,,,5.912429119943042
회남,2025-08-11,24.4,8.0,6.7,0.8,11.9,30.4,38665.0,72.1459,930.0724,62.42,4.9376,53.868,157.308,24.3,2.3,0.3,7.51,,,,5.912429119943042
문의,2025-08-13,28.1,8.4,5.6,1.3,3.4,14.7,9922.0,72.1138,928.2595,62.3,1.7964,39.326,49.651,26.8,5.4,2.2,12.9,,,,18.69568588749471
회남,2025-08-13,24.6,7.7,5.0,0.9,11.0,15.7,23733.0,72.1138,928.2595,62.3,1.7964,39.326,49.651,26.8,5.4,2.2,12.9,,,,18.69568588749471
문의,2025-08-18,28.3,8.0,3.8,1.3,3.9,9.1,11661.0,71.95,919.0415,61.68,0.0,20.914,49.51,29.2,,8.6,22.31,1.065,0.027,39.44444444444444,18.5627449000202
추동,2025-08-18,27.5,7.8,5.0,1.4,4.4,9.9,9604.0,71.95,919.0415,61.68,0.0,20.914,49.51,29.2,,8.6,22.31,,,,18.5627449000202
회남,2025-08-18,24.2,8.1,6.6,0.4,38.0,31.9,194194.0,71.95,919.0415,61.68,0.0,20.914,49.51,29.2,,8.6,22.31,,,,18.5627449000202
문의,2025-08-21,29.4,8.1,4.3,1.5,7.0,12.4,28737.0,71.8169,911.5917,61.18,0.0,20.496,47.853,29.9,,9.1,22.13,,,,19.049833866215284
회남,2025-08-21,26.0,8.0,6.4,0.6,10.1,15.2,40667.0,71.8169,911.5917,61.18,0.0,20.496,47.853,29.9,,9.1,22.13,,,,19.049833866215284
문의,2025-08-25,28.9,7.9,3.7,2.3,4.9,10.1,22641.0,71.6228,900.793,60.46,0.0,15.078,47.895,30.3,0.0,8.6,22.17,1.265,0.026,48.65384615384615,18.807662595260464
추동,2025-08-25,27.0,7.9,4.0,1.7,2.9,16.0,7460.0,71.6228,900.793,60.46,0.0,15.078,47.895,30.3,0.0,8.6,22.17,,,,18.807662595260464
회남,2025-08-25,25.4,7.9,5.9,0.8,9.3,14.1,24560.0,71.6228,900.793,60.46,0.0,15.078,47.895,30.3,0.0,8.6,22.17,,,,18.807662595260464
문의,2025-08-28,28.8,8.2,3.8,1.7,4.4,12.4,12484.0,71.551,896.818,60.19,0.0525,25.39,47.865,28.1,,8.2,20.75,,,,18.73640447090776
회남,2025-08-28,26.0,8.1,4.7,0.8,12.3,13.9,28182.0,71.551,896.818,60.19,0.0525,25.39,47.865,28.1,,8.2,20.75,,,,18.73640447090776
문의,2025-09-01,28.9,8.1,3.7,1.6,5.7,7.4,8565.0,71.3987,888.4215,59.63,21.7629,29.285,37.113,26.8,7.4,5.6,16.24,1.297,0.022,58.95454545454545,23.93828308140005
추동,2025-09-01,27.2,7.6,4.4,1.7,3.6,5.7,5412.0,71.3987,888.4215,59.63,21.7629,29.285,37.113,26.8,7.4,5.6,16.24,,,,23.93828308140005
회남,2025-09-01,25.4,7.9,4.4,1.1,8.9,10.3,30536.0,71.3987,888.4215,59.63,21.7629,29.285,37.113,26.8,7.4,5.6,16.24,,,,23.93828308140005
문의,2025-09-04,28.0,8.0,3.5,2.1,4.5,6.4,7885.0,71.488,893.339,59.96,1.0545,50.58,37.817,26.1,0.4,4.0,11.25,,,,23.622682920379724
회남,2025-09-04,24.4,8.0,4.1,0.8,9.8,8.5,26975.0,71.488,893.339,59.96,1.0545,50.58,37.817,26.1,0.4,4.0,11.25,,,,23.622682920379724
문의,2025-09-08,27.9,8.2,3.4,2.0,4.3,4.3,6920.0,71.8292,912.2786,61.23,0.3021,182.35,37.997,22.2,0.0,0.1,7.38,1.216,0.024,50.66666666666666,24.009227044240333
추동,2025-09-08,27.1,7.8,4.8,1.6,6.8,8.9,15506.0,71.8292,912.2786,61.23,0.3021,182.35,37.997,22.2,0.0,0.1,7.38,,,,24.009227044240333
회남,2025-09-08,24.0,7.6,3.2,1.0,9.2,11.8,24974.0,71.8292,912.2786,61.23,0.3021,182.35,37.997,22.2,0.0,0.1,7.38,,,,24.009227044240333
회남,2025-09-11,25.2,7.7,2.5,1.3,9.8,8.3,23710.0,71.997,921.6808,61.86,0.0,52.826,37.805,24.9,,9.3,20.72,,,,24.379865097209365
문의,2025-09-15,27.8,8.5,5.1,2.0,5.1,6.6,14821.0,72.3989,944.4353,63.38,0.0,105.194,37.991,25.3,,2.4,13.39,1.182,0.021,56.28571428571428,24.859448290384563
추동,2025-09-15,26.1,7.6,4.6,1.8,7.5,14.2,30297.0,72.3989,944.4353,63.38,0.0,105.194,37.991,25.3,,2.4,13.39,,,,24.859448290384563
회남,2025-09-15,24.8,7.6,2.9,1.0,13.0,9.2,23673.0,72.3989,944.4353,63.38,0.0,105.194,37.991,25.3,,2.4,13.39,,,,24.859448290384563
추동,2025-09-18,26.3,8.0,5.2,1.3,5.8,16.5,26209.0,72.7258,963.1881,64.64,0.6739,114.122,38.276,21.9,0.0,4.3,11.71,,,,25.164283101682518
회남,2025-09-18,24.3,7.7,3.1,1.5,7.3,6.0,10402.0,72.7258,963.1881,64.64,0.6739,114.122,38.276,21.9,0.0,4.3,11.71,,,,25.164283101682518
문의,2025-09-22,26.2,7.7,5.5,2.0,4.7,4.3,12733.0,73.4918,1007.9893,67.65,0.0,125.07,36.155,21.2,,2.1,12.18,1.193,0.017,70.17647058823529,27.879665329829898
추동,2025-09-22,25.8,7.5,6.5,1.9,6.3,14.1,13172.0,73.4918,1007.9893,67.65,0.0,125.07,36.155,21.2,,2.1,12.18,,,,27.879665329829898
회남,2025-09-22,23.3,7.1,3.3,1.9,6.6,5.2,7141.0,73.4918,1007.9893,67.65,0.0,125.07,36.155,21.2,,2.1,12.18,,,,27.879665329829898
문의,2025-09-25,26.0,7.9,6.1,2.5,4.3,9.0,11498.0,73.652,1017.5112,68.29,17.2494,80.727,65.556,22.2,14.8,0.0,3.67,,,,15.521252059308074
추동,2025-09-25,25.6,7.7,6.3,1.5,6.7,16.9,26287.0,73.652,1017.5112,68.29,17.2494,80.727,65.556,22.2,14.8,0.0,3.67,,,,15.521252059308074
회남,2025-09-25,23.4,7.1,2.7,1.0,4.7,7.0,8609.0,73.652,1017.5112,68.29,17.2494,80.727,65.556,22.2,14.8,0.0,3.67,,,,15.521252059308074
문의,2025-09-29,25.7,7.5,6.2,2.7,3.4,4.8,8407.0,73.6409,1016.8497,68.24,0.1676,95.542,32.889,19.9,0.0,4.7,13.08,1.18,0.02,58.99999999999999,30.9176229134361
추동,2025-09-29,25.2,7.5,5.8,1.7,4.9,17.4,14209.0,73.6409,1016.8497,68.24,0.1676,95.542,32.889,19.9,0.0,4.7,13.08,,,,30.9176229134361
회남,2025-09-29,22.8,7.1,3.4,2.4,4.0,5.5,12387.0,73.6409,1016.8497,68.24,0.1676,95.542,32.889,19.9,0.0,4.7,13.08,,,,30.9176229134361
문의,2025-10-01,25.5,7.5,5.8,2.0,2.9,6.4,9946.0,73.7588,1023.8883,68.72,0.0,65.979,32.151,20.3,,10.4,18.46,,,,31.846234953811692
추동,2025-10-01,25.1,7.5,5.8,1.5,6.9,15.6,12170.0,73.7588,1023.8883,68.72,0.0,65.979,32.151,20.3,,10.4,18.46,,,,31.846234953811692
추동,2025-10-08,24.1,7.6,7.4,1.2,5.6,27.7,23868.0,74.767,1085.241,72.83,0.4559,277.031,31.326,21.2,1.3,1.7,9.18,,,,34.64345910745068
문의,2025-10-10,24.3,7.4,6.3,2.7,3.0,10.4,13254.0,75.0551,1103.1554,74.04,0.0,110.185,31.507,21.5,,2.4,11.11,,,,35.01302567683372
추동,2025-10-10,24.0,7.4,7.4,1.6,5.1,29.3,25014.0,75.0551,1103.1554,74.04,0.0,110.185,31.507,21.5,,2.4,11.11,,,,35.01302567683372
회남,2025-10-10,23.2,7.1,4.1,2.3,2.3,4.7,3314.0,75.0551,1103.1554,74.04,0.0,110.185,31.507,21.5,,2.4,11.11,,,,35.01302567683372
문의,2025-10-13,23.9,7.2,5.2,2.6,3.4,8.2,8730.0,75.2474,1115.2074,74.85,32.6057,111.622,74.252,18.6,58.3,0.0,1.58,,,,15.01922372461348
추동,2025-10-14,23.5,7.2,5.4,1.9,4.7,22.3,18134.0,75.3592,1122.249,75.32,14.3592,252.434,170.934,18.3,5.7,0.0,5.48,,,,6.565393660711152
회남,2025-10-14,22.8,7.3,5.9,2.9,3.9,11.7,5465.0,75.3592,1122.249,75.32,14.3592,252.434,170.934,18.3,5.7,0.0,5.48,,,,6.565393660711152
추동,2025-10-16,23.5,7.5,7.5,1.6,6.9,21.3,17406.0,75.7111,1144.5801,76.82,29.7864,427.208,223.586,19.4,30.6,0.0,6.6,,,,5.119193956687806
문의,2025-10-20,22.8,7.3,6.4,2.0,2.6,11.7,10083.0,76.084,1168.5201,78.42,0.0,183.332,219.986,11.5,,9.7,15.82,1.207,0.015,80.46666666666667,5.311793023192385
추동,2025-10-20,22.8,7.3,7.3,1.6,6.7,20.8,13266.0,76.084,1168.5201,78.42,0.0,183.332,219.986,11.5,,9.7,15.82,,,,5.311793023192385
회남,2025-10-20,22.0,7.3,7.2,1.8,3.5,10.9,4051.0,76.084,1168.5201,78.42,0.0,183.332,219.986,11.5,,9.7,15.82,,,,5.311793023192385
추동,2025-10-22,22.2,7.3,7.4,1.4,4.9,20.4,14385.0,75.8078,1150.7609,77.23,0.0,100.896,221.311,13.4,,6.3,13.02,,,,5.199745606860933
문의,2025-10-27,21.2,7.1,7.0,2.4,3.1,22.1,7472.0,75.067,1103.899,74.09,0.0,45.109,32.164,9.5,,9.9,16.69,1.067,0.014,76.21428571428571,34.320948886954355
추동,2025-10-27,21.2,7.3,7.7,1.6,4.5,20.6,14127.0,75.067,1103.899,74.09,0.0,45.109,32.164,9.5,,9.9,16.69,,,,34.320948886954355
회남,2025-10-27,20.7,7.3,7.3,2.7,3.0,12.6,2653.0,75.067,1103.899,74.09,0.0,45.109,32.164,9.5,,9.9,16.69,,,,34.320948886954355
추동,2025-10-29,20.6,7.5,8.1,1.4,5.0,16.8,15860.0,75.1058,1106.3256,74.25,0.0,46.401,32.137,9.6,,9.7,15.18,,,,34.4252917198245
문의,2025-11-03,19.5,7.4,8.1,2.0,3.5,21.0,9342.0,75.109,1106.5258,74.26,0.0,32.367,32.367,7.0,,9.7,14.94,1.312,0.017,77.17647058823529,34.18685080483208
추동,2025-11-03,19.4,7.5,8.8,1.5,5.9,21.3,18429.0,75.109,1106.5258,74.26,0.0,32.367,32.367,7.0,,9.7,14.94,,,,34.18685080483208
회남,2025-11-03,19.5,5.9,7.8,2.3,4.6,15.2,2050.0,75.109,1106.5258,74.26,0.0,32.367,32.367,7.0,,9.7,14.94,,,,34.18685080483208
추동,2025-11-06,19.0,7.4,8.6,1.7,4.3,15.9,15606.0,75.089,1105.2745,74.18,0.0,28.121,33.117,11.3,,6.4,11.62,,,,33.37483769665127
문의,2025-11-10,18.7,7.5,8.6,2.1,3.0,28.1,7664.0,75.047,1102.6494,74.0,0.0,20.99,33.138,8.9,,9.6,14.54,1.287,0.015,85.8,33.27447039652363
추동,2025-11-10,18.5,7.6,8.8,1.9,4.2,13.2,14645.0,75.047,1102.6494,74.0,0.0,20.99,33.138,8.9,,9.6,14.54,,,,33.27447039652363
회남,2025-11-10,18.1,7.6,8.1,2.9,2.0,7.4,1780.0,75.047,1102.6494,74.0,0.0,20.99,33.138,8.9,,9.6,14.54,,,,33.27447039652363
추동,2025-11-13,17.9,7.6,9.0,2.3,3.2,12.1,17266.0,75.012,1100.4646,73.86,0.0,22.372,33.206,9.3,,8.1,11.2,,,,33.14053484310064
문의,2025-11-17,17.4,7.5,8.0,2.8,1.7,13.3,2473.0,74.943,1096.1647,73.57,0.1855,16.066,32.715,5.6,,8.3,11.08,1.25,0.012,104.16666666666669,33.50648632125936
추동,2025-11-17,17.2,7.7,9.0,2.1,3.1,13.3,13499.0,74.943,1096.1647,73.57,0.1855,16.066,32.715,5.6,,8.3,11.08,,,,33.50648632125936
회남,2025-11-17,17.2,7.5,8.2,2.2,1.7,7.8,2280.0,74.943,1096.1647,73.57,0.1855,16.066,32.715,5.6,,8.3,11.08,,,,33.50648632125936
추동,2025-11-20,16.3,7.6,9.3,2.2,6.8,7.1,9630.0,74.89,1092.8685,73.35,0.0,19.96,32.981,8.5,,5.3,10.38,,,,33.13630575179649
문의,2025-11-24,16.2,7.5,8.0,4.1,1.1,9.3,1108.0,74.832,1089.2679,73.11,0.0,19.15,32.793,12.0,,6.5,9.68,1.404,0.012,117.0,33.2164760772116
추동,2025-11-24,15.8,7.8,9.4,3.0,2.4,13.4,4238.0,74.832,1089.2679,73.11,0.0,19.15,32.793,12.0,,6.5,9.68,,,,33.2164760772116
회남,2025-11-24,16.1,7.6,8.4,2.5,1.9,7.2,893.0,74.832,1089.2679,73.11,0.0,19.15,32.793,12.0,,6.5,9.68,,,,33.2164760772116
문의,2025-12-01,15.1,7.7,9.0,3.6,1.2,9.8,169.0,74.7619,1084.9254,72.81,0.0,18.956,33.212,7.9,,8.6,11.82,1.485,0.016,92.8125,32.66666867397326
추동,2025-12-01,14.6,7.7,9.6,3.0,5.4,13.4,1638.0,74.7619,1084.9254,72.81,0.0,18.956,33.212,7.9,,8.6,11.82,,,,32.66666867397326
회남,2025-12-01,14.8,7.6,9.0,3.4,1.7,8.4,117.0,74.7619,1084.9254,72.81,0.0,18.956,33.212,7.9,,8.6,11.82,,,,32.66666867397326
문의,2025-12-08,13.4,7.5,8.8,3.6,1.3,9.0,110.0,74.629,1076.7202,72.26,0.0,21.705,32.474,4.9,,8.6,11.61,1.234,0.013,94.92307692307692,33.156377409620006
추동,2025-12-08,12.8,7.8,10.0,3.0,1.6,8.8,547.0,74.629,1076.7202,72.26,0.0,21.705,32.474,4.9,,8.6,11.61,,,,33.156377409620006
회남,2025-12-08,13.2,7.7,9.3,3.7,1.8,6.7,174.0,74.629,1076.7202,72.26,0.0,21.705,32.474,4.9,,8.6,11.61,,,,33.156377409620006
문의,2025-12-15,12.1,7.7,9.5,3.6,1.2,9.1,175.0,74.5269,1070.4411,71.84,0.312,25.358,33.247,1.8,,1.6,6.82,1.462,0.018,81.22222222222223,32.19662225163172
추동,2025-12-15,11.7,7.8,10.0,3.7,1.2,6.1,392.0,74.5269,1070.4411,71.84,0.312,25.358,33.247,1.8,,1.6,6.82,,,,32.19662225163172
회남,2025-12-15,12.0,7.7,9.4,3.5,3.5,6.1,233.0,74.5269,1070.4411,71.84,0.312,25.358,33.247,1.8,,1.6,6.82,,,,32.19662225163172
문의,2025-12-22,11.1,7.6,9.4,4.0,1.2,9.8,55.0,74.392,1062.1776,71.29,0.0,18.432,33.292,-0.5,,8.1,10.9,,,,31.90489006367896
추동,2025-12-22,10.9,7.7,9.7,3.6,1.2,8.1,141.0,74.392,1062.1776,71.29,0.0,18.432,33.292,-0.5,,8.1,10.9,,,,31.90489006367896
회남,2025-12-22,10.6,7.6,9.6,3.7,2.6,6.1,0.0,74.392,1062.1776,71.29,0.0,18.432,33.292,-0.5,,8.1,10.9,,,,31.90489006367896
문의,2025-12-29,10.0,7.4,8.7,2.7,1.6,4.3,0.0,74.28,1055.3452,70.83,1.7101,21.339,33.252,5.3,1.0,2.6,5.33,,,,31.73779622278359
추동,2025-12-29,9.4,7.6,10.0,3.2,1.4,5.4,206.0,74.28,1055.3452,70.83,1.7101,21.339,33.252,5.3,1.0,2.6,5.33,,,,31.73779622278359
회남,2025-12-29,9.8,7.6,9.8,3.8,1.3,7.1,138.0,74.28,1055.3452,70.83,1.7101,21.339,33.252,5.3,1.0,2.6,5.33,,,,31.73779622278359
문의,2026-01-05,8.8,7.5,9.8,2.4,1.5,3.7,0.0,74.133,1046.4167,70.23,0.0,19.354,33.384,-0.2,,8.4,11.35,1.322,0.018,73.44444444444446,31.34485681763719
추동,2026-01-05,8.5,7.6,10.4,4.0,1.6,4.5,49.0,74.133,1046.4167,70.23,0.0,19.354,33.384,-0.2,,8.4,11.35,,,,31.34485681763719
회남,2026-01-05,8.0,7.7,11.0,3.7,1.4,3.7,265.0,74.133,1046.4167,70.23,0.0,19.354,33.384,-0.2,,8.4,11.35,,,,31.34485681763719
문의,2026-01-12,7.4,7.6,10.0,2.7,2.7,3.5,0.0,73.984,1037.4119,69.62,0.3237,17.198,33.182,-1.5,1.3,3.7,6.5,1.425,0.015,95.0,31.264296907962148
추동,2026-01-12,7.5,7.7,10.7,3.0,1.5,2.3,50.0,73.984,1037.4119,69.62,0.3237,17.198,33.182,-1.5,1.3,3.7,6.5,,,,31.264296907962148
회남,2026-01-12,7.1,7.8,11.1,4.1,1.4,4.7,18.0,73.984,1037.4119,69.62,0.3237,17.198,33.182,-1.5,1.3,3.7,6.5,,,,31.264296907962148
문의,2026-01-19,7.5,7.2,9.2,2.5,1.6,2.9,160.0,73.8281,1028.0388,69.0,0.0273,18.342,33.06,-1.0,0.6,3.9,7.56,1.362,0.023,59.21739130434783,31.09615245009074
추동,2026-01-19,7.0,7.4,10.7,3.5,1.4,4.8,0.0,73.8281,1028.0388,69.0,0.0273,18.342,33.06,-1.0,0.6,3.9,7.56,,,,31.09615245009074
회남,2026-01-19,6.8,7.3,10.9,3.8,1.6,4.7,303.0,73.8281,1028.0388,69.0,0.0273,18.342,33.06,-1.0,0.6,3.9,7.56,,,,31.09615245009074
문의,2026-01-26,6.2,7.4,10.1,3.2,1.6,3.4,0.0,73.664,1018.2266,68.34,0.0,18.888,33.386,-3.5,,4.6,9.93,1.492,0.015,99.46666666666668,30.49861019589049
추동,2026-01-26,5.9,7.6,11.2,5.0,1.4,3.8,136.0,73.664,1018.2266,68.34,0.0,18.888,33.386,-3.5,,4.6,9.93,,,,30.49861019589049
회남,2026-01-26,5.5,7.7,11.4,4.8,1.2,4.3,359.0,73.664,1018.2266,68.34,0.0,18.888,33.386,-3.5,,4.6,9.93,,,,30.49861019589049
문의,2026-02-02,5.7,7.4,10.4,3.5,2.4,3.1,150.0,73.49,1007.8827,67.64,1.2274,13.265,32.482,-1.9,2.4,7.1,11.79,1.377,0.008,172.125,31.028960655132074
추동,2026-02-02,4.8,7.6,11.8,4.0,1.4,3.3,268.0,73.49,1007.8827,67.64,1.2274,13.265,32.482,-1.9,2.4,7.1,11.79,,,,31.028960655132074
회남,2026-02-02,5.2,7.6,11.5,4.7,1.6,4.7,92.0,73.49,1007.8827,67.64,1.2274,13.265,32.482,-1.9,2.4,7.1,11.79,,,,31.028960655132074
문의,2026-02-09,5.2,7.5,11.2,3.1,1.8,2.2,226.0,73.345,999.3102,67.07,0.0,16.574,31.596,-2.0,,9.6,15.56,1.345,0.013,103.46153846153848,31.62774401823016
추동,2026-02-09,4.6,7.6,11.9,3.8,1.2,4.1,226.0,73.345,999.3102,67.07,0.0,16.574,31.596,-2.0,,9.6,15.56,,,,31.62774401823016
회남,2026-02-09,4.9,7.7,11.8,2.7,1.1,5.1,128.0,73.345,999.3102,67.07,0.0,16.574,31.596,-2.0,,9.6,15.56,,,,31.62774401823016
문의,2026-02-19,5.8,7.5,11.3,3.2,1.7,4.2,0.0,73.143,987.4397,66.27,0.0,15.613,31.208,2.1,,10.2,17.73,1.355,0.011,123.1818181818182,31.640595360164063
추동,2026-02-19,5.2,7.7,12.3,3.8,1.3,5.0,124.0,73.143,987.4397,66.27,0.0,15.613,31.208,2.1,,10.2,17.73,,,,31.640595360164063
회남,2026-02-19,5.1,7.5,12.0,4.8,1.4,5.0,36.0,73.143,987.4397,66.27,0.0,15.613,31.208,2.1,,10.2,17.73,,,,31.640595360164063
문의,2026-02-23,6.1,7.5,11.4,3.7,1.4,4.3,172.0,73.053,982.1778,65.92,0.0,17.74,31.257,3.0,,6.6,14.71,1.393,0.009,154.7777777777778,31.42265092619253
추동,2026-02-23,5.6,7.7,12.2,4.0,1.5,4.2,136.0,73.053,982.1778,65.92,0.0,17.74,31.257,3.0,,6.6,14.71,,,,31.42265092619253
회남,2026-02-23,5.3,7.7,12.1,3.7,1.5,4.8,142.0,73.053,982.1778,65.92,0.0,17.74,31.257,3.0,,6.6,14.71,,,,31.42265092619253
문의,2026-03-03,5.9,7.5,11.2,3.5,1.6,4.0,128.0,72.94,975.5948,65.48,1.2027,19.73,31.173,6.9,0.1,3.6,12.68,,,,31.29614730696436
추동,2026-03-03,6.2,7.7,12.2,3.2,2.2,4.1,244.0,72.94,975.5948,65.48,1.2027,19.73,31.173,6.9,0.1,3.6,12.68,,,,31.29614730696436
회남,2026-03-03,5.6,7.8,12.1,3.5,1.4,4.5,68.0,72.94,975.5948,65.48,1.2027,19.73,31.173,6.9,0.1,3.6,12.68,,,,31.29614730696436
문의,2026-03-09,6.2,7.6,11.4,3.4,1.3,4.2,0.0,72.928,974.8973,65.43,0.0923,25.778,31.16,2.8,0.0,3.5,9.35,,,,31.286819640564826
추동,2026-03-09,6.2,7.8,12.2,3.5,2.3,4.7,349.0,72.928,974.8973,65.43,0.0923,25.778,31.16,2.8,0.0,3.5,9.35,,,,31.286819640564826
회남,2026-03-09,5.6,7.7,12.3,3.5,2.3,4.8,78.0,72.928,974.8973,65.43,0.0923,25.778,31.16,2.8,0.0,3.5,9.35,,,,31.286819640564826
문의,2026-03-16,6.4,7.7,11.1,3.1,1.0,3.3,0.0,72.802,967.5909,64.94,0.0,20.939,30.986,7.5,,9.0,18.77,,,,31.226712063512554
추동,2026-03-16,7.1,7.9,12.3,3.3,1.6,4.3,373.0,72.802,967.5909,64.94,0.0,20.939,30.986,7.5,,9.0,18.77,,,,31.226712063512554
회남,2026-03-16,6.2,7.8,12.2,3.5,1.6,5.2,178.0,72.802,967.5909,64.94,0.0,20.939,30.986,7.5,,9.0,18.77,,,,31.226712063512554
문의,2026-03-23,7.2,7.7,11.4,3.1,1.0,3.3,27.0,72.677,960.3747,64.45,0.0,25.762,31.096,11.8,,11.5,22.54,,,,30.884187676871623
추동,2026-03-23,7.9,7.8,11.8,3.6,1.8,5.0,63.0,72.677,960.3747,64.45,0.0,25.762,31.096,11.8,,11.5,22.54,,,,30.884187676871623
회남,2026-03-23,7.0,7.8,12.0,3.8,1.5,4.0,50.0,72.677,960.3747,64.45,0.0,25.762,31.096,11.8,,11.5,22.54,,,,30.884187676871623
문의,2026-03-30,8.6,7.8,11.4,3.5,1.5,3.5,72.0,72.509,950.7267,63.81,12.5493,17.416,31.205,12.9,11.3,0.7,6.98,,,,30.467127062970683
추동,2026-03-30,8.6,7.9,11.4,3.8,1.5,4.0,98.0,72.509,950.7267,63.81,12.5493,17.416,31.205,12.9,11.3,0.7,6.98,,,,30.467127062970683
회남,2026-03-30,8.1,7.8,11.6,3.7,1.6,4.1,151.0,72.509,950.7267,63.81,12.5493,17.416,31.205,12.9,11.3,0.7,6.98,,,,30.467127062970683
문의,2026-04-06,12.4,7.9,11.3,2.9,1.4,3.4,0.0,73.15,987.8496,66.3,11.1393,141.906,31.047,10.0,7.3,0.0,4.66,,,,31.817876123296937
추동,2026-04-06,9.0,7.7,11.4,3.2,1.7,4.0,0.0,73.15,987.8496,66.3,11.1393,141.906,31.047,10.0,7.3,0.0,4.66,,,,31.817876123296937
회남,2026-04-06,8.7,7.6,11.4,3.5,1.0,4.2,56.0,73.15,987.8496,66.3,11.1393,141.906,31.047,10.0,7.3,0.0,4.66,,,,31.817876123296937
문의,2026-04-13,13.0,8.0,11.1,3.1,1.8,2.6,13.0,73.78,1025.157,68.8,0.0,65.393,30.779,19.0,,11.1,25.85,,,,33.30702751876279
추동,2026-04-13,11.3,7.9,10.9,4.2,1.5,2.0,0.0,73.78,1025.157,68.8,0.0,65.393,30.779,19.0,,11.1,25.85,,,,33.30702751876279
회남,2026-04-13,8.8,7.7,11.3,3.4,0.9,5.5,145.0,73.78,1025.157,68.8,0.0,65.393,30.779,19.0,,11.1,25.85,,,,33.30702751876279
문의,2026-04-20,13.6,7.9,10.7,3.9,1.5,3.3,0.0,73.801,1026.4146,68.89,0.1555,31.413,73.753,13.3,0.2,2.0,6.48,,,,13.916919989695336
추동,2026-04-20,12.7,8.1,11.0,3.4,2.0,3.8,0.0,73.801,1026.4146,68.89,0.1555,31.413,73.753,13.3,0.2,2.0,6.48,,,,13.916919989695336
회남,2026-04-20,9.7,8.1,10.9,3.5,1.4,4.3,54.0,73.801,1026.4146,68.89,0.1555,31.413,73.753,13.3,0.2,2.0,6.48,,,,13.916919989695336
문의,2026-04-27,16.1,8.1,10.7,2.5,1.7,,0.0,72.847,970.1966,65.11,0.0,16.368,120.615,,,,,,,,8.043747460929403
추동,2026-04-27,15.5,8.3,10.7,3.5,2.4,,0.0,72.847,970.1966,65.11,0.0,16.368,120.615,,,,,,,,8.043747460929403
회남,2026-04-27,10.4,8.1,10.6,2.0,1.8,,0.0,72.847,970.1966,65.11,0.0,16.368,120.615,,,,,,,,8.043747460929403
