분류,지점명,채수위치,조사일,수온(℃),pH,DO(㎎/L),투명도,탁도,Chl-a (㎎/㎥),유해남조류 세포수 (cells/㎖),유해남조류 우점종 및 세포수(속별),유해남조류 우점종 및 세포수(속별).1,유해남조류 우점종 및 세포수(속별).2,유해남조류 우점종 및 세포수(속별).3,냄새물질 (ng/L),냄새물질 (ng/L).1,조류독소(㎍/L),조류독소(㎍/L).1,조류독소(㎍/L).2,조류독소(㎍/L).3,조류독소(㎍/L).4,조류독소(㎍/L).5,평균기온(°C),일강수량(mm),합계 일조시간(hr),합계 일사량(MJ/m2),TN(㎎/L),TP(㎎/L),수위(EL.m),저수량(백만㎥),저수율(%),강우량(mm),유입량(㎥/s),총방류량(㎥/s),N_P_비율,체류시간_지표
호소,대청호,문의,2015-01-05,8.8,8.2,13.3,2.9,1.7,4.5,0.0,0.0,0.0,0.0,0.0,0.0,0.0,0.0,0.7,0.0,0.0,0.0,0.0,3.2,6.1,4.1,7.64,1.798,0.009,73.22,970.717,65.2,6.2879,16.073,29.395,199.77775558024942,32.911239193083574
호소,대청호,회남,2015-01-05,8.8,8.2,13.3,2.9,1.7,4.5,48.0,0.0,0.0,0.0,48.0,0.0,0.0,0.0,0.7,0.0,0.0,0.0,0.0,3.2,6.1,4.1,7.64,,,73.22,970.717,65.2,6.2879,16.073,29.395,,32.911239193083574
호소,대청호,추동,2015-01-05,8.8,8.2,13.3,2.9,1.7,4.5,0.0,0.0,0.0,0.0,0.0,0.0,0.0,0.0,0.7,0.0,0.0,0.0,0.0,3.2,6.1,4.1,7.64,,,73.22,970.717,65.2,6.2879,16.073,29.395,,32.911239193083574
호소,대청호,추동,2015-01-12,8.8,8.2,13.3,2.9,1.7,4.5,28.0,0.0,0.0,0.0,28.0,0.0,0.0,0.0,0.7,0.0,0.0,0.0,0.0,-1.8,0.0,8.9,12.35,,,73.23,971.292,65.2,0.0,30.533,50.526,,19.18563583929206
호소,대청호,문의,2015-01-12,8.8,8.2,13.3,2.9,1.7,4.5,0.0,0.0,0.0,0.0,0.0,0.0,0.0,0.0,0.7,0.0,0.0,0.0,0.0,-1.8,0.0,8.9,12.35,1.403,0.009,73.23,971.292,65.2,0.0,30.533,50.526,155.88887156790318,19.18563583929206
호소,대청호,회남,2015-01-12,8.8,8.2,13.3,2.9,1.7,4.5,0.0,0.0,0.0,0.0,0.0,0.0,0.0,0.0,0.7,0.0,0.0,0.0,0.0,-1.8,0.0,8.9,12.35,,,73.23,971.292,65.2,0.0,30.533,50.526,,19.18563583929206
호소,대청호,회남,2015-01-19,8.8,8.2,13.3,2.9,1.7,4.5,0.0,0.0,0.0,0.0,0.0,0.0,0.0,0.0,0.7,0.0,0.0,0.0,0.0,1.8,0.0,2.3,5.16,,,73.09,963.255,64.7,0.7291,30.604,50.5,,19.036660079051384
호소,대청호,문의,2015-01-19,8.8,8.2,13.3,2.9,1.7,4.5,0.0,0.0,0.0,0.0,0.0,0.0,0.0,0.0,0.7,0.0,0.0,0.0,0.0,1.8,0.0,2.3,5.16,1.501,0.015,73.09,963.255,64.7,0.7291,30.604,50.5,100.066659995556,19.036660079051384
호소,대청호,추동,2015-01-19,8.8,8.2,13.3,2.9,1.7,4.5,0.0,0.0,0.0,0.0,0.0,0.0,0.0,0.0,0.7,0.0,0.0,0.0,0.0,1.8,0.0,2.3,5.16,,,73.09,963.255,64.7,0.7291,30.604,50.5,,19.036660079051384
호소,대청호,회남,2015-01-26,8.8,8.2,13.3,2.9,1.7,4.5,0.0,0.0,0.0,0.0,0.0,0.0,0.0,0.0,0.7,0.0,0.0,0.0,0.0,5.3,0.3,0.0,1.82,,,72.95,955.257,64.1,1.7979,30.833,50.631,,18.829847627683268
호소,대청호,추동,2015-01-26,8.8,8.2,13.3,2.9,1.7,4.5,0.0,0.0,0.0,0.0,0.0,0.0,0.0,0.0,0.7,0.0,0.0,0.0,0.0,5.3,0.3,0.0,1.82,,,72.95,955.257,64.1,1.7979,30.833,50.631,,18.829847627683268
호소,대청호,문의,2015-01-26,8.8,8.2,13.3,2.9,1.7,4.5,0.0,0.0,0.0,0.0,0.0,0.0,0.0,0.0,0.7,0.0,0.0,0.0,0.0,5.3,0.3,0.0,1.82,1.509,0.007,72.95,955.257,64.1,1.7979,30.833,50.631,215.57139777551458,18.829847627683268
호소,대청호,회남,2015-02-02,8.8,8.2,13.3,2.9,1.7,4.5,0.0,0.0,0.0,0.0,0.0,0.0,0.0,0.0,0.7,0.0,0.0,0.0,0.0,-0.5,0.0,8.0,13.14,,,72.83,948.432,63.7,0.0,34.534,60.825,,15.567205580631924
호소,대청호,문의,2015-02-02,8.8,8.2,13.3,2.9,1.7,4.5,0.0,0.0,0.0,0.0,0.0,0.0,0.0,0.0,0.7,0.0,0.0,0.0,0.0,-0.5,0.0,8.0,13.14,1.615,0.01,72.83,948.432,63.7,0.0,34.534,60.825,161.49998385000163,15.567205580631924
호소,대청호,추동,2015-02-02,8.8,8.2,13.3,2.9,1.7,4.5,0.0,0.0,0.0,0.0,0.0,0.0,0.0,0.0,0.7,0.0,0.0,0.0,0.0,-0.5,0.0,8.0,13.14,1.121,0.016,72.83,948.432,63.7,0.0,34.534,60.825,70.06249562109403,15.567205580631924
호소,대청호,문의,2015-02-09,8.8,8.2,13.3,2.9,1.7,4.5,0.0,0.0,0.0,0.0,0.0,0.0,0.0,0.0,0.7,0.0,0.0,0.0,0.0,-4.5,0.0,9.1,14.99,1.475,0.009,72.58,934.307,62.7,0.0,24.158,63.262,163.8888706790144,14.745541491745842
호소,대청호,추동,2015-02-09,8.8,8.2,13.3,2.9,1.7,4.5,16.0,0.0,0.0,0.0,16.0,0.0,0.0,0.0,0.7,0.0,0.0,0.0,0.0,-4.5,0.0,9.1,14.99,,,72.58,934.307,62.7,0.0,24.158,63.262,,14.745541491745842
호소,대청호,회남,2015-02-09,8.8,8.2,13.3,2.9,1.7,4.5,68.0,0.0,0.0,0.0,68.0,0.0,0.0,0.0,0.7,0.0,0.0,0.0,0.0,-4.5,0.0,9.1,14.99,,,72.58,934.307,62.7,0.0,24.158,63.262,,14.745541491745842
호소,대청호,문의,2015-02-16,8.8,8.2,13.3,2.9,1.7,4.5,0.0,0.0,0.0,0.0,0.0,0.0,0.0,0.0,0.7,0.0,0.0,0.0,0.0,4.8,17.0,0.0,1.33,1.492,0.007,72.25,915.853,61.5,14.7602,41.117,60.431,213.1428266938819,15.130313393137401
호소,대청호,추동,2015-02-16,8.8,8.2,13.3,2.9,1.7,4.5,52.0,0.0,0.0,0.0,52.0,0.0,0.0,0.0,0.7,0.0,0.0,0.0,0.0,4.8,17.0,0.0,1.33,,,72.25,915.853,61.5,14.7602,41.117,60.431,,15.130313393137401
호소,대청호,회남,2015-02-16,8.8,8.2,13.3,2.9,1.7,4.5,56.0,0.0,56.0,0.0,0.0,0.0,0.0,0.0,0.7,0.0,0.0,0.0,0.0,4.8,17.0,0.0,1.33,,,72.25,915.853,61.5,14.7602,41.117,60.431,,15.130313393137401
호소,대청호,추동,2015-02-23,8.8,8.2,13.3,2.9,1.7,4.5,132.0,0.0,0.0,0.0,132.0,0.0,0.0,0.0,0.7,0.0,0.0,0.0,0.0,3.0,0.0,6.9,15.66,,,72.13,909.196,61.0,0.0,42.64,55.459,,16.364513400169187
호소,대청호,문의,2015-02-23,8.8,8.2,13.3,2.9,1.7,4.5,0.0,0.0,0.0,0.0,0.0,0.0,0.0,0.0,0.7,0.0,0.0,0.0,0.0,3.0,0.0,6.9,15.66,1.436,0.006,72.13,909.196,61.0,0.0,42.64,55.459,239.33329344445107,16.364513400169187
호소,대청호,회남,2015-02-23,8.8,8.2,13.3,2.9,1.7,4.5,0.0,0.0,0.0,0.0,0.0,0.0,0.0,0.0,0.7,0.0,0.0,0.0,0.0,3.0,0.0,6.9,15.66,,,72.13,909.196,61.0,0.0,42.64,55.459,,16.364513400169187
호소,대청호,회남,2015-03-02,8.8,8.2,13.3,2.9,1.7,4.5,0.0,0.0,0.0,0.0,0.0,0.0,0.0,0.0,0.7,0.0,0.0,0.0,0.0,3.8,0.0,10.5,20.08,,,72.0,902.016,60.5,0.0,32.909,45.669,,19.70801197316961
호소,대청호,문의,2015-03-02,8.8,8.2,13.3,2.9,1.7,4.5,48.0,0.0,0.0,0.0,48.0,0.0,0.0,0.0,0.7,0.0,0.0,0.0,0.0,3.8,0.0,10.5,20.08,1.458,0.006,72.0,902.016,60.5,0.0,32.909,45.669,242.99995950000672,19.70801197316961
호소,대청호,추동,2015-03-02,8.8,8.2,13.3,2.9,1.7,4.5,100.0,0.0,0.0,0.0,100.0,0.0,0.0,0.0,0.7,0.0,0.0,0.0,0.0,3.8,0.0,10.5,20.08,,,72.0,902.016,60.5,0.0,32.909,45.669,,19.70801197316961
호소,대청호,회남,2015-03-09,8.8,8.2,13.3,2.9,1.7,4.5,158.0,0.0,0.0,0.0,158.0,0.0,0.0,0.0,0.7,0.0,0.0,0.0,0.0,4.4,0.0,9.1,18.79,,,71.75,888.302,59.6,0.0,22.66,60.625,,14.6282750102923
호소,대청호,추동,2015-03-09,8.8,8.2,13.3,2.9,1.7,4.5,0.0,0.0,0.0,0.0,0.0,0.0,0.0,0.0,0.7,0.0,0.0,0.0,0.0,4.4,0.0,9.1,18.79,,,71.75,888.302,59.6,0.0,22.66,60.625,,14.6282750102923
호소,대청호,문의,2015-03-09,8.8,8.2,13.3,2.9,1.7,4.5,0.0,0.0,0.0,0.0,0.0,0.0,0.0,0.0,0.7,0.0,0.0,0.0,0.0,4.4,0.0,9.1,18.79,1.53,0.007,71.75,888.302,59.6,0.0,22.66,60.625,218.57139734694323,14.6282750102923
호소,대청호,회남,2015-03-16,8.8,8.2,13.3,2.9,1.7,4.5,0.0,0.0,0.0,0.0,0.0,0.0,0.0,0.0,0.7,0.0,0.0,0.0,0.0,10.3,0.0,9.3,19.06,,,71.47,873.088,58.6,0.0,29.14,60.454,,14.418337351785182
호소,대청호,추동,2015-03-16,8.8,8.2,13.3,2.9,1.7,4.5,94.0,0.0,0.0,0.0,94.0,0.0,0.0,0.0,0.7,0.0,0.0,0.0,0.0,10.3,0.0,9.3,19.06,,,71.47,873.088,58.6,0.0,29.14,60.454,,14.418337351785182
호소,대청호,문의,2015-03-16,8.8,8.2,13.3,2.9,1.7,4.5,0.0,0.0,0.0,0.0,0.0,0.0,0.0,0.0,0.7,0.0,0.0,0.0,0.0,10.3,0.0,9.3,19.06,1.469,0.008,71.47,873.088,58.6,0.0,29.14,60.454,183.6249770468779,14.418337351785182
호소,대청호,추동,2015-03-23,8.8,8.2,13.3,2.9,1.7,4.5,0.0,0.0,0.0,0.0,0.0,0.0,0.0,0.0,0.7,0.0,0.0,0.0,0.0,5.3,0.0,11.6,24.63,,,71.68,884.484,59.4,0.0,67.272,60.968,,14.483592061308704
호소,대청호,문의,2015-03-23,8.8,8.2,13.3,2.9,1.7,4.5,0.0,0.0,0.0,0.0,0.0,0.0,0.0,0.0,0.7,0.0,0.0,0.0,0.0,5.3,0.0,11.6,24.63,1.617,0.006,71.68,884.484,59.4,0.0,67.272,60.968,269.4999550833408,14.483592061308704
호소,대청호,회남,2015-03-23,8.8,8.2,13.3,2.9,1.7,4.5,0.0,0.0,0.0,0.0,0.0,0.0,0.0,0.0,0.7,0.0,0.0,0.0,0.0,5.3,0.0,11.6,24.63,,,71.68,884.484,59.4,0.0,67.272,60.968,,14.483592061308704
호소,대청호,회남,2015-03-30,8.8,8.2,13.3,2.9,1.7,4.5,14.0,0.0,0.0,0.0,14.0,0.0,0.0,0.0,0.7,0.0,0.0,0.0,0.0,14.8,0.0,10.3,22.87,,,71.65,882.85,59.3,0.0,26.984,33.283,,26.446095317976216
호소,대청호,문의,2015-03-30,8.8,8.2,13.3,2.9,1.7,4.5,0.0,0.0,0.0,0.0,0.0,0.0,0.0,0.0,0.7,0.0,0.0,0.0,0.0,14.8,0.0,10.3,22.87,1.34,0.006,71.65,882.85,59.3,0.0,26.984,33.283,223.3332961111173,26.446095317976216
호소,대청호,추동,2015-03-30,8.8,8.2,13.3,2.9,1.7,4.5,0.0,0.0,0.0,0.0,0.0,0.0,0.0,0.0,0.7,0.0,0.0,0.0,0.0,14.8,0.0,10.3,22.87,,,71.65,882.85,59.3,0.0,26.984,33.283,,26.446095317976216
호소,대청호,문의,2015-04-06,8.8,8.2,13.3,2.9,1.7,4.5,0.0,0.0,0.0,0.0,0.0,0.0,0.0,0.0,0.7,0.0,0.0,0.0,0.0,10.4,2.1,0.0,5.41,1.403,0.007,71.52,875.793,58.8,1.8356,70.874,70.874,200.42854279592245,12.339631414320738
호소,대청호,회남,2015-04-06,8.8,8.2,13.3,2.9,1.7,4.5,0.0,0.0,0.0,0.0,0.0,0.0,0.0,0.0,0.7,0.0,0.0,0.0,0.0,10.4,2.1,0.0,5.41,,,71.52,875.793,58.8,1.8356,70.874,70.874,,12.339631414320738
호소,대청호,추동,2015-04-06,8.8,8.2,13.3,2.9,1.7,4.5,0.0,0.0,0.0,0.0,0.0,0.0,0.0,0.0,0.7,0.0,0.0,0.0,0.0,10.4,2.1,0.0,5.41,,,71.52,875.793,58.8,1.8356,70.874,70.874,,12.339631414320738
호소,대청호,회남,2015-04-13,8.8,8.2,13.3,2.9,1.7,4.5,0.0,0.0,0.0,0.0,0.0,0.0,0.0,0.0,0.7,0.0,0.0,0.0,0.0,10.8,1.5,0.2,5.43,,,71.4,869.308,58.3,2.3573,42.133,79.621,,10.904379021838663
호소,대청호,문의,2015-04-13,8.8,8.2,13.3,2.9,1.7,4.5,0.0,0.0,0.0,0.0,0.0,0.0,0.0,0.0,0.7,0.0,0.0,0.0,0.0,10.8,1.5,0.2,5.43,1.673,0.007,71.4,869.308,58.3,2.3573,42.133,79.621,238.9999658571477,10.904379021838663
호소,대청호,추동,2015-04-13,8.8,8.2,13.3,2.9,1.7,4.5,0.0,0.0,0.0,0.0,0.0,0.0,0.0,0.0,0.7,0.0,0.0,0.0,0.0,10.8,1.5,0.2,5.43,,,71.4,869.308,58.3,2.3573,42.133,79.621,,10.904379021838663
호소,대청호,회남,2015-04-20,8.8,8.2,13.3,2.9,1.7,4.5,18.0,0.0,0.0,0.0,18.0,0.0,0.0,0.0,0.7,0.0,0.0,0.0,0.0,11.5,13.0,0.0,3.63,,,71.35,866.614,58.2,15.2309,79.173,79.173,,10.932019729289923
호소,대청호,문의,2015-04-20,8.8,8.2,13.3,2.9,1.7,4.5,0.0,0.0,0.0,0.0,0.0,0.0,0.0,0.0,0.7,0.0,0.0,0.0,0.0,11.5,13.0,0.0,3.63,1.392,0.007,71.35,866.614,58.2,15.2309,79.173,79.173,198.85711444898362,10.932019729289923
호소,대청호,추동,2015-04-20,8.8,8.2,13.3,2.9,1.7,4.5,0.0,0.0,0.0,0.0,0.0,0.0,0.0,0.0,0.7,0.0,0.0,0.0,0.0,11.5,13.0,0.0,3.63,,,71.35,866.614,58.2,15.2309,79.173,79.173,,10.932019729289923
호소,대청호,문의,2015-04-27,8.8,8.2,13.3,2.9,1.7,4.5,0.0,0.0,0.0,0.0,0.0,0.0,0.0,0.0,0.7,0.0,0.0,0.0,0.0,19.3,0.0,12.4,27.61,1.838,0.007,71.41,869.847,58.4,0.0,41.104,41.104,262.57139106122986,21.110741675565478
호소,대청호,추동,2015-04-27,8.8,8.2,13.3,2.9,1.7,4.5,0.0,0.0,0.0,0.0,0.0,0.0,0.0,0.0,0.7,0.0,0.0,0.0,0.0,19.3,0.0,12.4,27.61,,,71.41,869.847,58.4,0.0,41.104,41.104,,21.110741675565478
호소,대청호,회남,2015-04-27,8.8,8.2,13.3,2.9,1.7,4.5,0.0,0.0,0.0,0.0,0.0,0.0,0.0,0.0,0.7,0.0,0.0,0.0,0.0,19.3,0.0,12.4,27.61,,,71.41,869.847,58.4,0.0,41.104,41.104,,21.110741675565478
호소,대청호,문의,2015-05-04,8.8,8.2,13.3,2.9,1.7,4.5,0.0,0.0,0.0,0.0,0.0,0.0,0.0,0.0,0.7,0.0,0.0,0.0,0.0,16.4,0.0,11.8,27.61,1.546,0.008,71.17,856.957,57.5,0.2501,40.515,96.311,193.24997584375302,8.88858117849623
호소,대청호,회남,2015-05-04,8.8,8.2,13.3,2.9,1.7,4.5,184.0,18.0,0.0,0.0,166.0,0.0,0.0,0.0,0.7,0.0,0.0,0.0,0.0,16.4,0.0,11.8,27.61,,,71.17,856.957,57.5,0.2501,40.515,96.311,,8.88858117849623
호소,대청호,추동,2015-05-04,8.8,8.2,13.3,2.9,1.7,4.5,0.0,0.0,0.0,0.0,0.0,0.0,0.0,0.0,0.7,0.0,0.0,0.0,0.0,16.4,0.0,11.8,27.61,,,71.17,856.957,57.5,0.2501,40.515,96.311,,8.88858117849623
호소,대청호,추동,2015-05-11,8.8,8.2,13.3,2.9,1.7,4.5,0.0,0.0,0.0,0.0,0.0,0.0,0.0,0.0,0.7,0.0,0.0,0.0,0.0,18.2,10.0,5.3,16.62,,,70.48,820.52,55.1,5.0741,36.565,97.025,,8.448082368082368
호소,대청호,문의,2015-05-11,8.8,8.2,13.3,2.9,1.7,4.5,0.0,0.0,0.0,0.0,0.0,0.0,0.0,0.0,0.7,0.0,0.0,0.0,0.0,18.2,10.0,5.3,16.62,1.564,0.008,70.48,820.52,55.1,5.0741,36.565,97.025,195.49997556250307,8.448082368082368
호소,대청호,회남,2015-05-11,8.8,8.2,13.3,2.9,1.7,4.5,22.0,0.0,0.0,0.0,22.0,0.0,0.0,0.0,0.7,0.0,0.0,0.0,0.0,18.2,10.0,5.3,16.62,,,70.48,820.52,55.1,5.0741,36.565,97.025,,8.448082368082368
호소,대청호,추동,2015-05-18,8.8,8.2,13.3,2.9,1.7,4.5,44.0,0.0,44.0,0.0,0.0,0.0,0.0,0.0,0.7,0.0,0.0,0.0,0.0,18.7,0.0,5.6,18.34,,,69.72,781.161,52.4,0.0,26.619,97.357,,8.015442708066121
호소,대청호,문의,2015-05-18,8.8,8.2,13.3,2.9,1.7,4.5,28.0,0.0,0.0,0.0,28.0,0.0,0.0,0.0,0.7,0.0,0.0,0.0,0.0,18.7,0.0,5.6,18.34,1.588,0.007,69.72,781.161,52.4,0.0,26.619,97.357,226.85711044898423,8.015442708066121
호소,대청호,회남,2015-05-18,8.8,8.2,13.3,2.9,1.7,4.5,540.0,280.0,86.0,0.0,174.0,10.0,0.0,0.0,0.7,0.0,0.0,0.0,0.0,18.7,0.0,5.6,18.34,,,69.72,781.161,52.4,0.0,26.619,97.357,,8.015442708066121
호소,대청호,추동,2015-05-26,8.8,8.2,13.3,2.9,1.7,4.5,486.0,486.0,0.0,0.0,0.0,0.0,0.0,0.0,0.7,0.0,0.0,0.0,0.0,22.3,0.0,13.3,31.86,,,68.75,732.942,49.2,0.0,22.067,95.459,,7.6700467773836065
호소,대청호,회남,2015-05-26,8.8,8.2,13.3,2.9,1.7,4.5,16.0,0.0,0.0,0.0,16.0,8.0,0.0,0.0,0.7,0.0,0.0,0.0,0.0,22.3,0.0,13.3,31.86,,,68.75,732.942,49.2,0.0,22.067,95.459,,7.6700467773836065
호소,대청호,문의,2015-05-26,8.8,8.2,13.3,2.9,1.7,4.5,28.0,0.0,0.0,0.0,28.0,0.0,0.0,0.0,0.7,0.0,0.0,0.0,0.0,22.3,0.0,13.3,31.86,1.633,0.007,68.75,732.942,49.2,0.0,22.067,95.459,233.28568095918843,7.6700467773836065
호소,대청호,문의,2015-06-01,8.8,8.2,13.3,2.9,1.7,4.5,0.0,0.0,0.0,0.0,0.0,0.0,0.0,0.0,0.7,0.0,0.0,0.0,0.0,23.3,0.0,12.5,28.27,1.491,0.007,67.98,696.142,46.7,0.0,13.356,89.685,212.99996957143293,7.753433201537006
호소,대청호,추동,2015-06-01,8.8,8.2,13.3,2.9,1.7,4.5,0.0,0.0,0.0,0.0,0.0,0.0,0.0,0.0,0.7,0.0,0.0,0.0,0.0,23.3,0.0,12.5,28.27,2.502,0.004,67.98,696.142,46.7,0.0,13.356,89.685,625.4998436250389,7.753433201537006
호소,대청호,회남,2015-06-01,8.8,8.2,13.3,2.9,1.7,4.5,0.0,0.0,0.0,0.0,0.0,0.0,0.0,0.0,0.7,0.0,0.0,0.0,0.0,23.3,0.0,12.5,28.27,3.442,0.02,67.98,696.142,46.7,0.0,13.356,89.685,172.09999139500044,7.753433201537006
호소,대청호,회남,2015-06-08,8.8,8.2,13.3,2.9,1.7,4.5,0.0,0.0,0.0,0.0,0.0,0.0,0.0,0.0,0.7,0.0,0.0,0.0,0.0,22.0,0.0,1.3,12.78,,,67.07,654.301,43.9,0.1095,18.42,86.352,,7.568373201314024
호소,대청호,문의,2015-06-08,8.8,8.2,13.3,2.9,1.7,4.5,120.0,86.0,0.0,0.0,34.0,0.0,0.0,0.0,0.7,0.0,0.0,0.0,0.0,22.0,0.0,1.3,12.78,1.437,0.007,67.07,654.301,43.9,0.1095,18.42,86.352,205.28568495918785,7.568373201314024
호소,대청호,추동,2015-06-08,8.8,8.2,13.3,2.9,1.7,4.5,0.0,0.0,0.0,0.0,0.0,0.0,0.0,0.0,0.7,0.0,0.0,0.0,0.0,22.0,0.0,1.3,12.78,,,67.07,654.301,43.9,0.1095,18.42,86.352,,7.568373201314024
호소,대청호,추동,2015-06-15,8.8,8.2,13.3,2.9,1.7,4.5,540.0,540.0,0.0,0.0,0.0,0.0,0.0,0.0,0.7,0.0,0.0,0.0,0.0,24.9,0.0,5.1,19.87,,,66.25,618.097,41.5,0.0,14.476,74.786,,8.253839168870016
호소,대청호,회남,2015-06-15,8.8,8.2,13.3,2.9,1.7,4.5,656.0,620.0,36.0,0.0,0.0,0.0,0.0,0.0,0.7,0.0,0.0,0.0,0.0,24.9,0.0,5.1,19.87,,,66.25,618.097,41.5,0.0,14.476,74.786,,8.253839168870016
호소,대청호,문의,2015-06-15,8.8,8.2,13.3,2.9,1.7,4.5,0.0,0.0,0.0,0.0,0.0,0.0,0.0,0.0,0.7,0.0,0.0,0.0,0.0,24.9,0.0,5.1,19.87,1.275,0.009,66.25,618.097,41.5,0.0,14.476,74.786,141.66665092592768,8.253839168870016
호소,대청호,문의,2015-06-22,8.8,8.2,13.3,2.9,1.7,4.5,0.0,0.0,0.0,0.0,0.0,0.0,0.0,0.0,0.7,0.0,0.0,0.0,0.0,24.4,0.0,7.1,23.5,1.441,0.011,65.54,587.871,39.5,1.4345,21.935,75.354,130.9999880909102,7.791117767116389
호소,대청호,회남,2015-06-22,8.8,8.2,13.3,2.9,1.7,4.5,644.0,420.0,224.0,0.0,0.0,0.0,0.0,0.0,0.7,0.0,0.0,0.0,0.0,24.4,0.0,7.1,23.5,,,65.54,587.871,39.5,1.4345,21.935,75.354,,7.791117767116389
호소,대청호,추동,2015-06-22,8.8,8.2,13.3,2.9,1.7,4.5,0.0,0.0,0.0,0.0,0.0,0.0,0.0,0.0,0.7,0.0,0.0,0.0,0.0,24.4,0.0,7.1,23.5,,,65.54,587.871,39.5,1.4345,21.935,75.354,,7.791117767116389
호소,대청호,추동,2015-06-29,8.8,8.2,13.3,2.9,1.7,4.5,2232.0,2064.0,0.0,36.0,132.0,0.0,0.0,0.0,0.7,0.0,0.0,0.0,0.0,25.7,0.0,10.1,26.28,,,65.37,580.787,39.0,0.0,39.02,58.253,,9.952992990934485
호소,대청호,문의,2015-06-29,8.8,8.2,13.3,2.9,1.7,4.5,142.0,74.0,0.0,0.0,68.0,0.0,0.0,0.0,0.7,0.0,0.0,0.0,0.0,25.7,0.0,10.1,26.28,1.546,0.014,65.37,580.787,39.0,0.0,39.02,58.253,110.4285635408169,9.952992990934485
호소,대청호,회남,2015-06-29,8.8,8.2,13.3,2.9,1.7,4.5,78.0,0.0,78.0,0.0,0.0,0.0,0.0,0.0,0.7,0.0,0.0,0.0,0.0,25.7,0.0,10.1,26.28,,,65.37,580.787,39.0,0.0,39.02,58.253,,9.952992990934485
호소,대청호,문의,2015-07-06,8.8,8.2,13.3,2.9,1.7,4.5,548.0,156.0,0.0,0.0,392.0,0.0,0.0,0.0,0.7,0.0,0.0,0.0,0.0,24.3,0.0,8.5,23.09,1.084,0.016,64.99,565.161,37.9,1.6656,15.469,43.803,67.74999576562527,12.872947179008268
호소,대청호,회남,2015-07-06,8.8,8.2,13.3,2.9,1.7,4.5,292.0,220.0,8.0,0.0,64.0,6.0,0.0,0.0,0.7,0.0,0.0,0.0,0.0,24.3,0.0,8.5,23.09,,,64.99,565.161,37.9,1.6656,15.469,43.803,,12.872947179008268
호소,대청호,추동,2015-07-06,8.8,8.2,13.3,2.9,1.7,4.5,1502.0,1262.0,0.0,0.0,240.0,0.0,0.0,0.0,0.7,0.0,0.0,0.0,0.0,24.3,0.0,8.5,23.09,,,64.99,565.161,37.9,1.6656,15.469,43.803,,12.872947179008268
호소,대청호,회남,2015-07-13,8.8,8.2,13.3,2.9,1.7,4.5,260.0,220.0,0.0,0.0,40.0,18.0,11.0,0.0,0.7,0.0,0.0,0.0,0.0,23.9,4.6,0.1,6.15,,,66.36,622.872,41.8,1.7676,141.798,46.512,,13.362910838410707
호소,대청호,문의,2015-07-13,8.8,8.2,13.3,2.9,1.7,4.5,140.0,0.0,126.0,0.0,14.0,0.0,0.0,0.0,0.7,0.0,0.0,0.0,0.0,23.9,4.6,0.1,6.15,0.868,0.014,66.36,622.872,41.8,1.7676,141.798,46.512,61.99999557142889,13.362910838410707
호소,대청호,추동,2015-07-13,8.8,8.2,13.3,2.9,1.7,4.5,422.0,240.0,0.0,0.0,182.0,0.0,0.0,0.0,0.7,0.0,0.0,0.0,0.0,23.9,4.6,0.1,6.15,,,66.36,622.872,41.8,1.7676,141.798,46.512,,13.362910838410707
호소,대청호,회남,2015-07-20,8.8,8.2,13.3,2.9,1.7,4.5,1406.0,934.0,346.0,0.0,126.0,12.0,0.0,0.0,0.7,0.0,0.0,0.0,0.0,27.4,0.0,4.2,19.86,,,66.62,634.259,42.6,0.1075,34.014,54.435,,11.630310809571833
호소,대청호,추동,2015-07-20,8.8,8.2,13.3,2.9,1.7,4.5,532.0,400.0,18.0,0.0,114.0,6.0,0.0,0.0,0.7,0.0,0.0,0.0,0.0,27.4,0.0,4.2,19.86,,,66.62,634.259,42.6,0.1075,34.014,54.435,,11.630310809571833
호소,대청호,문의,2015-07-20,8.8,8.2,13.3,2.9,1.7,4.5,366.0,0.0,98.0,0.0,268.0,11.0,0.0,0.0,0.7,0.0,0.0,0.0,0.0,27.4,0.0,4.2,19.86,0.707,0.019,66.62,634.259,42.6,0.1075,34.014,54.435,37.21052435734082,11.630310809571833
호소,대청호,문의,2015-07-27,8.8,8.2,13.3,2.9,1.7,4.5,64.0,64.0,0.0,0.0,0.0,0.0,0.0,0.0,0.7,0.0,0.0,0.0,0.0,25.7,4.0,2.3,8.13,0.872,0.016,66.63,634.7,42.6,1.5451,32.112,47.431,54.49999659375021,13.35339041888452
호소,대청호,추동,2015-07-27,8.8,8.2,13.3,2.9,1.7,4.5,68.0,0.0,0.0,0.0,68.0,9.0,0.0,0.0,0.7,0.0,0.0,0.0,0.0,25.7,4.0,2.3,8.13,,,66.63,634.7,42.6,1.5451,32.112,47.431,,13.35339041888452
호소,대청호,회남,2015-07-27,8.8,8.2,13.3,2.9,1.7,4.5,1044.0,836.0,164.0,0.0,44.0,18.0,0.0,0.0,0.7,0.0,0.0,0.0,0.0,25.7,4.0,2.3,8.13,,,66.63,634.7,42.6,1.5451,32.112,47.431,,13.35339041888452
호소,대청호,회남,2015-08-03,8.8,8.2,13.3,2.9,1.7,4.5,914.0,720.0,0.0,0.0,194.0,19.0,40.0,0.0,0.7,0.0,0.0,0.0,0.0,29.0,0.0,13.0,27.86,,,66.45,626.798,42.1,0.0273,25.151,50.478,,12.392700383565977
호소,대청호,문의,2015-08-03,8.8,8.2,13.3,2.9,1.7,4.5,502.0,270.0,146.0,0.0,86.0,0.0,0.0,0.0,0.7,0.0,0.0,0.0,0.0,29.0,0.0,13.0,27.86,0.869,0.023,66.45,626.798,42.1,0.0273,25.151,50.478,37.78260705293013,12.392700383565977
호소,대청호,추동,2015-08-03,8.8,8.2,13.3,2.9,1.7,4.5,70.0,42.0,0.0,0.0,28.0,11.0,0.0,0.0,0.7,0.0,0.0,0.0,0.0,29.0,0.0,13.0,27.86,,,66.45,626.798,42.1,0.0273,25.151,50.478,,12.392700383565977
호소,대청호,문의,2015-08-10,8.8,8.2,13.3,2.9,1.7,4.5,28.0,0.0,28.0,0.0,0.0,0.0,0.0,0.0,0.7,0.0,0.0,0.0,0.0,26.3,0.0,1.6,14.28,0.69,0.025,66.11,612.055,41.1,0.0,26.452,51.372,27.59999889600004,11.891028131799812
호소,대청호,추동,2015-08-10,8.8,8.2,13.3,2.9,1.7,4.5,58.0,0.0,32.0,0.0,26.0,14.0,0.0,0.0,0.7,0.0,0.0,0.0,0.0,26.3,0.0,1.6,14.28,,,66.11,612.055,41.1,0.0,26.452,51.372,,11.891028131799812
호소,대청호,회남,2015-08-10,8.8,8.2,13.3,2.9,1.7,4.5,1020.0,884.0,0.0,14.0,122.0,12.0,48.0,0.0,0.7,0.0,0.0,0.0,0.0,26.3,0.0,1.6,14.28,,,66.11,612.055,41.1,0.0,26.452,51.372,,11.891028131799812
호소,대청호,문의,2015-08-17,8.8,8.2,13.3,2.9,1.7,4.5,486.0,60.0,0.0,0.0,426.0,40.0,0.0,0.0,0.7,0.0,0.0,0.0,0.0,26.8,0.0,11.2,23.9,0.641,0.022,65.77,597.55,40.1,0.167,19.712,49.139,29.136362311983536,12.135705436747292
호소,대청호,추동,2015-08-17,8.8,8.2,13.3,2.9,1.7,4.5,84.0,0.0,0.0,0.0,84.0,10.0,0.0,0.0,0.7,0.0,0.0,0.0,0.0,26.8,0.0,11.2,23.9,,,65.77,597.55,40.1,0.167,19.712,49.139,,12.135705436747292
호소,대청호,회남,2015-08-17,8.8,8.2,13.3,2.9,1.7,4.5,336.0,318.0,0.0,18.0,0.0,0.0,29.0,0.0,0.7,0.0,0.0,0.0,0.0,26.8,0.0,11.2,23.9,,,65.77,597.55,40.1,0.167,19.712,49.139,,12.135705436747292
호소,대청호,문의,2015-08-24,8.8,8.2,13.3,2.9,1.7,4.5,374.0,220.0,0.0,0.0,154.0,26.0,0.0,0.0,0.7,0.0,0.0,0.0,0.0,26.5,0.0,4.3,15.03,0.679,0.022,65.38,581.202,39.0,0.5442,14.46,43.338,30.86363496074387,13.380035913255673
호소,대청호,회남,2015-08-24,8.8,8.2,13.3,2.9,1.7,4.5,922.0,120.0,0.0,610.0,192.0,10.0,24.0,0.0,0.7,0.0,0.0,0.0,0.0,26.5,0.0,4.3,15.03,,,65.38,581.202,39.0,0.5442,14.46,43.338,,13.380035913255673
호소,대청호,추동,2015-08-24,8.8,8.2,13.3,2.9,1.7,4.5,504.0,140.0,0.0,48.0,316.0,77.0,0.0,0.0,0.7,0.0,0.0,0.0,0.0,26.5,0.0,4.3,15.03,,,65.38,581.202,39.0,0.5442,14.46,43.338,,13.380035913255673
호소,대청호,문의,2015-08-31,8.8,8.2,13.3,2.9,1.7,4.5,532.0,0.0,268.0,0.0,264.0,11.0,0.0,0.0,0.7,0.0,0.0,0.0,0.0,25.3,0.0,10.0,20.98,0.616,0.027,65.37,580.787,39.0,0.1042,29.424,39.036,22.814813969821707,14.84022383483238
호소,대청호,추동,2015-08-31,8.8,8.2,13.3,2.9,1.7,4.5,478.0,264.0,46.0,26.0,142.0,12.0,0.0,0.0,0.7,0.0,0.0,0.0,0.0,25.3,0.0,10.0,20.98,,,65.37,580.787,39.0,0.1042,29.424,39.036,,14.84022383483238
호소,대청호,회남,2015-08-31,8.8,8.2,13.3,2.9,1.7,4.5,1702.0,1280.0,42.0,220.0,160.0,0.0,0.0,0.0,0.7,0.0,0.0,0.0,0.0,25.3,0.0,10.0,20.98,,,65.37,580.787,39.0,0.1042,29.424,39.036,,14.84022383483238
호소,대청호,문의,2015-09-07,8.8,8.2,13.3,2.9,1.7,4.5,288.0,0.0,24.0,0.0,264.0,15.0,0.0,0.0,0.7,0.0,0.0,0.0,0.0,22.6,0.0,12.2,26.26,0.576,0.023,65.29,577.473,38.8,0.0,26.495,36.07,25.04347717202273,15.965523914846555
호소,대청호,추동,2015-09-07,8.8,8.2,13.3,2.9,1.7,4.5,2044.0,0.0,56.0,1446.0,542.0,4.0,0.0,0.0,0.7,0.0,0.0,0.0,0.0,22.6,0.0,12.2,26.26,,,65.29,577.473,38.8,0.0,26.495,36.07,,15.965523914846555
호소,대청호,회남,2015-09-07,8.8,8.2,13.3,2.9,1.7,4.5,814.0,0.0,266.0,212.0,336.0,12.0,0.0,0.0,0.7,0.0,0.0,0.0,0.0,22.6,0.0,12.2,26.26,,,65.29,577.473,38.8,0.0,26.495,36.07,,15.965523914846555
호소,대청호,문의,2015-09-14,8.8,8.2,13.3,2.9,1.7,4.5,1008.0,356.0,338.0,0.0,314.0,41.0,0.0,0.0,0.7,0.0,0.0,0.0,0.0,19.9,0.0,11.1,22.54,0.779,0.023,65.13,570.884,38.3,0.0,18.881,33.135,33.86956374480158,17.177192718519635
호소,대청호,추동,2015-09-14,8.8,8.2,13.3,2.9,1.7,4.5,1540.0,780.0,274.0,0.0,486.0,39.0,0.0,0.0,0.7,0.0,0.0,0.0,0.0,19.9,0.0,11.1,22.54,,,65.13,570.884,38.3,0.0,18.881,33.135,,17.177192718519635
호소,대청호,회남,2015-09-14,8.8,8.2,13.3,2.9,1.7,4.5,600.0,0.0,172.0,86.0,342.0,16.0,0.0,0.0,0.7,0.0,0.0,0.0,0.0,19.9,0.0,11.1,22.54,,,65.13,570.884,38.3,0.0,18.881,33.135,,17.177192718519635
호소,대청호,추동,2015-09-21,8.8,8.2,13.3,2.9,1.7,4.5,1566.0,880.0,74.0,152.0,460.0,12.0,0.0,0.0,0.7,0.0,0.0,0.0,0.0,21.9,0.0,10.6,21.9,,,64.91,561.908,37.7,0.0,14.739,28.84,,19.416309606081548
호소,대청호,문의,2015-09-21,8.8,8.2,13.3,2.9,1.7,4.5,2294.0,1020.0,116.0,882.0,276.0,24.0,0.0,0.0,0.7,0.0,0.0,0.0,0.0,21.9,0.0,10.6,21.9,0.638,0.022,64.91,561.908,37.7,0.0,14.739,28.84,28.999998681818244,19.416309606081548
호소,대청호,회남,2015-09-21,8.8,8.2,13.3,2.9,1.7,4.5,990.0,520.0,36.0,24.0,410.0,5.0,0.0,0.0,0.7,0.0,0.0,0.0,0.0,21.9,0.0,10.6,21.9,,,64.91,561.908,37.7,0.0,14.739,28.84,,19.416309606081548
호소,대청호,문의,2015-09-30,8.8,8.2,13.3,2.9,1.7,4.5,942.0,0.0,106.0,0.0,836.0,26.0,0.0,0.0,0.7,0.0,0.0,0.0,0.0,21.1,0.0,1.7,11.49,0.629,0.026,64.59,549.024,36.9,0.0,10.494,29.006,24.192306761834356,18.862914862914863
호소,대청호,추동,2015-09-30,8.8,8.2,13.3,2.9,1.7,4.5,2014.0,320.0,36.0,350.0,1308.0,14.0,0.0,0.0,0.7,0.0,0.0,0.0,0.0,21.1,0.0,1.7,11.49,,,64.59,549.024,36.9,0.0,10.494,29.006,,18.862914862914863
호소,대청호,회남,2015-09-30,8.8,8.2,13.3,2.9,1.7,4.5,1770.0,720.0,62.0,44.0,944.0,0.0,0.0,0.0,0.7,0.0,0.0,0.0,0.0,21.1,0.0,1.7,11.49,,,64.59,549.024,36.9,0.0,10.494,29.006,,18.862914862914863
호소,대청호,문의,2015-10-05,8.8,8.2,13.3,2.9,1.7,4.5,676.0,0.0,138.0,102.0,436.0,16.0,0.0,0.0,0.7,0.0,0.0,0.0,0.0,17.8,0.0,10.8,19.85,0.717,0.019,64.59,549.024,36.9,0.0,19.553,28.804,37.73684011911368,18.994741212288957
호소,대청호,회남,2015-10-05,8.8,8.2,13.3,2.9,1.7,4.5,788.0,324.0,64.0,44.0,356.0,0.0,9.0,0.0,0.7,0.0,0.0,0.0,0.0,17.8,0.0,10.8,19.85,,,64.59,549.024,36.9,0.0,19.553,28.804,,18.994741212288957
호소,대청호,추동,2015-10-05,8.8,8.2,13.3,2.9,1.7,4.5,1074.0,516.0,0.0,22.0,536.0,21.0,10.0,0.0,0.7,0.0,0.0,0.0,0.0,17.8,0.0,10.8,19.85,,,64.59,549.024,36.9,0.0,19.553,28.804,,18.994741212288957
호소,대청호,문의,2015-10-12,8.8,8.2,13.3,2.9,1.7,4.5,726.0,320.0,100.0,0.0,306.0,22.0,11.0,0.0,0.7,0.0,0.0,0.0,0.0,13.6,0.7,8.3,16.28,0.763,0.019,64.55,547.427,36.7,0.8777,14.791,19.406,40.157892623268815,28.06454424279709
호소,대청호,회남,2015-10-12,8.8,8.2,13.3,2.9,1.7,4.5,886.0,0.0,58.0,48.0,780.0,5.0,31.0,0.0,0.7,0.0,0.0,0.0,0.0,13.6,0.7,8.3,16.28,,,64.55,547.427,36.7,0.8777,14.791,19.406,,28.06454424279709
호소,대청호,추동,2015-10-12,8.8,8.2,13.3,2.9,1.7,4.5,1592.0,0.0,320.0,372.0,900.0,14.0,19.0,0.0,0.7,0.0,0.0,0.0,0.0,13.6,0.7,8.3,16.28,,,64.55,547.427,36.7,0.8777,14.791,19.406,,28.06454424279709
호소,대청호,추동,2015-10-19,8.8,8.2,13.3,2.9,1.7,4.5,2048.0,80.0,484.0,426.0,1058.0,39.0,36.0,0.0,0.7,0.0,0.0,0.0,0.0,17.1,0.0,8.7,14.34,,,64.52,546.232,36.7,0.0,14.944,19.553,,27.793822826031644
호소,대청호,문의,2015-10-19,8.8,8.2,13.3,2.9,1.7,4.5,732.0,0.0,236.0,0.0,496.0,16.0,20.0,0.0,0.7,0.0,0.0,0.0,0.0,17.1,0.0,8.7,14.34,0.61,0.011,64.52,546.232,36.7,0.0,14.944,19.553,55.454540413223604,27.793822826031644
호소,대청호,회남,2015-10-19,8.8,8.2,13.3,2.9,1.7,4.5,2346.0,660.0,354.0,192.0,1140.0,0.0,0.0,0.0,0.7,0.0,0.0,0.0,0.0,17.1,0.0,8.7,14.34,,,64.52,546.232,36.7,0.0,14.944,19.553,,27.793822826031644
호소,대청호,회남,2015-10-26,8.8,8.2,13.3,2.9,1.7,4.5,2456.0,660.0,630.0,16.0,1150.0,16.0,47.0,0.0,0.7,0.0,0.0,0.0,0.0,16.9,0.0,7.4,13.75,,,64.44,543.054,36.5,0.0,10.197,19.38,,27.877515400410676
호소,대청호,추동,2015-10-26,8.8,8.2,13.3,2.9,1.7,4.5,2000.0,80.0,122.0,68.0,1730.0,26.0,43.0,0.0,0.7,0.0,0.0,0.0,0.0,16.9,0.0,7.4,13.75,,,64.44,543.054,36.5,0.0,10.197,19.38,,27.877515400410676
호소,대청호,문의,2015-10-26,8.8,8.2,13.3,2.9,1.7,4.5,1358.0,720.0,196.0,108.0,334.0,19.0,30.0,0.0,0.7,0.0,0.0,0.0,0.0,16.9,0.0,7.4,13.75,0.663,0.017,64.44,543.054,36.5,0.0,10.197,19.38,38.999997705882485,27.877515400410676
호소,대청호,추동,2015-11-02,8.8,8.2,13.3,2.9,1.7,4.5,1146.0,70.0,166.0,12.0,898.0,24.0,41.0,0.0,0.7,0.0,0.0,0.0,0.0,9.4,0.0,6.8,11.73,,,64.44,543.054,36.5,0.0,14.667,19.257,,28.054657229942652
호소,대청호,문의,2015-11-02,8.8,8.2,13.3,2.9,1.7,4.5,410.0,120.0,96.0,0.0,194.0,17.0,48.0,0.0,0.7,0.0,0.0,0.0,0.0,9.4,0.0,6.8,11.73,0.808,0.011,64.44,543.054,36.5,0.0,14.667,19.257,73.45453877686012,28.054657229942652
호소,대청호,회남,2015-11-02,8.8,8.2,13.3,2.9,1.7,4.5,2136.0,388.0,492.0,0.0,1256.0,19.0,48.0,0.0,0.7,0.0,0.0,0.0,0.0,9.4,0.0,6.8,11.73,,,64.44,543.054,36.5,0.0,14.667,19.257,,28.054657229942652
호소,대청호,회남,2015-11-09,8.8,8.2,13.3,2.9,1.7,4.5,1474.0,0.0,200.0,48.0,1226.0,17.0,35.0,0.0,0.7,0.0,0.0,0.0,0.0,13.1,1.7,0.7,4.44,,,64.46,543.847,36.5,2.3447,27.826,18.643,,29.016005975564205
호소,대청호,추동,2015-11-09,8.8,8.2,13.3,2.9,1.7,4.5,1306.0,60.0,286.0,0.0,960.0,23.0,23.0,0.0,0.7,0.0,0.0,0.0,0.0,13.1,1.7,0.7,4.44,,,64.46,543.847,36.5,2.3447,27.826,18.643,,29.016005975564205
호소,대청호,문의,2015-11-09,8.8,8.2,13.3,2.9,1.7,4.5,212.0,0.0,90.0,0.0,122.0,25.0,38.0,0.0,0.7,0.0,0.0,0.0,0.0,13.1,1.7,0.7,4.44,0.617,0.004,64.46,543.847,36.5,2.3447,27.826,18.643,154.24996143750963,29.016005975564205
호소,대청호,추동,2015-11-16,8.8,8.2,13.3,2.9,1.7,4.5,1870.0,0.0,42.0,0.0,1828.0,45.0,0.0,0.0,0.7,0.0,0.0,0.0,0.0,11.7,26.3,0.1,3.76,,,64.84,559.072,37.5,10.9552,68.202,16.853,,32.977762048015094
호소,대청호,회남,2015-11-16,8.8,8.2,13.3,2.9,1.7,4.5,1606.0,120.0,508.0,0.0,978.0,28.0,28.0,0.0,0.7,0.0,0.0,0.0,0.0,11.7,26.3,0.1,3.76,,,64.84,559.072,37.5,10.9552,68.202,16.853,,32.977762048015094
호소,대청호,문의,2015-11-16,8.8,8.2,13.3,2.9,1.7,4.5,332.0,0.0,64.0,0.0,268.0,46.0,0.0,0.0,0.7,0.0,0.0,0.0,0.0,11.7,26.3,0.1,3.76,0.741,0.013,64.84,559.072,37.5,10.9552,68.202,16.853,56.999995615384954,32.977762048015094
호소,대청호,문의,2015-11-25,8.8,8.2,13.3,2.9,1.7,4.5,374.0,0.0,118.0,0.0,256.0,26.0,0.0,0.0,0.7,0.0,0.0,0.0,0.0,5.7,8.7,0.0,1.61,0.52,0.011,65.35,579.957,38.9,7.824,39.346,20.169,47.27272297520701,28.61300508165178
호소,대청호,문의,2015-11-25,8.8,8.2,13.3,2.9,1.7,4.5,374.0,0.0,118.0,0.0,256.0,26.0,0.0,0.0,0.7,0.0,0.0,0.0,0.0,5.7,8.7,0.0,1.61,0.556,0.01,65.35,579.957,38.9,7.824,39.346,20.169,55.599994440000565,28.61300508165178
호소,대청호,추동,2015-11-25,8.8,8.2,13.3,2.9,1.7,4.5,1762.0,220.0,62.0,0.0,1480.0,24.0,12.0,0.0,0.7,0.0,0.0,0.0,0.0,5.7,8.7,0.0,1.61,,,65.35,579.957,38.9,7.824,39.346,20.169,,28.61300508165178
호소,대청호,회남,2015-11-25,8.8,8.2,13.3,2.9,1.7,4.5,1078.0,0.0,272.0,0.0,806.0,28.0,0.0,0.0,0.7,0.0,0.0,0.0,0.0,5.7,8.7,0.0,1.61,,,65.35,579.957,38.9,7.824,39.346,20.169,,28.61300508165178
호소,대청호,문의,2015-11-30,8.8,8.2,13.3,2.9,1.7,4.5,308.0,0.0,0.0,0.0,308.0,0.0,0.0,0.0,0.7,0.0,0.0,0.0,0.0,6.9,0.0,5.3,8.0,0.659,0.01,65.52,587.035,39.4,0.0,33.784,19.279,65.89999341000066,30.292326745446097
호소,대청호,회남,2015-11-30,8.8,8.2,13.3,2.9,1.7,4.5,1052.0,0.0,110.0,0.0,942.0,18.0,0.0,0.0,0.7,0.0,0.0,0.0,0.0,6.9,0.0,5.3,8.0,,,65.52,587.035,39.4,0.0,33.784,19.279,,30.292326745446097
호소,대청호,추동,2015-11-30,8.8,8.2,13.3,2.9,1.7,4.5,1286.0,0.0,62.0,0.0,1224.0,10.0,0.0,0.0,0.7,0.0,0.0,0.0,0.0,6.9,0.0,5.3,8.0,,,65.52,587.035,39.4,0.0,33.784,19.279,,30.292326745446097
호소,대청호,문의,2015-12-07,8.8,8.2,13.3,2.9,1.7,4.5,58.0,0.0,0.0,0.0,58.0,0.0,0.0,0.0,0.7,0.0,0.0,0.0,0.0,2.1,0.0,8.7,11.5,0.732,0.021,65.68,593.75,39.9,0.0,23.737,18.862,34.85714119727899,31.312625250501004
호소,대청호,추동,2015-12-07,8.8,8.2,13.3,2.9,1.7,4.5,782.0,0.0,42.0,0.0,740.0,0.0,0.0,0.0,0.7,0.0,0.0,0.0,0.0,2.1,0.0,8.7,11.5,,,65.68,593.75,39.9,0.0,23.737,18.862,,31.312625250501004
호소,대청호,회남,2015-12-07,8.8,8.2,13.3,2.9,1.7,4.5,728.0,60.0,66.0,0.0,602.0,0.0,0.0,0.0,0.7,0.0,0.0,0.0,0.0,2.1,0.0,8.7,11.5,,,65.68,593.75,39.9,0.0,23.737,18.862,,31.312625250501004
호소,대청호,문의,2015-12-14,8.8,8.2,13.3,2.9,1.7,4.5,250.0,0.0,0.0,0.0,250.0,0.0,0.0,0.0,0.7,0.0,0.0,0.0,0.0,7.2,9.9,0.0,2.04,0.725,0.009,65.9,603.068,40.5,5.2425,48.791,19.264,80.55554660493928,31.143771947944636
호소,대청호,추동,2015-12-14,8.8,8.2,13.3,2.9,1.7,4.5,222.0,0.0,0.0,0.0,222.0,0.0,0.0,0.0,0.7,0.0,0.0,0.0,0.0,7.2,9.9,0.0,2.04,,,65.9,603.068,40.5,5.2425,48.791,19.264,,31.143771947944636
호소,대청호,회남,2015-12-14,8.8,8.2,13.3,2.9,1.7,4.5,242.0,0.0,0.0,0.0,242.0,0.0,0.0,0.0,0.7,0.0,0.0,0.0,0.0,7.2,9.9,0.0,2.04,,,65.9,603.068,40.5,5.2425,48.791,19.264,,31.143771947944636
호소,대청호,회남,2015-12-21,8.8,8.2,13.3,2.9,1.7,4.5,448.0,0.0,0.0,0.0,448.0,0.0,0.0,0.0,0.7,0.0,0.0,0.0,0.0,4.3,1.2,5.1,6.95,,,66.12,612.485,41.1,1.2627,28.862,18.906,,32.22587603914553
호소,대청호,추동,2015-12-21,8.8,8.2,13.3,2.9,1.7,4.5,304.0,0.0,0.0,0.0,304.0,0.0,0.0,0.0,0.7,0.0,0.0,0.0,0.0,4.3,1.2,5.1,6.95,,,66.12,612.485,41.1,1.2627,28.862,18.906,,32.22587603914553
호소,대청호,문의,2015-12-21,8.8,8.2,13.3,2.9,1.7,4.5,176.0,0.0,0.0,0.0,176.0,0.0,0.0,0.0,0.7,0.0,0.0,0.0,0.0,4.3,1.2,5.1,6.95,0.829,0.012,66.12,612.485,41.1,1.2627,28.862,18.906,69.08332757638937,32.22587603914553
호소,대청호,추동,2015-12-28,8.8,8.2,13.3,2.9,1.7,4.5,388.0,0.0,0.0,0.0,388.0,0.0,0.0,0.0,0.7,0.0,0.0,0.0,0.0,-3.2,0.0,7.5,11.12,,,66.2,615.934,41.3,0.0,23.722,18.724,,32.72067573310667
호소,대청호,문의,2015-12-28,8.8,8.2,13.3,2.9,1.7,4.5,406.0,0.0,22.0,0.0,384.0,0.0,0.0,0.0,0.7,0.0,0.0,0.0,0.0,-3.2,0.0,7.5,11.12,0.576,0.007,66.2,615.934,41.3,0.0,23.722,18.724,82.28570253061392,32.72067573310667
호소,대청호,회남,2015-12-28,8.8,8.2,13.3,2.9,1.7,4.5,368.0,0.0,0.0,0.0,368.0,0.0,0.0,0.0,0.7,0.0,0.0,0.0,0.0,-3.2,0.0,7.5,11.12,,,66.2,615.934,41.3,0.0,23.722,18.724,,32.72067573310667
호소,대청호,추동,2016-01-05,8.8,8.2,13.3,2.9,1.7,4.5,100.0,0.0,0.0,0.0,100.0,0.0,0.0,0.0,0.7,0.0,0.0,0.0,0.0,-0.6,0.0,4.8,7.72,2.389,0.007,66.22,616.798,41.4,0.0,14.02,19.026,341.28566553061916,32.24918958485831
호소,대청호,문의,2016-01-05,8.8,8.2,13.3,2.9,1.7,4.5,108.0,0.0,0.0,0.0,108.0,0.0,0.0,0.0,0.7,0.0,0.0,0.0,0.0,-0.6,0.0,4.8,7.72,0.821,0.009,66.22,616.798,41.4,0.0,14.02,19.026,91.22221208642088,32.24918958485831
호소,대청호,회남,2016-01-05,8.8,8.2,13.3,2.9,1.7,4.5,176.0,0.0,0.0,0.0,176.0,0.0,0.0,0.0,0.7,0.0,0.0,0.0,0.0,-0.6,0.0,4.8,7.72,2.489,0.007,66.22,616.798,41.4,0.0,14.02,19.026,355.5713777755174,32.24918958485831
호소,대청호,문의,2016-01-11,8.8,8.2,13.3,2.9,1.7,4.5,134.0,0.0,0.0,0.0,134.0,0.0,0.0,0.0,0.7,0.0,0.0,0.0,0.0,-1.8,0.0,8.7,11.6,0.768,0.008,66.2,615.934,41.3,0.0,18.8,18.8,95.99998800000151,32.58910052910053
호소,대청호,회남,2016-01-11,8.8,8.2,13.3,2.9,1.7,4.5,42.0,0.0,0.0,0.0,42.0,0.0,0.0,0.0,0.7,0.0,0.0,0.0,0.0,-1.8,0.0,8.7,11.6,,,66.2,615.934,41.3,0.0,18.8,18.8,,32.58910052910053
호소,대청호,추동,2016-01-11,8.8,8.2,13.3,2.9,1.7,4.5,186.0,0.0,0.0,0.0,186.0,0.0,0.0,0.0,0.7,0.0,0.0,0.0,0.0,-1.8,0.0,8.7,11.6,,,66.2,615.934,41.3,0.0,18.8,18.8,,32.58910052910053
호소,대청호,추동,2016-01-18,8.8,8.2,13.3,2.9,1.7,4.5,32.0,0.0,0.0,0.0,32.0,0.0,0.0,0.0,0.7,0.0,0.0,0.0,0.0,-3.1,3.5,4.3,6.16,,,66.16,614.208,41.2,0.3891,18.608,18.608,,32.8313021167415
호소,대청호,문의,2016-01-18,8.8,8.2,13.3,2.9,1.7,4.5,26.0,0.0,0.0,0.0,26.0,0.0,0.0,0.0,0.7,0.0,0.0,0.0,0.0,-3.1,3.5,4.3,6.16,1.069,0.025,66.16,614.208,41.2,0.3891,18.608,18.608,42.75999828960006,32.8313021167415
호소,대청호,회남,2016-01-18,8.8,8.2,13.3,2.9,1.7,4.5,84.0,0.0,0.0,0.0,84.0,0.0,0.0,0.0,0.7,0.0,0.0,0.0,0.0,-3.1,3.5,4.3,6.16,,,66.16,614.208,41.2,0.3891,18.608,18.608,,32.8313021167415
호소,대청호,추동,2016-01-25,8.8,8.2,13.3,2.9,1.7,4.5,0.0,0.0,0.0,0.0,0.0,0.0,0.0,0.0,0.7,0.0,0.0,0.0,0.0,-7.8,0.1,7.8,12.09,,,66.07,610.336,41.0,0.0,14.502,19.472,,31.18414060903331
호소,대청호,문의,2016-01-25,8.8,8.2,13.3,2.9,1.7,4.5,0.0,0.0,0.0,0.0,0.0,0.0,0.0,0.0,0.7,0.0,0.0,0.0,0.0,-7.8,0.1,7.8,12.09,0.861,0.012,66.07,610.336,41.0,0.0,14.502,19.472,71.74999402083384,31.18414060903331
호소,대청호,회남,2016-01-25,8.8,8.2,13.3,2.9,1.7,4.5,0.0,0.0,0.0,0.0,0.0,0.0,0.0,0.0,0.7,0.0,0.0,0.0,0.0,-7.8,0.1,7.8,12.09,,,66.07,610.336,41.0,0.0,14.502,19.472,,31.18414060903331
호소,대청호,추동,2016-02-01,8.8,8.2,13.3,2.9,1.7,4.5,0.0,0.0,0.0,0.0,0.0,0.0,0.0,0.0,0.7,0.0,0.0,0.0,0.0,-3.9,0.0,9.3,14.95,,,65.99,606.908,40.7,0.0,14.829,19.78,,30.528571428571425
호소,대청호,문의,2016-02-01,8.8,8.2,13.3,2.9,1.7,4.5,0.0,0.0,0.0,0.0,0.0,0.0,0.0,0.0,0.7,0.0,0.0,0.0,0.0,-3.9,0.0,9.3,14.95,1.041,0.012,65.99,606.908,40.7,0.0,14.829,19.78,86.74999277083393,30.528571428571425
호소,대청호,회남,2016-02-01,8.8,8.2,13.3,2.9,1.7,4.5,142.0,0.0,0.0,0.0,142.0,0.0,0.0,0.0,0.7,0.0,0.0,0.0,0.0,-3.9,0.0,9.3,14.95,,,65.99,606.908,40.7,0.0,14.829,19.78,,30.528571428571425
호소,대청호,회남,2016-02-11,8.8,8.2,13.3,2.9,1.7,4.5,0.0,0.0,0.0,0.0,0.0,0.0,0.0,0.0,0.7,0.0,0.0,0.0,0.0,6.8,0.4,4.1,9.97,,,65.87,601.791,40.4,0.0273,18.415,18.415,,32.50288954901431
호소,대청호,추동,2016-02-11,8.8,8.2,13.3,2.9,1.7,4.5,0.0,0.0,0.0,0.0,0.0,0.0,0.0,0.0,0.7,0.0,0.0,0.0,0.0,6.8,0.4,4.1,9.97,,,65.87,601.791,40.4,0.0273,18.415,18.415,,32.50288954901431
호소,대청호,문의,2016-02-11,8.8,8.2,13.3,2.9,1.7,4.5,0.0,0.0,0.0,0.0,0.0,0.0,0.0,0.0,0.7,0.0,0.0,0.0,0.0,6.8,0.4,4.1,9.97,1.003,0.04,65.87,601.791,40.4,0.0273,18.415,18.415,25.074999373125014,32.50288954901431
호소,대청호,회남,2016-02-15,8.8,8.2,13.3,2.9,1.7,4.5,0.0,0.0,0.0,0.0,0.0,0.0,0.0,0.0,0.7,0.0,0.0,0.0,0.0,-3.3,0.0,9.1,17.51,,,65.9,603.068,40.5,0.055,29.205,19.353,,31.001285148820227
호소,대청호,추동,2016-02-15,8.8,8.2,13.3,2.9,1.7,4.5,0.0,0.0,0.0,0.0,0.0,0.0,0.0,0.0,0.7,0.0,0.0,0.0,0.0,-3.3,0.0,9.1,17.51,,,65.9,603.068,40.5,0.055,29.205,19.353,,31.001285148820227
호소,대청호,문의,2016-02-15,8.8,8.2,13.3,2.9,1.7,4.5,0.0,0.0,0.0,0.0,0.0,0.0,0.0,0.0,0.7,0.0,0.0,0.0,0.0,-3.3,0.0,9.1,17.51,0.936,0.014,65.9,603.068,40.5,0.055,29.205,19.353,66.857138081633,31.001285148820227
호소,대청호,회남,2016-02-22,8.8,8.2,13.3,2.9,1.7,4.5,0.0,0.0,0.0,0.0,0.0,0.0,0.0,0.0,0.7,0.0,0.0,0.0,0.0,2.9,0.0,1.6,9.29,,,65.99,606.908,40.7,0.0,23.467,18.519,,32.59616520758365
호소,대청호,추동,2016-02-22,8.8,8.2,13.3,2.9,1.7,4.5,0.0,0.0,0.0,0.0,0.0,0.0,0.0,0.0,0.7,0.0,0.0,0.0,0.0,2.9,0.0,1.6,9.29,,,65.99,606.908,40.7,0.0,23.467,18.519,,32.59616520758365
호소,대청호,문의,2016-02-22,8.8,8.2,13.3,2.9,1.7,4.5,0.0,0.0,0.0,0.0,0.0,0.0,0.0,0.0,0.7,0.0,0.0,0.0,0.0,2.9,0.0,1.6,9.29,0.765,0.017,65.99,606.908,40.7,0.0,23.467,18.519,44.99999735294133,32.59616520758365
호소,대청호,추동,2016-03-02,8.8,8.2,13.3,2.9,1.7,4.5,0.0,0.0,0.0,0.0,0.0,0.0,0.0,0.0,0.7,0.0,0.0,0.0,0.0,3.0,0.0,10.6,19.68,2.078,0.006,65.99,606.908,40.7,0.0,19.524,19.524,346.33327561112065,30.92682429677945
호소,대청호,문의,2016-03-02,8.8,8.2,13.3,2.9,1.7,4.5,0.0,0.0,0.0,0.0,0.0,0.0,0.0,0.0,0.7,0.0,0.0,0.0,0.0,3.0,0.0,10.6,19.68,0.986,0.014,65.99,606.908,40.7,0.0,19.524,19.524,70.42856639795954,30.92682429677945
호소,대청호,회남,2016-03-02,8.8,8.2,13.3,2.9,1.7,4.5,0.0,0.0,0.0,0.0,0.0,0.0,0.0,0.0,0.7,0.0,0.0,0.0,0.0,3.0,0.0,10.6,19.68,3.324,0.012,65.99,606.908,40.7,0.0,19.524,19.524,276.9999769166686,30.92682429677945
호소,대청호,문의,2016-03-07,8.8,8.2,13.3,2.9,1.7,4.5,0.0,0.0,0.0,0.0,0.0,0.0,0.0,0.0,0.7,0.0,0.0,0.0,0.0,9.0,0.0,3.2,9.72,0.873,0.01,66.7,637.791,42.8,0.0,235.318,17.399,87.29999127000087,36.44728270186867
호소,대청호,회남,2016-03-07,8.8,8.2,13.3,2.9,1.7,4.5,0.0,0.0,0.0,0.0,0.0,0.0,0.0,0.0,0.7,0.0,0.0,0.0,0.0,9.0,0.0,3.2,9.72,,,66.7,637.791,42.8,0.0,235.318,17.399,,36.44728270186867
호소,대청호,추동,2016-03-07,8.8,8.2,13.3,2.9,1.7,4.5,0.0,0.0,0.0,0.0,0.0,0.0,0.0,0.0,0.7,0.0,0.0,0.0,0.0,9.0,0.0,3.2,9.72,,,66.7,637.791,42.8,0.0,235.318,17.399,,36.44728270186867
호소,대청호,추동,2016-03-14,8.8,8.2,13.3,2.9,1.7,4.5,0.0,0.0,0.0,0.0,0.0,0.0,0.0,0.0,0.7,0.0,0.0,0.0,0.0,4.4,0.0,6.0,11.89,,,67.25,662.438,44.5,0.0,27.869,17.367,,37.92511593290204
호소,대청호,문의,2016-03-14,8.8,8.2,13.3,2.9,1.7,4.5,0.0,0.0,0.0,0.0,0.0,0.0,0.0,0.0,0.7,0.0,0.0,0.0,0.0,4.4,0.0,6.0,11.89,1.119,0.009,67.25,662.438,44.5,0.0,27.869,17.367,124.33331951852007,37.92511593290204
호소,대청호,회남,2016-03-14,8.8,8.2,13.3,2.9,1.7,4.5,0.0,0.0,0.0,0.0,0.0,0.0,0.0,0.0,0.7,0.0,0.0,0.0,0.0,4.4,0.0,6.0,11.89,,,67.25,662.438,44.5,0.0,27.869,17.367,,37.92511593290204
호소,대청호,회남,2016-03-21,8.8,8.2,13.3,2.9,1.7,4.5,0.0,0.0,0.0,0.0,0.0,0.0,0.0,0.0,0.7,0.0,0.0,0.0,0.0,9.5,0.0,10.3,21.51,,,67.35,666.987,44.8,0.0,19.082,19.082,,34.771504535502025
호소,대청호,문의,2016-03-21,8.8,8.2,13.3,2.9,1.7,4.5,0.0,0.0,0.0,0.0,0.0,0.0,0.0,0.0,0.7,0.0,0.0,0.0,0.0,9.5,0.0,10.3,21.51,0.93,0.006,67.35,666.987,44.8,0.0,19.082,19.082,154.99997416667097,34.771504535502025
호소,대청호,추동,2016-03-21,8.8,8.2,13.3,2.9,1.7,4.5,0.0,0.0,0.0,0.0,0.0,0.0,0.0,0.0,0.7,0.0,0.0,0.0,0.0,9.5,0.0,10.3,21.51,,,67.35,666.987,44.8,0.0,19.082,19.082,,34.771504535502025
호소,대청호,문의,2016-03-28,8.8,8.2,13.3,2.9,1.7,4.5,0.0,0.0,0.0,0.0,0.0,0.0,0.0,0.0,0.7,0.0,0.0,0.0,0.0,9.4,0.0,11.6,24.33,1.07,0.013,67.34,666.531,44.7,0.0,12.934,18.211,82.30768597633185,36.4005788870078
호소,대청호,회남,2016-03-28,8.8,8.2,13.3,2.9,1.7,4.5,0.0,0.0,0.0,0.0,0.0,0.0,0.0,0.0,0.7,0.0,0.0,0.0,0.0,9.4,0.0,11.6,24.33,,,67.34,666.531,44.7,0.0,12.934,18.211,,36.4005788870078
호소,대청호,추동,2016-03-28,8.8,8.2,13.3,2.9,1.7,4.5,0.0,0.0,0.0,0.0,0.0,0.0,0.0,0.0,0.7,0.0,0.0,0.0,0.0,9.4,0.0,11.6,24.33,,,67.34,666.531,44.7,0.0,12.934,18.211,,36.4005788870078
호소,대청호,문의,2016-04-04,8.8,8.2,13.3,2.9,1.7,4.5,0.0,0.0,0.0,0.0,0.0,0.0,0.0,0.0,0.7,0.0,0.0,0.0,0.0,13.5,0.0,6.8,19.2,1.154,0.022,67.29,664.255,44.6,1.5744,14.068,19.333,52.45454307024804,34.181804147584
호소,대청호,회남,2016-04-04,7.9,8.0,12.5,2.5,1.2,5.2,0.0,0.0,0.0,0.0,0.0,0.0,0.0,0.0,0.7,0.0,0.0,0.0,0.0,13.5,0.0,6.8,19.2,,,67.29,664.255,44.6,1.5744,14.068,19.333,,34.181804147584
호소,대청호,추동,2016-04-04,8.7,8.2,12.8,2.2,2.0,5.8,0.0,0.0,0.0,0.0,0.0,0.0,0.0,0.0,0.7,0.0,0.0,0.0,0.0,13.5,0.0,6.8,19.2,,,67.29,664.255,44.6,1.5744,14.068,19.333,,34.181804147584
호소,대청호,회남,2016-04-11,8.6,8.0,11.0,2.5,1.3,6.2,0.0,0.0,0.0,0.0,0.0,0.0,0.0,0.0,0.7,0.0,0.0,0.0,0.0,13.2,0.0,11.4,26.86,,,67.98,696.142,46.7,0.0,63.217,19.821,,34.94513327644194
호소,대청호,추동,2016-04-11,10.0,8.2,11.5,2.3,2.3,4.0,0.0,0.0,0.0,0.0,0.0,0.0,0.0,0.0,0.7,0.0,0.0,0.0,0.0,13.2,0.0,11.4,26.86,,,67.98,696.142,46.7,0.0,63.217,19.821,,34.94513327644194
호소,대청호,문의,2016-04-11,9.1,7.7,12.1,3.2,1.1,4.4,0.0,0.0,0.0,0.0,0.0,0.0,0.0,0.0,0.7,0.0,0.0,0.0,0.0,13.2,0.0,11.4,26.86,1.04,0.017,67.98,696.142,46.7,0.0,63.217,19.821,61.17646698961959,34.94513327644194
호소,대청호,추동,2016-04-18,10.2,7.8,11.2,1.8,3.1,5.0,0.0,0.0,0.0,0.0,0.0,0.0,0.0,0.0,0.7,0.0,0.0,0.0,0.0,12.3,1.7,9.6,23.73,,,68.52,721.814,48.4,0.688,102.719,19.447,,36.92709878753773
호소,대청호,회남,2016-04-18,8.9,7.4,11.4,2.8,1.5,5.3,0.0,0.0,0.0,0.0,0.0,0.0,0.0,0.0,0.7,0.0,0.0,0.0,0.0,12.3,1.7,9.6,23.73,,,68.52,721.814,48.4,0.688,102.719,19.447,,36.92709878753773
호소,대청호,문의,2016-04-18,12.1,8.2,11.3,2.0,2.5,5.1,0.0,0.0,0.0,0.0,0.0,0.0,0.0,0.0,0.7,0.0,0.0,0.0,0.0,12.3,1.7,9.6,23.73,0.923,0.011,68.52,721.814,48.4,0.688,102.719,19.447,83.90908328099245,36.92709878753773
호소,대청호,문의,2016-04-25,14.7,8.3,11.4,2.7,1.8,4.5,0.0,0.0,0.0,0.0,0.0,2.0,0.0,0.0,0.7,0.0,0.0,0.0,0.0,17.7,0.0,11.6,26.84,1.322,0.005,69.76,783.195,52.6,0.0,78.752,19.986,264.39994712001055,38.99208403863387
호소,대청호,추동,2016-04-25,12.1,7.9,11.3,2.7,2.0,4.2,0.0,0.0,0.0,0.0,0.0,0.0,0.0,0.0,0.7,0.0,0.0,0.0,0.0,17.7,0.0,11.6,26.84,,,69.76,783.195,52.6,0.0,78.752,19.986,,38.99208403863387
호소,대청호,회남,2016-04-25,10.1,7.3,10.7,2.8,1.3,4.3,0.0,0.0,0.0,0.0,0.0,0.0,0.0,0.0,0.7,0.0,0.0,0.0,0.0,17.7,0.0,11.6,26.84,,,69.76,783.195,52.6,0.0,78.752,19.986,,38.99208403863387
호소,대청호,추동,2016-05-02,13.9,8.0,11.8,3.0,1.8,5.8,0.0,0.0,0.0,0.0,0.0,0.0,0.0,0.0,0.7,0.0,0.0,0.0,0.0,19.8,6.3,8.3,22.04,,,70.28,810.13,54.4,1.9942,53.058,41.082,,19.671944053227136
호소,대청호,문의,2016-05-02,14.4,8.2,11.5,2.2,1.7,6.9,0.0,0.0,0.0,0.0,0.0,0.0,0.0,0.0,0.7,0.0,0.0,0.0,0.0,19.8,6.3,8.3,22.04,1.514,0.007,70.28,810.13,54.4,1.9942,53.058,41.082,216.2856833877595,19.671944053227136
호소,대청호,회남,2016-05-02,11.1,7.8,11.8,2.0,1.7,6.0,0.0,0.0,0.0,0.0,0.0,0.0,0.0,0.0,0.7,0.0,0.0,0.0,0.0,19.8,6.3,8.3,22.04,,,70.28,810.13,54.4,1.9942,53.058,41.082,,19.671944053227136
호소,대청호,문의,2016-05-09,16.1,8.1,12.2,2.4,1.5,8.8,0.0,0.0,0.0,0.0,0.0,0.0,0.0,0.0,0.7,0.0,0.0,0.0,0.0,20.0,0.0,2.9,18.29,1.624,0.003,70.21,806.512,54.1,0.0,32.096,56.013,541.333152888949,14.372997344643842
호소,대청호,추동,2016-05-09,14.5,7.8,11.2,3.6,1.1,5.9,0.0,0.0,0.0,0.0,0.0,0.0,0.0,0.0,0.7,0.0,0.0,0.0,0.0,20.0,0.0,2.9,18.29,,,70.21,806.512,54.1,0.0,32.096,56.013,,14.372997344643842
호소,대청호,회남,2016-05-09,11.4,7.8,11.3,1.5,1.6,6.8,38.0,0.0,0.0,0.0,38.0,0.0,0.0,0.0,0.7,0.0,0.0,0.0,0.0,20.0,0.0,2.9,18.29,,,70.21,806.512,54.1,0.0,32.096,56.013,,14.372997344643842
호소,대청호,추동,2016-05-16,15.2,7.8,10.4,4.4,1.3,3.6,12.0,0.0,0.0,0.0,12.0,0.0,0.0,0.0,0.7,0.0,0.0,0.0,0.0,15.9,5.2,11.7,29.91,,,70.06,798.79,53.6,7.7333,39.989,51.877,,15.368143601977795
호소,대청호,회남,2016-05-16,12.2,7.9,10.3,2.5,1.4,6.4,0.0,0.0,0.0,0.0,0.0,0.0,0.0,0.0,0.7,0.0,0.0,0.0,0.0,15.9,5.2,11.7,29.91,,,70.06,798.79,53.6,7.7333,39.989,51.877,,15.368143601977795
호소,대청호,문의,2016-05-16,17.0,8.4,11.4,4.3,1.4,7.4,0.0,0.0,0.0,0.0,0.0,0.0,0.0,0.0,0.7,0.0,0.0,0.0,0.0,15.9,5.2,11.7,29.91,1.25,0.004,70.06,798.79,53.6,7.7333,39.989,51.877,312.4999218750195,15.368143601977795
호소,대청호,문의,2016-05-23,19.9,8.2,11.9,4.9,1.2,3.3,0.0,0.0,0.0,0.0,0.0,0.0,0.0,0.0,0.7,0.0,0.0,0.0,0.0,23.1,0.0,10.5,26.78,1.402,0.006,69.46,768.03,51.6,0.0,18.688,76.933,233.66662772222867,9.9701426661301
호소,대청호,추동,2016-05-23,16.9,7.8,9.9,4.0,1.3,3.3,0.0,0.0,0.0,0.0,0.0,0.0,0.0,0.0,0.7,0.0,0.0,0.0,0.0,23.1,0.0,10.5,26.78,,,69.46,768.03,51.6,0.0,18.688,76.933,,9.9701426661301
호소,대청호,회남,2016-05-23,13.6,7.9,10.2,2.5,1.4,4.4,12.0,0.0,0.0,0.0,12.0,0.0,0.0,0.0,0.7,0.0,0.0,0.0,0.0,23.1,0.0,10.5,26.78,,,69.46,768.03,51.6,0.0,18.688,76.933,,9.9701426661301
호소,대청호,추동,2016-05-30,17.9,7.7,8.6,3.9,1.7,7.3,0.0,0.0,0.0,0.0,0.0,0.0,0.0,0.0,0.7,0.0,0.0,0.0,0.0,22.0,0.0,12.2,29.85,,,68.82,736.351,49.4,0.0,14.136,76.405,,9.624874191229331
호소,대청호,회남,2016-05-30,14.2,7.7,8.5,4.2,1.0,3.8,0.0,0.0,0.0,0.0,0.0,0.0,0.0,0.0,0.7,0.0,0.0,0.0,0.0,22.0,0.0,12.2,29.85,,,68.82,736.351,49.4,0.0,14.136,76.405,,9.624874191229331
호소,대청호,문의,2016-05-30,20.5,8.1,10.6,5.1,2.0,3.2,0.0,0.0,0.0,0.0,0.0,0.0,0.0,0.0,0.7,0.0,0.0,0.0,0.0,22.0,0.0,12.2,29.85,,,68.82,736.351,49.4,0.0,14.136,76.405,,9.624874191229331
호소,대청호,문의,2016-06-07,21.9,8.2,9.6,4.3,2.0,6.7,0.0,0.0,0.0,0.0,0.0,1.0,0.0,0.0,0.7,0.0,0.0,0.0,0.0,21.9,1.2,4.1,17.95,,,67.93,693.797,46.6,0.4327,18.523,78.317,,8.847533060433326
호소,대청호,회남,2016-06-07,15.5,7.7,6.8,4.9,1.1,2.5,260.0,0.0,182.0,0.0,78.0,2.0,0.0,0.0,0.7,0.0,0.0,0.0,0.0,21.9,1.2,4.1,17.95,,,67.93,693.797,46.6,0.4327,18.523,78.317,,8.847533060433326
호소,대청호,추동,2016-06-07,20.1,8.0,8.2,2.7,2.7,7.8,0.0,0.0,0.0,0.0,0.0,3.0,0.0,0.0,0.7,0.0,0.0,0.0,0.0,21.9,1.2,4.1,17.95,,,67.93,693.797,46.6,0.4327,18.523,78.317,,8.847533060433326
호소,대청호,추동,2016-06-13,22.1,8.2,9.7,2.7,2.5,7.3,0.0,0.0,0.0,0.0,0.0,4.0,0.0,0.0,0.7,0.0,0.0,0.0,0.0,24.6,0.0,8.7,24.26,,,67.26,662.892,44.5,0.0552,13.498,76.749,,8.625902744342804
호소,대청호,회남,2016-06-13,16.6,7.4,6.2,4.8,1.2,2.3,442.0,340.0,70.0,0.0,32.0,3.0,6.0,0.0,0.7,0.0,0.0,0.0,0.0,24.6,0.0,8.7,24.26,,,67.26,662.892,44.5,0.0552,13.498,76.749,,8.625902744342804
호소,대청호,문의,2016-06-13,23.2,8.3,10.1,4.4,1.9,4.7,0.0,0.0,0.0,0.0,0.0,0.0,0.0,0.0,0.7,0.0,0.0,0.0,0.0,24.6,0.0,8.7,24.26,,,67.26,662.892,44.5,0.0552,13.498,76.749,,8.625902744342804
호소,대청호,추동,2016-06-20,23.1,8.3,8.6,2.3,3.0,8.0,0.0,0.0,0.0,0.0,0.0,0.0,0.0,0.0,0.7,0.0,0.0,0.0,0.0,24.2,2.2,5.8,19.67,,,66.6,633.378,42.5,3.2715,18.06,69.136,,9.148102143393611
호소,대청호,회남,2016-06-20,16.7,7.5,5.4,4.3,1.7,2.8,90.0,0.0,68.0,0.0,22.0,0.0,0.0,0.0,0.7,0.0,0.0,0.0,0.0,24.2,2.2,5.8,19.67,,,66.6,633.378,42.5,3.2715,18.06,69.136,,9.148102143393611
호소,대청호,문의,2016-06-20,24.6,8.6,10.4,3.7,1.5,6.6,0.0,0.0,0.0,0.0,0.0,0.0,0.0,0.0,0.7,0.0,0.0,0.0,0.0,24.2,2.2,5.8,19.67,,,66.6,633.378,42.5,3.2715,18.06,69.136,,9.148102143393611
호소,대청호,추동,2016-06-27,23.3,8.4,8.2,2.1,3.1,12.2,166.0,0.0,166.0,0.0,0.0,0.0,0.0,0.0,0.7,0.0,0.0,0.0,0.0,23.3,5.5,5.1,16.32,,,66.09,611.195,41.0,0.0,19.59,59.453,,10.26304300371098
호소,대청호,회남,2016-06-27,16.6,7.5,5.0,6.7,1.3,3.2,264.0,26.0,174.0,0.0,64.0,0.0,0.0,0.0,0.7,0.0,0.0,0.0,0.0,23.3,5.5,5.1,16.32,,,66.09,611.195,41.0,0.0,19.59,59.453,,10.26304300371098
호소,대청호,문의,2016-06-27,25.1,8.6,10.0,3.7,2.1,7.5,0.0,0.0,0.0,0.0,0.0,0.0,0.0,0.0,0.7,0.0,0.0,0.0,0.0,23.3,5.5,5.1,16.32,,,66.09,611.195,41.0,0.0,19.59,59.453,,10.26304300371098
호소,대청호,추동,2016-07-04,23.3,8.3,6.3,2.2,8.5,13.1,596.0,540.0,30.0,0.0,26.0,0.0,0.0,0.0,0.7,0.0,0.0,0.0,0.0,22.1,179.1,0.0,3.42,,,68.11,702.264,47.1,92.556,842.346,34.864,,20.085344926209817
호소,대청호,회남,2016-07-04,17.3,7.4,3.6,3.9,1.9,6.0,582.0,560.0,0.0,0.0,22.0,0.0,0.0,0.0,0.7,0.0,0.0,0.0,0.0,22.1,179.1,0.0,3.42,,,68.11,702.264,47.1,92.556,842.346,34.864,,20.085344926209817
호소,대청호,문의,2016-07-04,25.0,8.5,8.7,2.4,27.6,5.7,0.0,0.0,0.0,0.0,0.0,0.0,0.0,0.0,0.7,0.0,0.0,0.0,0.0,22.1,179.1,0.0,3.42,,,68.11,702.264,47.1,92.556,842.346,34.864,,20.085344926209817
호소,대청호,회남,2016-07-11,20.0,7.7,7.8,2.4,38.3,4.4,272.0,272.0,0.0,0.0,0.0,0.0,0.0,0.0,0.7,0.0,0.0,0.0,0.0,27.1,0.3,2.8,16.95,,,75.16,1086.143,72.9,2.6503,112.51,233.834,,4.642946301093471
호소,대청호,추동,2016-07-11,23.7,8.0,7.7,1.3,20.3,7.7,0.0,0.0,0.0,0.0,0.0,0.0,0.0,0.0,0.7,0.0,0.0,0.0,0.0,27.1,0.3,2.8,16.95,,,75.16,1086.143,72.9,2.6503,112.51,233.834,,4.642946301093471
호소,대청호,문의,2016-07-11,24.2,8.0,7.1,3.0,7.8,3.4,0.0,0.0,0.0,0.0,0.0,0.0,0.0,0.0,0.7,0.0,0.0,0.0,0.0,27.1,0.3,2.8,16.95,,,75.16,1086.143,72.9,2.6503,112.51,233.834,,4.642946301093471
호소,대청호,추동,2016-07-18,23.0,7.8,5.8,2.1,14.2,5.9,298.0,160.0,94.0,0.0,44.0,0.0,0.0,0.0,0.7,0.0,0.0,0.0,0.0,24.3,0.0,8.3,20.07,,,73.87,1008.537,67.7,0.0,53.888,238.627,,4.224645725033197
호소,대청호,회남,2016-07-18,20.8,7.7,6.2,3.2,21.0,3.4,338.0,0.0,56.0,0.0,282.0,5.0,0.0,0.0,0.7,0.0,0.0,0.0,0.0,24.3,0.0,8.3,20.07,,,73.87,1008.537,67.7,0.0,53.888,238.627,,4.224645725033197
호소,대청호,문의,2016-07-18,23.1,7.9,5.7,2.5,9.6,6.7,180.0,54.0,0.0,0.0,126.0,0.0,0.0,0.0,0.7,0.0,0.0,0.0,0.0,24.3,0.0,8.3,20.07,,,73.87,1008.537,67.7,0.0,53.888,238.627,,4.224645725033197
호소,대청호,문의,2016-07-25,24.9,8.3,6.8,1.7,5.6,15.1,8170.0,6998.0,736.0,0.0,436.0,0.0240963855421686,0.0,0.0,0.7,0.0,0.0,0.0,0.0,29.2,0.0,6.7,15.99,,,72.73,942.767,63.3,0.0,19.243,71.677,,13.134667093915878
호소,대청호,회남,2016-07-25,22.9,8.0,7.2,2.1,18.3,3.7,3146.0,3020.0,126.0,0.0,0.0,0.0481927710843373,0.0,0.0,0.7,0.0,0.0,0.0,0.0,29.2,0.0,6.7,15.99,,,72.73,942.767,63.3,0.0,19.243,71.677,,13.134667093915878
호소,대청호,추동,2016-07-25,24.3,8.1,5.8,1.8,8.0,7.6,1896.0,1380.0,286.0,0.0,230.0,0.072289156626506,0.0,0.0,0.7,0.0,0.0,0.0,0.0,29.2,0.0,6.7,15.99,,,72.73,942.767,63.3,0.0,19.243,71.677,,13.134667093915878
호소,대청호,문의,2016-08-01,25.1,8.3,5.8,2.0,4.9,8.7,7724.0,5890.0,42.0,1280.0,512.0,0.0963855421686747,0.0,0.0,0.7,0.0,0.0,0.0,0.0,28.7,0.0,4.9,19.06,,,72.23,914.741,61.4,0.0,28.364,73.431,,12.440208891487945
호소,대청호,추동,2016-08-01,24.7,8.4,5.8,1.9,8.6,5.7,7470.0,3000.0,536.0,458.0,3476.0,0.1204819277108433,0.0,0.0,0.7,0.0,0.0,0.0,0.0,28.7,0.0,4.9,19.06,,,72.23,914.741,61.4,0.0,28.364,73.431,,12.440208891487945
호소,대청호,회남,2016-08-01,22.3,8.2,5.9,2.4,11.3,3.2,5588.0,5268.0,108.0,212.0,0.0,0.144578313253012,0.0,0.0,0.7,0.0,0.0,0.0,0.0,28.7,0.0,4.9,19.06,,,72.23,914.741,61.4,0.0,28.364,73.431,,12.440208891487945
호소,대청호,추동,2016-08-08,25.6,8.1,4.1,1.9,7.0,3.3,372.0,80.0,0.0,246.0,46.0,0.1686746987951807,0.0,0.0,0.7,0.0,0.0,0.0,0.0,29.7,0.0,11.9,24.82,,,71.83,892.677,59.9,3.1546,12.666,50.74,,17.558556254917388
호소,대청호,문의,2016-08-08,26.2,8.5,5.8,2.0,3.2,7.8,5282.0,3568.0,12.0,318.0,1384.0,0.1927710843373494,0.0,0.0,0.7,0.0,0.0,0.0,0.0,29.7,0.0,11.9,24.82,,,71.83,892.677,59.9,3.1546,12.666,50.74,,17.558556254917388
호소,대청호,회남,2016-08-08,23.4,8.2,5.6,1.6,12.5,5.4,8598.0,8152.0,54.0,392.0,0.0,0.216867469879518,0.0,0.0,0.7,0.0,0.0,0.0,0.0,29.7,0.0,11.9,24.82,,,71.83,892.677,59.9,3.1546,12.666,50.74,,17.558556254917388
호소,대청호,추동,2016-08-16,26.1,8.4,4.0,2.6,5.0,3.9,3414.0,3236.0,0.0,72.0,106.0,0.2409638554216867,0.0,0.0,0.7,0.0,0.0,0.0,0.0,29.9,0.0,9.0,23.67,,,71.4,869.308,58.3,0.0,7.393,51.137,,16.96641099205652
호소,대청호,문의,2016-08-16,27.0,8.7,5.5,1.4,3.3,9.8,8630.0,7564.0,0.0,328.0,738.0,0.2650602409638554,0.0,0.0,0.7,0.0,0.0,0.0,0.0,29.9,0.0,9.0,23.67,,,71.4,869.308,58.3,0.0,7.393,51.137,,16.96641099205652
호소,대청호,회남,2016-08-16,24.2,8.4,5.1,2.0,9.2,5.7,3422.0,2700.0,274.0,176.0,272.0,0.2891566265060241,0.0,0.0,0.7,0.0,0.0,0.0,0.0,29.9,0.0,9.0,23.67,,,71.4,869.308,58.3,0.0,7.393,51.137,,16.96641099205652
호소,대청호,추동,2016-08-22,25.6,8.3,4.7,1.9,5.1,4.5,2056.0,1760.0,0.0,26.0,270.0,0.3132530120481928,0.0,0.0,0.7,0.0,0.0,0.0,0.0,30.3,0.0,11.4,23.9,,,71.03,849.489,57.0,0.0,9.266,52.426,,16.172733503407837
호소,대청호,문의,2016-08-22,27.1,8.5,5.3,1.5,3.1,9.2,6466.0,6216.0,0.0,176.0,74.0,0.3373493975903615,0.0,0.0,0.7,0.0,0.0,0.0,0.0,30.3,0.0,11.4,23.9,,,71.03,849.489,57.0,0.0,9.266,52.426,,16.172733503407837
호소,대청호,회남,2016-08-22,23.4,8.3,5.0,1.6,9.7,6.2,8064.0,7956.0,86.0,0.0,22.0,0.3614457831325301,0.0,0.0,0.7,0.0,0.0,0.0,0.0,30.3,0.0,11.4,23.9,,,71.03,849.489,57.0,0.0,9.266,52.426,,16.172733503407837
호소,대청호,회남,2016-08-29,22.5,7.8,4.8,1.8,8.3,7.3,2324.0,2322.0,0.0,2.0,0.0,0.3855421686746988,0.0,0.0,0.7,0.0,0.0,0.0,0.0,20.5,3.1,9.9,22.85,,,70.53,823.129,55.2,0.3895,9.225,51.602,,15.920641367838769
호소,대청호,추동,2016-08-29,25.0,7.7,5.6,1.8,5.3,7.2,182.0,42.0,0.0,96.0,44.0,0.4096385542168675,0.0,0.0,0.7,0.0,0.0,0.0,0.0,20.5,3.1,9.9,22.85,,,70.53,823.129,55.2,0.3895,9.225,51.602,,15.920641367838769
호소,대청호,문의,2016-08-29,25.5,8.7,4.8,1.3,3.5,13.5,2542.0,2488.0,0.0,0.0,54.0,0.4337349397590361,0.0,0.0,0.7,0.0,0.0,0.0,0.0,20.5,3.1,9.9,22.85,,,70.53,823.129,55.2,0.3895,9.225,51.602,,15.920641367838769
호소,대청호,문의,2016-09-05,25.1,8.8,6.1,1.5,7.1,27.5,8496.0,8400.0,0.0,0.0,96.0,0.4578313253012048,0.0,0.0,0.7,0.0,0.0,0.0,0.0,26.2,0.0,5.0,13.15,,,70.27,809.613,54.3,0.9667,21.206,45.176,,17.881725417439704
호소,대청호,추동,2016-09-05,24.6,8.3,5.5,1.8,7.9,7.2,5008.0,4308.0,142.0,254.0,304.0,0.4819277108433735,0.0,0.0,0.7,0.0,0.0,0.0,0.0,26.2,0.0,5.0,13.15,1.799,0.026,70.27,809.613,54.3,0.9667,21.206,45.176,69.19230503106519,17.881725417439704
호소,대청호,회남,2016-09-05,22.0,8.2,3.5,1.9,7.6,5.7,5946.0,4600.0,138.0,1208.0,0.0,0.5060240963855422,0.0,0.0,0.7,0.0,0.0,0.0,0.0,26.2,0.0,5.0,13.15,2.095,0.032,70.27,809.613,54.3,0.9667,21.206,45.176,65.46874795410163,17.881725417439704
호소,대청호,회남,2016-09-12,21.8,7.9,3.3,3.0,5.1,2.7,2828.0,2740.0,0.0,66.0,22.0,0.5301204819277109,0.0,0.0,0.7,0.0,0.0,0.0,0.0,23.5,9.8,5.7,15.95,,,69.97,793.931,53.3,1.4279,12.911,39.471,,20.063455560890553
호소,대청호,추동,2016-09-12,24.6,8.1,5.6,1.8,4.1,8.3,8258.0,7700.0,0.0,140.0,418.0,0.5542168674698795,0.0,0.0,0.7,0.0,0.0,0.0,0.0,23.5,9.8,5.7,15.95,,,69.97,793.931,53.3,1.4279,12.911,39.471,,20.063455560890553
호소,대청호,문의,2016-09-12,25.5,8.7,5.1,1.6,3.5,16.7,8540.0,8540.0,0.0,0.0,0.0,0.5783132530120483,0.0,0.0,0.7,0.0,0.0,0.0,0.0,23.5,9.8,5.7,15.95,,,69.97,793.931,53.3,1.4279,12.911,39.471,,20.063455560890553
호소,대청호,회남,2016-09-19,22.4,7.4,2.1,2.5,7.1,2.7,1700.0,1600.0,0.0,84.0,16.0,0.6024096385542169,0.0,0.0,0.7,0.0,0.0,0.0,0.0,20.0,0.0,0.4,10.3,,,70.74,834.142,56.0,0.0,209.011,39.286,,21.178642157111664
호소,대청호,추동,2016-09-19,23.5,7.8,4.9,2.9,5.1,7.3,4648.0,4514.0,0.0,88.0,46.0,0.6265060240963856,0.0,0.0,0.7,0.0,0.0,0.0,0.0,20.0,0.0,0.4,10.3,,,70.74,834.142,56.0,0.0,209.011,39.286,,21.178642157111664
호소,대청호,문의,2016-09-19,25.2,8.1,6.2,1.9,4.8,10.3,5638.0,5490.0,0.0,90.0,58.0,0.6506024096385542,0.0,0.0,0.7,0.0,0.0,0.0,0.0,20.0,0.0,0.4,10.3,,,70.74,834.142,56.0,0.0,209.011,39.286,,21.178642157111664
호소,대청호,추동,2016-09-26,23.2,7.7,5.6,2.3,4.4,10.4,5108.0,4820.0,86.0,0.0,202.0,0.674698795180723,0.0,0.0,0.7,0.0,0.0,0.0,0.0,22.1,0.0,2.5,9.8,,,70.91,843.119,56.6,0.5478,26.573,38.839,,21.65230231901179
호소,대청호,문의,2016-09-26,24.0,8.0,4.6,2.1,3.8,7.7,8418.0,8310.0,52.0,0.0,56.0,0.6987951807228916,0.0,0.0,0.7,0.0,0.0,0.0,0.0,22.1,0.0,2.5,9.8,,,70.91,843.119,56.6,0.5478,26.573,38.839,,21.65230231901179
호소,대청호,회남,2016-09-26,20.9,7.5,3.5,2.8,6.0,5.3,300.0,220.0,54.0,0.0,26.0,0.7228915662650602,0.0,0.0,0.7,0.0,0.0,0.0,0.0,22.1,0.0,2.5,9.8,,,70.91,843.119,56.6,0.5478,26.573,38.839,,21.65230231901179
호소,대청호,문의,2016-10-04,23.8,8.0,7.0,2.7,3.5,10.5,3862.0,3364.0,0.0,436.0,62.0,0.746987951807229,0.0,0.0,0.7,0.0,0.0,0.0,0.0,22.1,0.0,8.7,19.62,0.775,0.027,70.89,842.06,56.5,0.1241,33.386,27.261,28.70370264060361,30.775921932677896
호소,대청호,추동,2016-10-04,22.8,7.8,5.5,1.9,3.9,11.5,2614.0,2360.0,160.0,0.0,94.0,0.7710843373493976,0.0,0.0,0.7,0.0,0.0,0.0,0.0,22.1,0.0,8.7,19.62,1.674,0.012,70.89,842.06,56.5,0.1241,33.386,27.261,139.49998837500095,30.775921932677896
호소,대청호,회남,2016-10-04,21.7,7.6,4.6,2.8,4.7,4.8,868.0,810.0,58.0,0.0,0.0,0.7951807228915663,0.0,0.0,0.7,0.0,0.0,0.0,0.0,22.1,0.0,8.7,19.62,1.818,0.015,70.89,842.06,56.5,0.1241,33.386,27.261,121.19999192000056,30.775921932677896
호소,대청호,추동,2016-10-10,22.2,7.6,7.3,2.5,4.4,9.9,1374.0,700.0,450.0,0.0,224.0,0.819277108433735,0.0,0.0,0.7,0.0,0.0,0.0,0.0,12.7,0.0,6.3,13.15,,,72.68,939.942,63.1,0.0,171.047,27.866,,33.610169491525426
호소,대청호,회남,2016-10-10,20.8,7.6,5.4,2.4,7.3,11.8,736.0,640.0,82.0,0.0,14.0,0.8433734939759037,0.0,0.0,0.7,0.0,0.0,0.0,0.0,12.7,0.0,6.3,13.15,,,72.68,939.942,63.1,0.0,171.047,27.866,,33.610169491525426
호소,대청호,문의,2016-10-10,22.3,7.6,7.3,2.9,4.0,7.1,3898.0,3660.0,0.0,0.0,238.0,0.8674698795180723,0.0,0.0,0.7,0.0,0.0,0.0,0.0,12.7,0.0,6.3,13.15,0.897,0.039,72.68,939.942,63.1,0.0,171.047,27.866,22.999999410256425,33.610169491525426
호소,대청호,추동,2016-10-17,21.4,8.3,5.4,2.1,4.0,6.1,820.0,820.0,0.0,0.0,0.0,0.8915662650602411,0.0,0.0,0.7,0.0,0.0,0.0,0.0,17.6,1.0,6.9,14.43,,,73.02,959.251,64.4,1.4919,41.29,28.07,,34.05221867234646
호소,대청호,회남,2016-10-17,20.4,8.4,7.4,2.9,5.1,13.8,126.0,80.0,46.0,0.0,0.0,0.9156626506024096,0.0,0.0,0.7,0.0,0.0,0.0,0.0,17.6,1.0,6.9,14.43,,,73.02,959.251,64.4,1.4919,41.29,28.07,,34.05221867234646
호소,대청호,문의,2016-10-17,21.4,8.6,6.7,3.3,2.5,6.8,3448.0,3260.0,24.0,36.0,128.0,0.9397590361445785,0.0,0.0,0.7,0.0,0.0,0.0,0.0,17.6,1.0,6.9,14.43,1.459,0.036,73.02,959.251,64.4,1.4919,41.29,28.07,40.52777665200621,34.05221867234646
호소,대청호,회남,2016-10-24,19.6,7.2,7.5,3.2,2.5,8.2,316.0,316.0,0.0,0.0,0.0,0.963855421686747,0.0,0.0,0.7,0.0,0.0,0.0,0.0,15.5,0.0,8.9,15.78,,,73.06,961.537,64.5,0.1019,14.845,28.092,,34.106732406356414
호소,대청호,문의,2016-10-24,20.5,7.4,7.2,2.7,2.7,7.0,860.0,860.0,0.0,0.0,0.0,0.9879518072289156,0.0,0.0,0.7,0.0,0.0,0.0,0.0,15.5,0.0,8.9,15.78,1.069,0.051,73.06,961.537,64.5,0.1019,14.845,28.092,20.960783902729727,34.106732406356414
호소,대청호,추동,2016-10-24,20.4,7.2,6.5,1.5,5.7,5.7,0.0,0.0,0.0,0.0,0.0,1.0120481927710845,0.0,0.0,0.7,0.0,0.0,0.0,0.0,15.5,0.0,8.9,15.78,,,73.06,961.537,64.5,0.1019,14.845,28.092,,34.106732406356414
호소,대청호,문의,2016-10-31,18.9,7.5,6.5,2.9,2.2,5.7,180.0,180.0,0.0,0.0,0.0,1.036144578313253,0.0,0.0,0.7,0.0,0.0,0.0,0.0,7.8,0.0,0.0,2.68,1.073,0.05,73.08,962.682,64.6,0.0,21.6,28.227,21.459999570800008,33.984608324213646
호소,대청호,회남,2016-10-31,18.3,7.5,5.5,3.1,3.0,7.7,0.0,0.0,0.0,0.0,0.0,1.0602409638554218,0.0,0.0,0.7,0.0,0.0,0.0,0.0,7.8,0.0,0.0,2.68,,,73.08,962.682,64.6,0.0,21.6,28.227,,33.984608324213646
호소,대청호,추동,2016-10-31,18.8,7.4,6.3,1.8,3.9,4.3,0.0,0.0,0.0,0.0,0.0,1.0843373493975903,0.0,0.0,0.7,0.0,0.0,0.0,0.0,7.8,0.0,0.0,2.68,,,73.08,962.682,64.6,0.0,21.6,28.227,,33.984608324213646
호소,대청호,회남,2016-11-07,17.4,7.6,7.2,2.9,4.3,7.4,16.0,0.0,0.0,16.0,0.0,1.108433734939759,0.0,0.0,0.7,0.0,0.0,0.0,0.0,14.3,2.7,5.2,10.18,,,73.02,959.251,64.4,0.8621,21.412,28.025,,34.106702222222225
호소,대청호,추동,2016-11-07,17.5,7.6,7.4,2.4,4.7,5.6,0.0,0.0,0.0,0.0,0.0,1.1325301204819278,0.0,0.0,0.7,0.0,0.0,0.0,0.0,14.3,2.7,5.2,10.18,,,73.02,959.251,64.4,0.8621,21.412,28.025,,34.106702222222225
호소,대청호,문의,2016-11-07,17.7,7.5,6.9,2.8,2.6,5.9,0.0,0.0,0.0,0.0,0.0,1.1566265060240966,0.0,0.0,0.7,0.0,0.0,0.0,0.0,14.3,2.7,5.2,10.18,1.253,0.011,73.02,959.251,64.4,0.8621,21.412,28.025,113.90908055371995,34.106702222222225
호소,대청호,회남,2016-11-14,16.5,7.4,8.2,3.6,3.8,5.8,0.0,0.0,0.0,0.0,0.0,1.180722891566265,0.0,0.0,0.7,0.0,0.0,0.0,0.0,15.3,0.1,6.7,10.67,,,72.95,955.257,64.1,0.0525,15.103,28.299,,33.63699426036128
호소,대청호,추동,2016-11-14,16.4,7.3,8.5,2.9,3.4,7.8,80.0,80.0,0.0,0.0,0.0,1.2048192771084338,0.0,0.0,0.7,0.0,0.0,0.0,0.0,15.3,0.1,6.7,10.67,,,72.95,955.257,64.1,0.0525,15.103,28.299,,33.63699426036128
호소,대청호,문의,2016-11-14,16.8,7.2,7.5,3.5,2.3,7.8,0.0,0.0,0.0,0.0,0.0,1.2289156626506024,0.0,0.0,0.7,0.0,0.0,0.0,0.0,15.3,0.1,6.7,10.67,1.46,0.007,72.95,955.257,64.1,0.0525,15.103,28.299,208.57139877551444,33.63699426036128
호소,대청호,문의,2016-11-21,15.7,7.6,8.6,3.1,2.3,15.2,0.0,0.0,0.0,0.0,0.0,1.2530120481927711,0.0,0.0,0.7,0.0,0.0,0.0,0.0,8.7,0.1,0.0,2.33,1.676,0.009,72.84,949.0,63.7,0.4316,18.787,31.933,186.22220153086653,29.6256984984235
호소,대청호,회남,2016-11-21,15.1,7.6,8.8,3.0,3.1,5.0,0.0,0.0,0.0,0.0,0.0,1.27710843373494,0.0,0.0,0.7,0.0,0.0,0.0,0.0,8.7,0.1,0.0,2.33,,,72.84,949.0,63.7,0.4316,18.787,31.933,,29.6256984984235
호소,대청호,추동,2016-11-21,15.5,7.6,9.1,3.0,2.9,13.2,0.0,0.0,0.0,0.0,0.0,1.3012048192771084,0.0,0.0,0.7,0.0,0.0,0.0,0.0,8.7,0.1,0.0,2.33,,,72.84,949.0,63.7,0.4316,18.787,31.933,,29.6256984984235
호소,대청호,추동,2016-11-28,13.4,7.6,12.0,3.4,3.4,18.1,48.0,0.0,0.0,0.0,48.0,1.3253012048192772,0.0,0.0,0.7,0.0,0.0,0.0,0.0,2.8,0.0,8.0,11.58,,,72.7,941.072,63.2,0.0,19.574,32.655,,28.730636544039076
호소,대청호,회남,2016-11-28,14.0,7.5,7.5,3.3,2.4,6.2,0.0,0.0,0.0,0.0,0.0,1.349397590361446,0.0,0.0,0.7,0.0,0.0,0.0,0.0,2.8,0.0,8.0,11.58,,,72.7,941.072,63.2,0.0,19.574,32.655,,28.730636544039076
호소,대청호,문의,2016-11-28,13.8,7.5,9.5,3.2,2.2,15.9,0.0,0.0,0.0,0.0,0.0,1.3734939759036144,0.0,0.0,0.7,0.0,0.0,0.0,0.0,2.8,0.0,8.0,11.58,1.325,0.005,72.7,941.072,63.2,0.0,19.574,32.655,264.9999470000106,28.730636544039076
호소,대청호,추동,2016-12-05,12.4,7.5,10.1,3.2,2.3,17.6,0.0,0.0,0.0,0.0,0.0,1.3975903614457832,0.0,0.0,0.7,0.0,0.0,0.0,0.0,8.9,0.2,3.7,6.22,,,72.55,932.621,62.6,0.0,12.735,32.256,,28.823742118926937
호소,대청호,문의,2016-12-05,12.8,7.4,9.0,3.0,1.8,16.6,0.0,0.0,0.0,0.0,0.0,1.421686746987952,0.0,0.0,0.7,0.0,0.0,0.0,0.0,8.9,0.2,3.7,6.22,1.257,0.012,72.55,932.621,62.6,0.0,12.735,32.256,104.74999127083406,28.823742118926937
호소,대청호,회남,2016-12-05,12.7,7.4,8.9,3.2,1.9,6.0,66.0,0.0,28.0,0.0,38.0,1.4457831325301205,0.0,0.0,0.7,0.0,0.0,0.0,0.0,8.9,0.2,3.7,6.22,,,72.55,932.621,62.6,0.0,12.735,32.256,,28.823742118926937
호소,대청호,회남,2016-12-12,11.3,7.5,9.1,3.8,1.8,4.6,0.0,0.0,0.0,0.0,0.0,1.4698795180722892,0.0,0.0,0.7,0.0,0.0,0.0,0.0,4.3,0.0,6.5,8.18,,,72.43,925.892,62.1,0.0,21.906,28.383,,32.50682863462416
호소,대청호,추동,2016-12-12,11.1,7.6,10.0,4.4,2.4,7.6,0.0,0.0,0.0,0.0,0.0,1.493975903614458,0.0,0.0,0.7,0.0,0.0,0.0,0.0,4.3,0.0,6.5,8.18,,,72.43,925.892,62.1,0.0,21.906,28.383,,32.50682863462416
호소,대청호,문의,2016-12-12,11.5,7.5,9.4,4.0,1.9,10.3,0.0,0.0,0.0,0.0,0.0,1.5180722891566265,0.0,0.0,0.7,0.0,0.0,0.0,0.0,4.3,0.0,6.5,8.18,1.304,0.005,72.43,925.892,62.1,0.0,21.906,28.383,260.7999478400104,32.50682863462416
호소,대청호,회남,2016-12-19,10.4,8.4,9.6,4.4,1.6,3.5,84.0,0.0,0.0,0.0,84.0,1.5421686746987953,0.0,0.0,0.7,0.0,0.0,0.0,0.0,7.8,1.8,0.9,3.97,,,72.29,918.078,61.6,2.6928,15.676,28.568,,32.024487233151945
호소,대청호,추동,2016-12-19,10.1,8.5,10.2,3.8,1.5,2.8,0.0,0.0,0.0,0.0,0.0,1.566265060240964,0.0,0.0,0.7,0.0,0.0,0.0,0.0,7.8,1.8,0.9,3.97,,,72.29,918.078,61.6,2.6928,15.676,28.568,,32.024487233151945
호소,대청호,문의,2016-12-19,10.6,8.4,9.4,3.0,2.0,5.5,38.0,0.0,0.0,0.0,38.0,1.5903614457831323,0.0,0.0,0.7,0.0,0.0,0.0,0.0,7.8,1.8,0.9,3.97,1.279,0.011,72.29,918.078,61.6,2.6928,15.676,28.568,116.27271670248031,32.024487233151945
호소,대청호,추동,2016-12-26,9.5,8.4,10.1,3.0,1.9,2.4,0.0,0.0,0.0,0.0,0.0,1.6144578313253013,0.0,0.0,0.7,0.0,0.0,0.0,0.0,3.1,10.8,0.0,1.48,,,72.34,920.864,61.8,11.6639,41.378,28.472,,32.22959540809184
호소,대청호,문의,2016-12-26,9.8,8.4,9.4,3.3,2.0,2.4,0.0,0.0,0.0,0.0,0.0,1.63855421686747,0.0,0.0,0.7,0.0,0.0,0.0,0.0,3.1,10.8,0.0,1.48,1.377,0.009,72.34,920.864,61.8,11.6639,41.378,28.472,152.99998300000192,32.22959540809184
호소,대청호,회남,2016-12-26,9.5,8.4,9.9,1.3,3.1,2.5,140.0,0.0,0.0,0.0,140.0,1.6626506024096386,0.0,0.0,0.7,0.0,0.0,0.0,0.0,3.1,10.8,0.0,1.48,,,72.34,920.864,61.8,11.6639,41.378,28.472,,32.22959540809184
호소,대청호,추동,2017-01-02,8.5,8.3,10.3,3.2,2.6,2.0,14.0,0.0,0.0,0.0,14.0,1.686746987951807,0.0,0.0,0.7,0.0,0.0,0.0,0.0,4.7,0.0,4.5,7.77,,,72.43,925.892,62.1,0.0273,28.643,28.643,,32.21278224263299
호소,대청호,문의,2017-01-02,8.9,8.2,9.2,3.8,1.5,1.6,0.0,0.0,0.0,0.0,0.0,1.710843373493976,0.0,0.0,0.7,0.0,0.0,0.0,0.0,4.7,0.0,4.5,7.77,1.435,0.028,72.43,925.892,62.1,0.0273,28.643,28.643,51.24999816964292,32.21278224263299
호소,대청호,회남,2017-01-02,8.7,8.4,10.2,4.2,1.8,2.1,32.0,0.0,0.0,0.0,32.0,1.7349397590361446,0.0,0.0,0.7,0.0,0.0,0.0,0.0,4.7,0.0,4.5,7.77,,,72.43,925.892,62.1,0.0273,28.643,28.643,,32.21278224263299
호소,대청호,문의,2017-01-09,8.7,8.3,10.1,4.2,1.8,1.8,0.0,0.0,0.0,0.0,0.0,1.7590361445783134,0.0,0.0,0.7,0.0,0.0,0.0,0.0,4.3,0.0,6.4,8.35,1.349,0.01,72.39,923.656,62.0,0.0974,15.215,28.153,134.89998651000136,32.692315860262624
호소,대청호,추동,2017-01-09,8.4,8.6,11.1,3.0,2.0,3.3,0.0,0.0,0.0,0.0,0.0,1.783132530120482,0.0,0.0,0.7,0.0,0.0,0.0,0.0,4.3,0.0,6.4,8.35,,,72.39,923.656,62.0,0.0974,15.215,28.153,,32.692315860262624
호소,대청호,회남,2017-01-09,7.9,8.4,11.0,4.2,1.9,1.9,28.0,0.0,0.0,0.0,28.0,1.8072289156626504,0.0,0.0,0.7,0.0,0.0,0.0,0.0,4.3,0.0,6.4,8.35,,,72.39,923.656,62.0,0.0974,15.215,28.153,,32.692315860262624
호소,대청호,회남,2017-01-16,7.2,7.7,11.1,4.2,1.3,2.1,178.0,0.0,0.0,0.0,178.0,1.8313253012048196,0.0,0.0,0.7,0.0,0.0,0.0,0.0,-3.9,0.0,9.1,13.58,,,72.29,918.078,61.6,0.0,15.17,28.062,,32.59988637170655
호소,대청호,추동,2017-01-16,6.7,7.7,11.5,4.2,1.7,3.4,104.0,0.0,0.0,0.0,104.0,1.855421686746988,0.0,0.0,0.7,0.0,0.0,0.0,0.0,-3.9,0.0,9.1,13.58,,,72.29,918.078,61.6,0.0,15.17,28.062,,32.59988637170655
호소,대청호,문의,2017-01-16,7.1,7.6,9.8,3.5,1.5,2.0,0.0,0.0,0.0,0.0,0.0,1.879518072289157,0.0,0.0,0.7,0.0,0.0,0.0,0.0,-3.9,0.0,9.1,13.58,1.331,0.003,72.29,918.078,61.6,0.0,15.17,28.062,443.6665187778271,32.59988637170655
호소,대청호,추동,2017-01-23,5.7,7.7,11.2,4.7,1.8,2.8,36.0,0.0,0.0,0.0,36.0,1.9036144578313252,0.0,0.0,0.7,0.0,0.0,0.0,0.0,-6.5,0.0,8.9,14.14,,,72.18,911.966,61.2,0.0273,21.941,28.361,,32.04265486103791
호소,대청호,회남,2017-01-23,6.3,7.7,10.8,5.7,1.5,2.9,34.0,0.0,0.0,0.0,34.0,1.927710843373494,0.0,0.0,0.7,0.0,0.0,0.0,0.0,-6.5,0.0,8.9,14.14,,,72.18,911.966,61.2,0.0273,21.941,28.361,,32.04265486103791
호소,대청호,문의,2017-01-23,6.1,7.6,9.5,3.3,1.5,1.8,0.0,0.0,0.0,0.0,0.0,1.9518072289156627,0.0,0.0,0.7,0.0,0.0,0.0,0.0,-6.5,0.0,8.9,14.14,1.361,0.009,72.18,911.966,61.2,0.0273,21.941,28.361,151.22220541975497,32.04265486103791
호소,대청호,문의,2017-01-31,5.9,8.1,10.0,4.5,1.3,1.6,0.0,0.0,0.0,0.0,0.0,1.9759036144578317,0.0,0.0,0.7,0.0,0.0,0.0,0.0,-4.2,0.0,7.9,13.67,1.259,0.011,72.04,904.221,60.7,0.0273,22.375,28.763,114.45453504958772,31.328032429061423
호소,대청호,추동,2017-01-31,5.1,8.0,11.3,4.9,1.3,2.0,64.0,0.0,0.0,0.0,64.0,2.0,0.0,0.0,0.7,0.0,0.0,0.0,0.0,-4.2,0.0,7.9,13.67,,,72.04,904.221,60.7,0.0273,22.375,28.763,,31.328032429061423
호소,대청호,회남,2017-01-31,5.6,8.6,10.5,5.7,1.2,2.2,98.0,0.0,0.0,0.0,98.0,2.024096385542169,0.0,0.0,0.7,0.0,0.0,0.0,0.0,-4.2,0.0,7.9,13.67,,,72.04,904.221,60.7,0.0273,22.375,28.763,,31.328032429061423
호소,대청호,추동,2017-02-06,5.0,8.7,13.2,3.7,2.2,1.9,152.0,0.0,0.0,0.0,152.0,2.048192771084337,0.0,0.0,0.7,0.0,0.0,0.0,0.0,0.0,0.0,8.7,14.07,,,71.93,898.163,60.3,0.0,15.727,28.455,,31.453790929784628
호소,대청호,문의,2017-02-06,5.7,8.6,11.2,3.4,2.0,1.6,0.0,0.0,0.0,0.0,0.0,2.072289156626506,0.0,0.0,0.7,0.0,0.0,0.0,0.0,0.0,0.0,8.7,14.07,1.484,0.016,71.93,898.163,60.3,0.0,15.727,28.455,92.74999420312537,31.453790929784628
호소,대청호,회남,2017-02-06,5.4,8.7,12.8,3.8,1.7,2.4,492.0,0.0,0.0,0.0,492.0,2.096385542168675,0.0,0.0,0.7,0.0,0.0,0.0,0.0,0.0,0.0,8.7,14.07,,,71.93,898.163,60.3,0.0,15.727,28.455,,31.453790929784628
호소,대청호,회남,2017-02-13,4.9,7.1,11.9,6.3,1.1,2.1,176.0,0.0,0.0,0.0,176.0,2.1204819277108435,0.0,0.0,0.7,0.0,0.0,0.0,0.0,0.3,0.6,5.7,11.33,,,71.79,890.488,59.8,0.3237,15.905,28.569,,31.061006662248424
호소,대청호,문의,2017-02-13,5.1,7.0,11.0,4.0,1.4,1.9,0.0,0.0,0.0,0.0,0.0,2.144578313253012,0.0,0.0,0.7,0.0,0.0,0.0,0.0,0.3,0.6,5.7,11.33,1.319,0.01,71.79,890.488,59.8,0.3237,15.905,28.569,131.8999868100013,31.061006662248424
호소,대청호,추동,2017-02-13,4.6,7.1,12.4,3.8,2.0,1.9,84.0,0.0,0.0,0.0,84.0,2.168674698795181,0.0,0.0,0.7,0.0,0.0,0.0,0.0,0.3,0.6,5.7,11.33,,,71.79,890.488,59.8,0.3237,15.905,28.569,,31.061006662248424
호소,대청호,회남,2017-02-20,5.1,7.8,12.2,3.5,2.8,2.1,142.0,0.0,0.0,0.0,142.0,2.1927710843373496,0.0,0.0,0.7,0.0,0.0,0.0,0.0,1.3,15.3,7.0,15.09,,,71.68,884.484,59.4,16.4878,28.326,28.326,,31.115316963343417
호소,대청호,추동,2017-02-20,5.2,7.8,12.5,2.8,3.4,1.5,78.0,0.0,0.0,0.0,78.0,2.216867469879518,0.0,0.0,0.7,0.0,0.0,0.0,0.0,1.3,15.3,7.0,15.09,,,71.68,884.484,59.4,16.4878,28.326,28.326,,31.115316963343417
호소,대청호,문의,2017-02-20,5.6,7.7,11.4,3.6,3.2,2.1,0.0,0.0,0.0,0.0,0.0,2.240963855421687,0.0,0.0,0.7,0.0,0.0,0.0,0.0,1.3,15.3,7.0,15.09,1.404,0.003,71.68,884.484,59.4,16.4878,28.326,28.326,467.99984400005195,31.115316963343417
호소,대청호,회남,2017-02-27,5.2,7.7,12.6,5.3,1.4,2.3,130.0,0.0,0.0,0.0,130.0,2.265060240963856,0.0,0.0,0.7,0.0,0.0,0.0,0.0,4.2,0.0,10.1,18.64,,,72.05,904.773,60.7,0.0,47.323,28.166,,32.00923370834218
호소,대청호,문의,2017-02-27,5.9,7.6,11.9,4.3,1.3,2.5,120.0,0.0,0.0,0.0,120.0,2.289156626506024,0.0,0.0,0.7,0.0,0.0,0.0,0.0,4.2,0.0,10.1,18.64,1.419,0.004,72.05,904.773,60.7,0.0,47.323,28.166,354.74991131252216,32.00923370834218
호소,대청호,추동,2017-02-27,5.4,7.7,12.7,4.3,2.0,1.5,42.0,0.0,0.0,0.0,42.0,2.313253012048193,0.0,0.0,0.7,0.0,0.0,0.0,0.0,4.2,0.0,10.1,18.64,,,72.05,904.773,60.7,0.0,47.323,28.166,,32.00923370834218
호소,대청호,문의,2017-03-06,6.1,7.9,11.8,2.1,1.7,2.3,0.0,0.0,0.0,0.0,0.0,2.3373493975903616,0.0,0.0,0.7,0.0,0.0,0.0,0.0,1.8,0.0,10.8,21.82,1.335,0.005,72.09,906.983,60.9,0.0505,21.771,28.17,266.9999466000107,32.0828793774319
호소,대청호,회남,2017-03-06,5.4,7.9,12.4,2.9,2.4,2.3,36.0,0.0,0.0,0.0,36.0,2.36144578313253,0.0,0.0,0.7,0.0,0.0,0.0,0.0,1.8,0.0,10.8,21.82,,,72.09,906.983,60.9,0.0505,21.771,28.17,,32.0828793774319
호소,대청호,추동,2017-03-06,5.9,7.9,12.3,2.1,2.5,1.5,72.0,0.0,0.0,0.0,72.0,2.3855421686746987,0.0,0.0,0.7,0.0,0.0,0.0,0.0,1.8,0.0,10.8,21.82,,,72.09,906.983,60.9,0.0505,21.771,28.17,,32.0828793774319
호소,대청호,문의,2017-03-13,6.3,7.5,12.2,4.3,1.3,2.3,0.0,0.0,0.0,0.0,0.0,2.409638554216868,0.0,0.0,0.7,0.0,0.0,0.0,0.0,8.0,0.0,9.3,20.41,1.247,0.007,72.04,904.221,60.7,0.0,21.991,28.379,178.1428316938812,31.75044769830401
호소,대청호,추동,2017-03-13,6.5,7.6,12.5,4.5,1.6,1.9,100.0,0.0,0.0,0.0,100.0,2.433734939759036,0.0,0.0,0.7,0.0,0.0,0.0,0.0,8.0,0.0,9.3,20.41,,,72.04,904.221,60.7,0.0,21.991,28.379,,31.75044769830401
호소,대청호,회남,2017-03-13,6.2,7.6,12.7,4.3,1.6,2.4,248.0,0.0,0.0,0.0,248.0,2.4578313253012047,0.0,0.0,0.7,0.0,0.0,0.0,0.0,8.0,0.0,9.3,20.41,,,72.04,904.221,60.7,0.0,21.991,28.379,,31.75044769830401
호소,대청호,추동,2017-03-20,7.0,7.5,12.6,4.9,2.3,2.1,94.0,0.0,0.0,0.0,94.0,2.4819277108433737,0.0,0.0,0.7,0.0,0.0,0.0,0.0,8.6,0.1,2.3,7.39,,,71.94,898.713,60.3,0.9673,22.42,28.785,,31.113484507529858
호소,대청호,회남,2017-03-20,6.6,7.5,12.7,4.1,3.2,2.0,256.0,0.0,0.0,0.0,256.0,2.5060240963855422,0.0,0.0,0.7,0.0,0.0,0.0,0.0,8.6,0.1,2.3,7.39,,,71.94,898.713,60.3,0.9673,22.42,28.785,,31.113484507529858
호소,대청호,문의,2017-03-20,6.5,7.5,12.3,3.9,1.8,2.4,0.0,0.0,0.0,0.0,0.0,2.5301204819277108,0.0,0.0,0.7,0.0,0.0,0.0,0.0,8.6,0.1,2.3,7.39,1.963,0.005,71.94,898.713,60.3,0.9673,22.42,28.785,392.59992148001567,31.113484507529858
호소,대청호,문의,2017-03-27,8.1,7.8,12.5,3.5,1.7,2.3,36.0,0.0,0.0,0.0,36.0,2.55421686746988,0.0,0.0,0.7,0.0,0.0,0.0,0.0,6.4,1.6,5.2,10.9,1.302,0.013,71.83,892.677,59.9,2.4137,22.769,29.109,100.15383844970475,30.56171043171625
호소,대청호,추동,2017-03-27,7.2,7.6,12.2,2.8,1.6,2.1,0.0,0.0,0.0,0.0,0.0,2.5783132530120483,0.0,0.0,0.7,0.0,0.0,0.0,0.0,6.4,1.6,5.2,10.9,,,71.83,892.677,59.9,2.4137,22.769,29.109,,30.56171043171625
호소,대청호,회남,2017-03-27,6.7,7.7,12.5,2.9,1.4,1.8,68.0,0.0,0.0,0.0,68.0,2.602409638554217,0.0,0.0,0.7,0.0,0.0,0.0,0.0,6.4,1.6,5.2,10.9,,,71.83,892.677,59.9,2.4137,22.769,29.109,,30.56171043171625
호소,대청호,문의,2017-04-03,7.8,7.7,12.6,4.6,1.6,1.9,130.0,0.0,0.0,0.0,130.0,2.626506024096386,0.0,0.0,0.7,0.0,0.0,0.0,0.0,12.0,0.0,11.7,25.31,1.255,0.006,71.8,891.035,59.8,0.055,31.806,31.806,209.16663180556134,27.926878956935997
호소,대청호,추동,2017-04-03,8.2,7.7,12.4,5.3,1.7,1.9,76.0,0.0,0.0,0.0,76.0,2.6506024096385543,0.0,0.0,0.7,0.0,0.0,0.0,0.0,12.0,0.0,11.7,25.31,,,71.8,891.035,59.8,0.055,31.806,31.806,,27.926878956935997
호소,대청호,회남,2017-04-03,7.7,7.6,12.6,5.9,1.1,1.4,172.0,0.0,0.0,0.0,172.0,2.674698795180723,0.0,0.0,0.7,0.0,0.0,0.0,0.0,12.0,0.0,11.7,25.31,,,71.8,891.035,59.8,0.055,31.806,31.806,,27.926878956935997
호소,대청호,문의,2017-04-10,10.2,7.7,13.3,5.2,1.2,1.8,0.0,0.0,0.0,0.0,0.0,2.698795180722892,0.0,0.0,0.7,0.0,0.0,0.0,0.0,15.1,0.0,10.3,25.92,1.336,0.006,71.85,893.772,60.0,0.0,30.971,30.971,222.66662955556174,28.765472627208652
호소,대청호,회남,2017-04-10,8.2,7.6,13.2,3.0,1.4,1.7,32.0,0.0,0.0,0.0,32.0,2.7228915662650603,0.0,0.0,0.7,0.0,0.0,0.0,0.0,15.1,0.0,10.3,25.92,,,71.85,893.772,60.0,0.0,30.971,30.971,,28.765472627208652
호소,대청호,추동,2017-04-10,9.2,7.7,13.0,5.4,1.6,2.0,14.0,0.0,0.0,0.0,14.0,2.746987951807229,0.0,0.0,0.7,0.0,0.0,0.0,0.0,15.1,0.0,10.3,25.92,,,71.85,893.772,60.0,0.0,30.971,30.971,,28.765472627208652
호소,대청호,문의,2017-04-17,11.2,8.0,12.2,3.9,2.2,1.7,22.0,0.0,0.0,0.0,22.0,2.771084337349398,0.0,0.0,0.7,0.0,0.0,0.0,0.0,13.7,26.8,1.9,3.39,1.312,0.008,71.94,898.713,60.3,20.059,42.955,30.232,163.99997950000258,29.629203481471713
호소,대청호,추동,2017-04-17,10.2,7.9,12.1,3.2,2.5,2.0,0.0,0.0,0.0,0.0,0.0,2.7951807228915664,0.0,0.0,0.7,0.0,0.0,0.0,0.0,13.7,26.8,1.9,3.39,,,71.94,898.713,60.3,20.059,42.955,30.232,,29.629203481471713
호소,대청호,회남,2017-04-17,8.9,7.9,12.0,5.2,3.2,2.1,0.0,0.0,0.0,0.0,0.0,2.819277108433735,0.0,0.0,0.7,0.0,0.0,0.0,0.0,13.7,26.8,1.9,3.39,,,71.94,898.713,60.3,20.059,42.955,30.232,,29.629203481471713
호소,대청호,문의,2017-04-24,12.7,8.2,11.7,5.9,2.0,1.9,0.0,0.0,0.0,0.0,0.0,2.843373493975904,0.0,0.0,0.7,0.0,0.0,0.0,0.0,15.2,0.0,12.0,29.0,1.245,0.009,72.09,906.983,60.9,0.0,23.729,30.128,138.3333179629647,30.004730713245994
호소,대청호,추동,2017-04-24,11.0,8.0,11.4,6.7,1.5,2.1,0.0,0.0,0.0,0.0,0.0,2.8674698795180724,0.0,0.0,0.7,0.0,0.0,0.0,0.0,15.2,0.0,12.0,29.0,,,72.09,906.983,60.9,0.0,23.729,30.128,,30.004730713245994
호소,대청호,회남,2017-04-24,9.9,8.0,11.3,8.3,1.3,1.9,0.0,0.0,0.0,0.0,0.0,2.891566265060241,0.0,0.0,0.7,0.0,0.0,0.0,0.0,15.2,0.0,12.0,29.0,,,72.09,906.983,60.9,0.0,23.729,30.128,,30.004730713245994
호소,대청호,문의,2017-05-02,14.3,8.3,11.2,6.4,1.3,3.2,0.0,0.0,0.0,0.0,0.0,2.91566265060241,0.0,0.0,0.7,0.0,0.0,0.0,0.0,20.0,0.0,11.5,25.0,,,71.95,899.263,60.4,0.0,21.471,46.954,,19.111297658009946
호소,대청호,회남,2017-05-02,10.9,8.4,10.3,8.1,1.6,1.4,0.0,0.0,0.0,0.0,0.0,2.9397590361445785,0.0,0.0,0.7,0.0,0.0,0.0,0.0,20.0,0.0,11.5,25.0,,,71.95,899.263,60.4,0.0,21.471,46.954,,19.111297658009946
호소,대청호,추동,2017-05-02,12.6,8.4,10.8,6.0,1.7,2.2,6.0,0.0,6.0,0.0,0.0,2.963855421686747,0.0,0.0,0.7,0.0,0.0,0.0,0.0,20.0,0.0,11.5,25.0,,,71.95,899.263,60.4,0.0,21.471,46.954,,19.111297658009946
호소,대청호,문의,2017-05-08,14.2,7.7,11.5,2.4,1.2,3.2,0.0,0.0,0.0,0.0,0.0,2.987951807228916,0.0,0.0,0.7,0.0,0.0,0.0,0.0,18.2,0.0,4.2,16.62,1.279,0.007,71.62,881.219,59.1,0.0,16.896,48.38,182.7142596122486,18.176959570957095
호소,대청호,회남,2017-05-08,10.8,8.2,10.5,5.5,1.4,1.8,0.0,0.0,0.0,0.0,0.0,3.0120481927710845,0.0,0.0,0.7,0.0,0.0,0.0,0.0,18.2,0.0,4.2,16.62,,,71.62,881.219,59.1,0.0,16.896,48.38,,18.176959570957095
호소,대청호,추동,2017-05-08,13.2,8.2,11.1,3.4,2.1,3.5,0.0,0.0,0.0,0.0,0.0,3.036144578313253,0.0,0.0,0.7,0.0,0.0,0.0,0.0,18.2,0.0,4.2,16.62,,,71.62,881.219,59.1,0.0,16.896,48.38,,18.176959570957095
호소,대청호,추동,2017-05-15,13.2,7.8,10.5,3.7,1.9,2.6,0.0,0.0,0.0,0.0,0.0,3.060240963855422,0.0,0.0,0.7,0.0,0.0,0.0,0.0,16.7,0.0,13.2,31.16,,,71.26,861.778,57.8,0.0,11.605,48.904,,17.58587054118031
호소,대청호,문의,2017-05-15,16.6,8.2,10.5,3.4,1.6,3.4,34.0,0.0,0.0,0.0,34.0,3.0843373493975905,0.0,0.0,0.7,0.0,0.0,0.0,0.0,16.7,0.0,13.2,31.16,1.37,0.013,71.26,861.778,57.8,0.0,11.605,48.904,105.38460727810715,17.58587054118031
호소,대청호,회남,2017-05-15,11.6,7.8,10.1,6.7,1.2,1.6,0.0,0.0,0.0,0.0,0.0,3.108433734939759,0.0,0.0,0.7,0.0,0.0,0.0,0.0,16.7,0.0,13.2,31.16,,,71.26,861.778,57.8,0.0,11.605,48.904,,17.58587054118031
호소,대청호,문의,2017-05-22,17.8,8.8,8.7,4.1,1.5,3.1,0.0,0.0,0.0,0.0,0.0,3.132530120481928,0.0,0.0,0.7,0.0,0.0,0.0,0.0,21.7,0.0,13.3,30.86,1.296,0.013,70.84,839.415,56.3,0.0,12.299,49.031,99.69230002366925,17.085241497221713
호소,대청호,추동,2017-05-22,15.0,8.6,10.2,4.2,2.1,4.7,0.0,0.0,0.0,0.0,0.0,3.156626506024097,0.0,0.0,0.7,0.0,0.0,0.0,0.0,21.7,0.0,13.3,30.86,,,70.84,839.415,56.3,0.0,12.299,49.031,,17.085241497221713
호소,대청호,회남,2017-05-22,12.5,8.5,9.0,6.4,1.8,2.5,0.0,0.0,0.0,0.0,0.0,3.180722891566265,0.0,0.0,0.7,0.0,0.0,0.0,0.0,21.7,0.0,13.3,30.86,,,70.84,839.415,56.3,0.0,12.299,49.031,,17.085241497221713
호소,대청호,회남,2017-05-29,12.9,7.9,9.2,6.8,1.3,2.5,0.0,0.0,0.0,0.0,0.0,3.204819277108434,0.0,0.0,0.7,0.0,0.0,0.0,0.0,24.1,0.0,12.2,28.74,,,70.38,815.315,54.7,0.0553,6.787,48.93,,16.628900673057313
호소,대청호,문의,2017-05-29,18.8,8.3,11.7,3.9,1.5,3.7,0.0,0.0,0.0,0.0,0.0,3.2289156626506026,0.0,0.0,0.7,0.0,0.0,0.0,0.0,24.1,0.0,12.2,28.74,1.239,0.01,70.38,815.315,54.7,0.0553,6.787,48.93,123.89998761000125,16.628900673057313
호소,대청호,추동,2017-05-29,16.2,8.1,11.3,2.9,2.0,4.0,0.0,0.0,0.0,0.0,0.0,3.253012048192771,0.0,0.0,0.7,0.0,0.0,0.0,0.0,24.1,0.0,12.2,28.74,,,70.38,815.315,54.7,0.0553,6.787,48.93,,16.628900673057313
호소,대청호,추동,2017-06-05,17.4,8.3,10.4,2.8,2.3,4.8,0.0,0.0,0.0,0.0,0.0,3.27710843373494,0.0,0.0,0.7,0.0,0.0,0.0,0.0,22.6,0.0,12.3,29.88,3.221,0.024,69.74,782.177,52.5,0.0,5.473,70.36,134.2083277413197,11.101007663922795
호소,대청호,회남,2017-06-05,13.5,7.8,8.7,4.2,1.8,2.7,0.0,0.0,0.0,0.0,0.0,3.3012048192771086,0.0,0.0,0.7,0.0,0.0,0.0,0.0,22.6,0.0,12.3,29.88,2.935,0.023,69.74,782.177,52.5,0.0,5.473,70.36,127.60869010397,11.101007663922795
호소,대청호,문의,2017-06-05,20.4,8.9,11.8,2.3,2.0,6.7,0.0,0.0,0.0,0.0,0.0,3.325301204819277,0.0,0.0,0.7,0.0,0.0,0.0,0.0,22.6,0.0,12.3,29.88,1.309,0.009,69.74,782.177,52.5,0.0,5.473,70.36,145.44442828395242,11.101007663922795
호소,대청호,추동,2017-06-12,18.1,8.3,10.4,2.2,2.4,4.8,0.0,0.0,0.0,0.0,0.0,3.349397590361446,0.0,0.0,0.7,0.0,0.0,0.0,0.0,22.1,0.0,9.1,25.05,,,69.01,745.661,50.0,0.0,7.247,70.052,,10.6292194092827
호소,대청호,회남,2017-06-12,13.4,8.0,8.8,2.6,1.8,3.6,0.0,0.0,0.0,0.0,0.0,3.3734939759036147,0.0,0.0,0.7,0.0,0.0,0.0,0.0,22.1,0.0,9.1,25.05,,,69.01,745.661,50.0,0.0,7.247,70.052,,10.6292194092827
호소,대청호,문의,2017-06-12,21.4,9.0,11.8,1.9,2.4,11.0,0.0,0.0,0.0,0.0,0.0,3.397590361445783,0.0,0.0,0.7,0.0,0.0,0.0,0.0,22.1,0.0,9.1,25.05,1.204,0.008,69.01,745.661,50.0,0.0,7.247,70.052,150.49998118750236,10.6292194092827
호소,대청호,추동,2017-06-19,20.1,8.6,10.4,2.4,3.2,7.2,0.0,0.0,0.0,0.0,0.0,3.421686746987952,0.0,0.0,0.7,0.0,0.0,0.0,0.0,26.1,0.0,12.4,28.64,,,68.35,713.664,47.9,0.0,9.746,54.047,,13.180120782314809
호소,대청호,회남,2017-06-19,14.4,8.3,8.2,3.1,1.7,2.0,0.0,0.0,0.0,0.0,0.0,3.4457831325301207,0.0,0.0,0.7,0.0,0.0,0.0,0.0,26.1,0.0,12.4,28.64,,,68.35,713.664,47.9,0.0,9.746,54.047,,13.180120782314809
호소,대청호,문의,2017-06-19,22.4,9.2,12.8,1.9,2.7,13.4,48.0,0.0,0.0,0.0,48.0,3.469879518072289,0.0,0.0,0.7,0.0,0.0,0.0,0.0,26.1,0.0,12.4,28.64,1.217,0.007,68.35,713.664,47.9,0.0,9.746,54.047,173.85711802041172,13.180120782314809
호소,대청호,추동,2017-06-26,20.8,8.7,10.1,1.7,2.6,8.8,0.0,0.0,0.0,0.0,0.0,3.493975903614458,0.0,0.0,0.7,0.0,0.0,0.0,0.0,23.9,1.8,4.1,15.51,,,67.71,683.543,45.9,7.3157,13.381,61.787,,11.045017531953398
호소,대청호,문의,2017-06-26,23.4,9.3,12.3,2.7,2.3,4.8,0.0,0.0,0.0,0.0,0.0,3.5180722891566267,0.0,0.0,0.7,0.0,0.0,0.0,0.0,23.9,1.8,4.1,15.51,1.233,0.015,67.71,683.543,45.9,7.3157,13.381,61.787,82.19999452000037,11.045017531953398
호소,대청호,회남,2017-06-26,15.0,8.4,7.9,2.2,1.7,3.0,0.0,0.0,0.0,0.0,0.0,3.5421686746987957,0.0,0.0,0.7,0.0,0.0,0.0,0.0,23.9,1.8,4.1,15.51,,,67.71,683.543,45.9,7.3157,13.381,61.787,,11.045017531953398
호소,대청호,문의,2017-07-03,25.5,9.0,9.6,1.1,13.2,2.9,0.0,0.0,0.0,0.0,0.0,3.566265060240964,0.0,0.0,0.7,0.0,0.0,0.0,0.0,25.3,69.9,0.6,8.72,1.05,0.008,67.78,686.794,46.1,59.3482,218.4,47.361,131.24998359375206,14.470702260803607
호소,대청호,추동,2017-07-03,21.8,8.4,9.1,1.5,3.0,9.7,0.0,0.0,0.0,0.0,0.0,3.5903614457831328,0.0,0.0,0.7,0.0,0.0,0.0,0.0,25.3,69.9,0.6,8.72,,,67.78,686.794,46.1,59.3482,218.4,47.361,,14.470702260803607
호소,대청호,회남,2017-07-03,16.1,7.9,5.8,3.9,1.6,2.4,0.0,0.0,0.0,0.0,0.0,3.614457831325301,0.0,0.0,0.7,0.0,0.0,0.0,0.0,25.3,69.9,0.6,8.72,,,67.78,686.794,46.1,59.3482,218.4,47.361,,14.470702260803607
호소,대청호,문의,2017-07-10,26.3,8.9,10.1,0.8,6.0,6.3,0.0,0.0,0.0,0.0,0.0,3.6385542168674703,0.0,0.0,0.7,0.0,0.0,0.0,0.0,25.8,35.0,0.6,7.68,1.127,0.012,69.84,787.273,52.8,7.4904,208.715,26.742,93.91665884027843,29.32989345056255
호소,대청호,추동,2017-07-10,22.5,8.5,9.3,0.9,4.1,10.7,0.0,0.0,0.0,0.0,0.0,3.662650602409639,0.0,0.0,0.7,0.0,0.0,0.0,0.0,25.8,35.0,0.6,7.68,,,69.84,787.273,52.8,7.4904,208.715,26.742,,29.32989345056255
호소,대청호,회남,2017-07-10,16.8,8.1,6.2,2.6,4.0,3.3,964.0,0.0,964.0,0.0,0.0,3.6867469879518073,0.0,0.0,0.7,0.0,0.0,0.0,0.0,25.8,35.0,0.6,7.68,,,69.84,787.273,52.8,7.4904,208.715,26.742,,29.32989345056255
호소,대청호,문의,2017-07-17,26.3,8.5,9.0,1.7,6.4,2.1,0.0,0.0,0.0,0.0,0.0,3.710843373493976,0.0,0.0,0.7,0.0,0.0,0.0,0.0,25.6,7.1,0.0,8.58,1.027,0.023,71.27,862.314,57.9,8.7191,207.667,28.468,44.6521719716447,30.184612153458414
호소,대청호,추동,2017-07-17,23.2,8.4,8.5,1.7,3.3,6.1,68.0,0.0,0.0,0.0,68.0,3.734939759036145,0.0,0.0,0.7,0.0,0.0,0.0,0.0,25.6,7.1,0.0,8.58,,,71.27,862.314,57.9,8.7191,207.667,28.468,,30.184612153458414
호소,대청호,회남,2017-07-17,19.8,8.3,6.3,2.5,10.6,7.9,4402.0,3620.0,782.0,0.0,0.0,3.759036144578314,0.0,0.0,0.7,0.0,0.0,0.0,0.0,25.6,7.1,0.0,8.58,,,71.27,862.314,57.9,8.7191,207.667,28.468,,30.184612153458414
호소,대청호,문의,2017-07-24,26.6,8.4,8.4,2.8,3.4,2.4,980.0,980.0,0.0,0.0,0.0,3.7831325301204815,0.0,0.0,0.7,0.0,0.0,0.0,0.0,28.8,0.7,0.0,8.75,1.083,0.013,71.65,882.85,59.3,9.8736,45.252,32.661,83.30768589940878,26.948200604377153
호소,대청호,추동,2017-07-24,24.0,8.1,6.3,2.1,3.1,4.8,0.0,0.0,0.0,0.0,0.0,3.807228915662651,0.0,0.0,0.7,0.0,0.0,0.0,0.0,28.8,0.7,0.0,8.75,,,71.65,882.85,59.3,9.8736,45.252,32.661,,26.948200604377153
호소,대청호,회남,2017-07-24,18.8,8.3,6.8,1.9,6.4,6.4,4594.0,2540.0,1318.0,736.0,0.0,3.8313253012048194,0.0,0.0,0.7,0.0,0.0,0.0,0.0,28.8,0.7,0.0,8.75,,,71.65,882.85,59.3,9.8736,45.252,32.661,,26.948200604377153
호소,대청호,추동,2017-07-31,24.5,7.8,5.4,2.2,3.2,3.1,0.0,0.0,0.0,0.0,0.0,3.855421686746988,0.0,0.0,0.7,0.0,0.0,0.0,0.0,25.1,29.2,0.0,3.86,,,72.27,916.965,61.5,24.6416,105.136,28.029,,32.59856375982083
호소,대청호,회남,2017-07-31,19.8,8.2,5.2,0.9,7.2,13.2,38964.0,37906.0,102.0,834.0,122.0,3.879518072289157,0.0,0.0,0.7,0.0,0.0,0.0,0.0,25.1,29.2,0.0,3.86,,,72.27,916.965,61.5,24.6416,105.136,28.029,,32.59856375982083
호소,대청호,문의,2017-07-31,26.5,8.3,7.2,0.9,3.0,3.7,1960.0,1960.0,0.0,0.0,0.0,3.903614457831325,0.0,0.0,0.7,0.0,0.0,0.0,0.0,25.1,29.2,0.0,3.86,1.19,0.021,72.27,916.965,61.5,24.6416,105.136,28.029,56.66666396825409,32.59856375982083
호소,대청호,추동,2017-08-07,25.2,8.2,5.3,3.2,3.2,4.6,0.0,0.0,0.0,0.0,0.0,3.927710843373494,0.0,0.0,0.7,0.0,0.0,0.0,0.0,29.4,0.0,11.2,24.26,,,72.8,946.731,63.5,2.3229,82.981,37.109,,25.443602354269125
호소,대청호,문의,2017-08-07,27.8,8.2,5.3,4.5,2.0,4.2,2660.0,1600.0,0.0,1060.0,0.0,3.951807228915663,0.0,0.0,0.7,0.0,0.0,0.0,0.0,29.4,0.0,11.2,24.26,1.062,0.02,72.8,946.731,63.5,2.3229,82.981,37.109,53.09999734500013,25.443602354269125
호소,대청호,회남,2017-08-07,21.2,8.5,5.6,1.3,6.4,6.0,20724.0,20026.0,0.0,620.0,78.0,3.975903614457832,0.0,0.0,0.7,0.0,0.0,0.0,0.0,29.4,0.0,11.2,24.26,,,72.8,946.731,63.5,2.3229,82.981,37.109,,25.443602354269125
호소,대청호,회남,2017-08-10,20.8,8.1,4.6,1.5,6.6,7.2,18724.0,17080.0,286.0,850.0,508.0,4.0,0.0,0.0,0.7,0.0,0.0,0.0,0.0,26.4,3.8,4.0,14.59,,,73.0,958.109,64.3,6.822,73.09,33.487,,28.526185726620415
호소,대청호,문의,2017-08-14,27.2,8.3,5.4,2.8,3.4,6.0,5224.0,2882.0,146.0,2000.0,196.0,2.666666666666667,0.0,0.0,0.7,0.0,0.0,0.0,0.0,22.4,65.0,0.2,6.15,1.122,0.021,73.38,979.947,65.8,60.365,207.751,27.812,53.428568884353865,35.10844797936371
호소,대청호,추동,2017-08-14,25.5,8.0,5.2,1.9,2.9,4.0,1088.0,0.0,0.0,1054.0,34.0,1.3333333333333337,0.0,0.0,0.7,0.0,0.0,0.0,0.0,22.4,65.0,0.2,6.15,,,73.38,979.947,65.8,60.365,207.751,27.812,,35.10844797936371
호소,대청호,회남,2017-08-14,20.1,8.5,4.6,0.5,17.2,25.4,85734.0,85560.0,0.0,174.0,0.0,0.0,0.0,0.0,0.7,0.0,0.0,0.0,0.0,22.4,65.0,0.2,6.15,,,73.38,979.947,65.8,60.365,207.751,27.812,,35.10844797936371
호소,대청호,회남,2017-08-17,19.4,7.8,3.9,1.0,10.3,19.4,63944.0,63540.0,0.0,214.0,190.0,0.0,0.0,0.0,0.7,0.0,0.0,0.0,0.0,25.7,1.2,5.2,17.79,,,75.11,1083.071,72.7,10.6647,310.669,56.459,,19.14940150992768
호소,대청호,추동,2017-08-21,25.3,7.9,4.0,1.9,4.4,9.8,14422.0,13580.0,78.0,632.0,132.0,0.0,0.0,0.0,0.7,0.0,0.0,0.0,0.0,24.7,36.1,0.1,6.86,,,74.87,1068.399,71.7,21.5679,137.929,236.821,,4.509515830171238
호소,대청호,문의,2017-08-21,26.9,8.3,5.3,2.5,2.5,5.0,9540.0,8340.0,72.0,488.0,640.0,0.0,0.0,0.0,0.7,0.0,0.0,0.0,0.0,24.7,36.1,0.1,6.86,1.064,0.027,74.87,1068.399,71.7,21.5679,137.929,236.821,39.407405947873855,4.509515830171238
호소,대청호,회남,2017-08-21,20.1,8.2,6.5,0.4,26.6,38.7,206126.0,205340.0,0.0,786.0,0.0,0.0,0.0,0.0,0.7,0.0,0.0,0.0,0.0,24.7,36.1,0.1,6.86,,,74.87,1068.399,71.7,21.5679,137.929,236.821,,4.509515830171238
호소,대청호,회남,2017-08-24,20.7,8.1,5.5,0.8,32.1,13.9,77554.0,76200.0,116.0,1180.0,58.0,0.0,0.0,0.0,0.7,0.0,0.0,0.0,0.0,27.5,49.8,3.0,9.99,,,74.61,1052.638,70.7,23.3974,189.418,238.373,,4.414076226658783
호소,대청호,추동,2017-08-28,26.1,8.2,4.6,1.8,3.8,8.2,3202.0,3056.0,0.0,116.0,30.0,0.0,0.0,0.0,0.7,0.0,0.0,0.0,0.0,24.8,35.2,3.8,12.7,,,74.3,1034.027,69.4,13.679,107.174,238.924,,4.3260383894504315
호소,대청호,문의,2017-08-28,26.6,8.4,4.3,1.8,3.6,7.3,918.0,420.0,168.0,268.0,62.0,0.0,0.0,0.0,0.7,0.0,0.0,0.0,0.0,24.8,35.2,3.8,12.7,1.381,0.032,74.3,1034.027,69.4,13.679,107.174,238.924,43.15624865136723,4.3260383894504315
호소,대청호,회남,2017-08-28,21.4,8.5,5.1,1.0,8.7,9.4,31940.0,31400.0,0.0,540.0,0.0,0.0,0.0,0.0,0.7,0.0,0.0,0.0,0.0,24.8,35.2,3.8,12.7,,,74.3,1034.027,69.4,13.679,107.174,238.924,,4.3260383894504315
호소,대청호,회남,2017-08-31,20.9,8.1,3.9,1.8,6.0,7.5,16282.0,11684.0,0.0,4420.0,178.0,0.0,0.0,0.0,0.7,0.0,0.0,0.0,0.0,21.5,0.0,11.1,24.57,,,73.97,1014.431,68.1,0.0,63.158,69.993,,14.472643487937457
호소,대청호,추동,2017-09-04,26.1,8.3,6.4,1.6,4.0,10.2,8500.0,7340.0,156.0,582.0,422.0,0.0,0.0,0.0,0.7,0.0,0.0,0.0,0.0,22.4,0.0,8.5,21.18,,,73.99,1015.613,68.2,0.0,33.891,40.731,,24.873576449266487
호소,대청호,문의,2017-09-04,26.3,8.6,5.9,1.8,5.8,8.5,4724.0,2760.0,10.0,1798.0,156.0,0.0,0.0,0.0,0.7,0.0,0.0,0.0,0.0,22.4,0.0,8.5,21.18,1.165,0.031,73.99,1015.613,68.2,0.0,33.891,40.731,37.58064394901149,24.873576449266487
호소,대청호,회남,2017-09-04,23.5,8.4,5.0,1.0,6.7,11.0,11024.0,9286.0,36.0,1658.0,44.0,0.0,0.0,0.0,0.7,0.0,0.0,0.0,0.0,22.4,0.0,8.5,21.18,,,73.99,1015.613,68.2,0.0,33.891,40.731,,24.873576449266487
호소,대청호,회남,2017-09-07,21.0,8.3,4.3,2.2,4.8,7.1,5476.0,4964.0,0.0,212.0,300.0,0.0,0.0,0.0,0.7,0.0,0.0,0.0,0.0,21.9,0.0,5.2,15.98,2.475,0.046,73.98,1015.022,68.1,0.0505,29.866,29.866,53.80434665642725,33.872455449509445
호소,대청호,추동,2017-09-11,25.3,7.8,5.7,2.1,4.1,11.0,3302.0,2160.0,0.0,1028.0,114.0,0.0,0.0,0.0,0.7,0.0,0.0,0.0,0.0,20.4,77.0,0.3,6.29,,,74.12,1023.311,68.7,57.5816,139.915,30.308,,33.65269008155749
호소,대청호,회남,2017-09-11,22.2,8.0,4.5,2.6,5.5,5.1,2854.0,2344.0,0.0,166.0,344.0,0.0,0.0,0.0,0.7,0.0,0.0,0.0,0.0,20.4,77.0,0.3,6.29,,,74.12,1023.311,68.7,57.5816,139.915,30.308,,33.65269008155749
호소,대청호,문의,2017-09-11,25.6,8.1,5.3,2.7,3.3,9.3,1242.0,660.0,0.0,474.0,108.0,0.0,0.0189873417721519,0.0,0.7,0.0,0.0,0.0,0.0,20.4,77.0,0.3,6.29,1.106,0.03,74.12,1023.311,68.7,57.5816,139.915,30.308,36.866665437777826,33.65269008155749
호소,대청호,문의,2017-09-18,25.1,7.8,6.8,2.6,2.7,7.6,1444.0,500.0,0.0,944.0,0.0,0.0,0.0379746835443038,0.0,0.7,0.0,0.0,0.0,0.0,21.3,0.0,10.8,21.21,0.977,0.018,74.67,1056.263,70.9,0.0,37.49,30.492,54.27777476234585,34.52742547071129
호소,대청호,회남,2017-09-18,20.5,7.7,4.7,2.1,6.6,6.1,4068.0,1916.0,0.0,1958.0,194.0,0.0,0.0569620253164556,0.0,0.7,0.0,0.0,0.0,0.0,21.3,0.0,10.8,21.21,,,74.67,1056.263,70.9,0.0,37.49,30.492,,34.52742547071129
호소,대청호,추동,2017-09-18,25.0,7.9,8.7,1.6,4.5,12.6,5440.0,2420.0,84.0,2434.0,502.0,0.0,0.0759493670886076,0.0,0.7,0.0,0.0,0.0,0.0,21.3,0.0,10.8,21.21,,,74.67,1056.263,70.9,0.0,37.49,30.492,,34.52742547071129
호소,대청호,문의,2017-09-25,24.7,8.1,7.4,2.1,2.8,9.2,1618.0,1340.0,6.0,272.0,0.0,0.0,0.0949367088607595,0.0,0.7,0.0,0.0,0.0,0.0,23.1,0.0,8.3,18.79,1.102,0.014,74.61,1052.638,70.7,0.0,23.91,30.896,78.71428009183714,33.96044650922699
호소,대청호,회남,2017-09-25,21.6,8.0,6.5,1.8,4.1,5.5,598.0,300.0,0.0,246.0,52.0,0.0,0.1139240506329113,0.0,0.7,0.0,0.0,0.0,0.0,23.1,0.0,8.3,18.79,,,74.61,1052.638,70.7,0.0,23.91,30.896,,33.96044650922699
호소,대청호,추동,2017-09-25,24.6,8.2,9.5,1.6,6.4,13.2,3242.0,2060.0,0.0,1040.0,142.0,0.0,0.1329113924050633,0.0,0.7,0.0,0.0,0.0,0.0,23.1,0.0,8.3,18.79,,,74.61,1052.638,70.7,0.0,23.91,30.896,,33.96044650922699
호소,대청호,문의,2017-09-29,22.2,8.1,7.6,2.9,1.8,8.3,506.0,180.0,0.0,326.0,0.0,0.0,0.1518987341772152,0.0,0.7,0.0,0.0,0.0,0.0,15.8,0.0,10.5,19.62,,,74.71,1058.683,71.1,0.0,52.044,31.028,,34.010633513235675
호소,대청호,추동,2017-09-29,23.4,8.2,8.3,1.9,3.7,10.8,5190.0,3800.0,0.0,1230.0,160.0,0.0,0.170886075949367,0.0,0.7,0.0,0.0,0.0,0.0,15.8,0.0,10.5,19.62,,,74.71,1058.683,71.1,0.0,52.044,31.028,,34.010633513235675
호소,대청호,회남,2017-09-29,23.9,8.2,8.4,3.1,2.6,5.8,1368.0,360.0,0.0,914.0,94.0,0.0,0.189873417721519,0.0,0.7,0.0,0.0,0.0,0.0,15.8,0.0,10.5,19.62,,,74.71,1058.683,71.1,0.0,52.044,31.028,,34.010633513235675
호소,대청호,문의,2017-10-10,23.5,8.4,10.3,2.0,2.6,15.9,604.0,280.0,0.0,286.0,38.0,0.0,0.2088607594936709,0.0,0.7,0.0,0.0,0.0,0.0,22.3,0.0,5.0,12.58,1.28,0.029,74.75,1061.107,71.2,0.0,22.434,29.454,44.13792951248519,35.904006225891585
호소,대청호,회남,2017-10-10,20.7,8.3,8.1,2.8,5.2,7.1,862.0,460.0,0.0,402.0,0.0,0.0,0.2278481012658227,0.0,0.7,0.0,0.0,0.0,0.0,22.3,0.0,5.0,12.58,,,74.75,1061.107,71.2,0.0,22.434,29.454,,35.904006225891585
호소,대청호,추동,2017-10-10,23.3,8.4,12.3,1.9,3.5,17.7,2448.0,1580.0,0.0,868.0,0.0,0.0,0.2468354430379747,0.0,0.7,0.0,0.0,0.0,0.0,22.3,0.0,5.0,12.58,,,74.75,1061.107,71.2,0.0,22.434,29.454,,35.904006225891585
호소,대청호,문의,2017-10-16,22.0,7.2,7.0,2.6,2.3,18.5,392.0,260.0,0.0,132.0,0.0,0.0,0.2658227848101266,0.0,0.7,0.0,0.0,0.0,0.0,16.0,0.0,4.4,11.15,1.201,0.021,74.72,1059.289,71.1,0.0,22.195,29.208,57.19047346712031,36.143339702470314
호소,대청호,회남,2017-10-16,18.5,7.3,4.7,3.0,4.2,5.3,402.0,180.0,0.0,222.0,0.0,0.0,0.2848101265822785,0.0,0.7,0.0,0.0,0.0,0.0,16.0,0.0,4.4,11.15,,,74.72,1059.289,71.1,0.0,22.195,29.208,,36.143339702470314
호소,대청호,추동,2017-10-16,21.9,7.6,8.2,2.3,3.8,11.8,2080.0,1340.0,0.0,740.0,0.0,0.0,0.3037974683544304,0.0,0.7,0.0,0.0,0.0,0.0,16.0,0.0,4.4,11.15,,,74.72,1059.289,71.1,0.0,22.195,29.208,,36.143339702470314
호소,대청호,문의,2017-10-23,21.0,8.3,7.4,2.8,2.1,9.0,1768.0,1220.0,0.0,522.0,26.0,0.0,0.3227848101265823,0.0,0.7,0.0,0.0,0.0,0.0,13.0,0.0,9.8,16.83,1.237,0.025,74.56,1049.623,70.4,0.0,20.258,41.189,49.47999802080008,25.42137130954976
호소,대청호,회남,2017-10-23,18.8,7.4,4.8,3.3,4.9,3.4,674.0,160.0,0.0,428.0,86.0,0.0,0.3417721518987341,0.0,0.7,0.0,0.0,0.0,0.0,13.0,0.0,9.8,16.83,,,74.56,1049.623,70.4,0.0,20.258,41.189,,25.42137130954976
호소,대청호,추동,2017-10-23,21.0,7.6,8.2,2.9,4.7,8.7,1432.0,656.0,0.0,748.0,28.0,0.0,0.3607594936708861,0.0,0.7,0.0,0.0,0.0,0.0,13.0,0.0,9.8,16.83,,,74.56,1049.623,70.4,0.0,20.258,41.189,,25.42137130954976
호소,대청호,문의,2017-10-30,19.8,7.5,7.1,4.2,1.7,6.3,660.0,88.0,0.0,522.0,50.0,0.0,0.379746835443038,0.0,0.7,0.0,0.0,0.0,0.0,7.0,0.0,9.9,16.92,1.215,0.032,74.3,1034.027,69.4,0.0,6.568,41.156,37.9687488134766,25.063675586581347
호소,대청호,회남,2017-10-30,17.3,7.5,5.2,3.8,2.9,4.3,360.0,0.0,0.0,360.0,0.0,0.0,0.3987341772151899,0.0,0.7,0.0,0.0,0.0,0.0,7.0,0.0,9.9,16.92,,,74.3,1034.027,69.4,0.0,6.568,41.156,,25.063675586581347
호소,대청호,추동,2017-10-30,19.8,7.6,8.2,3.0,4.6,9.5,5614.0,2776.0,0.0,2748.0,90.0,0.0,0.4177215189873418,0.0,0.7,0.0,0.0,0.0,0.0,7.0,0.0,9.9,16.92,,,74.3,1034.027,69.4,0.0,6.568,41.156,,25.063675586581347
호소,대청호,추동,2017-11-06,18.6,7.7,8.6,2.8,5.7,10.7,3832.0,1066.0,0.0,2616.0,150.0,0.0,0.4367088607594936,0.0,0.7,0.0,0.0,0.0,0.0,9.2,0.0,9.2,14.46,,,74.13,1023.905,68.7,0.0,17.725,38.35,,26.629518855656695
호소,대청호,회남,2017-11-06,17.9,7.6,6.5,3.8,2.8,4.0,368.0,62.0,0.0,306.0,0.0,0.0,0.4556962025316455,0.0,0.7,0.0,0.0,0.0,0.0,9.2,0.0,9.2,14.46,,,74.13,1023.905,68.7,0.0,17.725,38.35,,26.629518855656695
호소,대청호,문의,2017-11-06,18.7,7.8,7.8,4.0,1.7,7.6,496.0,200.0,0.0,150.0,146.0,0.0,0.4746835443037975,0.0,0.7,0.0,0.0,0.0,0.0,9.2,0.0,9.2,14.46,1.22,0.024,74.13,1023.905,68.7,0.0,17.725,38.35,50.833331215277866,26.629518855656695
호소,대청호,회남,2017-11-13,17.2,7.7,8.0,3.0,2.2,6.7,38.0,0.0,0.0,38.0,0.0,0.0,0.4936708860759494,0.0,0.7,0.0,0.0,0.0,0.0,7.3,0.0,1.5,6.49,,,73.88,1009.125,67.7,0.0525,17.479,37.928,,26.536367939413065
호소,대청호,추동,2017-11-13,17.1,7.7,8.8,2.6,2.8,10.1,208.0,80.0,0.0,90.0,38.0,0.0,0.5126582278481013,0.0,0.7,0.0,0.0,0.0,0.0,7.3,0.0,1.5,6.49,,,73.88,1009.125,67.7,0.0525,17.479,37.928,,26.536367939413065
호소,대청호,문의,2017-11-13,17.4,7.8,8.4,3.8,1.3,7.6,434.0,380.0,0.0,28.0,26.0,0.0,0.5316455696202532,0.0,0.7,0.0,0.0,0.0,0.0,7.3,0.0,1.5,6.49,1.165,0.014,73.88,1009.125,67.7,0.0525,17.479,37.928,83.2142797704086,26.536367939413065
호소,대청호,문의,2017-11-20,15.3,7.8,8.6,2.9,1.5,7.1,488.0,440.0,0.0,0.0,48.0,0.0,0.5506329113924051,0.0,0.7,0.0,0.0,0.0,0.0,3.7,0.0,7.7,11.92,1.273,0.021,73.6,992.723,66.6,0.0,11.487,38.494,60.61904473242643,25.722210706327406
호소,대청호,추동,2017-11-20,14.9,7.8,9.1,3.0,3.2,9.5,176.0,0.0,0.0,0.0,176.0,0.0,0.569620253164557,0.0,0.7,0.0,0.0,0.0,0.0,3.7,0.0,7.7,11.92,,,73.6,992.723,66.6,0.0,11.487,38.494,,25.722210706327406
호소,대청호,회남,2017-11-20,15.5,7.7,8.4,3.1,2.6,6.6,132.0,0.0,0.0,94.0,38.0,0.0,0.5886075949367089,0.0,0.7,0.0,0.0,0.0,0.0,3.7,0.0,7.7,11.92,,,73.6,992.723,66.6,0.0,11.487,38.494,,25.722210706327406
호소,대청호,문의,2017-11-27,13.9,7.6,9.0,3.4,2.1,5.0,34.0,34.0,0.0,0.0,0.0,0.0,0.6075949367088608,0.0,0.7,0.0,0.0,0.0,0.0,3.1,0.0,8.3,11.09,1.179,0.007,73.42,982.263,65.9,0.0,15.036,28.451,168.42854736735038,34.40380371965956
호소,대청호,추동,2017-11-27,13.4,7.8,9.4,2.3,1.9,6.9,886.0,820.0,0.0,0.0,66.0,0.0,0.6265822784810127,0.0,0.7,0.0,0.0,0.0,0.0,3.1,0.0,8.3,11.09,,,73.42,982.263,65.9,0.0,15.036,28.451,,34.40380371965956
호소,대청호,회남,2017-11-27,13.9,7.6,8.5,2.6,2.0,3.5,0.0,0.0,0.0,0.0,0.0,0.0,0.6455696202531646,0.0,0.7,0.0,0.0,0.0,0.0,3.1,0.0,8.3,11.09,,,73.42,982.263,65.9,0.0,15.036,28.451,,34.40380371965956
호소,대청호,문의,2017-12-04,12.6,7.9,9.2,3.8,1.7,3.8,0.0,0.0,0.0,0.0,0.0,0.0,0.6645569620253164,0.0,0.7,0.0,0.0,0.0,0.0,2.3,0.0,7.4,11.67,1.237,0.007,73.23,971.292,65.2,0.5061,8.608,28.601,176.71426046939138,33.84174767429706
호소,대청호,추동,2017-12-04,12.1,7.8,9.8,3.0,2.3,5.6,0.0,0.0,0.0,0.0,0.0,0.0,0.6835443037974683,0.0,0.7,0.0,0.0,0.0,0.0,2.3,0.0,7.4,11.67,,,73.23,971.292,65.2,0.5061,8.608,28.601,,33.84174767429706
호소,대청호,회남,2017-12-04,12.4,7.7,9.1,2.9,2.2,3.5,0.0,0.0,0.0,0.0,0.0,0.0,0.7025316455696202,0.0,0.7,0.0,0.0,0.0,0.0,2.3,0.0,7.4,11.67,,,73.23,971.292,65.2,0.5061,8.608,28.601,,33.84174767429706
호소,대청호,추동,2017-12-11,10.5,7.8,10.1,3.0,2.1,6.0,0.0,0.0,0.0,0.0,0.0,0.0,0.7215189873417722,0.0,0.7,0.0,0.0,0.0,0.0,-4.2,0.6,2.4,6.19,,,73.07,962.11,64.6,0.0,8.518,28.4,,33.75824561403509
호소,대청호,회남,2017-12-11,10.9,7.7,9.4,3.5,2.0,3.9,0.0,0.0,0.0,0.0,0.0,0.0,0.7405063291139241,0.0,0.7,0.0,0.0,0.0,0.0,-4.2,0.6,2.4,6.19,,,73.07,962.11,64.6,0.0,8.518,28.4,,33.75824561403509
호소,대청호,문의,2017-12-11,10.9,7.7,9.4,3.2,1.7,4.0,0.0,0.0,0.0,0.0,0.0,0.0,0.759493670886076,0.0,0.7,0.0,0.0,0.0,0.0,-4.2,0.6,2.4,6.19,1.663,0.01,73.07,962.11,64.6,0.0,8.518,28.4,166.29998337000168,33.75824561403509
호소,대청호,회남,2017-12-18,9.2,7.8,10.1,2.9,1.6,4.1,0.0,0.0,0.0,0.0,0.0,0.0,0.7784810126582279,0.0,0.7,0.0,0.0,0.0,0.0,1.0,0.0,7.0,9.51,,,72.87,950.704,63.8,0.0,15.426,28.585,,33.14289698448666
호소,대청호,문의,2017-12-18,9.1,7.7,9.8,3.0,1.5,5.1,0.0,0.0,0.0,0.0,0.0,0.0,0.7974683544303798,0.0,0.7,0.0,0.0,0.0,0.0,1.0,0.0,7.0,9.51,1.478,0.008,72.87,950.704,63.8,0.0,15.426,28.585,184.7499769062529,33.14289698448666
호소,대청호,추동,2017-12-18,8.5,7.9,10.9,2.8,1.7,6.7,0.0,0.0,0.0,0.0,0.0,0.0,0.8164556962025317,0.0,0.7,0.0,0.0,0.0,0.0,1.0,0.0,7.0,9.51,,,72.87,950.704,63.8,0.0,15.426,28.585,,33.14289698448666
호소,대청호,회남,2017-12-26,7.9,7.8,11.2,4.1,1.4,7.3,0.0,0.0,0.0,0.0,0.0,0.0,0.8354430379746836,0.0,0.7,0.0,0.0,0.0,0.0,-1.1,0.3,5.5,4.31,,,72.61,935.996,62.8,0.0273,7.711,27.274,,34.1928837583108
호소,대청호,문의,2017-12-26,8.4,7.7,10.5,3.4,1.6,5.6,0.0,0.0,0.0,0.0,0.0,0.0,0.8544303797468354,0.0,0.7,0.0,0.0,0.0,0.0,-1.1,0.3,5.5,4.31,1.21,0.009,72.61,935.996,62.8,0.0273,7.711,27.274,134.44442950617452,34.1928837583108
호소,대청호,추동,2017-12-26,7.9,7.8,11.7,3.4,1.4,6.8,0.0,0.0,0.0,0.0,0.0,0.0,0.8734177215189873,0.0,0.7,0.0,0.0,0.0,0.0,-1.1,0.3,5.5,4.31,,,72.61,935.996,62.8,0.0273,7.711,27.274,,34.1928837583108
호소,대청호,추동,2018-01-02,7.0,7.9,12.0,3.7,2.5,6.8,0.0,0.0,0.0,0.0,0.0,0.0,0.8924050632911392,0.0,0.7,0.0,0.0,0.0,0.0,-1.0,0.0,0.3,2.33,,,72.48,928.692,62.3,0.0,15.433,28.413,,32.57082734191421
호소,대청호,회남,2018-01-02,7.3,7.8,11.5,4.0,2.8,4.1,240.0,240.0,0.0,0.0,0.0,0.0,0.9113924050632912,0.0,0.7,0.0,0.0,0.0,0.0,-1.0,0.0,0.3,2.33,,,72.48,928.692,62.3,0.0,15.433,28.413,,32.57082734191421
호소,대청호,문의,2018-01-02,7.5,7.7,10.5,3.1,2.7,5.7,0.0,0.0,0.0,0.0,0.0,0.0,0.9303797468354432,0.0,0.7,0.0,0.0,0.0,0.0,-1.0,0.0,0.3,2.33,1.191,0.006,72.48,928.692,62.3,0.0,15.433,28.413,198.49996691667218,32.57082734191421
호소,대청호,문의,2018-01-08,6.8,7.5,10.9,3.7,1.7,4.6,0.0,0.0,0.0,0.0,0.0,0.0,0.949367088607595,0.0,0.7,0.0,0.0,0.0,0.0,1.5,3.6,0.0,1.05,1.345,0.015,72.34,920.864,61.8,2.2279,15.521,28.436,89.6666606888893,32.270255116344266
호소,대청호,추동,2018-01-08,6.4,7.7,12.4,3.1,1.6,5.0,0.0,0.0,0.0,0.0,0.0,0.0,0.9683544303797468,0.0,0.7,0.0,0.0,0.0,0.0,1.5,3.6,0.0,1.05,,,72.34,920.864,61.8,2.2279,15.521,28.436,,32.270255116344266
호소,대청호,회남,2018-01-08,6.6,7.7,12.3,4.6,2.0,4.9,0.0,0.0,0.0,0.0,0.0,0.0,0.9873417721518988,0.0,0.7,0.0,0.0,0.0,0.0,1.5,3.6,0.0,1.05,,,72.34,920.864,61.8,2.2279,15.521,28.436,,32.270255116344266
호소,대청호,추동,2018-01-15,5.3,7.7,13.7,3.7,1.4,4.7,0.0,0.0,0.0,0.0,0.0,0.0,1.0063291139240509,0.0,0.7,0.0,0.0,0.0,0.0,5.5,0.0,7.5,6.4,,,72.18,911.966,61.2,0.0,15.724,28.566,,31.81350729086723
호소,대청호,회남,2018-01-15,5.8,7.7,13.3,4.5,1.2,5.4,0.0,0.0,0.0,0.0,0.0,0.0,1.0253164556962029,0.0,0.7,0.0,0.0,0.0,0.0,5.5,0.0,7.5,6.4,,,72.18,911.966,61.2,0.0,15.724,28.566,,31.81350729086723
호소,대청호,문의,2018-01-15,6.2,7.6,11.9,3.4,1.9,4.1,0.0,0.0,0.0,0.0,0.0,0.0,1.0443037974683544,0.0,0.7,0.0,0.0,0.0,0.0,5.5,0.0,7.5,6.4,1.224,0.01,72.18,911.966,61.2,0.0,15.724,28.566,122.39998776000122,31.81350729086723
호소,대청호,문의,2018-01-22,6.0,7.2,9.3,3.7,1.7,9.8,0.0,0.0,0.0,0.0,0.0,0.0,1.0632911392405064,0.0,0.7,0.0,0.0,0.0,0.0,3.0,0.8,1.2,6.34,1.309,0.01,72.1,907.536,60.9,2.5861,22.029,28.431,130.8999869100013,31.808769408713324
호소,대청호,추동,2018-01-22,5.7,7.5,11.4,4.7,1.6,3.3,0.0,0.0,0.0,0.0,0.0,0.0,1.0822784810126582,0.0,0.7,0.0,0.0,0.0,0.0,3.0,0.8,1.2,6.34,,,72.1,907.536,60.9,2.5861,22.029,28.431,,31.808769408713324
호소,대청호,회남,2018-01-22,5.6,7.5,11.4,5.6,1.2,3.5,0.0,0.0,0.0,0.0,0.0,0.0,1.1012658227848102,0.0,0.7,0.0,0.0,0.0,0.0,3.0,0.8,1.2,6.34,,,72.1,907.536,60.9,2.5861,22.029,28.431,,31.808769408713324
호소,대청호,문의,2018-01-29,5.125,7.525,11.65,5.324999999999999,1.25,3.675,0.0,0.0,0.0,0.0,0.0,0.0,1.120253164556962,0.0,0.7,0.0,0.0,0.0,0.0,-6.8,0.0,9.2,8.42,1.244,0.017,71.94,898.713,60.3,0.0,16.918,29.65,73.17646628373727,30.208840336134454
호소,대청호,추동,2018-01-29,4.65,7.55,11.9,5.05,1.2999999999999998,3.85,0.0,0.0,0.0,0.0,0.0,0.0,1.139240506329114,0.0,0.7,0.0,0.0,0.0,0.0,-6.8,0.0,9.2,8.42,,,71.94,898.713,60.3,0.0,16.918,29.65,,30.208840336134454
호소,대청호,회남,2018-01-29,4.175,7.574999999999999,12.15,4.775,1.35,4.025,0.0,0.0,0.0,0.0,0.0,0.0,1.1582278481012658,0.0,0.7,0.0,0.0,0.0,0.0,-6.8,0.0,9.2,8.42,,,71.94,898.713,60.3,0.0,16.918,29.65,,30.208840336134454
호소,대청호,회남,2018-02-05,3.7,7.6,12.4,4.5,1.4,4.2,0.0,0.0,0.0,0.0,0.0,0.0,1.1772151898734178,0.0,0.7,0.0,0.0,0.0,0.0,-8.1,0.0,9.1,8.58,,,71.76,888.848,59.7,0.0,16.602,29.252,,30.28236576723903
호소,대청호,추동,2018-02-05,3.3,7.5,12.8,4.1,2.4,3.4,0.0,0.0,0.0,0.0,0.0,0.0,1.1962025316455696,0.0,0.7,0.0,0.0,0.0,0.0,-8.1,0.0,9.1,8.58,,,71.76,888.848,59.7,0.0,16.602,29.252,,30.28236576723903
호소,대청호,문의,2018-02-05,3.4,7.1,12.3,4.3,1.5,3.3,0.0,0.0,0.0,0.0,0.0,0.0,1.2151898734177216,0.0,0.7,0.0,0.0,0.0,0.0,-8.1,0.0,9.1,8.58,1.151,0.006,71.76,888.848,59.7,0.0,16.602,29.252,191.83330136111644,30.28236576723903
호소,대청호,회남,2018-02-12,3.51,7.16,12.38,4.32,1.55,3.41,0.0,0.0,0.0,0.0,0.0,0.0,1.2341772151898736,0.0,0.7,0.0,0.0,0.0,0.0,-4.8,1.4,4.7,6.75,,,71.56,877.961,58.9,0.6391,10.722,29.565,,29.595853699646046
호소,대청호,추동,2018-02-12,3.62,7.22,12.46,4.34,1.6,3.52,0.0,0.0,0.0,0.0,0.0,0.0,1.2531645569620251,0.0,0.7,0.0,0.0,0.0,0.0,-4.8,1.4,4.7,6.75,,,71.56,877.961,58.9,0.6391,10.722,29.565,,29.595853699646046
호소,대청호,문의,2018-02-12,3.73,7.279999999999999,12.54,4.359999999999999,1.65,3.63,0.0,0.0,0.0,0.0,0.0,0.0,1.2721518987341771,0.0,0.7,0.0,0.0,0.0,0.0,-4.8,1.4,4.7,6.75,1.334,0.014,71.56,877.961,58.9,0.6391,10.722,29.565,95.28570747959233,29.595853699646046
호소,대청호,문의,2018-02-19,3.84,7.34,12.62,4.38,1.7,3.74,0.0,0.0,0.0,0.0,0.0,0.0,1.2911392405063291,0.0,0.7,0.0,0.0,0.0,0.0,2.5,0.0,8.4,8.54,,,71.37,867.691,58.2,0.0,4.729,29.685,,29.131811314420013
호소,대청호,추동,2018-02-19,3.95,7.4,12.7,4.4,1.75,3.85,0.0,0.0,0.0,0.0,0.0,0.0,1.3101265822784811,0.0,0.7,0.0,0.0,0.0,0.0,2.5,0.0,8.4,8.54,,,71.37,867.691,58.2,0.0,4.729,29.685,,29.131811314420013
호소,대청호,회남,2018-02-19,4.0600000000000005,7.46,12.78,4.42,1.8,3.96,0.0,0.0,0.0,0.0,0.0,0.0,1.3291139240506329,0.0,0.7,0.0,0.0,0.0,0.0,2.5,0.0,8.4,8.54,,,71.37,867.691,58.2,0.0,4.729,29.685,,29.131811314420013
호소,대청호,추동,2018-02-26,4.17,7.52,12.86,4.44,1.85,4.07,0.0,0.0,0.0,0.0,0.0,0.0,1.3481012658227849,0.0,0.7,0.0,0.0,0.0,0.0,4.0,0.0,10.5,12.46,,,71.19,858.027,57.6,0.0,17.037,29.429,,29.057096413695014
호소,대청호,문의,2018-02-26,4.28,7.58,12.94,4.46,1.9,4.180000000000001,0.0,0.0,0.0,0.0,0.0,0.0,1.3670886075949369,0.0,0.7,0.0,0.0,0.0,0.0,4.0,0.0,10.5,12.46,,,71.19,858.027,57.6,0.0,17.037,29.429,,29.057096413695014
호소,대청호,회남,2018-02-26,4.39,7.640000000000001,13.02,4.48,1.95,4.29,0.0,0.0,0.0,0.0,0.0,0.0,1.3860759493670889,0.0,0.7,0.0,0.0,0.0,0.0,4.0,0.0,10.5,12.46,,,71.19,858.027,57.6,0.0,17.037,29.429,,29.057096413695014
호소,대청호,회남,2018-03-05,4.5,7.7,13.1,4.5,2.0,4.4,0.0,0.0,0.0,0.0,0.0,0.0,1.4050632911392404,0.0,0.7,0.0,0.0,0.0,0.0,6.6,18.6,0.0,4.88,,,71.24,860.705,57.8,19.4853,54.139,29.336,,29.23987634189428
호소,대청호,문의,2018-03-05,5.1,7.6,12.7,4.1,2.5,3.4,0.0,0.0,0.0,0.0,0.0,0.0,1.4240506329113924,0.0,0.7,0.0,0.0,0.0,0.0,6.6,18.6,0.0,4.88,1.549,0.005,71.24,860.705,57.8,19.4853,54.139,29.336,309.79993804001236,29.23987634189428
호소,대청호,추동,2018-03-05,4.4,7.6,13.2,3.1,2.9,3.1,0.0,0.0,0.0,0.0,0.0,0.0,1.4430379746835444,0.0,0.7,0.0,0.0,0.0,0.0,6.6,18.6,0.0,4.88,,,71.24,860.705,57.8,19.4853,54.139,29.336,,29.23987634189428
호소,대청호,회남,2018-03-12,5.5,7.8,13.4,4.2,2.2,3.9,0.0,0.0,0.0,0.0,0.0,0.0,1.4620253164556962,0.0,0.7,0.0,0.0,0.0,0.0,8.6,0.0,10.3,20.14,,,71.96,899.813,60.4,0.0,67.267,29.097,,30.81868000137
호소,대청호,추동,2018-03-12,5.7,7.8,13.5,1.9,2.4,2.5,0.0,0.0,0.0,0.0,0.0,0.0,1.4810126582278482,0.0,0.7,0.0,0.0,0.0,0.0,8.6,0.0,10.3,20.14,,,71.96,899.813,60.4,0.0,67.267,29.097,,30.81868000137
호소,대청호,문의,2018-03-12,5.7,7.8,13.0,3.6,1.4,3.9,0.0,0.0,0.0,0.0,0.0,0.0,1.5,0.0,0.7,0.0,0.0,0.0,0.0,8.6,0.0,10.3,20.14,1.132,0.011,71.96,899.813,60.4,0.0,67.267,29.097,102.90908155371986,30.81868000137
호소,대청호,문의,2018-03-19,6.3,8.3,12.6,3.9,2.2,2.5,0.0,0.0,0.0,0.0,0.0,0.0,1.518987341772152,0.0,0.7,0.0,0.0,0.0,0.0,8.3,22.0,0.0,2.91,1.29,0.015,72.35,921.422,61.8,19.459,87.158,29.132,85.99999426666706,31.521004378762996
호소,대청호,추동,2018-03-19,5.9,8.3,13.2,2.9,2.1,2.6,0.0,0.0,0.0,0.0,0.0,0.0,1.5379746835443038,0.0,0.7,0.0,0.0,0.0,0.0,8.3,22.0,0.0,2.91,,,72.35,921.422,61.8,19.459,87.158,29.132,,31.521004378762996
호소,대청호,회남,2018-03-19,5.8,8.3,13.2,2.9,4.0,4.9,0.0,0.0,0.0,0.0,0.0,0.0,1.5569620253164558,0.0,0.7,0.0,0.0,0.0,0.0,8.3,22.0,0.0,2.91,,,72.35,921.422,61.8,19.459,87.158,29.132,,31.521004378762996
호소,대청호,회남,2018-03-26,6.7,7.6,13.1,2.5,1.6,5.0,0.0,0.0,0.0,0.0,0.0,0.0,1.5759493670886076,0.0,0.7,0.0,0.0,0.0,0.0,12.4,0.0,10.5,23.01,,,73.1,963.827,64.7,0.0,75.976,29.618,,32.432431522982704
호소,대청호,추동,2018-03-26,7.1,7.6,13.0,2.2,2.9,2.2,0.0,0.0,0.0,0.0,0.0,0.0,1.5949367088607596,0.0,0.7,0.0,0.0,0.0,0.0,12.4,0.0,10.5,23.01,,,73.1,963.827,64.7,0.0,75.976,29.618,,32.432431522982704
호소,대청호,문의,2018-03-26,7.3,7.4,12.5,4.2,1.8,2.3,0.0,0.0,0.0,0.0,0.0,0.0,1.6139240506329111,0.0,0.7,0.0,0.0,0.0,0.0,12.4,0.0,10.5,23.01,1.177,0.009,73.1,963.827,64.7,0.0,75.976,29.618,130.7777632469152,32.432431522982704
호소,대청호,추동,2018-04-02,8.5,7.9,12.9,2.0,3.8,2.3,0.0,0.0,0.0,0.0,0.0,0.0,1.6329113924050631,0.0,0.7,0.0,0.0,0.0,0.0,18.3,0.0,10.3,14.24,,,73.29,974.749,65.4,0.0,29.847,29.847,,32.54913680836144
호소,대청호,회남,2018-04-02,8.6,7.9,12.5,2.8,2.6,5.6,0.0,0.0,0.0,0.0,0.0,0.0,1.6518987341772151,0.0,0.7,0.0,0.0,0.0,0.0,18.3,0.0,10.3,14.24,,,73.29,974.749,65.4,0.0,29.847,29.847,,32.54913680836144
호소,대청호,문의,2018-04-02,8.8,7.7,12.6,2.6,2.3,2.8,0.0,0.0,0.0,0.0,0.0,0.0,1.6708860759493671,0.0,0.7,0.0,0.0,0.0,0.0,18.3,0.0,10.3,14.24,1.544,0.008,73.29,974.749,65.4,0.0,29.847,29.847,192.99997587500303,32.54913680836144
호소,대청호,회남,2018-04-09,8.3,8.1,12.5,3.2,2.3,3.8,0.0,0.0,0.0,0.0,0.0,0.0,1.689873417721519,0.0,0.7,0.0,0.0,0.0,0.0,11.9,0.0,10.9,25.58,,,74.42,1041.208,69.9,0.0,119.724,29.702,,34.93752097174686
호소,대청호,추동,2018-04-09,8.0,8.0,12.7,1.8,3.5,2.6,0.0,0.0,0.0,0.0,0.0,0.0,1.7088607594936709,0.0,0.7,0.0,0.0,0.0,0.0,11.9,0.0,10.9,25.58,,,74.42,1041.208,69.9,0.0,119.724,29.702,,34.93752097174686
호소,대청호,문의,2018-04-09,9.2,7.9,12.1,2.7,2.2,2.9,0.0,0.0,0.0,0.0,0.0,0.0,1.7278481012658229,0.0,0.7,0.0,0.0,0.0,0.0,11.9,0.0,10.9,25.58,1.415,0.015,74.42,1041.208,69.9,0.0,119.724,29.702,94.33332704444487,34.93752097174686
호소,대청호,회남,2018-04-16,9.2,8.0,12.1,4.3,2.2,2.8,0.0,0.0,0.0,0.0,0.0,0.0,1.7468354430379749,0.0,0.7,0.0,0.0,0.0,0.0,11.6,0.0,10.9,26.77,,,74.86,1067.79,71.7,0.0,74.405,39.211,,27.16262623693114
호소,대청호,추동,2018-04-16,9.4,8.0,12.7,2.5,2.8,2.7,0.0,0.0,0.0,0.0,0.0,0.0,1.7658227848101269,0.0,0.7,0.0,0.0,0.0,0.0,11.6,0.0,10.9,26.77,,,74.86,1067.79,71.7,0.0,74.405,39.211,,27.16262623693114
호소,대청호,문의,2018-04-16,9.7,8.1,12.3,3.0,2.5,2.5,0.0,0.0,0.0,0.0,0.0,0.0,1.7848101265822784,0.0,0.7,0.0,0.0,0.0,0.0,11.6,0.0,10.9,26.77,1.385,0.015,74.86,1067.79,71.7,0.0,74.405,39.211,92.3333271777782,27.16262623693114
호소,대청호,문의,2018-04-23,11.9,7.4,11.2,2.4,2.7,4.6,0.0,0.0,0.0,0.0,0.0,0.0,1.8037974683544304,0.0,0.7,0.0,0.0,0.0,0.0,11.4,38.9,0.0,1.07,1.471,0.018,74.94,1072.666,72.0,26.2345,65.566,58.503,81.72221768209903,18.303943484121973
호소,대청호,추동,2018-04-23,10.8,7.2,10.7,2.7,3.3,4.3,0.0,0.0,0.0,0.0,0.0,0.0,1.8227848101265824,0.0,0.7,0.0,0.0,0.0,0.0,11.4,38.9,0.0,1.07,,,74.94,1072.666,72.0,26.2345,65.566,58.503,,18.303943484121973
호소,대청호,회남,2018-04-23,9.2,7.3,10.5,3.0,3.5,6.1,0.0,0.0,0.0,0.0,0.0,0.0,1.8417721518987344,0.0,0.7,0.0,0.0,0.0,0.0,11.4,38.9,0.0,1.07,,,74.94,1072.666,72.0,26.2345,65.566,58.503,,18.303943484121973
호소,대청호,추동,2018-04-30,12.0,7.4,10.2,3.4,3.4,3.9,0.0,0.0,0.0,0.0,0.0,0.0,1.8607594936708864,0.0,0.7,0.0,0.0,0.0,0.0,20.3,0.0,9.9,16.7,,,74.82,1065.357,71.5,0.0,49.48,98.784,,10.773805671291614
호소,대청호,회남,2018-04-30,11.4,7.6,10.0,2.5,2.2,4.1,0.0,0.0,0.0,0.0,0.0,0.0,1.879746835443038,0.0,0.7,0.0,0.0,0.0,0.0,20.3,0.0,9.9,16.7,,,74.82,1065.357,71.5,0.0,49.48,98.784,,10.773805671291614
호소,대청호,문의,2018-04-30,12.7,7.7,10.6,4.5,2.2,3.2,0.0,0.0,0.0,0.0,0.0,0.0,1.89873417721519,0.0,0.7,0.0,0.0,0.0,0.0,20.3,0.0,9.9,16.7,1.485,0.027,74.82,1065.357,71.5,0.0,49.48,98.784,54.99999796296304,10.773805671291614
호소,대청호,문의,2018-05-08,13.6,8.1,10.4,3.1,2.4,5.5,0.0,0.0,0.0,0.0,0.0,0.0,1.9177215189873416,0.0,0.7,0.0,0.0,0.0,0.0,16.5,0.0,7.1,23.37,1.694,0.047,74.52,1047.214,70.3,0.0,94.976,101.941,36.04255242462654,10.26267872717829
호소,대청호,회남,2018-05-08,10.8,7.7,9.3,2.3,2.9,4.1,0.0,0.0,0.0,0.0,0.0,0.0,1.9367088607594936,0.0,0.7,0.0,0.0,0.0,0.0,16.5,0.0,7.1,23.37,,,74.52,1047.214,70.3,0.0,94.976,101.941,,10.26267872717829
호소,대청호,추동,2018-05-08,11.9,7.9,10.0,3.7,2.5,5.1,0.0,0.0,0.0,0.0,0.0,0.0,1.9556962025316456,0.0,0.7,0.0,0.0,0.0,0.0,16.5,0.0,7.1,23.37,,,74.52,1047.214,70.3,0.0,94.976,101.941,,10.26267872717829
호소,대청호,문의,2018-05-14,15.2,8.1,10.6,3.2,1.5,4.2,0.0,0.0,0.0,0.0,0.0,0.0,1.9746835443037976,0.0,0.7,0.0,0.0,0.0,0.0,19.6,0.0,8.7,25.33,3.17,0.027,74.19,1027.471,69.0,0.0,67.234,101.692,117.40740305898507,10.093828591637852
호소,대청호,회남,2018-05-14,12.9,7.8,9.0,3.0,2.4,2.7,0.0,0.0,0.0,0.0,0.0,0.0,1.9936708860759491,0.0,0.7,0.0,0.0,0.0,0.0,19.6,0.0,8.7,25.33,,,74.19,1027.471,69.0,0.0,67.234,101.692,,10.093828591637852
호소,대청호,추동,2018-05-14,13.9,7.8,10.5,5.0,1.9,2.7,0.0,0.0,0.0,0.0,0.0,0.0,2.0126582278481013,0.0,0.7,0.0,0.0,0.0,0.0,19.6,0.0,8.7,25.33,,,74.19,1027.471,69.0,0.0,67.234,101.692,,10.093828591637852
호소,대청호,문의,2018-05-21,16.1,8.3,11.4,3.4,1.8,11.8,68.0,0.0,0.0,0.0,68.0,0.0,2.0316455696202533,0.0,0.7,0.0,0.0,0.0,0.0,17.5,0.0,10.0,27.26,2.354,0.051,73.95,1013.251,68.0,0.0,27.532,61.708,46.15686184006154,16.39352511001812
호소,대청호,추동,2018-05-21,15.1,7.9,10.2,3.4,1.9,4.5,0.0,0.0,0.0,0.0,0.0,0.0,2.0506329113924053,0.0,0.7,0.0,0.0,0.0,0.0,17.5,0.0,10.0,27.26,,,73.95,1013.251,68.0,0.0,27.532,61.708,,16.39352511001812
호소,대청호,회남,2018-05-21,11.9,7.8,9.4,2.0,4.3,4.2,0.0,0.0,0.0,0.0,0.0,0.0,2.069620253164557,0.0,0.7,0.0,0.0,0.0,0.0,17.5,0.0,10.0,27.26,,,73.95,1013.251,68.0,0.0,27.532,61.708,,16.39352511001812
호소,대청호,회남,2018-05-28,13.2,7.8,8.9,2.7,1.8,3.6,998.0,860.0,138.0,0.0,0.0,0.0,2.088607594936709,0.0,0.7,0.0,0.0,0.0,0.0,23.0,0.0,10.9,29.34,,,73.7,998.563,67.0,0.101,21.108,61.774,,16.138652745902963
호소,대청호,추동,2018-05-28,16.1,8.0,10.4,3.8,2.1,8.4,86.0,0.0,0.0,0.0,86.0,0.0,2.107594936708861,0.0,0.7,0.0,0.0,0.0,0.0,23.0,0.0,10.9,29.34,,,73.7,998.563,67.0,0.101,21.108,61.774,,16.138652745902963
호소,대청호,문의,2018-05-28,17.7,8.6,12.4,2.4,1.8,16.8,164.0,0.0,164.0,0.0,0.0,0.0,2.126582278481013,0.0,0.7,0.0,0.0,0.0,0.0,23.0,0.0,10.9,29.34,1.935,0.05,73.7,998.563,67.0,0.101,21.108,61.774,38.69999922600002,16.138652745902963
호소,대청호,회남,2018-06-04,14.5,7.9,8.0,3.7,1.6,3.4,284.0,0.0,284.0,0.0,0.0,0.0,2.1455696202531644,0.0,0.7,0.0,0.0,0.0,0.0,23.5,0.0,7.8,24.41,,,73.12,964.974,64.8,0.0,31.198,84.355,,11.425895447279617
호소,대청호,문의,2018-06-04,19.0,8.7,13.1,2.7,2.0,16.5,0.0,0.0,0.0,0.0,0.0,0.0,2.1645569620253164,0.0,0.7,0.0,0.0,0.0,0.0,23.5,0.0,7.8,24.41,2.992,0.056,73.12,964.974,64.8,0.0,31.198,84.355,53.42857047448981,11.425895447279617
호소,대청호,추동,2018-06-04,17.4,8.3,10.5,2.7,1.9,11.4,342.0,150.0,192.0,0.0,0.0,0.0,2.1835443037974684,0.0,0.7,0.0,0.0,0.0,0.0,23.5,0.0,7.8,24.41,,,73.12,964.974,64.8,0.0,31.198,84.355,,11.425895447279617
호소,대청호,추동,2018-06-11,17.4,8.4,10.5,1.8,1.9,11.7,712.0,660.0,0.0,0.0,52.0,0.0,2.2025316455696204,0.0,0.7,0.0,0.0,0.0,0.0,20.4,0.0,1.1,13.74,,,72.35,921.422,61.8,0.5975,13.305,84.478,,10.894346047435505
호소,대청호,문의,2018-06-11,21.6,9.0,12.1,2.8,2.1,19.7,96.0,0.0,96.0,0.0,0.0,0.0,2.221518987341772,0.0,0.7,0.0,0.0,0.0,0.0,20.4,0.0,1.1,13.74,2.734,0.036,72.35,921.422,61.8,0.5975,13.305,84.478,75.94444233487661,10.894346047435505
호소,대청호,회남,2018-06-11,15.1,8.2,9.2,1.4,2.6,11.2,772.0,220.0,148.0,0.0,404.0,0.0,2.240506329113924,0.0,0.7,0.0,0.0,0.0,0.0,20.4,0.0,1.1,13.74,,,72.35,921.422,61.8,0.5975,13.305,84.478,,10.894346047435505
호소,대청호,추동,2018-06-18,20.2,8.4,10.2,2.0,2.4,9.1,0.0,0.0,0.0,0.0,0.0,0.0,2.259493670886076,0.0,0.7,0.0,0.0,0.0,0.0,25.7,0.0,10.3,26.28,,,71.54,876.877,58.9,0.7499,10.552,85.991,,10.185466541218014
호소,대청호,회남,2018-06-18,14.9,8.0,6.8,1.5,1.6,5.0,602.0,500.0,0.0,0.0,102.0,0.0,2.278481012658228,0.0,0.7,0.0,0.0,0.0,0.0,25.7,0.0,10.3,26.28,,,71.54,876.877,58.9,0.7499,10.552,85.991,,10.185466541218014
호소,대청호,문의,2018-06-18,20.8,8.8,11.1,2.8,1.9,17.4,76.0,0.0,76.0,0.0,0.0,0.0,2.29746835443038,0.0,0.7,0.0,0.0,0.0,0.0,25.7,0.0,10.3,26.28,3.312,0.016,71.54,876.877,58.9,0.7499,10.552,85.991,206.9999870625008,10.185466541218014
호소,대청호,문의,2018-06-25,22.7,9.0,11.6,3.1,2.2,11.2,0.0,0.0,0.0,0.0,0.0,0.0,2.316455696202532,0.0,0.7,0.0,0.0,0.0,0.0,26.6,0.0,5.8,19.9,1.718,0.027,70.7,832.037,55.8,0.0,16.311,83.37,63.62962727297677,9.968096322031869
호소,대청호,추동,2018-06-25,19.8,8.4,9.0,2.8,1.7,7.6,208.0,0.0,208.0,0.0,0.0,0.0,2.335443037974684,0.0,0.7,0.0,0.0,0.0,0.0,26.6,0.0,5.8,19.9,,,70.7,832.037,55.8,0.0,16.311,83.37,,9.968096322031869
호소,대청호,회남,2018-06-25,15.7,8.0,6.2,3.2,1.4,4.1,0.0,0.0,0.0,0.0,0.0,0.0,2.354430379746836,0.0,0.7,0.0,0.0,0.0,0.0,26.6,0.0,5.8,19.9,,,70.7,832.037,55.8,0.0,16.311,83.37,,9.968096322031869
호소,대청호,추동,2018-07-02,21.1,8.2,9.5,1.6,5.1,9.7,128.0,0.0,0.0,0.0,128.0,0.0,2.373417721518988,0.0,0.7,0.0,0.0,0.0,0.0,22.8,43.9,0.2,5.7,,,71.59,879.589,59.0,67.3632,728.254,202.241,,4.347062631893684
호소,대청호,문의,2018-07-02,23.7,8.9,12.1,2.2,11.0,9.6,840.0,840.0,0.0,0.0,0.0,0.0,2.392405063291139,0.0,0.7,0.0,0.0,0.0,0.0,22.8,43.9,0.2,5.7,1.59,0.024,71.59,879.589,59.0,67.3632,728.254,202.241,66.24999723958345,4.347062631893684
호소,대청호,회남,2018-07-02,16.1,7.8,5.3,2.0,15.2,6.7,398.0,0.0,0.0,58.0,340.0,0.0,2.411392405063291,0.0,0.7,0.0,0.0,0.0,0.0,22.8,43.9,0.2,5.7,,,71.59,879.589,59.0,67.3632,728.254,202.241,,4.347062631893684
호소,대청호,문의,2018-07-09,24.2,8.8,9.5,1.8,3.1,8.6,832.0,800.0,32.0,0.0,0.0,0.0,2.430379746835443,0.0,0.7,0.0,0.0,0.0,0.0,20.5,35.5,0.0,3.94,2.19,0.022,72.16,910.857,61.1,13.625,109.392,173.648,99.54545002066136,5.2424027902479455
호소,대청호,회남,2018-07-09,18.6,8.0,5.9,2.0,7.1,9.9,208.0,80.0,0.0,0.0,128.0,0.0,2.449367088607595,0.0,0.7,0.0,0.0,0.0,0.0,20.5,35.5,0.0,3.94,,,72.16,910.857,61.1,13.625,109.392,173.648,,5.2424027902479455
호소,대청호,추동,2018-07-09,22.5,8.4,7.4,2.1,3.6,9.2,108.0,0.0,74.0,0.0,34.0,0.0,2.468354430379747,0.0,0.7,0.0,0.0,0.0,0.0,20.5,35.5,0.0,3.94,,,72.16,910.857,61.1,13.625,109.392,173.648,,5.2424027902479455
호소,대청호,추동,2018-07-16,28.3,7.9,8.6,2.9,3.7,6.8,178.0,80.0,0.0,0.0,98.0,0.0,2.4873417721518987,0.0,0.7,0.0,0.0,0.0,0.0,29.7,0.0,11.5,26.1,,,72.25,915.853,61.5,0.0,22.014,34.888,,26.176203269692465
호소,대청호,문의,2018-07-16,26.7,8.0,9.8,1.5,3.4,8.0,866.0,660.0,152.0,0.0,54.0,0.0,2.5063291139240507,0.0,0.7,0.0,0.0,0.0,0.0,29.7,0.0,11.5,26.1,1.377,0.026,72.25,915.853,61.5,0.0,22.014,34.888,52.96153642455629,26.176203269692465
호소,대청호,회남,2018-07-16,20.1,8.1,7.8,1.8,5.2,6.9,322.0,120.0,202.0,0.0,0.0,0.0,2.5253164556962027,0.0,0.7,0.0,0.0,0.0,0.0,29.7,0.0,11.5,26.1,,,72.25,915.853,61.5,0.0,22.014,34.888,,26.176203269692465
호소,대청호,회남,2018-07-23,21.4,8.3,7.5,1.5,8.0,13.4,940.0,940.0,0.0,0.0,0.0,0.0,2.5443037974683547,0.0,0.7,0.0,0.0,0.0,0.0,30.8,0.0,10.3,24.03,,,72.03,903.67,60.7,0.0,14.335,39.891,,22.596834287714735
호소,대청호,추동,2018-07-23,24.6,8.1,5.6,1.8,3.3,7.9,874.0,820.0,0.0,0.0,54.0,0.0,2.5632911392405062,0.0,0.7,0.0,0.0,0.0,0.0,30.8,0.0,10.3,24.03,,,72.03,903.67,60.7,0.0,14.335,39.891,,22.596834287714735
호소,대청호,문의,2018-07-23,26.1,8.5,7.3,2.5,2.7,8.1,840.0,840.0,0.0,0.0,0.0,0.0,2.5822784810126582,0.0,0.7,0.0,0.0,0.0,0.0,30.8,0.0,10.3,24.03,1.4,0.024,72.03,903.67,60.7,0.0,14.335,39.891,58.333330902777874,22.596834287714735
호소,대청호,회남,2018-07-30,21.3,8.4,6.0,2.5,4.4,4.1,740.0,740.0,0.0,0.0,0.0,0.0,2.6012658227848102,0.0,0.7,0.0,0.0,0.0,0.0,30.5,0.0,10.2,23.95,,,71.72,886.664,59.5,0.0,8.54,40.137,,22.036036483833286
호소,대청호,추동,2018-07-30,25.1,8.5,6.7,1.4,7.3,6.5,970.0,840.0,0.0,96.0,34.0,0.0,2.6202531645569622,0.0,0.7,0.0,0.0,0.0,0.0,30.5,0.0,10.2,23.95,,,71.72,886.664,59.5,0.0,8.54,40.137,,22.036036483833286
호소,대청호,문의,2018-07-30,25.8,8.6,7.8,1.5,4.3,9.5,5874.0,4840.0,0.0,880.0,154.0,0.0,2.639240506329114,0.0,0.7,0.0,0.0,0.0,0.0,30.5,0.0,10.2,23.95,1.447,0.019,71.72,886.664,59.5,0.0,8.54,40.137,76.15789072853208,22.036036483833286
호소,대청호,회남,2018-08-06,21.9,8.3,6.2,1.7,4.0,6.3,4600.0,3820.0,220.0,468.0,92.0,0.0,2.6582278481012658,0.0,0.7,0.0,0.0,0.0,0.0,30.8,0.0,7.1,20.51,2.85,0.023,71.22,859.633,57.7,0.0,5.01,54.688,123.91303809073749,15.690169380156238
호소,대청호,추동,2018-08-06,25.5,8.2,4.1,1.8,3.6,5.2,974.0,656.0,0.0,318.0,0.0,0.0,2.6772151898734178,0.0,0.7,0.0,0.0,0.0,0.0,30.8,0.0,7.1,20.51,2.617,0.012,71.22,859.633,57.7,0.0,5.01,54.688,218.08331515972375,15.690169380156238
호소,대청호,문의,2018-08-06,27.0,9.1,9.8,1.2,6.8,14.0,8036.0,7040.0,0.0,864.0,132.0,0.0,2.6962025316455698,0.0,0.7,0.0,0.0,0.0,0.0,30.8,0.0,7.1,20.51,1.55,0.031,71.22,859.633,57.7,0.0,5.01,54.688,49.99999838709683,15.690169380156238
호소,대청호,문의,2018-08-13,27.3,9.1,7.0,1.8,4.4,12.5,2076.0,700.0,0.0,1188.0,188.0,0.0,2.7151898734177218,0.0,0.7,0.0,0.0,0.0,0.0,31.2,0.0,9.1,21.87,1.158,0.03,70.71,832.563,55.9,0.5717,18.331,54.888,38.59999871333338,15.140812540918018
호소,대청호,회남,2018-08-13,22.0,8.4,4.5,1.5,5.3,7.1,6190.0,4440.0,1538.0,212.0,0.0,0.0,2.7341772151898733,0.0,0.7,0.0,0.0,0.0,0.0,31.2,0.0,9.1,21.87,,,70.71,832.563,55.9,0.5717,18.331,54.888,,15.140812540918018
호소,대청호,추동,2018-08-13,25.0,8.4,3.7,1.4,4.2,8.8,7716.0,7580.0,0.0,136.0,0.0,0.0,2.7531645569620253,0.0,0.7,0.0,0.0,0.0,0.0,31.2,0.0,9.1,21.87,,,70.71,832.563,55.9,0.5717,18.331,54.888,,15.140812540918018
호소,대청호,추동,2018-08-20,26.6,8.4,4.7,1.9,5.0,5.4,6852.0,6260.0,0.0,504.0,88.0,0.0,2.7721518987341773,0.0,0.7,0.0,0.0,0.0,0.0,29.4,0.0,7.7,20.17,,,70.14,802.903,53.9,0.0,13.241,55.01,,14.56909816730176
호소,대청호,회남,2018-08-20,21.6,8.5,3.9,1.5,4.8,7.5,8322.0,8000.0,46.0,134.0,142.0,0.0,2.7911392405063293,0.0,0.7,0.0,0.0,0.0,0.0,29.4,0.0,7.7,20.17,,,70.14,802.903,53.9,0.0,13.241,55.01,,14.56909816730176
호소,대청호,문의,2018-08-20,27.3,9.2,7.0,1.5,5.0,11.9,7836.0,5960.0,206.0,1500.0,170.0,0.0,2.810126582278481,0.0,0.7,0.0,0.0,0.0,0.0,29.4,0.0,7.7,20.17,1.121,0.022,70.14,802.903,53.9,0.0,13.241,55.01,50.95454313842986,14.56909816730176
호소,대청호,추동,2018-08-27,25.3,8.5,5.3,2.0,4.6,8.4,1910.0,1600.0,0.0,210.0,100.0,0.0,2.829113924050633,0.0,0.7,0.0,0.0,0.0,0.0,23.6,53.0,0.0,4.0,,,72.45,927.012,62.2,65.5486,1607.661,105.798,,8.753819713309033
호소,대청호,회남,2018-08-27,22.2,8.0,3.4,1.4,10.0,12.3,4896.0,4086.0,0.0,810.0,0.0,0.0,2.848101265822785,0.0,0.7,0.0,0.0,0.0,0.0,23.6,53.0,0.0,4.0,,,72.45,927.012,62.2,65.5486,1607.661,105.798,,8.753819713309033
호소,대청호,문의,2018-08-27,26.7,9.5,7.3,1.7,4.6,12.9,7060.0,4220.0,0.0,0.0,2840.0,0.0,2.867088607594937,0.0,0.7,0.0,0.0,0.0,0.0,23.6,53.0,0.0,4.0,1.22,0.025,72.45,927.012,62.2,65.5486,1607.661,105.798,48.79999804800008,8.753819713309033
호소,대청호,문의,2018-09-03,25.0,8.7,4.1,2.1,2.7,7.1,844.0,780.0,0.0,0.0,64.0,0.0,2.886075949367089,0.0,0.7,0.0,0.0,0.0,0.0,24.4,89.8,1.6,10.93,,,75.3,1094.771,73.5,25.354,280.296,503.097,,2.1756310152882468
호소,대청호,추동,2018-09-03,24.5,8.3,4.9,1.7,6.3,6.9,3080.0,800.0,164.0,2116.0,0.0,0.0,2.9050632911392404,0.0,0.7,0.0,0.0,0.0,0.0,24.4,89.8,1.6,10.93,,,75.3,1094.771,73.5,25.354,280.296,503.097,,2.1756310152882468
호소,대청호,회남,2018-09-03,20.3,8.1,5.9,0.5,20.0,20.9,47190.0,41840.0,38.0,5312.0,0.0,0.0,2.9240506329113924,0.0,0.7,0.0,0.0,0.0,0.0,24.4,89.8,1.6,10.93,,,75.3,1094.771,73.5,25.354,280.296,503.097,,2.1756310152882468
호소,대청호,회남,2018-09-10,23.4,8.2,8.0,2.0,12.8,12.3,35568.0,23320.0,34.0,12112.0,102.0,0.0,2.9430379746835444,0.0,0.7,0.0,0.0,0.0,0.0,22.1,0.0,11.2,21.6,,,75.33,1096.625,73.6,0.0,67.358,160.603,,6.8239236355264055
호소,대청호,추동,2018-09-10,23.7,8.0,6.5,2.5,4.5,12.6,2530.0,1040.0,18.0,1284.0,188.0,0.0,2.9620253164556964,0.0,0.7,0.0,0.0,0.0,0.0,22.1,0.0,11.2,21.6,,,75.33,1096.625,73.6,0.0,67.358,160.603,,6.8239236355264055
호소,대청호,문의,2018-09-10,24.0,8.4,4.2,2.1,4.7,4.6,4848.0,2500.0,0.0,2220.0,128.0,0.0,2.981012658227848,0.0,0.7,0.0,0.0,0.0,0.0,22.1,0.0,11.2,21.6,,,75.33,1096.625,73.6,0.0,67.358,160.603,,6.8239236355264055
호소,대청호,회남,2018-09-13,21.6,7.7,6.1,0.8,17.3,12.7,22230.0,13360.0,56.0,8712.0,102.0,0.0,3.0,0.0,0.7,0.0,0.0,0.0,0.0,21.6,0.1,0.7,7.15,,,75.31,1095.389,73.5,0.0,43.805,36.654,,29.803259509169063
호소,대청호,문의,2018-09-17,23.6,7.8,4.7,2.5,3.8,4.9,4140.0,2580.0,0.0,1560.0,0.0,0.0,2.0,0.0333333333333333,0.7,0.0,0.0,0.0,0.0,22.7,0.0,9.6,21.01,,,75.32,1096.007,73.6,0.1042,36.744,36.744,,29.74723157094778
호소,대청호,추동,2018-09-17,23.9,7.7,6.0,1.2,6.6,24.9,8574.0,7572.0,938.0,64.0,0.0,0.0,1.0,0.0666666666666666,0.7,0.0,0.0,0.0,0.0,22.7,0.0,9.6,21.01,,,75.32,1096.007,73.6,0.1042,36.744,36.744,,29.74723157094778
호소,대청호,회남,2018-09-17,21.5,7.8,5.0,1.7,8.1,5.9,3212.0,2034.0,14.0,1088.0,76.0,0.0,0.0,0.1,0.7,0.0,0.0,0.0,0.0,22.7,0.0,9.6,21.01,,,75.32,1096.007,73.6,0.1042,36.744,36.744,,29.74723157094778
호소,대청호,회남,2018-09-19,23.0,8.1,6.6,1.6,8.8,14.0,8956.0,7280.0,316.0,1060.0,300.0,0.0,1.0,0.2,0.7,0.0,0.0,0.0,0.0,21.4,0.0,0.3,10.24,,,75.29,1094.153,73.4,0.0,22.449,36.749,,29.692881760699066
호소,대청호,문의,2018-09-27,23.1,7.0,5.4,2.1,3.4,8.2,2640.0,2640.0,0.0,0.0,0.0,0.0,0.9968652037617556,0.2006269592476489,0.7,0.0,0.0,0.0,0.0,18.6,0.0,11.4,22.29,,,75.37,1099.1,73.8,0.0,22.279,36.617,,29.934362829207178
호소,대청호,회남,2018-09-27,22.3,7.3,5.2,1.5,6.4,14.5,6788.0,6540.0,192.0,0.0,56.0,0.0,0.9937304075235108,0.2012539184952978,0.7,0.0,0.0,0.0,0.0,18.6,0.0,11.4,22.29,,,75.37,1099.1,73.8,0.0,22.279,36.617,,29.934362829207178
호소,대청호,추동,2018-09-27,23.0,7.6,8.2,1.3,5.7,33.7,4142.0,2640.0,750.0,752.0,0.0,0.0,0.9905956112852664,0.2018808777429467,0.7,0.0,0.0,0.0,0.0,18.6,0.0,11.4,22.29,,,75.37,1099.1,73.8,0.0,22.279,36.617,,29.934362829207178
호소,대청호,문의,2018-10-01,22.6,7.2,6.6,2.7,3.4,8.6,640.0,640.0,0.0,0.0,0.0,0.0,0.987460815047022,0.2025078369905956,0.7,0.0,0.0,0.0,0.0,15.5,1.7,5.1,14.3,1.506,0.041,75.31,1095.389,73.5,1.836,29.459,29.459,36.73170642117789,37.05771507831793
호소,대청호,추동,2018-10-01,22.5,7.2,8.1,1.5,5.6,35.3,2870.0,2440.0,324.0,24.0,82.0,0.0,0.9843260188087776,0.2031347962382445,0.7,0.0,0.0,0.0,0.0,15.5,1.7,5.1,14.3,,,75.31,1095.389,73.5,1.836,29.459,29.459,,37.05771507831793
호소,대청호,회남,2018-10-01,21.3,6.9,4.9,1.6,5.7,16.8,658.0,394.0,124.0,140.0,0.0,0.0,0.9811912225705328,0.2037617554858934,0.7,0.0,0.0,0.0,0.0,15.5,1.7,5.1,14.3,,,75.31,1095.389,73.5,1.836,29.459,29.459,,37.05771507831793
호소,대청호,문의,2018-10-08,21.9,7.1,6.7,2.3,3.6,10.4,1886.0,1886.0,0.0,0.0,0.0,0.0,0.9780564263322884,0.2043887147335423,0.7,0.0,0.0,0.0,0.0,13.8,0.0,8.1,17.41,1.751,0.054,76.43,1165.907,78.3,0.0,247.231,224.972,32.425925325445824,5.180151240491931
호소,대청호,회남,2018-10-08,21.6,7.1,6.1,2.1,4.9,21.2,2506.0,2480.0,0.0,0.0,26.0,0.0,0.974921630094044,0.2050156739811912,0.7,0.0,0.0,0.0,0.0,13.8,0.0,8.1,17.41,,,76.43,1165.907,78.3,0.0,247.231,224.972,,5.180151240491931
호소,대청호,추동,2018-10-08,21.8,7.2,8.3,2.4,3.0,17.5,2272.0,1820.0,0.0,288.0,164.0,0.0,0.9717868338557992,0.2056426332288401,0.7,0.0,0.0,0.0,0.0,13.8,0.0,8.1,17.41,,,76.43,1165.907,78.3,0.0,247.231,224.972,,5.180151240491931
호소,대청호,문의,2018-10-15,20.9,7.0,7.2,2.0,3.0,17.6,880.0,844.0,0.0,36.0,0.0,0.0,0.9686520376175548,0.206269592476489,0.7,0.0,0.0,0.0,0.0,14.2,0.0,9.0,15.17,1.53,0.025,75.89,1131.58,75.9,0.0,36.911,29.62,61.1999975520001,38.07469717362045
호소,대청호,추동,2018-10-15,20.6,7.1,8.2,2.4,2.4,14.3,570.0,424.0,0.0,0.0,146.0,0.0,0.9655172413793104,0.2068965517241379,0.7,0.0,0.0,0.0,0.0,14.2,0.0,9.0,15.17,,,75.89,1131.58,75.9,0.0,36.911,29.62,,38.07469717362045
호소,대청호,회남,2018-10-15,20.2,7.0,7.1,2.3,4.8,10.2,394.0,158.0,0.0,0.0,236.0,0.0,0.962382445141066,0.2075235109717868,0.7,0.0,0.0,0.0,0.0,14.2,0.0,9.0,15.17,,,75.89,1131.58,75.9,0.0,36.911,29.62,,38.07469717362045
호소,대청호,회남,2018-10-22,19.1,7.2,7.6,2.7,3.0,9.3,182.0,44.0,0.0,0.0,138.0,0.0,0.9592476489028212,0.2081504702194357,0.7,0.0,0.0,0.0,0.0,13.4,0.0,5.8,13.11,,,75.85,1129.061,75.8,0.0,22.542,29.826,,37.728430127648195
호소,대청호,추동,2018-10-22,19.9,7.3,8.4,2.7,2.5,16.5,892.0,516.0,54.0,124.0,198.0,0.0,0.9561128526645768,0.2087774294670846,0.7,0.0,0.0,0.0,0.0,13.4,0.0,5.8,13.11,,,75.85,1129.061,75.8,0.0,22.542,29.826,,37.728430127648195
호소,대청호,문의,2018-10-22,19.8,7.3,8.2,2.1,2.4,25.2,734.0,660.0,0.0,0.0,74.0,0.0,0.9529780564263324,0.2094043887147335,0.7,0.0,0.0,0.0,0.0,13.4,0.0,5.8,13.11,1.661,0.029,75.85,1129.061,75.8,0.0,22.542,29.826,57.27586009393586,37.728430127648195
호소,대청호,회남,2018-10-29,18.2,7.1,7.4,2.6,2.7,10.1,402.0,260.0,0.0,0.0,142.0,0.0,0.9498432601880876,0.2100313479623824,0.7,0.0,0.0,0.0,0.0,9.1,0.2,3.2,7.29,,,75.83,1127.803,75.7,0.8519,36.972,29.696,,37.85081890186602
호소,대청호,추동,2018-10-29,18.3,7.2,8.4,2.2,3.0,20.3,822.0,480.0,106.0,136.0,100.0,0.0,0.9467084639498432,0.2106583072100313,0.7,0.0,0.0,0.0,0.0,9.1,0.2,3.2,7.29,,,75.83,1127.803,75.7,0.8519,36.972,29.696,,37.85081890186602
호소,대청호,문의,2018-10-29,18.4,7.2,8.3,2.7,2.3,14.6,828.0,440.0,0.0,204.0,184.0,0.0,0.9435736677115988,0.2112852664576802,0.7,0.0,0.0,0.0,0.0,9.1,0.2,3.2,7.29,1.472,0.024,75.83,1127.803,75.7,0.8519,36.972,29.696,61.33333077777788,37.85081890186602
호소,대청호,회남,2018-11-05,17.5,7.3,8.4,2.5,3.3,11.8,278.0,0.0,0.0,0.0,278.0,0.0,0.9404388714733544,0.2119122257053291,0.7,0.0,0.0,0.0,0.0,10.5,0.0,9.3,13.12,,,75.77,1124.035,75.4,0.0,22.418,29.682,,37.74209253911759
호소,대청호,추동,2018-11-05,17.3,7.3,9.3,2.6,2.6,23.3,600.0,0.0,62.0,0.0,538.0,0.0,0.9373040752351096,0.212539184952978,0.7,0.0,0.0,0.0,0.0,10.5,0.0,9.3,13.12,,,75.77,1124.035,75.4,0.0,22.418,29.682,,37.74209253911759
호소,대청호,문의,2018-11-05,17.5,7.2,8.3,3.6,2.1,8.7,444.0,0.0,38.0,0.0,406.0,0.0,0.9341692789968652,0.2131661442006269,0.7,0.0,0.0,0.0,0.0,10.5,0.0,9.3,13.12,,,75.77,1124.035,75.4,0.0,22.418,29.682,,37.74209253911759
호소,대청호,추동,2018-11-12,16.7,7.3,9.6,2.5,2.9,25.5,958.0,108.0,0.0,0.0,850.0,0.0,0.9310344827586208,0.2137931034482758,0.7,0.0,0.0,0.0,0.0,8.8,0.0,9.3,13.92,,,75.93,1134.102,76.1,0.0,44.454,29.855,,37.860190285428146
호소,대청호,문의,2018-11-12,16.8,7.4,8.4,3.5,1.9,10.2,684.0,440.0,0.0,0.0,244.0,0.0,0.927899686520376,0.2144200626959247,0.7,0.0,0.0,0.0,0.0,8.8,0.0,9.3,13.92,1.531,0.014,75.93,1134.102,76.1,0.0,44.454,29.855,109.35713504591892,37.860190285428146
호소,대청호,문의,2018-11-12,16.8,7.4,8.4,3.5,1.9,10.2,684.0,440.0,0.0,0.0,244.0,0.0,0.927899686520376,0.2144200626959247,0.7,0.0,0.0,0.0,0.0,8.8,0.0,9.3,13.92,1.531,0.014,75.93,1134.102,76.1,0.0,44.454,29.855,109.35713504591892,37.860190285428146
호소,대청호,회남,2018-11-12,16.6,7.3,8.8,3.1,2.3,13.5,278.0,0.0,0.0,0.0,278.0,0.0,0.9247648902821316,0.2150470219435736,0.7,0.0,0.0,0.0,0.0,8.8,0.0,9.3,13.92,,,75.93,1134.102,76.1,0.0,44.454,29.855,,37.860190285428146
호소,대청호,추동,2018-11-19,15.8,7.4,10.2,2.8,2.8,28.8,86.0,0.0,0.0,0.0,86.0,0.0,0.9216300940438872,0.2156739811912225,0.7,0.0,0.0,0.0,0.0,8.6,0.0,8.4,12.78,,,75.93,1134.102,76.1,0.0,29.912,29.912,,37.78828468612555
호소,대청호,문의,2018-11-19,15.8,7.4,8.8,3.5,1.9,17.4,74.0,0.0,0.0,0.0,74.0,0.0,0.9184952978056428,0.2163009404388715,0.7,0.0,0.0,0.0,0.0,8.6,0.0,8.4,12.78,1.305,0.02,75.93,1134.102,76.1,0.0,29.912,29.912,65.24999673750015,37.78828468612555
호소,대청호,회남,2018-11-19,15.4,7.3,9.4,2.8,2.6,23.2,512.0,320.0,0.0,84.0,108.0,0.0,0.915360501567398,0.2169278996865203,0.7,0.0,0.0,0.0,0.0,8.6,0.0,8.4,12.78,,,75.93,1134.102,76.1,0.0,29.912,29.912,,37.78828468612555
호소,대청호,추동,2018-11-26,14.4,7.4,10.3,3.1,2.7,21.4,476.0,0.0,0.0,0.0,476.0,0.0,0.9122257053291536,0.2175548589341693,0.7,0.0,0.0,0.0,0.0,6.1,0.0,5.7,10.48,,,75.86,1129.691,75.8,0.0,22.662,29.948,,37.59621272630458
호소,대청호,회남,2018-11-26,14.6,7.4,9.8,2.9,2.9,19.6,52.0,0.0,0.0,24.0,28.0,0.0,0.9090909090909092,0.2181818181818182,0.7,0.0,0.0,0.0,0.0,6.1,0.0,5.7,10.48,,,75.86,1129.691,75.8,0.0,22.662,29.948,,37.59621272630458
호소,대청호,문의,2018-11-26,14.6,7.3,9.1,3.2,2.0,17.5,86.0,0.0,0.0,0.0,86.0,0.0,0.9059561128526644,0.218808777429467,0.7,0.0,0.0,0.0,0.0,6.1,0.0,5.7,10.48,1.45,0.026,75.86,1129.691,75.8,0.0,22.662,29.948,55.76922862426044,37.59621272630458
호소,대청호,문의,2018-12-03,13.8,7.4,9.6,3.4,2.0,17.9,74.0,0.0,74.0,0.0,0.0,0.0,0.90282131661442,0.219435736677116,0.7,0.0,0.0,0.0,0.0,12.6,10.6,0.0,1.92,1.499,0.021,75.78,1124.662,75.5,9.2906,29.933,29.933,71.38094898185958,37.447541038191325
호소,대청호,회남,2018-12-03,13.3,7.5,9.9,3.9,1.3,10.2,170.0,0.0,0.0,0.0,170.0,0.0,0.8996865203761756,0.2200626959247649,0.7,0.0,0.0,0.0,0.0,12.6,10.6,0.0,1.92,,,75.78,1124.662,75.5,9.2906,29.933,29.933,,37.447541038191325
호소,대청호,추동,2018-12-03,13.6,7.6,10.3,3.9,1.8,10.4,372.0,0.0,0.0,0.0,372.0,0.0,0.896551724137931,0.2206896551724138,0.7,0.0,0.0,0.0,0.0,12.6,10.6,0.0,1.92,,,75.78,1124.662,75.5,9.2906,29.933,29.933,,37.447541038191325
호소,대청호,회남,2018-12-10,12.0,7.2,10.6,3.7,2.3,5.3,214.0,0.0,0.0,0.0,214.0,0.0,0.8934169278996865,0.2213166144200627,0.7,0.0,0.0,0.0,0.0,-2.8,0.0,8.7,11.7,,,75.86,1129.691,75.8,0.0,30.124,30.124,,37.37728295394388
호소,대청호,추동,2018-12-10,11.6,7.2,10.7,4.2,1.6,6.2,392.0,0.0,0.0,0.0,392.0,0.0,0.890282131661442,0.2219435736677116,0.7,0.0,0.0,0.0,0.0,-2.8,0.0,8.7,11.7,,,75.86,1129.691,75.8,0.0,30.124,30.124,,37.37728295394388
호소,대청호,문의,2018-12-10,11.9,7.1,9.5,3.3,1.8,11.8,32.0,0.0,0.0,0.0,32.0,0.0,0.8871473354231975,0.2225705329153605,0.7,0.0,0.0,0.0,0.0,-2.8,0.0,8.7,11.7,1.44,0.018,75.86,1129.691,75.8,0.0,30.124,30.124,79.99999555555581,37.37728295394388
호소,대청호,추동,2018-12-17,9.6,7.3,10.3,3.4,1.4,5.8,314.0,0.0,0.0,0.0,314.0,0.0,0.8840125391849529,0.2231974921630094,0.7,0.0,0.0,0.0,0.0,3.6,0.1,7.2,10.18,,,75.8,1125.918,75.6,0.0,22.453,29.724,,37.75207886266094
호소,대청호,회남,2018-12-17,10.1,7.3,10.1,3.9,1.6,4.8,676.0,0.0,0.0,0.0,676.0,0.0,0.8808777429467085,0.2238244514106583,0.7,0.0,0.0,0.0,0.0,3.6,0.1,7.2,10.18,,,75.8,1125.918,75.6,0.0,22.453,29.724,,37.75207886266094
호소,대청호,문의,2018-12-17,10.2,7.1,9.2,3.7,1.5,5.8,14.0,0.0,0.0,0.0,14.0,0.0,0.877742946708464,0.2244514106583072,0.7,0.0,0.0,0.0,0.0,3.6,0.1,7.2,10.18,1.386,0.017,75.8,1125.918,75.6,0.0,22.453,29.724,81.52940696885841,37.75207886266094
호소,대청호,회남,2018-12-24,8.9,7.2,10.5,4.9,1.7,4.6,34.0,0.0,0.0,0.0,34.0,0.0,0.8746081504702194,0.2250783699059561,0.7,0.0,0.0,0.0,0.0,-0.9,0.0,8.6,11.51,,,75.72,1120.9,75.2,0.0,22.675,29.927,,37.32973657041996
호소,대청호,문의,2018-12-24,9.6,7.1,9.5,4.5,1.3,4.5,0.0,0.0,0.0,0.0,0.0,0.0,0.8714733542319749,0.225705329153605,0.7,0.0,0.0,0.0,0.0,-0.9,0.0,8.6,11.51,1.422,0.016,75.72,1120.9,75.2,0.0,22.675,29.927,88.87499444531285,37.32973657041996
호소,대청호,추동,2018-12-24,9.4,7.2,10.4,4.1,1.4,5.5,202.0,0.0,0.0,0.0,202.0,0.0,0.8683385579937304,0.2263322884012539,0.7,0.0,0.0,0.0,0.0,-0.9,0.0,8.6,11.51,,,75.72,1120.9,75.2,0.0,22.675,29.927,,37.32973657041996
호소,대청호,추동,2019-01-02,7.2,7.6,11.5,3.9,1.5,6.1,414.0,0.0,0.0,0.0,414.0,0.0,0.865203761755486,0.2269592476489028,0.7,0.0,0.0,0.0,0.0,-3.3,0.0,8.7,11.86,,,75.57,1111.526,74.6,0.0,22.066,29.282,,37.83016813014771
호소,대청호,회남,2019-01-02,7.5,7.6,11.2,4.5,2.1,5.3,62.0,0.0,0.0,0.0,62.0,0.0,0.8620689655172413,0.2275862068965517,0.7,0.0,0.0,0.0,0.0,-3.3,0.0,8.7,11.86,,,75.57,1111.526,74.6,0.0,22.066,29.282,,37.83016813014771
호소,대청호,문의,2019-01-02,7.5,7.5,10.3,4.8,1.7,4.7,0.0,0.0,0.0,0.0,0.0,0.0,0.8589341692789969,0.2282131661442006,0.7,0.0,0.0,0.0,0.0,-3.3,0.0,8.7,11.86,,,75.57,1111.526,74.6,0.0,22.066,29.282,,37.83016813014771
호소,대청호,추동,2019-01-07,6.7,7.6,12.5,4.0,2.0,6.0,264.0,0.0,0.0,0.0,264.0,0.0,0.8557993730407524,0.2288401253918495,0.7,0.0,0.0,0.0,0.0,-1.2,0.0,7.9,10.43,,,75.47,1105.303,74.2,0.0,7.74,29.323,,37.565951806409956
호소,대청호,회남,2019-01-07,7.0,7.6,12.2,4.4,1.9,5.1,302.0,0.0,0.0,0.0,302.0,0.0,0.8526645768025078,0.2294670846394984,0.7,0.0,0.0,0.0,0.0,-1.2,0.0,7.9,10.43,,,75.47,1105.303,74.2,0.0,7.74,29.323,,37.565951806409956
호소,대청호,문의,2019-01-07,7.0,7.5,11.3,3.3,2.0,5.1,0.0,0.0,0.0,0.0,0.0,0.0,0.8495297805642633,0.2300940438871473,0.7,0.0,0.0,0.0,0.0,-1.2,0.0,7.9,10.43,1.409,0.009,75.47,1105.303,74.2,0.0,7.74,29.323,156.5555381604958,37.565951806409956
호소,대청호,문의,2019-01-14,6.7,7.5,11.5,4.1,1.7,3.2,0.0,0.0,0.0,0.0,0.0,0.0,0.8463949843260188,0.2307210031347962,0.7,0.0,0.0,0.0,0.0,1.7,0.0,4.5,8.33,1.489,0.009,75.35,1097.862,73.7,0.0,22.086,29.249,165.44442606173047,37.40713482571808
호소,대청호,추동,2019-01-14,6.3,7.7,12.9,4.2,1.8,5.2,600.0,0.0,0.0,0.0,600.0,0.0,0.8432601880877744,0.2313479623824451,0.7,0.0,0.0,0.0,0.0,1.7,0.0,4.5,8.33,,,75.35,1097.862,73.7,0.0,22.086,29.249,,37.40713482571808
호소,대청호,회남,2019-01-14,6.3,7.6,12.6,4.8,2.6,4.0,64.0,0.0,0.0,0.0,64.0,0.0,0.8401253918495297,0.231974921630094,0.7,0.0,0.0,0.0,0.0,1.7,0.0,4.5,8.33,,,75.35,1097.862,73.7,0.0,22.086,29.249,,37.40713482571808
호소,대청호,회남,2019-01-21,5.6,7.6,12.7,4.1,1.2,4.3,82.0,0.0,0.0,0.0,82.0,0.0,0.8369905956112853,0.2326018808777429,0.7,0.0,0.0,0.0,0.0,0.2,0.0,7.4,10.71,,,75.2,1088.604,73.1,0.0,15.09,29.347,,36.96824803884946
호소,대청호,추동,2019-01-21,5.6,7.7,12.6,3.9,1.3,4.6,112.0,0.0,0.0,0.0,112.0,0.0,0.8338557993730408,0.2332288401253918,0.7,0.0,0.0,0.0,0.0,0.2,0.0,7.4,10.71,,,75.2,1088.604,73.1,0.0,15.09,29.347,,36.96824803884946
호소,대청호,문의,2019-01-21,6.0,7.5,11.1,4.5,1.3,5.2,0.0,0.0,0.0,0.0,0.0,0.0,0.8307210031347962,0.2338557993730407,0.7,0.0,0.0,0.0,0.0,0.2,0.0,7.4,10.71,1.421,0.009,75.2,1088.604,73.1,0.0,15.09,29.347,157.888871345681,36.96824803884946
호소,대청호,추동,2019-01-28,5.2,7.6,12.0,3.9,1.6,3.6,642.0,0.0,0.0,0.0,642.0,0.0,0.8275862068965517,0.2344827586206896,0.7,0.0,0.0,0.0,0.0,2.3,0.8,8.4,12.31,,,75.06,1080.004,72.5,0.3562,7.876,29.164,,36.90554948059048
호소,대청호,회남,2019-01-28,5.4,7.6,11.6,4.5,1.3,3.9,144.0,0.0,0.0,0.0,144.0,0.0,0.8244514106583072,0.2351097178683385,0.7,0.0,0.0,0.0,0.0,2.3,0.8,8.4,12.31,,,75.06,1080.004,72.5,0.3562,7.876,29.164,,36.90554948059048
호소,대청호,문의,2019-01-28,5.6,7.4,10.8,4.7,1.8,3.8,0.0,0.0,0.0,0.0,0.0,0.0,0.8213166144200628,0.2357366771159874,0.7,0.0,0.0,0.0,0.0,2.3,0.8,8.4,12.31,1.371,0.01,75.06,1080.004,72.5,0.3562,7.876,29.164,137.09998629000137,36.90554948059048
호소,대청호,추동,2019-02-07,5.0,7.7,12.7,3.4,2.2,4.3,390.0,0.0,0.0,0.0,390.0,0.0,0.8181818181818181,0.2363636363636364,0.7,0.0,0.0,0.0,0.0,1.8,0.0,7.0,12.59,,,74.93,1072.056,72.0,0.0,22.093,29.156,,36.64397046759639
호소,대청호,회남,2019-02-07,4.7,7.7,12.2,4.3,1.5,3.7,44.0,0.0,0.0,0.0,44.0,0.0,0.8150470219435737,0.2369905956112852,0.7,0.0,0.0,0.0,0.0,1.8,0.0,7.0,12.59,,,74.93,1072.056,72.0,0.0,22.093,29.156,,36.64397046759639
호소,대청호,문의,2019-02-07,5.5,7.4,11.1,4.1,1.7,4.3,0.0,0.0,0.0,0.0,0.0,0.0,0.8119122257053292,0.2376175548589341,0.7,0.0,0.0,0.0,0.0,1.8,0.0,7.0,12.59,1.521,0.016,74.93,1072.056,72.0,0.0,22.093,29.156,95.06249405859411,36.64397046759639
호소,대청호,문의,2019-02-11,5.0,7.6,12.0,3.9,2.0,5.2,0.0,0.0,0.0,0.0,0.0,0.0,0.8087774294670846,0.2382445141065831,0.7,0.0,0.0,0.0,0.0,-1.7,0.0,9.7,16.2,1.462,0.022,74.87,1068.399,71.7,0.0,15.09,29.189,66.45454243388444,36.47782443920925
호소,대청호,회남,2019-02-11,4.8,7.6,11.9,4.3,1.5,4.3,26.0,0.0,0.0,0.0,26.0,0.0,0.8056426332288401,0.2388714733542319,0.7,0.0,0.0,0.0,0.0,-1.7,0.0,9.7,16.2,,,74.87,1068.399,71.7,0.0,15.09,29.189,,36.47782443920925
호소,대청호,추동,2019-02-11,4.7,7.7,12.3,3.8,1.8,4.6,156.0,0.0,0.0,0.0,156.0,0.0,0.8025078369905956,0.2394984326018809,0.7,0.0,0.0,0.0,0.0,-1.7,0.0,9.7,16.2,,,74.87,1068.399,71.7,0.0,15.09,29.189,,36.47782443920925
호소,대청호,문의,2019-02-18,5.0,7.6,10.4,4.5,1.8,5.3,0.0,0.0,0.0,0.0,0.0,0.0,0.7993730407523512,0.2401253918495298,0.7,0.0,0.0,0.0,0.0,1.9,0.1,4.3,10.72,1.624,0.015,74.73,1059.895,71.1,0.0,15.143,29.175,108.26665944888938,36.204782237403926
호소,대청호,회남,2019-02-18,4.7,7.8,11.1,4.1,1.7,4.6,94.0,0.0,0.0,0.0,94.0,0.0,0.7962382445141066,0.2407523510971786,0.7,0.0,0.0,0.0,0.0,1.9,0.1,4.3,10.72,,,74.73,1059.895,71.1,0.0,15.143,29.175,,36.204782237403926
호소,대청호,추동,2019-02-18,4.6,7.8,11.4,4.6,2.2,4.5,324.0,0.0,0.0,0.0,324.0,0.0,0.7931034482758621,0.2413793103448276,0.7,0.0,0.0,0.0,0.0,1.9,0.1,4.3,10.72,,,74.73,1059.895,71.1,0.0,15.143,29.175,,36.204782237403926
호소,대청호,추동,2019-02-25,5.0,7.7,13.6,4.0,4.1,5.3,36.0,0.0,0.0,0.0,36.0,0.0,0.7899686520376176,0.2420062695924765,0.7,0.0,0.0,0.0,0.0,5.7,0.0,9.7,16.76,,,74.7,1058.078,71.0,0.0,22.022,29.03,,36.32262272571232
호소,대청호,회남,2019-02-25,4.8,7.6,13.0,4.0,5.9,4.6,0.0,0.0,0.0,0.0,0.0,0.0,0.786833855799373,0.2426332288401254,0.7,0.0,0.0,0.0,0.0,5.7,0.0,9.7,16.76,,,74.7,1058.078,71.0,0.0,22.022,29.03,,36.32262272571232
호소,대청호,문의,2019-02-25,5.2,7.6,12.7,4.7,3.6,5.7,44.0,0.0,0.0,0.0,44.0,0.0,0.7836990595611285,0.2432601880877743,0.7,0.0,0.0,0.0,0.0,5.7,0.0,9.7,16.76,1.544,0.026,74.7,1058.078,71.0,0.0,22.022,29.03,59.38461310059181,36.32262272571232
호소,대청호,문의,2019-03-04,5.6,7.7,12.4,3.2,2.0,4.6,0.0,0.0,0.0,0.0,0.0,0.0,0.780564263322884,0.2438871473354232,0.7,0.0,0.0,0.0,0.0,10.0,0.0,7.3,15.02,1.595,0.022,74.61,1052.638,70.7,0.0,22.44,29.426,72.49999670454561,35.651222651222646
호소,대청호,추동,2019-03-04,6.3,7.8,13.0,3.3,1.4,5.2,168.0,0.0,0.0,0.0,168.0,0.0,0.7774294670846396,0.2445141065830721,0.7,0.0,0.0,0.0,0.0,10.0,0.0,7.3,15.02,,,74.61,1052.638,70.7,0.0,22.44,29.426,,35.651222651222646
호소,대청호,회남,2019-03-04,5.3,7.6,12.5,3.5,2.9,1.7,0.0,0.0,0.0,0.0,0.0,0.0,0.774294670846395,0.245141065830721,0.7,0.0,0.0,0.0,0.0,10.0,0.0,7.3,15.02,,,74.61,1052.638,70.7,0.0,22.44,29.426,,35.651222651222646
호소,대청호,회남,2019-03-11,5.3,7.8,12.7,3.4,2.6,5.0,68.0,0.0,0.0,0.0,68.0,0.0,0.7711598746081505,0.2457680250783699,0.7,0.0,0.0,0.0,0.0,5.7,0.8,2.5,9.52,,,74.49,1045.41,70.2,0.9668,15.398,29.316,,35.53882240957302
호소,대청호,추동,2019-03-11,6.1,7.9,12.9,3.2,2.3,6.0,76.0,0.0,0.0,0.0,76.0,0.0,0.768025078369906,0.2463949843260188,0.7,0.0,0.0,0.0,0.0,5.7,0.8,2.5,9.52,,,74.49,1045.41,70.2,0.9668,15.398,29.316,,35.53882240957302
호소,대청호,문의,2019-03-11,5.6,7.7,11.7,3.1,1.9,4.6,0.0,0.0,0.0,0.0,0.0,0.0,0.7648902821316614,0.2470219435736677,0.7,0.0,0.0,0.0,0.0,5.7,0.8,2.5,9.52,1.504,0.025,74.49,1045.41,70.2,0.9668,15.398,29.316,60.159997593600096,35.53882240957302
호소,대청호,회남,2019-03-18,5.8,7.8,12.6,3.1,1.6,4.6,0.0,0.0,0.0,0.0,0.0,0.0,0.7617554858934169,0.2476489028213166,0.7,0.0,0.0,0.0,0.0,7.1,0.0,5.9,15.73,,,74.39,1039.41,69.8,0.0,15.504,29.375,,35.264122137404584
호소,대청호,문의,2019-03-18,5.8,7.7,12.1,3.1,1.9,5.4,0.0,0.0,0.0,0.0,0.0,0.0,0.7586206896551724,0.2482758620689655,0.7,0.0,0.0,0.0,0.0,7.1,0.0,5.9,15.73,1.663,0.036,74.39,1039.41,69.8,0.0,15.504,29.375,46.194443161265475,35.264122137404584
호소,대청호,추동,2019-03-18,6.0,7.8,12.2,3.6,1.7,3.8,74.0,0.0,0.0,0.0,74.0,0.0,0.755485893416928,0.2489028213166144,0.7,0.0,0.0,0.0,0.0,7.1,0.0,5.9,15.73,,,74.39,1039.41,69.8,0.0,15.504,29.375,,35.264122137404584
호소,대청호,추동,2019-03-25,6.1,7.8,12.7,2.8,2.4,4.0,0.0,0.0,0.0,0.0,0.0,0.0,0.7523510971786834,0.2495297805642633,0.7,0.0,0.0,0.0,0.0,7.2,0.0,8.4,19.45,,,74.32,1035.222,69.5,0.0,22.509,29.427,,35.06018220611644
호소,대청호,회남,2019-03-25,5.9,7.9,12.8,3.9,2.4,4.0,0.0,0.0,0.0,0.0,0.0,0.0,0.7492163009404389,0.2501567398119122,0.7,0.0,0.0,0.0,0.0,7.2,0.0,8.4,19.45,,,74.32,1035.222,69.5,0.0,22.509,29.427,,35.06018220611644
호소,대청호,문의,2019-03-25,6.5,7.9,12.8,3.1,1.9,4.0,0.0,0.0,0.0,0.0,0.0,0.0,0.7460815047021944,0.2507836990595611,0.7,0.0,0.0,0.0,0.0,7.2,0.0,8.4,19.45,1.775,0.043,74.32,1035.222,69.5,0.0,22.509,29.427,41.27906880746352,35.06018220611644
호소,대청호,문의,2019-04-01,6.6,7.8,11.9,3.0,2.3,3.7,0.0,0.0,0.0,0.0,0.0,0.0,0.7429467084639498,0.25141065830721,0.7,0.0,0.0,0.0,0.0,6.1,0.0,8.6,18.98,1.603,0.024,74.2,1028.066,69.0,0.0,15.83,29.611,66.79166388368067,34.60220120494093
호소,대청호,회남,2019-04-01,6.5,7.8,12.4,3.2,2.5,4.1,0.0,0.0,0.0,0.0,0.0,0.0,0.7398119122257054,0.2520376175548589,0.7,0.0,0.0,0.0,0.0,6.1,0.0,8.6,18.98,,,74.2,1028.066,69.0,0.0,15.83,29.611,,34.60220120494093
호소,대청호,추동,2019-04-01,6.4,7.8,12.3,3.1,2.5,4.3,0.0,0.0,0.0,0.0,0.0,0.0,0.7366771159874608,0.2526645768025078,0.7,0.0,0.0,0.0,0.0,6.1,0.0,8.6,18.98,,,74.2,1028.066,69.0,0.0,15.83,29.611,,34.60220120494093
호소,대청호,회남,2019-04-08,7.0,7.8,11.9,3.2,2.0,4.7,0.0,0.0,0.0,0.0,0.0,0.0,0.7335423197492164,0.2532915360501567,0.7,0.0,0.0,0.0,0.0,12.6,0.0,11.1,24.93,,,74.04,1018.57,68.4,0.0,8.88,29.442,,34.478708279737326
호소,대청호,문의,2019-04-08,7.8,7.8,12.3,3.5,1.5,3.6,0.0,0.0,0.0,0.0,0.0,0.0,0.7304075235109718,0.2539184952978056,0.7,0.0,0.0,0.0,0.0,12.6,0.0,11.1,24.93,1.5,0.095,74.04,1018.57,68.4,0.0,8.88,29.442,15.789473518005542,34.478708279737326
호소,대청호,추동,2019-04-08,7.4,7.8,12.4,2.9,1.5,5.0,0.0,0.0,0.0,0.0,0.0,0.0,0.7272727272727273,0.2545454545454546,0.7,0.0,0.0,0.0,0.0,12.6,0.0,11.1,24.93,,,74.04,1018.57,68.4,0.0,8.88,29.442,,34.478708279737326
호소,대청호,회남,2019-04-15,7.7,7.8,11.7,3.2,1.8,4.4,0.0,0.0,0.0,0.0,0.0,0.0,0.7241379310344828,0.2551724137931034,0.7,0.0,0.0,0.0,0.0,11.6,0.0,12.3,27.0,,,74.32,1035.222,69.5,0.0,36.399,29.484,,34.99263115197404
호소,대청호,문의,2019-04-15,8.0,7.8,11.6,3.5,1.8,3.5,0.0,0.0,0.0,0.0,0.0,0.0,0.7210031347962382,0.2557993730407523,0.7,0.0,0.0,0.0,0.0,11.6,0.0,12.3,27.0,1.552,0.047,74.32,1035.222,69.5,0.0,36.399,29.484,33.02127589316434,34.99263115197404
호소,대청호,추동,2019-04-15,8.5,8.0,12.1,2.7,2.3,4.4,0.0,0.0,0.0,0.0,0.0,0.0,0.7178683385579938,0.2564263322884013,0.7,0.0,0.0,0.0,0.0,11.6,0.0,12.3,27.0,,,74.32,1035.222,69.5,0.0,36.399,29.484,,34.99263115197404
호소,대청호,회남,2019-04-22,9.3,8.2,12.3,2.6,3.4,9.4,0.0,0.0,0.0,0.0,0.0,0.0,0.7147335423197492,0.2570532915360501,0.7,0.0,0.0,0.0,0.0,20.5,0.0,11.5,27.2,,,74.26,1031.64,69.2,0.0,16.848,30.657,,33.54163279903762
호소,대청호,추동,2019-04-22,9.8,8.2,12.5,3.0,2.2,5.6,0.0,0.0,0.0,0.0,0.0,0.0,0.7115987460815048,0.257680250783699,0.7,0.0,0.0,0.0,0.0,20.5,0.0,11.5,27.2,,,74.26,1031.64,69.2,0.0,16.848,30.657,,33.54163279903762
호소,대청호,문의,2019-04-22,10.2,8.3,12.7,3.5,2.0,5.4,0.0,0.0,0.0,0.0,0.0,0.0,0.7084639498432602,0.258307210031348,0.7,0.0,0.0,0.0,0.0,20.5,0.0,11.5,27.2,1.408,0.068,74.26,1031.64,69.2,0.0,16.848,30.657,20.70588204844291,33.54163279903762
호소,대청호,추동,2019-04-29,9.7,8.3,11.7,2.5,2.5,8.3,0.0,0.0,0.0,0.0,0.0,0.0,0.7053291536050157,0.2589341692789969,0.7,0.0,0.0,0.0,0.0,11.0,16.6,1.1,7.1,,,74.4,1040.009,69.8,21.1282,65.849,31.202,,33.22500159734202
호소,대청호,문의,2019-04-29,9.9,8.2,12.1,3.3,2.3,6.4,0.0,0.0,0.0,0.0,0.0,0.0,0.7021943573667712,0.2595611285266458,0.7,0.0,0.0,0.0,0.0,11.0,16.6,1.1,7.1,1.352,0.054,74.4,1040.009,69.8,21.1282,65.849,31.202,25.037036573388214,33.22500159734202
호소,대청호,회남,2019-04-29,8.8,8.3,11.3,2.2,2.9,6.7,0.0,0.0,0.0,0.0,0.0,0.0,0.6990595611285266,0.2601880877742947,0.7,0.0,0.0,0.0,0.0,11.0,16.6,1.1,7.1,,,74.4,1040.009,69.8,21.1282,65.849,31.202,,33.22500159734202
호소,대청호,회남,2019-05-07,10.1,7.9,10.1,2.1,2.0,4.4,0.0,0.0,0.0,0.0,0.0,0.0,0.6959247648902822,0.2608150470219436,0.7,0.0,0.0,0.0,0.0,14.9,0.0,13.1,30.53,,,74.41,1040.608,69.8,0.0,29.159,63.877,,16.265345358488204
호소,대청호,추동,2019-05-07,10.9,8.2,10.9,3.3,2.2,6.4,0.0,0.0,0.0,0.0,0.0,0.0,0.6927899686520376,0.2614420062695924,0.7,0.0,0.0,0.0,0.0,14.9,0.0,13.1,30.53,,,74.41,1040.608,69.8,0.0,29.159,63.877,,16.265345358488204
호소,대청호,문의,2019-05-07,10.9,8.3,11.9,1.9,2.1,7.6,0.0,0.0,0.0,0.0,0.0,0.0,0.6896551724137931,0.2620689655172414,0.7,0.0,0.0,0.0,0.0,14.9,0.0,13.1,30.53,1.33,0.04,74.41,1040.608,69.8,0.0,29.159,63.877,33.24999916875002,16.265345358488204
호소,대청호,회남,2019-05-13,10.8,8.4,11.3,2.0,3.1,6.1,0.0,0.0,0.0,0.0,0.0,0.0,0.6865203761755486,0.2626959247648903,0.7,0.0,0.0,0.0,0.0,20.1,0.0,8.0,21.85,,,74.01,1016.795,68.2,0.0,10.642,65.464,,15.508434506741505
호소,대청호,추동,2019-05-13,12.4,8.3,11.8,3.2,2.7,5.0,0.0,0.0,0.0,0.0,0.0,0.0,0.6833855799373041,0.2633228840125392,0.7,0.0,0.0,0.0,0.0,20.1,0.0,8.0,21.85,,,74.01,1016.795,68.2,0.0,10.642,65.464,,15.508434506741505
호소,대청호,문의,2019-05-13,12.7,8.7,13.3,2.8,2.9,6.5,38.0,0.0,0.0,0.0,38.0,0.0,0.6802507836990596,0.2639498432601881,0.7,0.0,0.0,0.0,0.0,20.1,0.0,8.0,21.85,1.639,0.034,74.01,1016.795,68.2,0.0,10.642,65.464,48.205880935121144,15.508434506741505
호소,대청호,회남,2019-05-20,11.1,8.3,10.4,1.8,2.5,6.3,0.0,0.0,0.0,0.0,0.0,0.0,0.677115987460815,0.264576802507837,0.7,0.0,0.0,0.0,0.0,17.1,6.0,8.0,24.19,,,73.55,989.811,66.4,2.1205,24.496,64.951,,15.21592289126993
호소,대청호,추동,2019-05-20,11.5,8.0,11.1,2.6,2.3,4.1,0.0,0.0,0.0,0.0,0.0,0.0,0.6739811912225706,0.2652037617554859,0.7,0.0,0.0,0.0,0.0,17.1,6.0,8.0,24.19,,,73.55,989.811,66.4,2.1205,24.496,64.951,,15.21592289126993
호소,대청호,문의,2019-05-20,12.5,8.6,12.4,2.8,2.5,7.2,0.0,0.0,0.0,0.0,0.0,0.0,0.670846394984326,0.2658307210031348,0.7,0.0,0.0,0.0,0.0,17.1,6.0,8.0,24.19,1.513,0.073,73.55,989.811,66.4,2.1205,24.496,64.951,20.726027113342095,15.21592289126993
호소,대청호,문의,2019-05-27,14.8,8.5,12.9,2.7,3.0,6.8,0.0,0.0,0.0,0.0,0.0,0.0,0.6677115987460815,0.2664576802507837,0.7,0.0,0.0,0.0,0.0,17.9,14.4,0.0,4.12,1.449,0.038,73.05,960.966,64.5,15.5104,12.653,59.044,38.131577943905846,16.247903422156096
호소,대청호,회남,2019-05-27,11.2,8.3,9.9,2.5,4.5,6.4,508.0,508.0,0.0,0.0,0.0,0.0,0.664576802507837,0.2670846394984326,0.7,0.0,0.0,0.0,0.0,17.9,14.4,0.0,4.12,,,73.05,960.966,64.5,15.5104,12.653,59.044,,16.247903422156096
호소,대청호,추동,2019-05-27,11.6,7.9,10.6,1.9,4.1,5.7,0.0,0.0,0.0,0.0,0.0,0.0,0.6614420062695925,0.2677115987460815,0.7,0.0,0.0,0.0,0.0,17.9,14.4,0.0,4.12,,,73.05,960.966,64.5,15.5104,12.653,59.044,,16.247903422156096
호소,대청호,추동,2019-06-03,12.9,8.0,10.2,3.4,2.7,4.3,0.0,0.0,0.0,0.0,0.0,0.0,0.658307210031348,0.2683385579937304,0.7,0.0,0.0,0.0,0.0,23.4,0.0,12.5,29.65,2.015,0.011,72.58,934.307,62.7,0.0,11.544,57.174,183.18180152892717,16.312934315745366
호소,대청호,문의,2019-06-03,15.4,8.5,12.3,2.3,2.3,6.3,616.0,592.0,0.0,0.0,24.0,0.0,0.6551724137931034,0.2689655172413793,0.7,0.0,0.0,0.0,0.0,23.4,0.0,12.5,29.65,1.75,0.036,72.58,934.307,62.7,0.0,11.544,57.174,48.61110976080251,16.312934315745366
호소,대청호,회남,2019-06-03,11.7,8.0,8.4,2.5,2.1,4.8,0.0,0.0,0.0,0.0,0.0,0.0,0.652037617554859,0.2695924764890282,0.7,0.0,0.0,0.0,0.0,23.4,0.0,12.5,29.65,1.688,0.033,72.58,934.307,62.7,0.0,11.544,57.174,51.15151360146928,16.312934315745366
호소,대청호,문의,2019-06-10,16.6,8.5,13.0,3.9,2.2,3.6,0.0,0.0,0.0,0.0,0.0,0.0,0.6489028213166144,0.2702194357366771,0.7,0.0,0.0,0.0,0.0,18.9,11.1,2.2,18.56,1.575,0.041,72.35,921.422,61.8,8.3429,46.272,39.816,38.414633209399184,23.084026455556668
호소,대청호,회남,2019-06-10,11.9,8.6,10.5,3.0,2.8,4.4,56.0,0.0,42.0,0.0,14.0,0.0,0.64576802507837,0.270846394984326,0.7,0.0,0.0,0.0,0.0,18.9,11.1,2.2,18.56,,,72.35,921.422,61.8,8.3429,46.272,39.816,,23.084026455556668
호소,대청호,추동,2019-06-10,13.7,8.3,11.9,2.9,3.1,5.5,0.0,0.0,0.0,0.0,0.0,0.0,0.6426332288401254,0.2714733542319749,0.7,0.0,0.0,0.0,0.0,18.9,11.1,2.2,18.56,,,72.35,921.422,61.8,8.3429,46.272,39.816,,23.084026455556668
호소,대청호,추동,2019-06-17,14.8,8.3,10.8,2.4,2.3,6.4,0.0,0.0,0.0,0.0,0.0,0.0,0.6394984326018809,0.2721003134796238,0.7,0.0,0.0,0.0,0.0,22.2,0.0,11.6,30.07,,,71.91,897.064,60.2,0.0,11.782,56.337,,15.894962524584933
호소,대청호,회남,2019-06-17,12.4,8.0,8.0,5.1,3.6,2.5,18.0,0.0,18.0,0.0,0.0,0.0,0.6363636363636364,0.2727272727272727,0.7,0.0,0.0,0.0,0.0,22.2,0.0,11.6,30.07,,,71.91,897.064,60.2,0.0,11.782,56.337,,15.894962524584933
호소,대청호,문의,2019-06-17,17.7,8.6,13.0,4.2,1.9,6.4,0.0,0.0,0.0,0.0,0.0,0.0,0.6332288401253918,0.2733542319749216,0.7,0.0,0.0,0.0,0.0,22.2,0.0,11.6,30.07,1.476,0.023,71.91,897.064,60.2,0.0,11.782,56.337,64.17391025330825,15.894962524584933
호소,대청호,문의,2019-06-24,19.0,8.6,11.9,5.5,1.4,3.9,0.0,0.0,0.0,0.0,0.0,0.0,0.6300940438871474,0.2739811912225705,0.7,0.0,0.0,0.0,0.0,24.9,0.0,11.9,27.58,1.686,0.028,71.4,869.308,58.3,0.0,6.583,56.586,60.21428356377559,15.335497300920862
호소,대청호,회남,2019-06-24,13.0,8.4,6.1,4.8,1.8,2.4,0.0,0.0,0.0,0.0,0.0,0.0,0.6269592476489028,0.2746081504702194,0.7,0.0,0.0,0.0,0.0,24.9,0.0,11.9,27.58,,,71.4,869.308,58.3,0.0,6.583,56.586,,15.335497300920862
호소,대청호,추동,2019-06-24,16.4,8.5,10.4,2.0,2.2,4.7,0.0,0.0,0.0,0.0,0.0,0.0,0.6238244514106583,0.2752351097178683,0.7,0.0,0.0,0.0,0.0,24.9,0.0,11.9,27.58,,,71.4,869.308,58.3,0.0,6.583,56.586,,15.335497300920862
호소,대청호,문의,2019-07-01,18.5,8.3,10.1,5.0,1.8,6.2,0.0,0.0,0.0,0.0,0.0,0.0,0.6206896551724138,0.2758620689655172,0.7,0.0,0.0,0.0,0.0,23.7,0.0,3.6,15.0,1.392,0.021,71.02,848.957,57.0,0.0,33.291,57.932,66.28571112925185,14.629118417424868
호소,대청호,회남,2019-07-01,12.5,8.3,5.7,4.7,2.5,2.8,160.0,160.0,0.0,0.0,0.0,0.0,0.6175548589341693,0.2764890282131662,0.7,0.0,0.0,0.0,0.0,23.7,0.0,3.6,15.0,,,71.02,848.957,57.0,0.0,33.291,57.932,,14.629118417424868
호소,대청호,추동,2019-07-01,16.0,8.3,8.4,1.6,2.3,3.6,0.0,0.0,0.0,0.0,0.0,0.0,0.6144200626959249,0.277115987460815,0.7,0.0,0.0,0.0,0.0,23.7,0.0,3.6,15.0,,,71.02,848.957,57.0,0.0,33.291,57.932,,14.629118417424868
호소,대청호,회남,2019-07-08,13.6,8.5,6.2,3.1,2.3,3.8,74.0,0.0,0.0,0.0,74.0,0.0,0.6112852664576802,0.277742946708464,0.7,0.0,0.0,0.0,0.0,24.5,0.6,8.6,23.87,,,70.56,824.697,55.4,0.0,18.465,60.888,,13.522283072079754
호소,대청호,문의,2019-07-08,20.5,8.6,11.1,4.7,2.4,9.6,98.0,0.0,0.0,0.0,98.0,0.0,0.6081504702194358,0.2783699059561129,0.7,0.0,0.0,0.0,0.0,24.5,0.6,8.6,23.87,1.147,0.025,70.56,824.697,55.4,0.0,18.465,60.888,45.87999816480007,13.522283072079754
호소,대청호,추동,2019-07-08,17.8,8.3,9.2,1.5,2.7,7.1,234.0,0.0,178.0,0.0,56.0,0.0,0.6050156739811912,0.2789968652037617,0.7,0.0,0.0,0.0,0.0,24.5,0.6,8.6,23.87,,,70.56,824.697,55.4,0.0,18.465,60.888,,13.522283072079754
호소,대청호,문의,2019-07-15,22.9,8.9,9.4,6.2,2.5,8.0,0.0,0.0,0.0,0.0,0.0,0.0,0.6018808777429467,0.2796238244514106,0.7,0.0,0.0,0.0,0.0,23.8,12.8,2.3,12.99,1.368,0.029,70.42,817.395,54.9,15.6161,63.591,39.523,47.17241216646855,20.62930621103904
호소,대청호,회남,2019-07-15,15.3,8.8,3.9,3.5,4.3,2.4,0.0,0.0,0.0,0.0,0.0,0.0,0.5987460815047022,0.2802507836990596,0.7,0.0,0.0,0.0,0.0,23.8,12.8,2.3,12.99,,,70.42,817.395,54.9,15.6161,63.591,39.523,,20.62930621103904
호소,대청호,추동,2019-07-15,21.2,8.8,7.5,2.1,3.3,5.8,0.0,0.0,0.0,0.0,0.0,0.0,0.5956112852664577,0.2808777429467085,0.7,0.0,0.0,0.0,0.0,23.8,12.8,2.3,12.99,,,70.42,817.395,54.9,15.6161,63.591,39.523,,20.62930621103904
호소,대청호,추동,2019-07-22,21.7,8.3,7.2,2.3,3.2,7.6,84.0,0.0,84.0,0.0,0.0,0.0,0.5924764890282133,0.2815047021943574,0.7,0.0,0.0,0.0,0.0,27.9,0.0,8.2,21.55,,,71.85,893.772,60.0,0.055,463.728,31.435,,28.34222292690661
호소,대청호,문의,2019-07-22,22.6,8.6,8.5,3.8,2.2,4.2,82.0,0.0,0.0,0.0,82.0,0.0,0.5893416927899686,0.2821316614420063,0.7,0.0,0.0,0.0,0.0,27.9,0.0,8.2,21.55,1.217,0.024,71.85,893.772,60.0,0.055,463.728,31.435,50.7083312204862,28.34222292690661
호소,대청호,회남,2019-07-22,16.6,8.2,3.1,2.7,6.1,3.9,850.0,716.0,0.0,0.0,134.0,0.0,0.5862068965517242,0.2827586206896552,0.7,0.0,0.0,0.0,0.0,27.9,0.0,8.2,21.55,,,71.85,893.772,60.0,0.055,463.728,31.435,,28.34222292690661
호소,대청호,회남,2019-07-29,17.1,8.4,4.0,2.6,4.6,2.8,784.0,660.0,0.0,0.0,124.0,0.0,0.5830721003134796,0.283385579937304,0.7,0.0,0.0,0.0,0.0,28.5,0.0,12.6,26.98,,,72.84,949.0,63.7,0.0,88.355,29.314,,32.26354797035425
호소,대청호,추동,2019-07-29,22.5,8.3,5.8,2.8,3.4,7.3,224.0,140.0,84.0,0.0,0.0,0.0,0.5799373040752351,0.284012539184953,0.7,0.0,0.0,0.0,0.0,28.5,0.0,12.6,26.98,,,72.84,949.0,63.7,0.0,88.355,29.314,,32.26354797035425
호소,대청호,문의,2019-07-29,25.2,8.4,8.2,1.5,2.9,3.8,124.0,0.0,0.0,0.0,124.0,0.0,0.5768025078369906,0.2846394984326019,0.7,0.0,0.0,0.0,0.0,28.5,0.0,12.6,26.98,1.146,0.039,72.84,949.0,63.7,0.0,88.355,29.314,29.384614631163725,32.26354797035425
호소,대청호,문의,2019-08-05,26.6,8.3,7.0,4.9,2.0,4.9,1566.0,0.0,0.0,0.0,1566.0,0.0,0.5736677115987461,0.2852664576802508,0.7,0.0,0.0,0.0,0.0,30.7,0.0,10.3,24.33,1.11,0.016,72.79,946.164,63.5,0.0,20.752,53.576,69.37499566406278,17.627319472389892
호소,대청호,회남,2019-08-05,19.6,8.4,4.1,3.4,3.7,4.3,0.0,0.0,0.0,0.0,0.0,0.0,0.5705329153605017,0.2858934169278997,0.7,0.0,0.0,0.0,0.0,30.7,0.0,10.3,24.33,,,72.79,946.164,63.5,0.0,20.752,53.576,,17.627319472389892
호소,대청호,추동,2019-08-05,23.1,8.1,4.3,2.8,2.8,3.9,0.0,0.0,0.0,0.0,0.0,0.0,0.567398119122257,0.2865203761755486,0.7,0.0,0.0,0.0,0.0,30.7,0.0,10.3,24.33,,,72.79,946.164,63.5,0.0,20.752,53.576,,17.627319472389892
호소,대청호,추동,2019-08-12,23.7,8.3,3.7,2.4,3.0,5.1,28.0,0.0,0.0,0.0,28.0,0.0,0.5642633228840126,0.2871473354231975,0.7,0.0,0.0,0.0,0.0,29.0,1.3,1.7,11.4,,,72.59,934.87,62.7,0.4439,21.235,53.828,,17.335521435988724
호소,대청호,문의,2019-08-12,27.5,8.6,7.0,4.1,2.6,4.8,734.0,0.0,112.0,0.0,622.0,0.0,0.5611285266457681,0.2877742946708464,0.7,0.0,0.0,0.0,0.0,29.0,1.3,1.7,11.4,1.226,0.022,72.59,934.87,62.7,0.4439,21.235,53.828,55.727270194214995,17.335521435988724
호소,대청호,회남,2019-08-12,19.8,8.6,3.9,1.8,4.2,6.9,744.0,0.0,0.0,510.0,234.0,0.0,0.5579937304075235,0.2884012539184953,0.7,0.0,0.0,0.0,0.0,29.0,1.3,1.7,11.4,,,72.59,934.87,62.7,0.4439,21.235,53.828,,17.335521435988724
호소,대청호,문의,2019-08-19,26.7,8.0,5.3,4.1,3.2,6.2,3610.0,340.0,0.0,0.0,3270.0,0.0,0.554858934169279,0.2890282131661442,0.7,0.0,0.0,0.0,0.0,26.5,0.0,9.9,24.06,0.947,0.03,72.21,913.631,61.3,0.0,21.693,53.849,31.566665614444478,16.93508684127602
호소,대청호,회남,2019-08-19,20.1,8.2,4.1,1.6,3.0,3.7,734.0,240.0,118.0,44.0,332.0,0.0,0.5517241379310345,0.2896551724137931,0.7,0.0,0.0,0.0,0.0,26.5,0.0,9.9,24.06,,,72.21,913.631,61.3,0.0,21.693,53.849,,16.93508684127602
호소,대청호,추동,2019-08-19,24.8,8.0,5.6,2.7,2.9,4.7,466.0,240.0,0.0,0.0,226.0,0.0,0.5485893416927901,0.290282131661442,0.7,0.0,0.0,0.0,0.0,26.5,0.0,9.9,24.06,,,72.21,913.631,61.3,0.0,21.693,53.849,,16.93508684127602
호소,대청호,추동,2019-08-26,25.0,8.3,5.3,3.4,3.4,4.1,700.0,700.0,0.0,0.0,0.0,0.0,0.5454545454545454,0.2909090909090909,0.7,0.0,0.0,0.0,0.0,25.9,0.0,10.2,22.82,,,72.36,921.98,61.9,0.0,41.19,54.114,,17.006308333640757
호소,대청호,문의,2019-08-26,27.7,8.6,5.9,4.1,2.6,5.7,2154.0,0.0,74.0,0.0,2080.0,0.0,0.542319749216301,0.2915360501567398,0.7,0.0,0.0,0.0,0.0,25.9,0.0,10.2,22.82,0.887,0.019,72.36,921.98,61.9,0.0,41.19,54.114,46.68420806925221,17.006308333640757
호소,대청호,회남,2019-08-26,20.0,8.6,3.7,2.0,4.1,4.6,982.0,0.0,84.0,836.0,62.0,0.0,0.5391849529780565,0.2921630094043887,0.7,0.0,0.0,0.0,0.0,25.9,0.0,10.2,22.82,,,72.36,921.98,61.9,0.0,41.19,54.114,,17.006308333640757
호소,대청호,문의,2019-09-02,26.7,9.7,5.7,2.6,2.7,5.6,578.0,220.0,0.0,88.0,270.0,0.0,0.5360501567398119,0.2927899686520376,0.7,0.0,0.0,0.0,0.0,22.6,10.2,0.2,10.34,0.873,0.021,72.27,916.965,61.5,14.6374,32.198,45.081,41.571426591836826,20.295367521745867
호소,대청호,추동,2019-09-02,24.3,9.5,5.4,2.5,3.5,6.8,948.0,760.0,0.0,72.0,116.0,0.0,0.5329153605015674,0.2934169278996865,0.7,0.0,0.0,0.0,0.0,22.6,10.2,0.2,10.34,,,72.27,916.965,61.5,14.6374,32.198,45.081,,20.295367521745867
호소,대청호,회남,2019-09-02,19.6,10.0,3.6,1.8,4.8,6.2,2240.0,0.0,58.0,1652.0,530.0,0.0,0.5297805642633229,0.2940438871473354,0.7,0.0,0.0,0.0,0.0,22.6,10.2,0.2,10.34,,,72.27,916.965,61.5,14.6374,32.198,45.081,,20.295367521745867
호소,대청호,회남,2019-09-09,19.4,9.4,3.3,1.7,9.9,7.9,3328.0,2460.0,38.0,620.0,210.0,0.0,0.5266457680250785,0.2946708463949843,0.7,0.0,0.0,0.0,0.0,24.0,12.1,0.0,6.83,,,72.73,942.767,63.3,6.2446,129.798,44.907,,20.947119336992024
호소,대청호,추동,2019-09-09,24.8,9.1,5.3,2.5,5.8,6.3,982.0,0.0,32.0,504.0,446.0,0.0,0.5235109717868338,0.2952978056426332,0.7,0.0,0.0,0.0,0.0,24.0,12.1,0.0,6.83,,,72.73,942.767,63.3,6.2446,129.798,44.907,,20.947119336992024
호소,대청호,문의,2019-09-09,25.9,9.0,5.3,2.2,5.3,5.1,510.0,440.0,0.0,0.0,70.0,0.0,0.5203761755485894,0.2959247648902821,0.7,0.0,0.0,0.0,0.0,24.0,12.1,0.0,6.83,0.866,0.017,72.73,942.767,63.3,6.2446,129.798,44.907,50.94117347404862,20.947119336992024
호소,대청호,문의,2019-09-16,26.3,8.3,5.8,2.6,2.5,5.2,980.0,760.0,0.0,84.0,136.0,0.0,0.5172413793103449,0.296551724137931,0.7,0.0,0.0,0.0,0.0,24.5,0.0,9.6,20.63,0.97,0.021,72.93,954.117,64.0,0.0,51.576,44.986,46.19047399092981,21.162156767067383
호소,대청호,회남,2019-09-16,20.8,9.9,4.2,2.1,6.1,4.5,1838.0,1340.0,14.0,352.0,132.0,0.0,0.5141065830721003,0.2971786833855799,0.7,0.0,0.0,0.0,0.0,24.5,0.0,9.6,20.63,,,72.93,954.117,64.0,0.0,51.576,44.986,,21.162156767067383
호소,대청호,추동,2019-09-16,25.0,8.4,5.4,2.8,3.1,4.9,924.0,640.0,24.0,96.0,164.0,0.0,0.5109717868338558,0.2978056426332288,0.7,0.0,0.0,0.0,0.0,24.5,0.0,9.6,20.63,,,72.93,954.117,64.0,0.0,51.576,44.986,,21.162156767067383
호소,대청호,회남,2019-09-23,19.3,7.4,4.1,2.8,8.8,4.5,2614.0,2320.0,0.0,64.0,230.0,0.0,0.5078369905956113,0.2984326018808778,0.7,0.0,0.0,0.0,0.0,17.8,0.1,4.2,14.12,,,74.99,1075.72,72.2,0.274,1044.527,36.744,,29.196612745630226
호소,대청호,문의,2019-09-23,24.4,7.5,6.4,3.5,2.7,5.5,530.0,140.0,0.0,84.0,306.0,0.0,0.5047021943573669,0.2990595611285266,0.7,0.0,0.0,0.0,0.0,17.8,0.1,4.2,14.12,0.979,0.04,74.99,1075.72,72.2,0.274,1044.527,36.744,24.474999388125013,29.196612745630226
호소,대청호,추동,2019-09-23,24.2,7.6,7.1,2.7,4.4,5.6,2372.0,1440.0,158.0,524.0,250.0,0.0,0.5015673981191222,0.2996865203761755,0.7,0.0,0.0,0.0,0.0,17.8,0.1,4.2,14.12,,,74.99,1075.72,72.2,0.274,1044.527,36.744,,29.196612745630226
호소,대청호,회남,2019-09-30,18.8,7.7,5.6,2.7,5.8,3.9,1744.0,1460.0,168.0,16.0,100.0,0.0,0.4984326018808778,0.3003134796238245,0.7,0.0,0.0,0.0,0.0,22.1,0.0,10.1,19.86,,,75.72,1120.9,75.2,0.0,61.344,61.344,,18.242627433109824
호소,대청호,문의,2019-09-30,23.3,7.7,5.0,2.9,2.5,5.5,486.0,0.0,146.0,92.0,248.0,0.0,0.4952978056426332,0.3009404388714733,0.7,0.0,0.0,0.0,0.0,22.1,0.0,10.1,19.86,0.847,0.025,75.72,1120.9,75.2,0.0,61.344,61.344,33.879998644800054,18.242627433109824
호소,대청호,추동,2019-09-30,23.2,7.9,6.7,2.7,4.2,5.4,2106.0,1140.0,512.0,220.0,234.0,0.0,0.4921630094043887,0.3015673981191222,0.7,0.0,0.0,0.0,0.0,22.1,0.0,10.1,19.86,,,75.72,1120.9,75.2,0.0,61.344,61.344,,18.242627433109824
호소,대청호,추동,2019-10-07,22.1,7.4,5.7,2.7,3.8,8.2,2654.0,2200.0,0.0,32.0,422.0,0.0,0.4890282131661442,0.3021943573667712,0.7,0.0,0.0,0.0,0.0,15.7,11.8,0.0,3.77,,,76.92,1197.588,80.4,8.8838,103.491,224.497,,5.3321638312176916
호소,대청호,문의,2019-10-07,23.2,7.3,4.6,3.2,3.0,4.4,760.0,240.0,96.0,188.0,236.0,0.0,0.4858934169278996,0.3028213166144201,0.7,0.0,0.0,0.0,0.0,15.7,11.8,0.0,3.77,0.939,0.026,76.92,1197.588,80.4,8.8838,103.491,224.497,36.11538322633142,5.3321638312176916
호소,대청호,회남,2019-10-07,19.4,7.4,4.8,2.5,7.3,5.4,2024.0,1740.0,26.0,0.0,258.0,0.0,0.4827586206896551,0.303448275862069,0.7,0.0,0.0,0.0,0.0,15.7,11.8,0.0,3.77,,,76.92,1197.588,80.4,8.8838,103.491,224.497,,5.3321638312176916
호소,대청호,추동,2019-10-14,21.4,7.7,7.2,2.3,4.5,12.9,2352.0,1900.0,0.0,0.0,452.0,0.0,0.4796238244514107,0.3040752351097179,0.7,0.0,0.0,0.0,0.0,14.6,0.0,7.9,13.38,,,76.46,1167.832,78.4,0.0,28.887,28.887,,40.288129161348195
호소,대청호,회남,2019-10-14,19.1,7.4,5.2,3.0,4.8,5.6,220.0,132.0,0.0,0.0,88.0,0.0,0.4764890282131662,0.3047021943573668,0.7,0.0,0.0,0.0,0.0,14.6,0.0,7.9,13.38,,,76.46,1167.832,78.4,0.0,28.887,28.887,,40.288129161348195
호소,대청호,문의,2019-10-14,21.8,7.5,6.1,2.3,3.8,11.1,954.0,0.0,0.0,92.0,862.0,0.0,0.4733542319749216,0.3053291536050156,0.7,0.0,0.0,0.0,0.0,14.6,0.0,7.9,13.38,0.865,0.017,76.46,1167.832,78.4,0.0,28.887,28.887,50.88234994809706,40.288129161348195
호소,대청호,회남,2019-10-21,18.7,7.8,5.8,2.9,3.7,7.5,888.0,780.0,0.0,0.0,108.0,0.0,0.4702194357366771,0.3059561128526646,0.7,0.0,0.0,0.0,0.0,15.5,0.0,7.7,16.28,,,76.4,1163.984,78.1,0.0,21.761,66.3,,17.529879518072292
호소,대청호,문의,2019-10-21,21.0,7.6,6.4,3.3,2.1,13.7,338.0,160.0,0.0,104.0,74.0,0.0,0.4670846394984326,0.3065830721003135,0.7,0.0,0.0,0.0,0.0,15.5,0.0,7.7,16.28,1.295,0.026,76.4,1163.984,78.1,0.0,21.761,66.3,49.80769039201191,17.529879518072292
호소,대청호,추동,2019-10-21,20.7,8.1,8.3,2.1,3.7,25.9,2148.0,1140.0,0.0,36.0,972.0,0.0,0.463949843260188,0.3072100313479624,0.7,0.0,0.0,0.0,0.0,15.5,0.0,7.7,16.28,,,76.4,1163.984,78.1,0.0,21.761,66.3,,17.529879518072292
호소,대청호,문의,2019-10-28,20.0,7.9,9.0,3.4,2.8,26.5,368.0,0.0,182.0,0.0,186.0,0.0,0.4608150470219436,0.3078369905956113,0.7,0.0,0.0,0.0,0.0,11.9,0.0,8.8,15.67,1.303,0.021,75.88,1130.95,75.9,0.0,13.978,28.562,62.04761609297066,39.45816760868048
호소,대청호,회남,2019-10-28,19.1,7.7,7.0,2.6,4.2,13.9,930.0,636.0,52.0,0.0,242.0,0.0,0.4576802507836991,0.3084639498432602,0.7,0.0,0.0,0.0,0.0,11.9,0.0,8.8,15.67,,,75.88,1130.95,75.9,0.0,13.978,28.562,,39.45816760868048
호소,대청호,추동,2019-10-28,20.1,8.1,9.8,1.4,4.9,39.2,4484.0,2040.0,0.0,260.0,2184.0,0.0,0.4545454545454546,0.3090909090909091,0.7,0.0,0.0,0.0,0.0,11.9,0.0,8.8,15.67,,,75.88,1130.95,75.9,0.0,13.978,28.562,,39.45816760868048
호소,대청호,추동,2019-11-04,19.3,7.6,9.9,2.6,3.2,24.5,4154.0,1240.0,0.0,44.0,2870.0,0.0,0.45141065830721,0.309717868338558,0.7,0.0,0.0,0.0,0.0,13.6,0.0,9.2,13.59,,,75.75,1122.78,75.4,0.0,14.283,28.804,,38.845142540824796
호소,대청호,문의,2019-11-04,19.4,7.7,9.5,2.4,2.9,38.0,342.0,0.0,26.0,0.0,316.0,0.0,0.4482758620689655,0.3103448275862069,0.7,0.0,0.0,0.0,0.0,13.6,0.0,9.2,13.59,1.062,0.014,75.75,1122.78,75.4,0.0,14.283,28.804,75.85713743877591,38.845142540824796
호소,대청호,회남,2019-11-04,17.5,7.6,6.5,3.0,3.5,8.8,518.0,248.0,0.0,44.0,226.0,0.0,0.445141065830721,0.3109717868338558,0.7,0.0,0.0,0.0,0.0,13.6,0.0,9.2,13.59,,,75.75,1122.78,75.4,0.0,14.283,28.804,,38.845142540824796
호소,대청호,추동,2019-11-11,17.8,8.0,9.5,2.3,3.3,15.3,3382.0,1100.0,0.0,108.0,2174.0,0.0,0.4420062695924764,0.3115987460815047,0.7,0.0,0.0,0.0,0.0,11.7,1.3,2.3,6.03,,,75.63,1115.27,74.9,3.0976,21.32,28.55,,38.927399650959856
호소,대청호,회남,2019-11-11,18.0,7.8,8.7,2.7,3.9,12.1,954.0,360.0,0.0,48.0,546.0,0.0,0.438871473354232,0.3122257053291536,0.7,0.0,0.0,0.0,0.0,11.7,1.3,2.3,6.03,,,75.63,1115.27,74.9,3.0976,21.32,28.55,,38.927399650959856
호소,대청호,문의,2019-11-11,18.0,8.2,10.0,2.5,4.2,45.9,398.0,0.0,128.0,0.0,270.0,0.0,0.4357366771159875,0.3128526645768025,0.7,0.0,0.0,0.0,0.0,11.7,1.3,2.3,6.03,1.139,0.021,75.63,1115.27,74.9,3.0976,21.32,28.55,54.23809265532892,38.927399650959856
호소,대청호,회남,2019-11-18,16.7,7.7,8.2,2.8,3.6,7.8,928.0,460.0,0.0,0.0,468.0,0.0,0.432601880877743,0.3134796238244514,0.7,0.0,0.0,0.0,0.0,7.7,15.3,2.6,6.74,,,75.63,1115.27,74.9,17.5771,57.585,28.687,,38.74214054955361
호소,대청호,추동,2019-11-18,16.5,7.8,9.0,2.5,2.8,10.6,3528.0,1520.0,32.0,0.0,1976.0,0.0,0.4294670846394984,0.3141065830721003,0.7,0.0,0.0,0.0,0.0,7.7,15.3,2.6,6.74,,,75.63,1115.27,74.9,17.5771,57.585,28.687,,38.74214054955361
호소,대청호,문의,2019-11-18,16.8,7.8,8.9,2.8,2.6,13.4,134.0,0.0,0.0,0.0,134.0,0.0,0.4263322884012539,0.3147335423197492,0.7,0.0,0.0,0.0,0.0,7.7,15.3,2.6,6.74,1.08,0.019,75.63,1115.27,74.9,17.5771,57.585,28.687,56.842102271468306,38.74214054955361
호소,대청호,추동,2019-11-25,15.4,7.8,9.0,3.6,4.6,9.1,3504.0,440.0,0.0,0.0,3064.0,0.0,0.4231974921630094,0.3153605015673981,0.7,0.0,0.0,0.0,0.0,3.6,0.0,0.0,5.64,,,75.62,1114.645,74.8,0.0,21.527,28.755,,38.62918038468203
호소,대청호,문의,2019-11-25,15.7,7.7,8.7,4.2,2.0,7.6,406.0,120.0,36.0,0.0,250.0,0.0,0.4200626959247648,0.315987460815047,0.7,0.0,0.0,0.0,0.0,3.6,0.0,0.0,5.64,1.165,0.016,75.62,1114.645,74.8,0.0,21.527,28.755,72.81249544921904,38.62918038468203
호소,대청호,회남,2019-11-25,15.3,7.6,8.3,3.1,3.6,5.7,596.0,260.0,0.0,0.0,336.0,0.0,0.4169278996865204,0.3166144200626959,0.7,0.0,0.0,0.0,0.0,3.6,0.0,0.0,5.64,,,75.62,1114.645,74.8,0.0,21.527,28.755,,38.62918038468203
호소,대청호,회남,2019-12-02,13.7,7.6,8.7,3.4,2.1,5.2,532.0,0.0,0.0,0.0,532.0,0.0,0.4137931034482759,0.3172413793103448,0.7,0.0,0.0,0.0,0.0,2.7,0.0,7.3,11.01,,,75.51,1107.789,74.4,0.1597,14.397,28.802,,38.3291467718497
호소,대청호,추동,2019-12-02,14.1,7.8,9.3,3.9,2.9,9.7,3518.0,520.0,28.0,0.0,2970.0,0.0,0.4106583072100314,0.3178683385579937,0.7,0.0,0.0,0.0,0.0,2.7,0.0,7.3,11.01,,,75.51,1107.789,74.4,0.1597,14.397,28.802,,38.3291467718497
호소,대청호,문의,2019-12-02,14.3,7.6,8.6,4.8,2.0,5.8,696.0,0.0,58.0,0.0,638.0,0.0,0.4075235109717868,0.3184952978056427,0.7,0.0,0.0,0.0,0.0,2.7,0.0,7.3,11.01,1.384,0.02,75.51,1107.789,74.4,0.1597,14.397,28.802,69.19999654000017,38.3291467718497
호소,대청호,추동,2019-12-09,12.3,7.7,9.5,4.5,2.7,6.8,1706.0,0.0,58.0,0.0,1648.0,0.0,0.4043887147335423,0.3191222570532915,0.7,0.0,0.0,0.0,0.0,3.3,0.0,7.4,9.6,,,75.4,1100.959,73.9,0.0,20.518,27.693,,39.612816176735144
호소,대청호,문의,2019-12-09,12.6,7.6,8.6,4.7,2.9,6.1,656.0,0.0,0.0,0.0,656.0,0.0,0.4012539184952978,0.3197492163009404,0.7,0.0,0.0,0.0,0.0,3.3,0.0,7.4,9.6,1.321,0.024,75.4,1100.959,73.9,0.0,20.518,27.693,55.041664373263984,39.612816176735144
호소,대청호,회남,2019-12-09,12.7,7.7,8.9,4.3,3.5,4.1,342.0,180.0,0.0,0.0,162.0,0.0,0.3981191222570532,0.3203761755485893,0.7,0.0,0.0,0.0,0.0,3.3,0.0,7.4,9.6,,,75.4,1100.959,73.9,0.0,20.518,27.693,,39.612816176735144
호소,대청호,회남,2019-12-16,11.5,7.6,9.1,4.7,2.3,3.5,310.0,80.0,0.0,0.0,230.0,0.0,0.3949843260188088,0.3210031347962382,0.7,0.0,0.0,0.0,0.0,7.9,0.0,8.1,9.77,,,75.25,1091.685,73.3,0.0,15.691,29.972,,36.302374301675975
호소,대청호,문의,2019-12-16,11.8,7.5,8.7,3.6,2.4,5.0,524.0,0.0,0.0,0.0,524.0,0.0,0.3918495297805643,0.3216300940438871,0.7,0.0,0.0,0.0,0.0,7.9,0.0,8.1,9.77,1.246,0.013,75.25,1091.685,73.3,0.0,15.691,29.972,95.84614647337335,36.302374301675975
호소,대청호,추동,2019-12-16,11.5,7.7,9.5,4.0,1.9,4.3,486.0,0.0,0.0,0.0,486.0,0.0,0.3887147335423198,0.3222570532915361,0.7,0.0,0.0,0.0,0.0,7.9,0.0,8.1,9.77,,,75.25,1091.685,73.3,0.0,15.691,29.972,,36.302374301675975
호소,대청호,회남,2019-12-23,10.4,7.6,9.5,3.8,2.0,3.1,598.0,220.0,0.0,56.0,322.0,0.0,0.3855799373040752,0.322884012539185,0.7,0.0,0.0,0.0,0.0,3.8,0.1,2.9,6.74,,,75.1,1082.457,72.7,0.0851,15.158,29.367,,36.734550514134455
호소,대청호,추동,2019-12-23,10.5,7.6,9.7,3.8,1.9,4.9,488.0,160.0,0.0,0.0,328.0,0.0,0.3824451410658307,0.3235109717868338,0.7,0.0,0.0,0.0,0.0,3.8,0.1,2.9,6.74,,,75.1,1082.457,72.7,0.0851,15.158,29.367,,36.734550514134455
호소,대청호,문의,2019-12-23,10.8,7.6,8.9,3.1,2.3,4.9,832.0,0.0,0.0,0.0,832.0,0.0,0.3793103448275862,0.3241379310344828,0.7,0.0,0.0,0.0,0.0,3.8,0.1,2.9,6.74,1.317,0.034,75.1,1082.457,72.7,0.0851,15.158,29.367,38.735292978373735,36.734550514134455
호소,대청호,문의,2019-12-30,9.9,7.6,9.2,3.2,2.8,7.0,782.0,0.0,0.0,0.0,782.0,0.0,0.3761755485893417,0.3247648902821317,0.7,0.0,0.0,0.0,0.0,4.2,1.5,0.7,3.84,,,74.97,1074.498,72.1,2.0788,15.16,29.307,,36.538851293909616
호소,대청호,회남,2019-12-30,9.8,7.6,9.7,4.5,2.1,3.9,160.0,0.0,0.0,0.0,160.0,0.0,0.3730407523510972,0.3253918495297806,0.7,0.0,0.0,0.0,0.0,4.2,1.5,0.7,3.84,,,74.97,1074.498,72.1,2.0788,15.16,29.307,,36.538851293909616
호소,대청호,추동,2019-12-30,9.6,7.7,9.9,3.2,2.6,6.0,376.0,0.0,0.0,0.0,376.0,0.0,0.3699059561128527,0.3260188087774295,0.7,0.0,0.0,0.0,0.0,4.2,1.5,0.7,3.84,,,74.97,1074.498,72.1,2.0788,15.16,29.307,,36.538851293909616
호소,대청호,회남,2020-01-06,8.9,7.7,9.9,5.0,2.2,3.7,88.0,0.0,0.0,0.0,88.0,0.0,0.3667711598746082,0.3266457680250784,0.7,0.0,0.0,0.0,0.0,2.9,10.3,0.0,1.9,,,74.85,1067.182,71.6,11.1622,22.475,29.518,,36.03153487743939
호소,대청호,추동,2020-01-06,8.6,7.7,10.1,3.5,2.3,5.7,592.0,0.0,0.0,0.0,592.0,0.0,0.3636363636363636,0.3272727272727272,0.7,0.0,0.0,0.0,0.0,2.9,10.3,0.0,1.9,,,74.85,1067.182,71.6,11.1622,22.475,29.518,,36.03153487743939
호소,대청호,문의,2020-01-06,8.9,7.6,9.0,3.5,2.1,5.4,406.0,0.0,0.0,0.0,406.0,0.0,0.3605015673981191,0.3278996865203761,0.7,0.0,0.0,0.0,0.0,2.9,10.3,0.0,1.9,1.072,0.02,74.85,1067.182,71.6,11.1622,22.475,29.518,53.599997320000135,36.03153487743939
호소,대청호,회남,2020-01-13,8.1,7.7,10.3,4.2,2.9,3.4,338.0,0.0,0.0,0.0,338.0,0.0,0.3573667711598746,0.3285266457680251,0.7,0.0,0.0,0.0,0.0,0.2,0.0,4.2,6.83,,,75.65,1116.519,74.9,0.0,57.886,28.969,,38.40926760466476
호소,대청호,추동,2020-01-13,8.0,7.7,10.9,3.5,2.4,5.4,612.0,0.0,0.0,0.0,612.0,0.0,0.3542319749216301,0.329153605015674,0.7,0.0,0.0,0.0,0.0,0.2,0.0,4.2,6.83,,,75.65,1116.519,74.9,0.0,57.886,28.969,,38.40926760466476
호소,대청호,문의,2020-01-13,8.4,7.5,9.5,3.5,2.4,5.1,770.0,0.0,0.0,0.0,770.0,0.0,0.3510971786833856,0.3297805642633229,0.7,0.0,0.0,0.0,0.0,0.2,0.0,4.2,6.83,1.178,0.016,75.65,1116.519,74.9,0.0,57.886,28.969,73.62499539843779,38.40926760466476
호소,대청호,추동,2020-01-20,7.4,7.4,10.7,3.2,2.3,5.6,516.0,0.0,0.0,0.0,516.0,0.0,0.3479623824451411,0.3304075235109718,0.7,0.0,0.0,0.0,0.0,3.4,0.0,6.9,11.72,,,75.69,1119.021,75.1,0.0,29.33,29.33,,38.02313965341488
호소,대청호,문의,2020-01-20,7.7,7.2,9.0,3.1,2.2,3.7,508.0,0.0,0.0,0.0,508.0,0.0,0.3448275862068966,0.3310344827586207,0.7,0.0,0.0,0.0,0.0,3.4,0.0,6.9,11.72,1.43,0.017,75.69,1119.021,75.1,0.0,29.33,29.33,84.11764211072693,38.02313965341488
호소,대청호,회남,2020-01-20,7.1,7.4,10.5,4.2,3.0,3.6,122.0,0.0,0.0,0.0,122.0,0.0,0.341692789968652,0.3316614420062696,0.7,0.0,0.0,0.0,0.0,3.4,0.0,6.9,11.72,,,75.69,1119.021,75.1,0.0,29.33,29.33,,38.02313965341488
호소,대청호,문의,2020-01-28,7.7,7.4,9.4,4.2,2.0,2.6,334.0,0.0,0.0,0.0,334.0,0.0,0.3385579937304075,0.3322884012539185,0.7,0.0,0.0,0.0,0.0,6.3,0.0,2.0,8.18,1.304,0.03,75.64,1115.894,74.9,0.1179,22.382,29.615,43.46666521777783,37.55322227831062
호소,대청호,추동,2020-01-28,7.5,7.5,11.1,3.5,2.7,4.5,426.0,0.0,0.0,0.0,426.0,0.0,0.335423197492163,0.3329153605015674,0.7,0.0,0.0,0.0,0.0,6.3,0.0,2.0,8.18,,,75.64,1115.894,74.9,0.1179,22.382,29.615,,37.55322227831062
호소,대청호,회남,2020-01-28,7.0,7.5,11.0,3.6,2.3,3.4,244.0,0.0,0.0,0.0,244.0,0.0,0.3322884012539185,0.3335423197492163,0.7,0.0,0.0,0.0,0.0,6.3,0.0,2.0,8.18,,,75.64,1115.894,74.9,0.1179,22.382,29.615,,37.55322227831062
호소,대청호,문의,2020-02-03,7.4,7.2,9.6,3.2,2.4,4.0,332.0,0.0,0.0,0.0,332.0,0.0,0.329153605015674,0.3341692789968652,0.7,0.0,0.0,0.0,0.0,1.5,0.0,8.4,13.78,1.292,0.013,75.66,1117.144,75.0,0.0,22.569,29.807,99.38460773964557,37.35393051793894
호소,대청호,회남,2020-02-03,6.8,7.4,10.9,5.0,3.6,3.1,258.0,0.0,0.0,0.0,258.0,0.0,0.3260188087774295,0.3347962382445141,0.7,0.0,0.0,0.0,0.0,1.5,0.0,8.4,13.78,,,75.66,1117.144,75.0,0.0,22.569,29.807,,37.35393051793894
호소,대청호,추동,2020-02-03,7.3,7.4,10.8,4.5,3.0,3.8,188.0,0.0,0.0,0.0,188.0,0.0,0.322884012539185,0.335423197492163,0.7,0.0,0.0,0.0,0.0,1.5,0.0,8.4,13.78,,,75.66,1117.144,75.0,0.0,22.569,29.807,,37.35393051793894
호소,대청호,문의,2020-02-10,6.8,7.3,10.5,4.1,1.9,4.1,48.0,0.0,32.0,0.0,16.0,0.0,0.3197492163009404,0.3360501567398119,0.7,0.0,0.0,0.0,0.0,5.1,0.0,9.4,15.16,1.356,0.009,75.59,1112.773,74.7,0.0,22.366,29.587,150.66664992592783,37.48351130124296
호소,대청호,회남,2020-02-10,6.6,7.4,11.0,4.5,2.7,2.7,224.0,0.0,0.0,0.0,224.0,0.0,0.3166144200626959,0.3366771159874608,0.7,0.0,0.0,0.0,0.0,5.1,0.0,9.4,15.16,,,75.59,1112.773,74.7,0.0,22.366,29.587,,37.48351130124296
호소,대청호,추동,2020-02-10,6.8,7.5,11.3,4.2,1.9,3.2,214.0,0.0,0.0,0.0,214.0,0.0,0.3134796238244515,0.3373040752351097,0.7,0.0,0.0,0.0,0.0,5.1,0.0,9.4,15.16,,,75.59,1112.773,74.7,0.0,22.366,29.587,,37.48351130124296
호소,대청호,회남,2020-02-17,6.6,7.5,11.3,3.8,11.8,7.1,92.0,0.0,0.0,0.0,92.0,0.0,0.3103448275862069,0.3379310344827586,0.7,0.0,0.0,0.0,0.0,-3.2,0.7,4.7,9.97,,,75.58,1112.149,74.6,0.5626,29.486,29.486,,37.590380585412014
호소,대청호,추동,2020-02-17,6.5,7.5,11.3,4.1,5.9,2.9,14.0,0.0,0.0,0.0,14.0,0.0,0.3072100313479624,0.3385579937304075,0.7,0.0,0.0,0.0,0.0,-3.2,0.7,4.7,9.97,,,75.58,1112.149,74.6,0.5626,29.486,29.486,,37.590380585412014
호소,대청호,문의,2020-02-17,6.9,7.5,10.8,3.9,3.6,4.6,68.0,0.0,0.0,0.0,68.0,0.0,0.3040752351097179,0.3391849529780564,0.7,0.0,0.0,0.0,0.0,-3.2,0.7,4.7,9.97,1.345,0.014,75.58,1112.149,74.6,0.5626,29.486,29.486,96.07142170918416,37.590380585412014
호소,대청호,추동,2020-02-24,6.9,7.6,11.6,3.8,3.1,3.2,0.0,0.0,0.0,0.0,0.0,0.0,0.3009404388714733,0.3398119122257053,0.7,0.0,0.0,0.0,0.0,7.4,0.4,9.9,18.12,,,75.57,1111.526,74.6,0.0,29.633,29.633,,37.383580533414055
호소,대청호,문의,2020-02-24,7.1,7.6,11.2,3.8,2.5,4.0,0.0,0.0,0.0,0.0,0.0,0.0,0.2978056426332288,0.3404388714733543,0.7,0.0,0.0,0.0,0.0,7.4,0.4,9.9,18.12,1.483,0.014,75.57,1111.526,74.6,0.0,29.633,29.633,105.92856386224544,37.383580533414055
호소,대청호,회남,2020-02-24,6.8,7.6,11.4,4.8,4.6,2.9,32.0,0.0,0.0,0.0,32.0,0.0,0.2946708463949843,0.3410658307210031,0.7,0.0,0.0,0.0,0.0,7.4,0.4,9.9,18.12,,,75.57,1111.526,74.6,0.0,29.633,29.633,,37.383580533414055
호소,대청호,추동,2020-03-02,7.1,7.6,11.3,3.0,2.6,4.2,0.0,0.0,0.0,0.0,0.0,0.0,0.2915360501567399,0.341692789968652,0.7,0.0,0.0,0.0,0.0,5.3,0.0,10.2,20.18,,,76.06,1142.321,76.7,0.0,69.694,106.39,,10.727026011832097
호소,대청호,회남,2020-03-02,6.7,7.5,11.5,4.2,2.5,3.1,0.0,0.0,0.0,0.0,0.0,0.0,0.2884012539184953,0.3423197492163009,0.7,0.0,0.0,0.0,0.0,5.3,0.0,10.2,20.18,,,76.06,1142.321,76.7,0.0,69.694,106.39,,10.727026011832097
호소,대청호,문의,2020-03-02,7.6,7.5,11.4,4.3,2.1,3.8,0.0,0.0,0.0,0.0,0.0,0.0,0.2852664576802508,0.3429467084639498,0.7,0.0,0.0,0.0,0.0,5.3,0.0,10.2,20.18,1.31,0.027,76.06,1142.321,76.7,0.0,69.694,106.39,48.51851672153642,10.727026011832097
호소,대청호,문의,2020-03-09,7.5,7.4,10.6,4.3,1.7,3.1,0.0,0.0,0.0,0.0,0.0,0.0,0.2821316614420063,0.3435736677115988,0.7,0.0,0.0,0.0,0.0,10.0,1.6,4.8,11.24,1.271,0.015,76.09,1144.222,76.8,2.2364,29.681,29.681,84.73332768444482,38.421208152849125
호소,대청호,회남,2020-03-09,7.3,7.6,11.8,3.9,2.4,3.2,0.0,0.0,0.0,0.0,0.0,0.0,0.2789968652037617,0.3442006269592477,0.7,0.0,0.0,0.0,0.0,10.0,1.6,4.8,11.24,,,76.09,1144.222,76.8,2.2364,29.681,29.681,,38.421208152849125
호소,대청호,추동,2020-03-09,7.7,7.6,11.7,2.5,2.3,4.0,0.0,0.0,0.0,0.0,0.0,0.0,0.2758620689655172,0.3448275862068966,0.7,0.0,0.0,0.0,0.0,10.0,1.6,4.8,11.24,,,76.09,1144.222,76.8,2.2364,29.681,29.681,,38.421208152849125
호소,대청호,문의,2020-03-16,7.4,7.5,10.9,4.1,2.4,2.9,0.0,0.0,0.0,0.0,0.0,0.0,0.2727272727272727,0.3454545454545454,0.7,0.0,0.0,0.0,0.0,4.4,0.0,11.3,23.58,1.35,0.015,75.76,1123.407,75.4,0.0,41.249,99.411,89.99999400000041,11.289274552562029
호소,대청호,회남,2020-03-16,7.5,7.6,11.9,4.2,2.6,4.1,0.0,0.0,0.0,0.0,0.0,0.0,0.2695924764890283,0.3460815047021943,0.7,0.0,0.0,0.0,0.0,4.4,0.0,11.3,23.58,,,75.76,1123.407,75.4,0.0,41.249,99.411,,11.289274552562029
호소,대청호,추동,2020-03-16,7.9,7.6,11.9,2.9,4.4,3.8,0.0,0.0,0.0,0.0,0.0,0.0,0.2664576802507837,0.3467084639498433,0.7,0.0,0.0,0.0,0.0,4.4,0.0,11.3,23.58,,,75.76,1123.407,75.4,0.0,41.249,99.411,,11.289274552562029
호소,대청호,추동,2020-03-23,8.1,7.6,11.7,2.9,2.9,4.1,0.0,0.0,0.0,0.0,0.0,0.0,0.2633228840125392,0.3473354231974922,0.7,0.0,0.0,0.0,0.0,10.2,0.0,11.6,23.65,,,75.1,1082.457,72.7,0.0,28.539,99.678,,10.848654011906435
호소,대청호,회남,2020-03-23,8.1,7.6,11.7,3.3,2.7,3.5,0.0,0.0,0.0,0.0,0.0,0.0,0.2601880877742947,0.3479623824451411,0.7,0.0,0.0,0.0,0.0,10.2,0.0,11.6,23.65,,,75.1,1082.457,72.7,0.0,28.539,99.678,,10.848654011906435
호소,대청호,문의,2020-03-23,8.1,7.6,11.3,3.2,2.4,3.1,0.0,0.0,0.0,0.0,0.0,0.0,0.2570532915360501,0.34858934169279,0.7,0.0,0.0,0.0,0.0,10.2,0.0,11.6,23.65,1.297,0.012,75.1,1082.457,72.7,0.0,28.539,99.678,108.08332432638963,10.848654011906435
호소,대청호,추동,2020-03-30,9.2,7.7,10.8,3.0,2.8,3.5,0.0,0.0,0.0,0.0,0.0,0.0,0.2539184952978056,0.3492163009404389,0.7,0.0,0.0,0.0,0.0,12.2,0.0,11.5,25.67,,,74.4,1040.009,69.8,0.0,29.682,99.154,,10.478257803211962
호소,대청호,문의,2020-03-30,9.4,7.7,10.8,3.7,2.5,3.5,0.0,0.0,0.0,0.0,0.0,0.0,0.2507836990595611,0.3498432601880877,0.7,0.0,0.0,0.0,0.0,12.2,0.0,11.5,25.67,1.269,0.011,74.4,1040.009,69.8,0.0,29.682,99.154,115.36362587603402,10.478257803211962
호소,대청호,회남,2020-03-30,9.0,7.6,10.8,3.2,2.9,3.2,0.0,0.0,0.0,0.0,0.0,0.0,0.2476489028213166,0.3504702194357367,0.7,0.0,0.0,0.0,0.0,12.2,0.0,11.5,25.67,,,74.4,1040.009,69.8,0.0,29.682,99.154,,10.478257803211962
호소,대청호,문의,2020-04-06,9.3,7.8,10.7,3.0,1.7,3.5,0.0,0.0,0.0,0.0,0.0,0.0,0.2445141065830721,0.3510971786833856,0.7,0.0,0.0,0.0,0.0,9.7,0.0,10.7,25.16,1.259,0.01,74.13,1023.905,68.7,0.0,29.118,42.866,125.89998741000126,23.830586975748265
호소,대청호,추동,2020-04-06,9.7,7.9,10.7,3.4,2.2,3.3,0.0,0.0,0.0,0.0,0.0,0.0,0.2413793103448276,0.3517241379310345,0.7,0.0,0.0,0.0,0.0,9.7,0.0,10.7,25.16,,,74.13,1023.905,68.7,0.0,29.118,42.866,,23.830586975748265
호소,대청호,회남,2020-04-06,9.1,7.8,10.4,3.2,2.2,2.7,0.0,0.0,0.0,0.0,0.0,0.0,0.2382445141065831,0.3523510971786834,0.7,0.0,0.0,0.0,0.0,9.7,0.0,10.7,25.16,,,74.13,1023.905,68.7,0.0,29.118,42.866,,23.830586975748265
호소,대청호,문의,2020-04-13,9.5,7.8,10.8,2.4,2.9,3.7,0.0,0.0,0.0,0.0,0.0,0.0,0.2351097178683385,0.3529780564263323,0.7,0.0,0.0,0.0,0.0,10.7,0.0,10.2,26.75,1.455,0.009,73.9,1010.303,67.8,0.1491,15.522,42.811,161.66664870370573,23.54414951877141
호소,대청호,추동,2020-04-13,10.6,7.8,10.4,3.1,3.0,2.8,0.0,0.0,0.0,0.0,0.0,0.0,0.231974921630094,0.3536050156739811,0.7,0.0,0.0,0.0,0.0,10.7,0.0,10.2,26.75,,,73.9,1010.303,67.8,0.1491,15.522,42.811,,23.54414951877141
호소,대청호,회남,2020-04-13,9.2,7.7,10.3,2.8,3.1,2.3,0.0,0.0,0.0,0.0,0.0,0.0,0.2288401253918496,0.3542319749216301,0.7,0.0,0.0,0.0,0.0,10.7,0.0,10.2,26.75,,,73.9,1010.303,67.8,0.1491,15.522,42.811,,23.54414951877141
호소,대청호,문의,2020-04-20,10.6,7.9,10.6,3.3,2.7,3.5,0.0,0.0,0.0,0.0,0.0,0.0,0.225705329153605,0.354858934169279,0.7,0.0,0.0,0.0,0.0,11.0,0.0,3.1,13.08,1.377,0.013,73.7,998.563,67.0,0.3031,38.007,44.779,105.92306877514856,22.250116981216156
호소,대청호,추동,2020-04-20,10.6,7.7,9.8,3.2,3.2,3.3,0.0,0.0,0.0,0.0,0.0,0.0,0.2225705329153605,0.3554858934169279,0.7,0.0,0.0,0.0,0.0,11.0,0.0,3.1,13.08,,,73.7,998.563,67.0,0.3031,38.007,44.779,,22.250116981216156
호소,대청호,회남,2020-04-20,9.4,7.5,9.3,4.2,2.7,2.9,0.0,0.0,0.0,0.0,0.0,0.0,0.219435736677116,0.3561128526645768,0.7,0.0,0.0,0.0,0.0,11.0,0.0,3.1,13.08,,,73.7,998.563,67.0,0.3031,38.007,44.779,,22.250116981216156
호소,대청호,추동,2020-04-27,10.6,7.7,10.4,2.1,3.4,2.9,0.0,0.0,0.0,0.0,0.0,0.0,0.2163009404388715,0.3567398119122257,0.7,0.0,0.0,0.0,0.0,12.1,0.0,9.3,20.92,,,73.48,985.742,66.2,0.0,16.136,49.761,,19.769800044122658
호소,대청호,문의,2020-04-27,10.8,7.8,10.8,2.2,3.4,2.9,0.0,0.0,0.0,0.0,0.0,0.0,0.2131661442006269,0.3573667711598746,0.7,0.0,0.0,0.0,0.0,12.1,0.0,9.3,20.92,1.387,0.01,73.48,985.742,66.2,0.0,16.136,49.761,138.6999861300014,19.769800044122658
호소,대청호,회남,2020-04-27,9.9,7.6,9.5,4.0,2.9,1.8,0.0,0.0,0.0,0.0,0.0,0.0,0.2100313479623824,0.3579937304075235,0.7,0.0,0.0,0.0,0.0,12.1,0.0,9.3,20.92,,,73.48,985.742,66.2,0.0,16.136,49.761,,19.769800044122658
호소,대청호,추동,2020-05-04,13.2,8.0,10.3,2.6,3.8,2.8,0.0,0.0,0.0,0.0,0.0,0.0,0.206896551724138,0.3586206896551724,0.7,0.0,0.0,0.0,0.0,20.6,0.0,8.6,21.53,,,73.21,970.141,65.1,0.0,19.244,45.888,,21.09552491954423
호소,대청호,회남,2020-05-04,12.1,7.7,9.7,5.1,5.2,1.4,0.0,0.0,0.0,0.0,0.0,0.0,0.2037617554858934,0.3592476489028213,0.7,0.0,0.0,0.0,0.0,20.6,0.0,8.6,21.53,,,73.21,970.141,65.1,0.0,19.244,45.888,,21.09552491954423
호소,대청호,문의,2020-05-04,14.0,7.9,10.7,3.1,3.5,2.7,0.0,0.0,0.0,0.0,0.0,0.0,0.2006269592476489,0.3598746081504702,0.7,0.0,0.0,0.0,0.0,20.6,0.0,8.6,21.53,1.586,0.013,73.21,970.141,65.1,0.0,19.244,45.888,121.99999061538536,21.09552491954423
호소,대청호,추동,2020-05-11,13.3,7.9,10.1,3.1,3.9,2.6,0.0,0.0,0.0,0.0,0.0,0.0,0.1974921630094044,0.3605015673981191,0.7,0.0,0.0,0.0,0.0,18.5,0.0,10.6,27.85,,,73.02,959.251,64.4,0.0,31.012,44.241,,21.633499470016464
호소,대청호,회남,2020-05-11,11.6,7.5,8.6,5.2,3.0,1.5,0.0,0.0,0.0,0.0,0.0,0.0,0.1943573667711599,0.361128526645768,0.7,0.0,0.0,0.0,0.0,18.5,0.0,10.6,27.85,,,73.02,959.251,64.4,0.0,31.012,44.241,,21.633499470016464
호소,대청호,문의,2020-05-11,14.5,7.9,10.2,3.5,4.4,3.8,0.0,0.0,0.0,0.0,0.0,0.0,0.1912225705329153,0.3617554858934169,0.7,0.0,0.0,0.0,0.0,18.5,0.0,10.6,27.85,1.271,0.011,73.02,959.251,64.4,0.0,31.012,44.241,115.54544404132328,21.633499470016464
호소,대청호,추동,2020-05-18,14.2,7.9,9.5,4.0,3.4,3.0,0.0,0.0,0.0,0.0,0.0,0.0,0.1880877742946708,0.3623824451410659,0.7,0.0,0.0,0.0,0.0,20.2,7.6,8.0,22.43,,,72.9,952.41,63.9,20.5794,59.037,45.873,,20.716725034259238
호소,대청호,문의,2020-05-18,15.4,8.0,10.3,4.2,3.1,4.7,0.0,0.0,0.0,0.0,0.0,0.0,0.1849529780564264,0.3630094043887147,0.7,0.0,0.0,0.0,0.0,20.2,7.6,8.0,22.43,1.417,0.014,72.9,952.41,63.9,20.5794,59.037,45.873,101.2142784846944,20.716725034259238
호소,대청호,회남,2020-05-18,12.7,7.8,8.5,4.3,4.7,2.0,0.0,0.0,0.0,0.0,0.0,0.0,0.1818181818181818,0.3636363636363636,0.7,0.0,0.0,0.0,0.0,20.2,7.6,8.0,22.43,,,72.9,952.41,63.9,20.5794,59.037,45.873,,20.716725034259238
호소,대청호,문의,2020-05-25,16.0,8.2,10.4,4.9,3.4,10.1,0.0,0.0,0.0,0.0,0.0,0.0,0.1786833855799373,0.3642633228840125,0.7,0.0,0.0,0.0,0.0,17.8,0.0,2.8,15.39,1.315,0.009,72.84,949.0,63.7,0.0,33.244,46.39,146.11109487654502,20.412992041299205
호소,대청호,추동,2020-05-25,13.9,8.1,9.6,3.7,3.2,7.1,0.0,0.0,0.0,0.0,0.0,0.0,0.1755485893416928,0.3648902821316614,0.7,0.0,0.0,0.0,0.0,17.8,0.0,2.8,15.39,,,72.84,949.0,63.7,0.0,33.244,46.39,,20.412992041299205
호소,대청호,회남,2020-05-25,12.5,7.9,8.1,4.4,3.7,3.1,0.0,0.0,0.0,0.0,0.0,0.0,0.1724137931034483,0.3655172413793103,0.7,0.0,0.0,0.0,0.0,17.8,0.0,2.8,15.39,,,72.84,949.0,63.7,0.0,33.244,46.39,,20.412992041299205
호소,대청호,문의,2020-06-01,17.4,8.1,10.0,5.5,3.2,4.5,0.0,0.0,0.0,0.0,0.0,0.0,0.1692789968652037,0.3661442006269593,0.7,0.0,0.0,0.0,0.0,21.1,0.6,11.6,31.05,1.446,0.022,72.54,952.503,62.6,0.4308,12.661,59.159,65.72726973966957,16.073558446818204
호소,대청호,추동,2020-06-01,15.3,8.0,9.1,4.8,3.0,5.7,0.0,0.0,0.0,0.0,0.0,0.0,0.1661442006269592,0.3667711598746082,0.7,0.0,0.0,0.0,0.0,21.1,0.6,11.6,31.05,,,72.54,952.503,62.6,0.4308,12.661,59.159,,16.073558446818204
호소,대청호,회남,2020-06-01,14.2,8.0,8.2,3.6,4.3,8.1,70.0,0.0,70.0,0.0,0.0,0.0,0.1630094043887148,0.367398119122257,0.7,0.0,0.0,0.0,0.0,21.1,0.6,11.6,31.05,,,72.54,952.503,62.6,0.4308,12.661,59.159,,16.073558446818204
호소,대청호,추동,2020-06-08,17.1,8.2,9.1,2.9,2.7,4.5,0.0,0.0,0.0,0.0,0.0,0.0,0.1598746081504702,0.3680250783699059,0.7,0.0,0.0,0.0,0.0,26.2,0.0,12.8,29.28,,,72.08,906.43,60.8,0.0,13.775,65.015,,13.92044843738002
호소,대청호,회남,2020-06-08,15.9,8.2,7.6,2.7,5.0,3.0,366.0,0.0,366.0,0.0,0.0,0.0,0.1567398119122257,0.3686520376175549,0.7,0.0,0.0,0.0,0.0,26.2,0.0,12.8,29.28,,,72.08,906.43,60.8,0.0,13.775,65.015,,13.92044843738002
호소,대청호,문의,2020-06-08,19.4,8.3,10.0,7.2,1.9,1.8,0.0,0.0,0.0,0.0,0.0,0.0,0.1536050156739812,0.3692789968652038,0.7,0.0,0.0,0.0,0.0,26.2,0.0,12.8,29.28,1.286,0.032,72.08,906.43,60.8,0.0,13.775,65.015,40.18749874414066,13.92044843738002
호소,대청호,회남,2020-06-15,15.9,8.2,6.0,2.4,7.6,3.0,348.0,280.0,0.0,68.0,0.0,0.0,0.1504702194357366,0.3699059561128527,0.7,0.0,0.0,0.0,0.0,23.3,0.0,12.4,28.35,,,73.32,976.48,65.5,0.0,464.909,55.096,,17.691137038915866
호소,대청호,문의,2020-06-15,20.0,8.2,9.7,6.4,2.1,2.2,0.0,0.0,0.0,0.0,0.0,0.0,0.1473354231974921,0.3705329153605016,0.7,0.0,0.0,0.0,0.0,23.3,0.0,12.4,28.35,1.371,0.017,73.32,976.48,65.5,0.0,464.909,55.096,80.64705407958505,17.691137038915866
호소,대청호,추동,2020-06-15,17.6,8.3,9.2,1.5,4.1,6.8,0.0,0.0,0.0,0.0,0.0,0.0,0.1442006269592477,0.3711598746081505,0.7,0.0,0.0,0.0,0.0,23.3,0.0,12.4,28.35,,,73.32,976.48,65.5,0.0,464.909,55.096,,17.691137038915866
호소,대청호,회남,2020-06-22,16.9,8.1,6.5,1.9,3.8,2.3,206.0,160.0,46.0,0.0,0.0,0.0,0.1410658307210032,0.3717868338557993,0.7,0.0,0.0,0.0,0.0,27.2,0.0,13.4,30.93,,,73.41,981.684,65.9,0.0,39.986,60.105,,16.305688896271075
호소,대청호,문의,2020-06-22,22.4,8.7,10.0,5.5,2.2,5.3,0.0,0.0,0.0,0.0,0.0,0.0,0.1379310344827586,0.3724137931034483,0.7,0.0,0.0,0.0,0.0,27.2,0.0,13.4,30.93,1.284,0.016,73.41,981.684,65.9,0.0,39.986,60.105,80.24999498437532,16.305688896271075
호소,대청호,추동,2020-06-22,19.9,8.3,8.4,3.6,2.8,4.7,180.0,180.0,0.0,0.0,0.0,0.0,0.1347962382445141,0.3730407523510972,0.7,0.0,0.0,0.0,0.0,27.2,0.0,13.4,30.93,,,73.41,981.684,65.9,0.0,39.986,60.105,,16.305688896271075
호소,대청호,추동,2020-06-29,20.1,8.2,7.6,2.8,2.9,5.0,344.0,280.0,64.0,0.0,0.0,0.0,0.1316614420062696,0.3736677115987461,0.7,0.0,0.0,0.0,0.0,22.4,41.5,0.4,10.18,,,73.17,967.843,65.0,34.7162,66.525,53.236,,18.146148942552873
호소,대청호,회남,2020-06-29,16.0,8.4,6.9,1.3,4.6,10.7,460.0,460.0,0.0,0.0,0.0,0.0,0.128526645768025,0.374294670846395,0.7,0.0,0.0,0.0,0.0,22.4,41.5,0.4,10.18,,,73.17,967.843,65.0,34.7162,66.525,53.236,,18.146148942552873
호소,대청호,문의,2020-06-29,22.0,8.5,9.6,4.6,2.4,6.0,0.0,0.0,0.0,0.0,0.0,0.0,0.1253918495297805,0.3749216300940439,0.7,0.0,0.0,0.0,0.0,22.4,41.5,0.4,10.18,1.277,0.027,73.17,967.843,65.0,34.7162,66.525,53.236,47.296294544581684,18.146148942552873
호소,대청호,회남,2020-07-06,16.7,7.7,3.5,1.6,4.9,7.0,72.0,36.0,0.0,0.0,36.0,0.0,0.1222570532915361,0.3755485893416928,0.7,0.0,0.0,0.0,0.0,24.3,0.2,5.0,19.73,,,72.39,923.656,62.0,30.6228,49.453,159.721,,5.779315609337947
호소,대청호,추동,2020-07-06,21.0,8.4,7.9,2.6,5.0,8.5,236.0,160.0,76.0,0.0,0.0,0.0,0.1191222570532916,0.3761755485893417,0.7,0.0,0.0,0.0,0.0,24.3,0.2,5.0,19.73,,,72.39,923.656,62.0,30.6228,49.453,159.721,,5.779315609337947
호소,대청호,문의,2020-07-06,23.5,8.3,9.4,3.9,2.7,6.6,198.0,0.0,72.0,0.0,126.0,0.0,0.115987460815047,0.3768025078369906,0.7,0.0,0.0,0.0,0.0,24.3,0.2,5.0,19.73,1.245,0.04,72.39,923.656,62.0,30.6228,49.453,159.721,31.124999221875022,5.779315609337947
호소,대청호,회남,2020-07-13,18.7,7.4,2.6,2.1,4.7,6.5,438.0,80.0,0.0,0.0,358.0,0.0,0.1128526645768025,0.3774294670846395,0.7,0.0,0.0,0.0,0.0,18.8,117.9,0.0,3.26,,,74.4,1040.009,69.8,86.0751,1824.759,176.664,,5.8836018646330706
호소,대청호,추동,2020-07-13,23.3,8.1,6.2,1.4,4.6,7.7,170.0,0.0,118.0,0.0,52.0,0.0,0.109717868338558,0.3780564263322884,0.7,0.0,0.0,0.0,0.0,18.8,117.9,0.0,3.26,,,74.4,1040.009,69.8,86.0751,1824.759,176.664,,5.8836018646330706
호소,대청호,문의,2020-07-13,24.7,8.4,8.5,3.3,2.7,9.7,420.0,420.0,0.0,0.0,0.0,0.0,0.1065830721003134,0.3786833855799373,0.7,0.0,0.0,0.0,0.0,18.8,117.9,0.0,3.26,1.216,0.017,74.4,1040.009,69.8,86.0751,1824.759,176.664,71.52940755709366,5.8836018646330706
호소,대청호,문의,2020-07-20,24.3,8.5,7.0,3.1,4.1,9.8,814.0,120.0,282.0,0.0,412.0,0.0,0.1034482758620689,0.3793103448275862,0.7,0.0,0.0,0.0,0.0,24.5,20.2,0.2,4.44,1.313,0.034,75.04,1078.779,72.4,23.6289,169.897,505.661,38.61764592301041,2.1329817838860645
호소,대청호,회남,2020-07-20,18.4,7.5,6.4,1.3,14.0,10.1,976.0,380.0,92.0,0.0,504.0,0.0,0.1003134796238245,0.3799373040752351,0.7,0.0,0.0,0.0,0.0,24.5,20.2,0.2,4.44,,,75.04,1078.779,72.4,23.6289,169.897,505.661,,2.1329817838860645
호소,대청호,추동,2020-07-20,22.7,7.8,6.1,1.7,13.5,7.5,214.0,0.0,64.0,0.0,150.0,0.0,0.09717868338558,0.380564263322884,0.7,0.0,0.0,0.0,0.0,24.5,20.2,0.2,4.44,,,75.04,1078.779,72.4,23.6289,169.897,505.661,,2.1329817838860645
호소,대청호,회남,2020-07-27,20.3,8.1,8.1,1.4,17.9,17.4,3134.0,2720.0,240.0,0.0,174.0,0.0,0.0940438871473354,0.3811912225705329,0.7,0.0,0.0,0.0,0.0,24.4,2.6,0.3,11.05,,,75.7,1119.647,75.1,3.4418,587.659,791.498,,1.414413629140043
호소,대청호,문의,2020-07-27,23.6,8.1,5.3,2.9,6.4,9.9,580.0,580.0,0.0,0.0,0.0,0.0,0.0909090909090909,0.3818181818181818,0.7,0.0,0.0,0.0,0.0,24.4,2.6,0.3,11.05,1.572,0.026,75.7,1119.647,75.1,3.4418,587.659,791.498,60.46153613609477,1.414413629140043
호소,대청호,추동,2020-07-27,22.8,8.0,5.9,1.6,8.0,7.4,674.0,360.0,170.0,0.0,144.0,0.0,0.0877742946708464,0.3824451410658307,0.7,0.0,0.0,0.0,0.0,24.4,2.6,0.3,11.05,,,75.7,1119.647,75.1,3.4418,587.659,791.498,,1.414413629140043
호소,대청호,회남,2020-08-04,22.6,8.0,8.9,1.1,106.0,21.5,8934.0,8100.0,786.0,0.0,48.0,0.0,0.0846394984326018,0.3830721003134796,0.7,0.0,0.0,0.0,0.0,27.5,18.5,4.4,17.45,,,73.61,993.306,66.7,7.7525,420.762,1219.536,,0.8144282392451518
호소,대청호,문의,2020-08-04,22.7,8.3,6.8,1.5,14.1,12.9,2392.0,1940.0,416.0,0.0,36.0,0.0,0.0815047021943573,0.3836990595611285,0.7,0.0,0.0,0.0,0.0,27.5,18.5,4.4,17.45,1.691,0.05,73.61,993.306,66.7,7.7525,420.762,1219.536,33.819999323600015,0.8144282392451518
호소,대청호,추동,2020-08-04,21.8,8.0,6.3,0.5,38.7,11.5,0.0,0.0,0.0,0.0,0.0,0.0,0.0783699059561129,0.3843260188087775,0.7,0.0,0.0,0.0,0.0,27.5,18.5,4.4,17.45,,,73.61,993.306,66.7,7.7525,420.762,1219.536,,0.8144282392451518
호소,대청호,추동,2020-08-11,21.2,8.3,6.6,0.3,82.7,9.6,148.0,140.0,8.0,0.0,0.0,0.0,0.0752351097178684,0.3849529780564263,0.7,0.0,0.0,0.0,0.0,26.0,59.3,0.3,7.34,,,75.81,1126.546,75.6,51.1945,2882.408,2999.081,,0.3756178770137581
호소,대청호,회남,2020-08-12,21.4,8.4,8.9,0.2,104.0,2.3,0.0,0.0,0.0,0.0,0.0,0.0,0.0721003134796238,0.3855799373040752,0.7,0.0,0.0,0.0,0.0,27.3,17.5,1.7,10.77,,,74.41,1040.608,69.8,7.2129,1836.91,2831.561,,0.3674903175203529
호소,대청호,문의,2020-08-12,24.1,8.8,8.2,0.4,46.6,13.5,5068.0,3680.0,1166.0,56.0,166.0,0.0,0.0689655172413793,0.3862068965517241,0.7,0.0,0.0,0.0,0.0,27.3,17.5,1.7,10.77,,,74.41,1040.608,69.8,7.2129,1836.91,2831.561,,0.3674903175203529
호소,대청호,문의,2020-08-18,23.7,9.2,9.3,0.4,28.3,37.7,9870.0,5400.0,4298.0,136.0,36.0,0.0,0.0658307210031348,0.386833855799373,0.7,0.0,0.0,0.0,0.0,29.1,0.0,11.3,26.25,1.379,0.034,73.69,997.978,67.0,0.0,105.103,125.418,40.55882233650522,7.95087557163116
호소,대청호,추동,2020-08-18,22.0,9.4,8.3,0.6,29.8,7.1,190.0,120.0,18.0,0.0,52.0,0.0,0.0626959247648902,0.3874608150470219,0.7,0.0,0.0,0.0,0.0,29.1,0.0,11.3,26.25,2.278,0.013,73.69,997.978,67.0,0.0,105.103,125.418,175.23075575148033,7.95087557163116
호소,대청호,회남,2020-08-18,23.3,9.0,8.8,0.6,28.6,20.8,4004.0,3040.0,964.0,0.0,0.0,0.0,0.0595611285266458,0.3880877742946709,0.7,0.0,0.0,0.0,0.0,29.1,0.0,11.3,26.25,,,73.69,997.978,67.0,0.0,105.103,125.418,,7.95087557163116
호소,대청호,추동,2020-08-24,23.4,8.9,8.3,1.0,17.6,13.6,2376.0,2000.0,376.0,0.0,0.0,0.0,0.0564263322884013,0.3887147335423198,0.7,0.0,0.0,0.0,0.0,28.5,0.0,11.5,24.02,,,73.25,972.443,65.3,0.3852,66.149,246.968,,3.935932617740865
호소,대청호,문의,2020-08-24,24.1,9.0,8.9,1.2,14.3,15.9,8706.0,5660.0,2694.0,352.0,0.0,0.0,0.0532915360501567,0.3893416927899686,0.7,0.0,0.0,0.0,0.0,28.5,0.0,11.5,24.02,1.225,0.052,73.25,972.443,65.3,0.3852,66.149,246.968,23.557691854659776,3.935932617740865
호소,대청호,회남,2020-08-24,23.2,8.6,10.1,1.6,24.5,13.5,1510.0,1280.0,230.0,0.0,0.0,0.0,0.0501567398119122,0.3899686520376175,0.7,0.0,0.0,0.0,0.0,28.5,0.0,11.5,24.02,1.995,0.013,73.25,972.443,65.3,0.3852,66.149,246.968,153.46152665680566,3.935932617740865
호소,대청호,추동,2020-08-31,23.3,8.3,6.1,1.0,15.8,10.3,3692.0,3520.0,108.0,64.0,0.0,0.0,0.0470219435736677,0.3905956112852665,0.7,0.0,0.0,0.0,0.0,26.7,0.1,6.2,18.31,,,72.8,946.7308,63.5,1.0611,246.666,50.867,,18.575368375615597
호소,대청호,회남,2020-08-31,23.2,8.1,6.7,1.7,28.1,9.3,5238.0,5080.0,158.0,0.0,0.0,0.0,0.0438871473354232,0.3912225705329153,0.7,0.0,0.0,0.0,0.0,26.7,0.1,6.2,18.31,,,72.8,946.7308,63.5,1.0611,246.666,50.867,,18.575368375615597
호소,대청호,문의,2020-08-31,24.4,8.4,5.7,0.6,22.9,22.5,15276.0,14780.0,0.0,496.0,0.0,0.0,0.0407523510971786,0.3918495297805643,0.7,0.0,0.0,0.0,0.0,26.7,0.1,6.2,18.31,1.339,0.039,72.8,946.7308,63.5,1.0611,246.666,50.867,34.33333245299148,18.575368375615597
호소,대청호,회남,2020-09-08,23.1,6.9,6.8,0.5,43.6,9.3,2534.0,2500.0,34.0,0.0,0.0,0.0,0.0376175548589342,0.3924764890282132,0.7,0.0,0.0,0.0,0.0,24.3,0.2,11.0,23.34,,,71.91,897.064,60.2,0.1676,792.523,39.896,,22.428842884288425
호소,대청호,추동,2020-09-08,23.4,7.1,5.9,0.7,23.7,6.0,3980.0,3920.0,36.0,24.0,0.0,0.0,0.0344827586206897,0.3931034482758621,0.7,0.0,0.0,0.0,0.0,24.3,0.2,11.0,23.34,,,71.91,897.064,60.2,0.1676,792.523,39.896,,22.428842884288425
호소,대청호,문의,2020-09-08,23.6,6.9,6.6,0.5,17.9,9.7,7796.0,7720.0,0.0,76.0,0.0,0.0,0.0313479623824451,0.3937304075235109,0.7,0.0,0.0,0.0,0.0,24.3,0.2,11.0,23.34,1.476,0.045,71.91,897.064,60.2,0.1676,792.523,39.896,32.799999271111126,22.428842884288425
호소,대청호,추동,2020-09-14,23.5,8.1,6.7,0.8,20.2,14.9,3710.0,3520.0,190.0,0.0,0.0,0.0,0.0282131661442006,0.3943573667711599,0.7,0.0,0.0,0.0,0.0,21.9,0.0,10.8,21.57,,,73.45,984.002,66.0,0.0,120.553,40.175,,24.43207945375543
호소,대청호,문의,2020-09-14,23.6,8.2,6.8,0.8,20.6,14.5,9038.0,8480.0,242.0,316.0,0.0,0.0,0.0250783699059561,0.3949843260188088,0.7,0.0,0.0,0.0,0.0,21.9,0.0,10.8,21.57,1.451,0.061,73.45,984.002,66.0,0.0,120.553,40.175,23.78688485595271,24.43207945375543
호소,대청호,회남,2020-09-14,22.5,8.0,8.5,0.8,26.4,16.7,7402.0,7080.0,322.0,0.0,0.0,0.0,0.0219435736677116,0.3956112852664577,0.7,0.0,0.0,0.0,0.0,21.9,0.0,10.8,21.57,,,73.45,984.002,66.0,0.0,120.553,40.175,,24.43207945375543
호소,대청호,추동,2020-09-21,22.9,8.3,7.8,0.9,16.8,16.8,8064.0,7520.0,544.0,0.0,0.0,0.0,0.018808777429467,0.3962382445141066,0.7,0.0,0.0,0.0,0.0,18.0,0.0,11.4,19.87,,,73.83,1006.185,67.5,0.0,59.7,39.307,,25.533154008171135
호소,대청호,문의,2020-09-21,23.0,8.9,8.0,0.8,30.4,31.1,21174.0,19600.0,758.0,648.0,168.0,0.0,0.0156739811912226,0.3968652037617555,0.7,0.0,0.0,0.0,0.0,18.0,0.0,11.4,19.87,1.559,0.027,73.83,1006.185,67.5,0.0,59.7,39.307,57.74073860219487,25.533154008171135
호소,대청호,회남,2020-09-21,22.4,8.3,7.9,1.0,15.9,13.8,4998.0,4660.0,338.0,0.0,0.0,0.0,0.0125391849529781,0.3974921630094044,0.7,0.0,0.0,0.0,0.0,18.0,0.0,11.4,19.87,,,73.83,1006.185,67.5,0.0,59.7,39.307,,25.533154008171135
호소,대청호,회남,2020-09-28,22.2,8.6,7.0,1.1,14.5,10.8,3876.0,3760.0,116.0,0.0,0.0,0.0,0.0094043887147335,0.3981191222570533,0.7,0.0,0.0,0.0,0.0,18.9,0.0,11.3,20.77,,,73.84,1006.773,67.6,0.0,33.222,40.027,,25.08966531263239
호소,대청호,문의,2020-09-28,22.4,9.0,8.5,1.0,16.1,22.0,17258.0,16480.0,234.0,544.0,0.0,0.0,0.006269592476489,0.3987460815047022,0.7,0.0,0.0,0.0,0.0,18.9,0.0,11.3,20.77,,,73.84,1006.773,67.6,0.0,33.222,40.027,,25.08966531263239
호소,대청호,추동,2020-09-28,22.3,8.9,8.1,0.9,15.0,21.8,9138.0,8140.0,762.0,236.0,0.0,0.0,0.0031347962382445,0.3993730407523511,0.7,0.0,0.0,0.0,0.0,18.9,0.0,11.3,20.77,,,73.84,1006.773,67.6,0.0,33.222,40.027,,25.08966531263239
호소,대청호,문의,2020-10-05,22.1,8.7,7.6,0.9,16.5,11.5,22976.0,22700.0,0.0,276.0,0.0,0.0,0.0,0.4,0.7,0.0,0.0,0.0,0.0,13.6,0.0,10.6,18.54,1.378,0.03,73.8,1026.355,67.4,0.0,18.003,31.875,45.93333180222227,32.09867083659108
호소,대청호,회남,2020-10-05,21.8,8.3,5.9,1.6,10.6,6.8,3866.0,3600.0,122.0,144.0,0.0,0.0,0.0,0.4666666666666667,0.7,0.0,0.0,0.0,0.0,13.6,0.0,10.6,18.54,,,73.8,1026.355,67.4,0.0,18.003,31.875,,32.09867083659108
호소,대청호,추동,2020-10-05,22.1,8.1,8.3,1.1,11.0,17.9,5550.0,5260.0,138.0,152.0,0.0,0.0,0.0,0.5333333333333333,0.7,0.0,0.0,0.0,0.0,13.6,0.0,10.6,18.54,,,73.8,1026.355,67.4,0.0,18.003,31.875,,32.09867083659108
호소,대청호,문의,2020-10-07,21.9,9.0,9.7,0.8,22.8,14.7,31780.0,31680.0,0.0,100.0,0.0,0.0,0.0,0.6,0.7,0.0,0.0,0.0,0.0,16.8,0.0,8.3,16.9,,,73.78,1025.157,67.3,0.0,17.009,30.871,,33.100545671757445
호소,대청호,문의,2020-10-12,21.3,8.3,7.5,1.3,16.7,10.0,6604.0,6540.0,0.0,64.0,0.0,0.0,0.0,0.2,0.7,0.0,0.0,0.0,0.0,17.1,0.4,5.6,12.18,1.636,0.026,73.7,998.563,67.0,0.0,23.944,30.716,62.92307450295867,32.40404335410176
호소,대청호,회남,2020-10-12,21.3,8.1,5.8,1.5,10.3,8.3,2828.0,2666.0,138.0,24.0,0.0,0.0,0.0,0.2,0.7,0.0,0.0,0.0,0.0,17.1,0.4,5.6,12.18,,,73.7,998.563,67.0,0.0,23.944,30.716,,32.40404335410176
호소,대청호,추동,2020-10-12,21.4,8.3,8.6,1.2,10.6,13.1,4798.0,3960.0,662.0,176.0,0.0,0.0,0.0,0.2,0.7,0.0,0.0,0.0,0.0,17.1,0.4,5.6,12.18,,,73.7,998.563,67.0,0.0,23.944,30.716,,32.40404335410176
호소,대청호,문의,2020-10-15,20.7,8.0,7.3,1.2,10.5,8.1,3966.0,3880.0,50.0,36.0,0.0,0.0,0.0,0.2,0.7,0.0,0.0,0.0,0.0,11.4,0.0,7.2,15.39,,,73.64,995.057,66.8,0.0,17.628,31.146,,31.845900275235227
호소,대청호,문의,2020-10-19,20.2,7.8,6.8,1.3,7.4,6.3,2884.0,2860.0,0.0,24.0,0.0,0.0,0.0,0.2037946428571428,0.7,0.0,0.0,0.0,0.0,13.4,0.0,9.7,15.23,1.603,0.021,73.56,990.393,66.5,0.0,10.658,30.882,76.33332969841287,31.9667226131302
호소,대청호,회남,2020-10-19,20.5,7.9,7.4,1.8,6.3,5.4,212.0,120.0,0.0,92.0,0.0,0.0,0.0,0.2075892857142857,0.7,0.0,0.0,0.0,0.0,13.4,0.0,9.7,15.23,,,73.56,990.393,66.5,0.0,10.658,30.882,,31.9667226131302
호소,대청호,추동,2020-10-19,20.3,7.8,7.9,1.6,7.3,8.9,2454.0,2340.0,114.0,0.0,0.0,0.0,0.0,0.2113839285714285,0.7,0.0,0.0,0.0,0.0,13.4,0.0,9.7,15.23,,,73.56,990.393,66.5,0.0,10.658,30.882,,31.9667226131302
호소,대청호,추동,2020-10-26,19.0,7.8,8.3,1.9,6.1,11.8,934.0,882.0,52.0,0.0,0.0,0.0,0.0,0.2151785714285714,0.7,0.0,0.0,0.0,0.0,11.8,0.0,9.6,13.77,,,73.41,1003.148,67.3,0.0,17.377,31.064,,32.18932101142344
호소,대청호,문의,2020-10-26,19.4,7.8,7.0,1.8,4.4,5.0,680.0,680.0,0.0,0.0,0.0,0.0,0.0,0.2189732142857142,0.7,0.0,0.0,0.0,0.0,11.8,0.0,9.6,13.77,1.65,0.039,73.41,1003.148,67.3,0.0,17.377,31.064,42.30769122287971,32.18932101142344
호소,대청호,회남,2020-10-26,19.5,7.7,7.0,1.4,5.5,4.6,0.0,0.0,0.0,0.0,0.0,0.0,0.0,0.2227678571428571,0.7,0.0,0.0,0.0,0.0,11.8,0.0,9.6,13.77,,,73.41,1003.148,67.3,0.0,17.377,31.064,,32.18932101142344
호소,대청호,추동,2020-11-02,18.3,7.7,8.3,1.6,5.7,13.3,898.0,540.0,342.0,16.0,0.0,0.0,0.0,0.2265625,0.7,0.0,0.0,0.0,0.0,11.3,0.0,8.0,13.36,,,73.26,994.305,66.7,0.0552,15.007,28.622,,34.61823689158136
호소,대청호,문의,2020-11-02,18.6,7.7,6.9,2.2,4.4,8.0,272.0,272.0,0.0,0.0,0.0,0.0,0.0,0.2303571428571428,0.7,0.0,0.0,0.0,0.0,11.3,0.0,8.0,13.36,1.52,0.039,73.26,994.305,66.7,0.0552,15.007,28.622,38.97435797501646,34.61823689158136
호소,대청호,회남,2020-11-02,18.4,7.5,6.9,1.8,5.3,4.0,0.0,0.0,0.0,0.0,0.0,0.0,0.0,0.2341517857142857,0.7,0.0,0.0,0.0,0.0,11.3,0.0,8.0,13.36,,,73.26,994.305,66.7,0.0552,15.007,28.622,,34.61823689158136
호소,대청호,추동,2020-11-09,16.8,8.1,8.5,1.8,5.5,11.3,588.0,440.0,148.0,0.0,0.0,0.0,0.0,0.2379464285714286,0.7,0.0,0.0,0.0,0.0,7.2,0.0,9.2,13.13,,,73.11,985.508,66.1,0.0,14.99,28.534,,34.417405881120345
호소,대청호,회남,2020-11-09,16.9,8.0,7.5,2.1,10.3,7.1,0.0,0.0,0.0,0.0,0.0,0.0,0.0,0.2417410714285714,0.7,0.0,0.0,0.0,0.0,7.2,0.0,9.2,13.13,,,73.11,985.508,66.1,0.0,14.99,28.534,,34.417405881120345
호소,대청호,문의,2020-11-09,17.1,8.2,7.2,2.2,4.6,10.3,80.0,80.0,0.0,0.0,0.0,0.0,0.0,0.2455357142857143,0.7,0.0,0.0,0.0,0.0,7.2,0.0,9.2,13.13,1.472,0.027,73.11,985.508,66.1,0.0,14.99,28.534,54.5185164993142,34.417405881120345
호소,대청호,회남,2020-11-16,16.3,8.1,7.9,2.2,4.2,5.1,160.0,160.0,0.0,0.0,0.0,0.0,0.0,0.2493303571428571,0.7,0.0,0.0,0.0,0.0,11.3,0.0,6.8,9.26,,,72.97,977.34,65.6,0.0,28.68,28.68,,33.958999305072965
호소,대청호,추동,2020-11-16,16.4,8.2,8.4,1.9,4.0,9.2,722.0,620.0,102.0,0.0,0.0,0.0,0.0,0.253125,0.7,0.0,0.0,0.0,0.0,11.3,0.0,6.8,9.26,,,72.97,977.34,65.6,0.0,28.68,28.68,,33.958999305072965
호소,대청호,문의,2020-11-16,16.5,7.7,7.1,1.9,3.9,9.9,56.0,56.0,0.0,0.0,0.0,0.0,0.0,0.2569196428571428,0.7,0.0,0.0,0.0,0.0,11.3,0.0,6.8,9.26,1.386,0.019,72.97,977.34,65.6,0.0,28.68,28.68,72.94736458171765,33.958999305072965
호소,대청호,회남,2020-11-23,15.5,7.9,8.1,2.4,7.5,3.3,0.0,0.0,0.0,0.0,0.0,0.0,0.0,0.2607142857142857,0.7,0.0,0.0,0.0,0.0,3.9,0.0,7.7,10.93,,,72.95,976.176,65.5,0.0,8.625,28.831,,33.74152293387716
호소,대청호,문의,2020-11-23,15.5,8.0,7.6,1.9,4.7,7.7,0.0,0.0,0.0,0.0,0.0,0.0,0.0,0.2645089285714286,0.7,0.0,0.0,0.0,0.0,3.9,0.0,7.7,10.93,1.41,0.017,72.95,976.176,65.5,0.0,8.625,28.831,82.94117159169578,33.74152293387716
호소,대청호,추동,2020-11-23,15.1,7.8,8.6,1.8,6.3,6.5,734.0,680.0,54.0,0.0,0.0,0.0,0.0,0.2683035714285714,0.7,0.0,0.0,0.0,0.0,3.9,0.0,7.7,10.93,,,72.95,976.176,65.5,0.0,8.625,28.831,,33.74152293387716
호소,대청호,회남,2020-11-30,14.0,8.0,8.4,2.2,5.8,4.5,0.0,0.0,0.0,0.0,0.0,0.0,0.0,0.2720982142857143,0.7,0.0,0.0,0.0,0.0,1.2,0.0,8.9,11.15,,,72.81,968.054,65.0,0.0,17.39,30.792,,31.33672148128965
호소,대청호,문의,2020-11-30,13.9,8.3,8.0,2.3,4.0,6.0,0.0,0.0,0.0,0.0,0.0,0.0,0.0,0.2758928571428571,0.7,0.0,0.0,0.0,0.0,1.2,0.0,8.9,11.15,1.467,0.027,72.81,968.054,65.0,0.0,17.39,30.792,54.33333132098773,31.33672148128965
호소,대청호,추동,2020-11-30,13.5,8.2,9.1,2.4,4.8,8.0,0.0,0.0,0.0,0.0,0.0,0.0,0.0,0.2796875,0.7,0.0,0.0,0.0,0.0,1.2,0.0,8.9,11.15,,,72.81,968.054,65.0,0.0,17.39,30.792,,31.33672148128965
호소,대청호,회남,2020-12-07,12.5,7.6,8.7,1.9,5.3,4.7,0.0,0.0,0.0,0.0,0.0,0.0,0.0,0.2834821428571428,0.7,0.0,0.0,0.0,0.0,2.8,0.0,0.3,3.53,,,72.64,958.245,64.3,0.0,10.843,30.828,,30.98308975685463
호소,대청호,문의,2020-12-07,12.9,7.6,8.1,2.6,3.4,4.4,0.0,0.0,0.0,0.0,0.0,0.0,0.0,0.2872767857142857,0.7,0.0,0.0,0.0,0.0,2.8,0.0,0.3,3.53,1.621,0.023,72.64,958.245,64.3,0.0,10.843,30.828,70.47825780529314,30.98308975685463
호소,대청호,추동,2020-12-07,12.2,7.7,9.3,2.7,3.5,7.2,0.0,0.0,0.0,0.0,0.0,0.0,0.0,0.2910714285714286,0.7,0.0,0.0,0.0,0.0,2.8,0.0,0.3,3.53,,,72.64,958.245,64.3,0.0,10.843,30.828,,30.98308975685463
호소,대청호,회남,2020-12-14,11.0,7.8,9.1,2.5,5.2,4.0,0.0,0.0,0.0,0.0,0.0,0.0,0.0,0.2948660714285714,0.7,0.0,0.0,0.0,0.0,-4.7,0.0,8.8,11.16,,,72.47,948.495,63.7,0.0,10.672,30.535,,30.96115554104782
호소,대청호,추동,2020-12-14,11.0,7.9,9.6,2.6,3.3,6.5,0.0,0.0,0.0,0.0,0.0,0.0,0.0,0.2986607142857143,0.7,0.0,0.0,0.0,0.0,-4.7,0.0,8.8,11.16,,,72.47,948.495,63.7,0.0,10.672,30.535,,30.96115554104782
호소,대청호,문의,2020-12-14,11.4,8.0,8.9,2.6,3.0,5.5,0.0,0.0,0.0,0.0,0.0,0.0,0.0,0.3024553571428571,0.7,0.0,0.0,0.0,0.0,-4.7,0.0,8.8,11.16,1.396,0.018,72.47,948.495,63.7,0.0,10.672,30.535,77.55555124691382,30.96115554104782
호소,대청호,추동,2020-12-21,9.0,8.4,10.4,2.9,2.5,5.4,0.0,0.0,0.0,0.0,0.0,0.0,0.0,0.30625,0.7,0.0,0.0,0.0,0.0,0.4,0.0,4.2,7.04,,,72.29,938.237,63.0,0.055,11.021,30.756,,30.406954887218042
호소,대청호,회남,2020-12-21,9.6,8.4,9.8,3.1,4.0,3.0,0.0,0.0,0.0,0.0,0.0,0.0,0.0,0.3100446428571428,0.7,0.0,0.0,0.0,0.0,0.4,0.0,4.2,7.04,,,72.29,938.237,63.0,0.055,11.021,30.756,,30.406954887218042
호소,대청호,문의,2020-12-21,9.9,8.5,9.4,3.4,2.8,3.5,0.0,0.0,0.0,0.0,0.0,0.0,0.0,0.3138392857142857,0.7,0.0,0.0,0.0,0.0,0.4,0.0,4.2,7.04,1.338,0.018,72.29,938.237,63.0,0.055,11.021,30.756,74.33332920370394,30.406954887218042
호소,대청호,추동,2020-12-28,8.9,9.0,10.9,3.6,2.5,4.1,0.0,0.0,0.0,0.0,0.0,0.0,0.0,0.3176339285714286,0.7,0.0,0.0,0.0,0.0,5.4,0.0,7.0,9.55,,,72.13,929.174,62.4,0.0,17.738,30.816,,30.05479363436408
호소,대청호,문의,2020-12-28,9.4,9.7,10.5,3.4,2.1,4.7,0.0,0.0,0.0,0.0,0.0,0.0,0.0,0.3214285714285714,0.7,0.0,0.0,0.0,0.0,5.4,0.0,7.0,9.55,,,72.13,929.174,62.4,0.0,17.738,30.816,,30.05479363436408
호소,대청호,회남,2020-12-28,8.9,8.7,10.5,3.8,3.3,2.0,0.0,0.0,0.0,0.0,0.0,0.0,0.0,0.3252232142857143,0.7,0.0,0.0,0.0,0.0,5.4,0.0,7.0,9.55,,,72.13,929.174,62.4,0.0,17.738,30.816,,30.05479363436408
호소,대청호,추동,2021-01-04,8.342857142857143,8.7,10.7,3.7714285714285714,3.1714285714285717,2.3,0.0,0.0,0.0,0.0,0.0,0.0,0.0,0.3290178571428571,0.7,0.0,0.0,0.0,0.0,-2.8,0.0,5.7,8.09,,,71.91,916.799,61.5,0.1212,11.011,30.475,,29.985249386753882
호소,대청호,회남,2021-01-04,7.7857142857142865,8.7,10.9,3.742857142857143,3.0428571428571427,2.6,0.0,0.0,0.0,0.0,0.0,0.0,0.0,0.3328125,0.7,0.0,0.0,0.0,0.0,-2.8,0.0,5.7,8.09,,,71.91,916.799,61.5,0.1212,11.011,30.475,,29.985249386753882
호소,대청호,문의,2021-01-04,7.228571428571429,8.7,11.1,3.7142857142857135,2.914285714285714,2.9,0.0,0.0,0.0,0.0,0.0,0.0,0.0,0.3366071428571429,0.7,0.0,0.0,0.0,0.0,-2.8,0.0,5.7,8.09,,,71.91,916.799,61.5,0.1212,11.011,30.475,,29.985249386753882
호소,대청호,문의,2021-01-11,6.671428571428572,8.7,11.3,3.6857142857142855,2.7857142857142856,3.2,0.0,0.0,0.0,0.0,0.0,0.0,0.0,0.3404017857142857,0.7,0.0,0.0,0.0,0.0,-6.0,0.0,0.3,4.91,,,71.72,906.191,60.8,0.0,11.938,31.266,,28.890869093923357
호소,대청호,추동,2021-01-11,6.114285714285715,8.7,11.5,3.657142857142857,2.657142857142857,3.5,0.0,0.0,0.0,0.0,0.0,0.0,0.0,0.3441964285714285,0.7,0.0,0.0,0.0,0.0,-6.0,0.0,0.3,4.91,,,71.72,906.191,60.8,0.0,11.938,31.266,,28.890869093923357
호소,대청호,회남,2021-01-11,5.557142857142857,8.7,11.7,3.628571428571429,2.5285714285714285,3.8,0.0,0.0,0.0,0.0,0.0,0.0,0.0,0.3479910714285714,0.7,0.0,0.0,0.0,0.0,-6.0,0.0,0.3,4.91,,,71.72,906.191,60.8,0.0,11.938,31.266,,28.890869093923357
호소,대청호,추동,2021-01-18,5.0,8.7,11.9,3.6,2.4,4.1,0.0,0.0,0.0,0.0,0.0,0.0,0.0,0.3517857142857142,0.7,0.0,0.0,0.0,0.0,-1.5,3.3,2.3,5.97,,,71.53,895.6574,60.1,1.1927,14.644,33.837,,26.391767097857795
호소,대청호,회남,2021-01-18,5.7,8.8,11.5,4.0,2.2,3.3,0.0,0.0,0.0,0.0,0.0,0.0,0.0,0.3555803571428572,0.7,0.0,0.0,0.0,0.0,-1.5,3.3,2.3,5.97,,,71.53,895.6574,60.1,1.1927,14.644,33.837,,26.391767097857795
호소,대청호,문의,2021-01-18,5.9,9.0,11.5,3.9,2.0,5.5,0.0,0.0,0.0,0.0,0.0,0.0,0.0,0.359375,0.7,0.0,0.0,0.0,0.0,-1.5,3.3,2.3,5.97,1.301,0.007,71.53,895.6574,60.1,1.1927,14.644,33.837,185.85711630612622,26.391767097857795
호소,대청호,추동,2021-01-25,5.3,8.3,12.1,3.4,2.7,4.1,0.0,0.0,0.0,0.0,0.0,0.0,0.0,0.3631696428571428,0.7,0.0,0.0,0.0,0.0,8.3,0.0,8.3,10.81,,,71.4,888.493,59.63,0.0,24.418,30.782,,28.770578330419013
호소,대청호,문의,2021-01-25,6.1,8.0,11.6,3.3,1.9,4.6,0.0,0.0,0.0,0.0,0.0,0.0,0.0,0.3669642857142857,0.7,0.0,0.0,0.0,0.0,8.3,0.0,8.3,10.81,1.234,0.021,71.4,888.493,59.63,0.0,24.418,30.782,58.76190196371895,28.770578330419013
호소,대청호,문의,2021-01-25,6.1,8.0,11.6,3.3,1.9,4.6,0.0,0.0,0.0,0.0,0.0,0.0,0.0,0.3669642857142857,0.7,0.0,0.0,0.0,0.0,8.3,0.0,8.3,10.81,1.266,0.02,71.4,888.493,59.63,0.0,24.418,30.782,63.29999683500016,28.770578330419013
호소,대청호,회남,2021-01-25,5.5,8.6,11.5,4.0,2.9,3.0,0.0,0.0,0.0,0.0,0.0,0.0,0.0,0.3707589285714285,0.7,0.0,0.0,0.0,0.0,8.3,0.0,8.3,10.81,,,71.4,888.493,59.63,0.0,24.418,30.782,,28.770578330419013
호소,대청호,추동,2021-02-01,5.1,7.7,12.1,3.2,2.7,4.7,0.0,0.0,0.0,0.0,0.0,0.0,0.0,0.3745535714285714,0.7,0.0,0.0,0.0,0.0,7.3,8.1,3.1,7.52,,,71.21,878.084,58.93,7.9907,12.932,31.896,,27.44355544443055
호소,대청호,문의,2021-02-01,5.6,7.8,11.6,3.7,2.6,5.1,0.0,0.0,0.0,0.0,0.0,0.0,0.0,0.3783482142857143,0.7,0.0,0.0,0.0,0.0,7.3,8.1,3.1,7.52,1.363,0.017,71.21,878.084,58.93,7.9907,12.932,31.896,80.1764658719726,27.44355544443055
호소,대청호,회남,2021-02-01,5.1,7.6,11.7,4.0,2.9,3.6,0.0,0.0,0.0,0.0,0.0,0.0,0.0,0.3821428571428571,0.7,0.0,0.0,0.0,0.0,7.3,8.1,3.1,7.52,,,71.21,878.084,58.93,7.9907,12.932,31.896,,27.44355544443055
호소,대청호,추동,2021-02-08,4.8,7.8,13.6,3.5,2.4,4.7,0.0,0.0,0.0,0.0,0.0,0.0,0.0,0.3859375,0.7,0.0,0.0,0.0,0.0,-1.7,0.0,9.8,15.57,,,71.04,868.834,58.3,0.0,12.619,31.462,,27.527849946137756
호소,대청호,문의,2021-02-08,5.3,7.7,13.2,3.6,2.3,5.8,0.0,0.0,0.0,0.0,0.0,0.0,0.0,0.3897321428571428,0.7,0.0,0.0,0.0,0.0,-1.7,0.0,9.8,15.57,1.309,0.007,71.04,868.834,58.3,0.0,12.619,31.462,186.99997328571808,27.527849946137756
호소,대청호,회남,2021-02-08,4.8,7.9,13.1,3.5,2.5,6.6,0.0,0.0,0.0,0.0,0.0,0.0,0.0,0.3935267857142857,0.7,0.0,0.0,0.0,0.0,-1.7,0.0,9.8,15.57,,,71.04,868.834,58.3,0.0,12.619,31.462,,27.527849946137756
호소,대청호,회남,2021-02-15,4.9,8.0,12.7,3.2,1.6,9.6,0.0,0.0,0.0,0.0,0.0,0.0,0.0,0.3973214285714286,0.7,0.0,0.0,0.0,0.0,3.0,0.5,4.7,7.48,,,70.85,858.567,57.6,1.4491,12.613,31.32,,27.325493316359005
호소,대청호,문의,2021-02-15,5.6,7.8,12.6,3.1,1.4,5.4,0.0,0.0,0.0,0.0,0.0,0.0,0.0,0.4011160714285714,0.7,0.0,0.0,0.0,0.0,3.0,0.5,4.7,7.48,1.283,0.013,70.85,858.567,57.6,1.4491,12.613,31.32,98.6923001005923,27.325493316359005
호소,대청호,추동,2021-02-15,5.4,7.9,12.9,3.2,1.7,9.7,0.0,0.0,0.0,0.0,0.0,0.0,0.0,0.4049107142857143,0.7,0.0,0.0,0.0,0.0,3.0,0.5,4.7,7.48,,,70.85,858.567,57.6,1.4491,12.613,31.32,,27.325493316359005
호소,대청호,문의,2021-02-22,5.8,7.8,12.9,2.8,2.0,9.0,0.0,0.0,0.0,0.0,0.0,0.0,0.0,0.4087053571428571,0.7,0.0,0.0,0.0,0.0,11.7,0.0,10.1,14.94,1.262,0.01,70.67,848.908,56.97,0.0,7.303,32.079,126.19998738000126,26.380807358836506
호소,대청호,추동,2021-02-22,5.2,7.9,13.1,2.6,2.8,10.7,0.0,0.0,0.0,0.0,0.0,0.0,0.0,0.4125,0.7,0.0,0.0,0.0,0.0,11.7,0.0,10.1,14.94,,,70.67,848.908,56.97,0.0,7.303,32.079,,26.380807358836506
호소,대청호,회남,2021-02-22,5.1,8.1,13.3,3.0,2.1,13.3,0.0,0.0,0.0,0.0,0.0,0.0,0.0,0.4162946428571429,0.7,0.0,0.0,0.0,0.0,11.7,0.0,10.1,14.94,,,70.67,848.908,56.97,0.0,7.303,32.079,,26.380807358836506
호소,대청호,추동,2021-03-02,5.9,7.9,13.0,2.9,2.7,7.1,0.0,0.0,0.0,0.0,0.0,0.0,0.0,0.4200892857142857,0.7,0.0,0.0,0.0,0.0,3.0,0.2,2.5,8.27,,,70.58,844.103,56.7,1.872,68.165,31.201,,26.96728539024312
호소,대청호,문의,2021-03-02,5.8,7.8,12.0,3.5,1.8,5.0,0.0,0.0,0.0,0.0,0.0,0.0,0.0,0.4238839285714286,0.7,0.0,0.0,0.0,0.0,3.0,0.2,2.5,8.27,1.245,0.007,70.58,844.103,56.7,1.872,68.165,31.201,177.85711744898322,26.96728539024312
호소,대청호,회남,2021-03-02,5.0,8.0,12.8,2.8,2.6,10.4,0.0,0.0,0.0,0.0,0.0,0.0,0.0,0.4276785714285714,0.7,0.0,0.0,0.0,0.0,3.0,0.2,2.5,8.27,,,70.58,844.103,56.7,1.872,68.165,31.201,,26.96728539024312
호소,대청호,추동,2021-03-08,6.7,8.0,12.5,2.5,2.2,4.3,0.0,0.0,0.0,0.0,0.0,0.0,0.0,0.4314732142857143,0.7,0.0,0.0,0.0,0.0,8.0,0.0,9.7,18.52,,,70.78,854.802,57.4,0.0,19.045,31.481,,27.06697064690795
호소,대청호,회남,2021-03-08,5.6,8.0,12.9,3.2,1.9,5.6,0.0,0.0,0.0,0.0,0.0,0.0,0.0,0.4352678571428571,0.7,0.0,0.0,0.0,0.0,8.0,0.0,9.7,18.52,,,70.78,854.802,57.4,0.0,19.045,31.481,,27.06697064690795
호소,대청호,문의,2021-03-08,6.6,7.9,12.3,3.6,1.8,3.9,0.0,0.0,0.0,0.0,0.0,0.0,0.0,0.4390625,0.7,0.0,0.0,0.0,0.0,8.0,0.0,9.7,18.52,1.213,0.012,70.78,854.802,57.4,0.0,19.045,31.481,101.08332490972293,27.06697064690795
호소,대청호,문의,2021-03-15,6.9,7.8,12.1,2.5,1.6,3.2,0.0,0.0,0.0,0.0,0.0,0.0,0.0,0.4428571428571428,0.7,0.0,0.0,0.0,0.0,11.8,0.0,8.6,16.61,1.216,0.013,70.82,856.952,57.5,0.055,43.872,31.427,93.53845434319582,27.18152694515812
호소,대청호,회남,2021-03-15,6.9,7.9,12.6,3.6,2.3,3.9,0.0,0.0,0.0,0.0,0.0,0.0,0.0,0.4466517857142857,0.7,0.0,0.0,0.0,0.0,11.8,0.0,8.6,16.61,,,70.82,856.952,57.5,0.055,43.872,31.427,,27.18152694515812
호소,대청호,추동,2021-03-15,7.3,8.0,12.6,2.9,2.7,4.4,0.0,0.0,0.0,0.0,0.0,0.0,0.0,0.4504464285714286,0.7,0.0,0.0,0.0,0.0,11.8,0.0,8.6,16.61,,,70.82,856.952,57.5,0.055,43.872,31.427,,27.18152694515812
호소,대청호,문의,2021-03-22,8.7,8.0,12.2,2.7,2.2,4.1,0.0,0.0,0.0,0.0,0.0,0.0,0.0,0.4542410714285714,0.7,0.0,0.0,0.0,0.0,7.1,0.0,11.2,20.01,1.231,0.011,70.78,854.802,57.4,0.0,18.75,31.186,111.90908073553814,27.322188838458096
호소,대청호,회남,2021-03-22,6.9,7.8,12.3,3.3,1.8,3.2,0.0,0.0,0.0,0.0,0.0,0.0,0.0,0.4580357142857142,0.7,0.0,0.0,0.0,0.0,7.1,0.0,11.2,20.01,,,70.78,854.802,57.4,0.0,18.75,31.186,,27.322188838458096
호소,대청호,추동,2021-03-22,7.4,7.9,12.0,2.0,2.3,3.8,0.0,0.0,0.0,0.0,0.0,0.0,0.0,0.4618303571428571,0.7,0.0,0.0,0.0,0.0,7.1,0.0,11.2,20.01,,,70.78,854.802,57.4,0.0,18.75,31.186,,27.322188838458096
호소,대청호,추동,2021-03-29,7.5,7.8,11.4,2.3,2.6,3.0,0.0,0.0,0.0,0.0,0.0,0.0,0.0,0.465625,0.7,0.0,0.0,0.0,0.0,12.2,0.0,7.9,17.36,,,70.71,851.048,57.1,0.0,31.474,31.474,,26.954076138595045
호소,대청호,문의,2021-03-29,10.2,8.0,12.1,2.7,2.2,5.4,0.0,0.0,0.0,0.0,0.0,0.0,0.0,0.4694196428571429,0.7,0.0,0.0,0.0,0.0,12.2,0.0,7.9,17.36,1.215,0.013,70.71,851.048,57.1,0.0,31.474,31.474,93.46153127218992,26.954076138595045
호소,대청호,회남,2021-03-29,8.3,7.8,11.7,3.2,2.1,2.8,0.0,0.0,0.0,0.0,0.0,0.0,0.0,0.4732142857142857,0.7,0.0,0.0,0.0,0.0,12.2,0.0,7.9,17.36,,,70.71,851.048,57.1,0.0,31.474,31.474,,26.954076138595045
호소,대청호,문의,2021-04-05,9.9,7.9,12.0,3.4,1.8,2.9,0.0,0.0,0.0,0.0,0.0,0.0,0.0,0.4770089285714285,0.7,0.0,0.0,0.0,0.0,11.6,0.0,12.2,25.14,1.229,0.015,70.91,861.801,57.8,0.0505,117.873,30.656,81.93332787111149,28.020581349980493
호소,대청호,회남,2021-04-05,8.8,7.7,11.6,2.9,2.3,2.5,0.0,0.0,0.0,0.0,0.0,0.0,0.0,0.4808035714285714,0.7,0.0,0.0,0.0,0.0,11.6,0.0,12.2,25.14,2.351,0.012,70.91,861.801,57.8,0.0505,117.873,30.656,195.91665034027915,28.020581349980493
호소,대청호,추동,2021-04-05,10.0,7.8,11.6,4.5,2.6,1.8,0.0,0.0,0.0,0.0,0.0,0.0,0.0,0.4845982142857143,0.7,0.0,0.0,0.0,0.0,11.6,0.0,12.2,25.14,2.203,0.015,70.91,861.801,57.8,0.0505,117.873,30.656,146.8666568755562,28.020581349980493
호소,대청호,회남,2021-04-12,9.1,7.9,11.3,2.0,3.5,3.7,0.0,0.0,0.0,0.0,0.0,0.0,0.0,0.4883928571428571,0.7,0.0,0.0,0.0,0.0,13.6,15.3,0.0,5.55,,,71.11,872.636,58.6,13.3883,31.244,31.244,,27.84060745278203
호소,대청호,추동,2021-04-12,10.9,7.9,10.9,3.3,3.1,1.7,0.0,0.0,0.0,0.0,0.0,0.0,0.0,0.4921875,0.7,0.0,0.0,0.0,0.0,13.6,15.3,0.0,5.55,,,71.11,872.636,58.6,13.3883,31.244,31.244,,27.84060745278203
호소,대청호,문의,2021-04-12,12.6,8.0,11.8,2.5,2.4,2.1,0.0,0.0,0.0,0.0,0.0,0.0,0.0,0.4959821428571428,0.7,0.0,0.0,0.0,0.0,13.6,15.3,0.0,5.55,1.183,0.016,71.11,872.636,58.6,13.3883,31.244,31.244,73.93749537890655,27.84060745278203
호소,대청호,추동,2021-04-19,10.8,7.8,10.6,3.0,3.5,1.9,0.0,0.0,0.0,0.0,0.0,0.0,0.0,0.4997767857142857,0.7,0.0,0.0,0.0,0.0,13.5,0.0,12.5,25.96,,,71.09,871.549,58.5,0.0,20.41,32.993,,26.33635512041821
호소,대청호,문의,2021-04-19,11.1,7.7,11.0,3.3,2.5,1.8,0.0,0.0,0.0,0.0,0.0,0.0,0.0,0.5035714285714286,0.7,0.0,0.0,0.0,0.0,13.5,0.0,12.5,25.96,1.078,0.008,71.09,871.549,58.5,0.0,20.41,32.993,134.7499831562521,26.33635512041821
호소,대청호,회남,2021-04-19,9.4,7.6,10.5,2.6,2.3,1.9,0.0,0.0,0.0,0.0,0.0,0.0,0.0,0.5073660714285715,0.7,0.0,0.0,0.0,0.0,13.5,0.0,12.5,25.96,,,71.09,871.549,58.5,0.0,20.41,32.993,,26.33635512041821
호소,대청호,추동,2021-04-26,12.7,7.9,10.0,4.1,3.0,3.1,0.0,0.0,0.0,0.0,0.0,0.0,0.0,0.5111607142857143,0.7,0.0,0.0,0.0,0.0,17.0,0.0,11.5,24.8,,,70.89,860.722,57.8,0.0,17.057,35.793,,23.98021898420305
호소,대청호,회남,2021-04-26,10.6,7.8,10.3,2.3,2.6,3.1,0.0,0.0,0.0,0.0,0.0,0.0,0.0,0.5149553571428571,0.7,0.0,0.0,0.0,0.0,17.0,0.0,11.5,24.8,,,70.89,860.722,57.8,0.0,17.057,35.793,,23.98021898420305
호소,대청호,문의,2021-04-26,14.5,7.9,10.6,4.5,1.9,1.9,0.0,0.0,0.0,0.0,0.0,0.0,0.0,0.51875,0.7,0.0,0.0,0.0,0.0,17.0,0.0,11.5,24.8,1.15,0.007,70.89,860.722,57.8,0.0,17.057,35.793,164.28569081632986,23.98021898420305
호소,대청호,회남,2021-05-03,10.5,7.8,9.4,3.6,2.3,2.0,0.0,0.0,0.0,0.0,0.0,0.0,0.0,0.5225446428571429,0.7,0.0,0.0,0.0,0.0,15.1,0.0,11.3,26.95,,,70.59,844.636,56.7,0.0663,15.918,46.799,,18.009680376980317
호소,대청호,문의,2021-05-03,13.7,8.1,10.4,4.0,2.0,3.6,0.0,0.0,0.0,0.0,0.0,0.0,0.0,0.5263392857142857,0.7,0.0,0.0,0.0,0.0,15.1,0.0,11.3,26.95,1.234,0.013,70.59,844.636,56.7,0.0663,15.918,46.799,94.92306962130235,18.009680376980317
호소,대청호,추동,2021-05-03,13.0,8.1,10.1,3.7,2.8,8.0,0.0,0.0,0.0,0.0,0.0,0.0,0.0,0.5301339285714286,0.7,0.0,0.0,0.0,0.0,15.1,0.0,11.3,26.95,,,70.59,844.636,56.7,0.0663,15.918,46.799,,18.009680376980317
호소,대청호,문의,2021-05-10,13.9,8.2,10.5,1.8,3.0,11.7,0.0,0.0,0.0,0.0,0.0,0.0,0.0,0.5339285714285714,0.7,0.0,0.0,0.0,0.0,12.5,11.1,0.5,4.57,1.241,0.012,70.3,829.263,55.7,12.0061,27.91,46.224,103.41665804861184,17.901368621017184
호소,대청호,추동,2021-05-10,13.7,8.3,10.2,2.0,3.5,11.0,0.0,0.0,0.0,0.0,0.0,0.0,0.0,0.5377232142857142,0.7,0.0,0.0,0.0,0.0,12.5,11.1,0.5,4.57,,,70.3,829.263,55.7,12.0061,27.91,46.224,,17.901368621017184
호소,대청호,회남,2021-05-10,10.9,7.9,9.0,2.9,2.3,4.9,0.0,0.0,0.0,0.0,0.0,0.0,0.0,0.5415178571428572,0.7,0.0,0.0,0.0,0.0,12.5,11.1,0.5,4.57,,,70.3,829.263,55.7,12.0061,27.91,46.224,,17.901368621017184
호소,대청호,추동,2021-05-17,14.7,8.2,9.6,2.0,4.3,8.8,0.0,0.0,0.0,0.0,0.0,0.0,0.0,0.5453125000000001,0.7,0.0,0.0,0.0,0.0,16.4,3.3,0.0,5.66,,,70.22,825.052,55.4,4.6873,76.376,45.995,,17.898947825143726
호소,대청호,회남,2021-05-17,12.4,7.9,8.3,2.5,4.1,4.7,0.0,0.0,0.0,0.0,0.0,0.0,0.0,0.5491071428571428,0.7,0.0,0.0,0.0,0.0,16.4,3.3,0.0,5.66,,,70.22,825.052,55.4,4.6873,76.376,45.995,,17.898947825143726
호소,대청호,문의,2021-05-17,16.3,8.3,9.8,3.0,2.4,8.1,0.0,0.0,0.0,0.0,0.0,0.0,0.0,0.5529017857142857,0.7,0.0,0.0,0.0,0.0,16.4,3.3,0.0,5.66,1.253,0.009,70.22,825.052,55.4,4.6873,76.376,45.995,139.22220675308816,17.898947825143726
호소,대청호,문의,2021-05-24,17.3,8.4,10.3,4.3,3.0,5.8,0.0,0.0,0.0,0.0,0.0,0.0,0.0,0.5566964285714286,0.7,0.0,0.0,0.0,0.0,20.2,0.0,7.9,22.54,1.333,0.008,70.4,834.544,56.0,0.0,40.287,46.413,166.6249791718776,17.942166706082173
호소,대청호,추동,2021-05-24,15.6,8.2,9.2,3.9,3.6,5.3,284.0,220.0,0.0,0.0,64.0,0.0,0.0,0.5604910714285715,0.7,0.0,0.0,0.0,0.0,20.2,0.0,7.9,22.54,,,70.4,834.544,56.0,0.0,40.287,46.413,,17.942166706082173
호소,대청호,회남,2021-05-24,12.8,8.0,8.2,2.7,3.4,4.3,0.0,0.0,0.0,0.0,0.0,0.0,0.0,0.5642857142857143,0.7,0.0,0.0,0.0,0.0,20.2,0.0,7.9,22.54,,,70.4,834.544,56.0,0.0,40.287,46.413,,17.942166706082173
호소,대청호,추동,2021-05-31,15.7,8.2,8.8,3.3,1.9,3.1,76.0,0.0,0.0,0.0,76.0,0.0,0.0,0.5680803571428572,0.7,0.0,0.0,0.0,0.0,20.7,7.1,5.0,17.04,,,70.54,841.973,56.5,7.8036,73.113,48.499,,17.324903804605032
호소,대청호,회남,2021-05-31,13.1,8.2,7.3,2.3,2.0,3.4,0.0,0.0,0.0,0.0,0.0,0.0,0.0,0.571875,0.7,0.0,0.0,0.0,0.0,20.7,7.1,5.0,17.04,,,70.54,841.973,56.5,7.8036,73.113,48.499,,17.324903804605032
호소,대청호,문의,2021-05-31,17.9,8.6,10.0,3.5,1.9,9.0,0.0,0.0,0.0,0.0,0.0,0.0,0.0,0.5756696428571428,0.7,0.0,0.0,0.0,0.0,20.7,7.1,5.0,17.04,1.431,0.009,70.54,841.973,56.5,7.8036,73.113,48.499,158.9999823333353,17.324903804605032
호소,대청호,문의,2021-06-07,19.0,8.8,9.8,2.8,1.7,5.5,144.0,28.0,0.0,0.0,116.0,0.0,0.0,0.5794642857142858,0.7,0.0,0.0,0.0,0.0,23.3,0.0,9.9,21.91,1.366,0.01,70.65,847.839,56.9,0.0,55.759,55.759,136.59998634000138,15.178198678816306
호소,대청호,회남,2021-06-07,14.5,8.5,6.8,2.0,2.2,5.3,648.0,648.0,0.0,0.0,0.0,0.0,0.0,0.5832589285714286,0.7,0.0,0.0,0.0,0.0,23.3,0.0,9.9,21.91,,,70.65,847.839,56.9,0.0,55.759,55.759,,15.178198678816306
호소,대청호,추동,2021-06-07,18.3,8.6,9.0,2.4,1.9,5.0,0.0,0.0,0.0,0.0,0.0,0.0,0.0,0.5870535714285714,0.7,0.0,0.0,0.0,0.0,23.3,0.0,9.9,21.91,,,70.65,847.839,56.9,0.0,55.759,55.759,,15.178198678816306
호소,대청호,추동,2021-06-14,19.2,8.6,8.5,2.6,1.9,6.9,0.0,0.0,0.0,0.0,0.0,0.0,0.0,0.5908482142857143,0.7,0.0,0.0,0.0,0.0,24.9,0.0,4.5,17.98,,,70.4,834.544,56.0,0.0,25.737,62.53,,13.32498802490819
호소,대청호,문의,2021-06-14,21.1,8.7,9.6,2.6,1.7,4.4,0.0,0.0,0.0,0.0,0.0,0.0,0.0,0.5946428571428571,0.7,0.0,0.0,0.0,0.0,24.9,0.0,4.5,17.98,1.215,0.009,70.4,834.544,56.0,0.0,25.737,62.53,134.9999850000017,13.32498802490819
호소,대청호,회남,2021-06-14,16.8,8.4,6.0,1.9,1.8,4.2,132.0,0.0,132.0,0.0,0.0,0.0,0.0,0.5984375,0.7,0.0,0.0,0.0,0.0,24.9,0.0,4.5,17.98,,,70.4,834.544,56.0,0.0,25.737,62.53,,13.32498802490819
호소,대청호,회남,2021-06-21,16.1,8.5,5.4,2.3,1.8,3.0,434.0,0.0,370.0,0.0,64.0,0.0,0.0,0.6022321428571429,0.7,0.0,0.0,0.0,0.0,24.8,0.0,12.5,26.49,,,70.0,813.541,54.6,0.0,22.364,58.585,,13.862843997614382
호소,대청호,추동,2021-06-21,20.7,8.5,7.7,2.6,1.6,4.7,0.0,0.0,0.0,0.0,0.0,0.0,0.0,0.6060267857142857,0.7,0.0,0.0,0.0,0.0,24.8,0.0,12.5,26.49,,,70.0,813.541,54.6,0.0,22.364,58.585,,13.862843997614382
호소,대청호,문의,2021-06-21,22.2,8.8,9.4,3.5,1.5,4.8,214.0,0.0,214.0,0.0,0.0,0.0,0.0,0.6098214285714285,0.7,0.0,0.0,0.0,0.0,24.8,0.0,12.5,26.49,1.27,0.012,70.0,813.541,54.6,0.0,22.364,58.585,105.83332451388962,13.862843997614382
호소,대청호,추동,2021-06-28,21.7,8.6,7.0,2.0,2.3,5.3,48.0,0.0,48.0,0.0,0.0,0.0,0.0,0.6136160714285714,0.7,0.0,0.0,0.0,0.0,25.6,0.0,7.8,21.43,,,69.62,793.893,53.3,0.6283,18.981,60.613,,13.076161612834154
호소,대청호,회남,2021-06-28,16.9,8.8,5.3,1.4,2.4,4.9,578.0,220.0,358.0,0.0,0.0,0.0,0.0,0.6174107142857144,0.7,0.0,0.0,0.0,0.0,25.6,0.0,7.8,21.43,,,69.62,793.893,53.3,0.6283,18.981,60.613,,13.076161612834154
호소,대청호,문의,2021-06-28,23.1,8.5,9.3,2.3,2.5,6.8,28.0,0.0,28.0,0.0,0.0,0.0,0.0,0.6212053571428571,0.7,0.0,0.0,0.0,0.0,25.6,0.0,7.8,21.43,1.222,0.013,69.62,793.893,53.3,0.6283,18.981,60.613,93.99999276923133,13.076161612834154
호소,대청호,추동,2021-07-05,22.3,8.5,6.6,1.8,2.3,7.6,0.0,0.0,0.0,0.0,0.0,0.0,0.0,0.625,0.7,0.0,0.0,0.0,0.0,22.5,5.6,0.0,9.83,,,68.74,749.536,50.3,32.0035,59.953,250.31,,2.99323509444511
호소,대청호,회남,2021-07-05,17.1,8.4,3.9,2.1,2.9,3.8,640.0,0.0,432.0,0.0,208.0,0.0,0.0,0.6287946428571429,0.7,0.0,0.0,0.0,0.0,22.5,5.6,0.0,9.83,,,68.74,749.536,50.3,32.0035,59.953,250.31,,2.99323509444511
호소,대청호,문의,2021-07-05,23.7,8.8,8.5,2.2,3.6,7.4,0.0,0.0,0.0,0.0,0.0,0.0,0.0,0.6325892857142857,0.7,0.0,0.0,0.0,0.0,22.5,5.6,0.0,9.83,1.172,0.027,68.74,749.536,50.3,32.0035,59.953,250.31,43.40740579972571,2.99323509444511
호소,대청호,추동,2021-07-12,24.1,8.4,5.3,1.9,3.8,7.6,212.0,0.0,212.0,0.0,0.0,0.0,0.0,0.6363839285714286,0.7,0.0,0.0,0.0,0.0,28.7,0.0,6.1,19.5,,,71.97,920.164,61.8,0.2117,135.169,245.991,,3.7391208943033267
호소,대청호,문의,2021-07-12,24.9,8.7,7.9,2.0,1.9,9.4,52.0,0.0,52.0,0.0,0.0,0.0,0.0,0.6401785714285715,0.7,0.0,0.0,0.0,0.0,28.7,0.0,6.1,19.5,1.14,0.031,71.97,920.164,61.8,0.2117,135.169,245.991,36.774192362122825,3.7391208943033267
호소,대청호,회남,2021-07-12,20.8,8.4,6.7,2.2,27.2,7.2,820.0,620.0,68.0,0.0,132.0,0.0,0.0,0.6439732142857143,0.7,0.0,0.0,0.0,0.0,28.7,0.0,6.1,19.5,,,71.97,920.164,61.8,0.2117,135.169,245.991,,3.7391208943033267
호소,대청호,회남,2021-07-19,20.8,8.8,5.6,2.0,13.7,4.2,196.0,0.0,196.0,0.0,0.0,0.0,0.0,0.6477678571428571,0.7,0.0,0.0,0.0,0.0,26.7,0.0,2.0,15.35,,,71.17,875.903,58.8,3.6127,39.169,39.169,,22.305202577096438
호소,대청호,추동,2021-07-19,24.5,9.1,6.7,1.0,6.4,37.9,452.0,220.0,232.0,0.0,0.0,0.0,0.0,0.6515625,0.7,0.0,0.0,0.0,0.0,26.7,0.0,2.0,15.35,,,71.17,875.903,58.8,3.6127,39.169,39.169,,22.305202577096438
호소,대청호,문의,2021-07-19,25.8,9.2,7.8,1.8,2.4,19.5,466.0,0.0,402.0,0.0,64.0,0.0,0.0,0.6553571428571429,0.7,0.0,0.0,0.0,0.0,26.7,0.0,2.0,15.35,1.053,0.032,71.17,875.903,58.8,3.6127,39.169,39.169,32.906248971679716,22.305202577096438
호소,대청호,문의,2021-07-26,25.8,9.9,6.5,2.8,2.9,5.9,494.0,0.0,494.0,0.0,0.0,0.0,0.0,0.6591517857142857,0.7,0.0,0.0,0.0,0.0,29.9,0.0,13.3,25.86,1.002,0.021,70.96,864.502,58.0,0.0,18.923,43.976,47.71428344217698,19.613894182775205
호소,대청호,회남,2021-07-26,21.9,9.4,6.3,1.1,10.2,6.3,0.0,0.0,0.0,0.0,0.0,0.0,0.0,0.6629464285714286,0.7,0.0,0.0,0.0,0.0,29.9,0.0,13.3,25.86,,,70.96,864.502,58.0,0.0,18.923,43.976,,19.613894182775205
호소,대청호,추동,2021-07-26,24.9,10.0,5.2,1.6,5.4,12.9,420.0,160.0,228.0,0.0,32.0,0.0,0.0,0.6667410714285714,0.7,0.0,0.0,0.0,0.0,29.9,0.0,13.3,25.86,,,70.96,864.502,58.0,0.0,18.923,43.976,,19.613894182775205
호소,대청호,문의,2021-08-02,26.8,10.0,5.9,2.5,2.0,8.4,3714.0,0.0,722.0,164.0,2828.0,0.0,0.0,0.6705357142857142,0.7,0.0,0.0,0.0,0.0,26.0,34.0,1.3,7.89,0.983,0.028,70.77,854.266,57.3,24.0507,102.657,53.028,35.10714160331637,16.07939316368017
호소,대청호,추동,2021-08-02,25.3,9.9,4.8,1.0,6.4,29.0,0.0,0.0,0.0,0.0,0.0,0.0,0.0,0.6743303571428572,0.7,0.0,0.0,0.0,0.0,26.0,34.0,1.3,7.89,,,70.77,854.266,57.3,24.0507,102.657,53.028,,16.07939316368017
호소,대청호,회남,2021-08-02,20.6,9.5,6.1,1.2,9.6,6.9,120.0,120.0,0.0,0.0,0.0,0.0,0.0,0.6781250000000001,0.7,0.0,0.0,0.0,0.0,26.0,34.0,1.3,7.89,,,70.77,854.266,57.3,24.0507,102.657,53.028,,16.07939316368017
호소,대청호,문의,2021-08-09,27.1,10.3,5.5,1.1,3.7,14.3,7866.0,300.0,5614.0,1584.0,368.0,0.0,0.0,0.6819196428571428,0.7,0.0,0.0,0.0,0.0,28.1,0.0,12.1,23.87,0.822,0.016,71.15,874.813,58.7,0.0,39.153,58.075,51.3749967890627,15.037610657498924
호소,대청호,회남,2021-08-09,21.0,10.8,4.8,1.4,8.5,6.4,380.0,380.0,0.0,0.0,0.0,0.0,0.0,0.6857142857142857,0.7,0.0,0.0,0.0,0.0,28.1,0.0,12.1,23.87,,,71.15,874.813,58.7,0.0,39.153,58.075,,15.037610657498924
호소,대청호,추동,2021-08-09,27.5,10.9,6.6,1.2,4.5,11.0,760.0,760.0,0.0,0.0,0.0,0.0,0.0,0.6895089285714286,0.7,0.0,0.0,0.0,0.0,28.1,0.0,12.1,23.87,,,71.15,874.813,58.7,0.0,39.153,58.075,,15.037610657498924
호소,대청호,문의,2021-08-17,27.3,9.2,6.3,1.5,3.3,15.5,3040.0,800.0,536.0,1704.0,0.0,0.0,0.0,0.6933035714285714,0.7,0.0,0.0,0.0,0.0,25.5,0.1,7.4,18.23,0.922,0.02,70.84,858.028,57.6,0.9144,26.907,58.086,46.09999769500012,14.74629635994913
호소,대청호,추동,2021-08-17,26.7,8.8,5.0,1.4,3.2,8.5,944.0,900.0,0.0,44.0,0.0,0.0,0.0,0.6970982142857143,0.7,0.0,0.0,0.0,0.0,25.5,0.1,7.4,18.23,,,70.84,858.028,57.6,0.9144,26.907,58.086,,14.74629635994913
호소,대청호,회남,2021-08-17,22.0,7.8,4.4,1.6,7.1,7.9,0.0,0.0,0.0,0.0,0.0,0.0,0.0,0.7008928571428572,0.7,0.0,0.0,0.0,0.0,25.5,0.1,7.4,18.23,,,70.84,858.028,57.6,0.9144,26.907,58.086,,14.74629635994913
호소,대청호,회남,2021-08-23,22.5,8.1,3.3,1.5,5.9,7.0,756.0,720.0,0.0,36.0,0.0,0.0,0.0,0.7046874999999999,0.7,0.0,0.0,0.0,0.0,22.8,65.0,0.0,2.9,,,70.67,848.908,57.0,48.4881,139.555,158.134,,5.364889973077847
호소,대청호,추동,2021-08-23,25.8,8.3,4.4,1.5,4.3,6.4,924.0,848.0,0.0,76.0,0.0,0.0,0.0,0.7084821428571428,0.7,0.0,0.0,0.0,0.0,22.8,65.0,0.0,2.9,,,70.67,848.908,57.0,48.4881,139.555,158.134,,5.364889973077847
호소,대청호,문의,2021-08-23,26.4,9.1,5.6,1.5,3.3,12.4,1980.0,420.0,0.0,1560.0,0.0,0.0,0.0,0.7122767857142858,0.7,0.0,0.0,0.0,0.0,22.8,65.0,0.0,2.9,1.024,0.019,70.67,848.908,57.0,48.4881,139.555,158.134,53.89473400554032,5.364889973077847
호소,대청호,문의,2021-08-30,25.6,8.5,3.6,1.6,3.4,9.5,3568.0,360.0,0.0,3208.0,0.0,0.0,0.0,0.7160714285714285,0.7,0.0,0.0,0.0,0.0,22.9,0.1,0.3,6.76,1.077,0.014,72.91,973.852,65.4,0.0634,431.387,164.402,76.92856593367387,5.920000972632552
호소,대청호,추동,2021-08-30,25.2,8.0,5.4,1.5,4.3,9.9,2348.0,1260.0,0.0,1088.0,0.0,0.0,0.0,0.7198660714285714,0.7,0.0,0.0,0.0,0.0,22.9,0.1,0.3,6.76,,,72.91,973.852,65.4,0.0634,431.387,164.402,,5.920000972632552
호소,대청호,회남,2021-08-30,22.2,7.6,5.0,2.4,8.6,6.2,784.0,460.0,0.0,324.0,0.0,0.0,0.0,0.7236607142857143,0.7,0.0,0.0,0.0,0.0,22.9,0.1,0.3,6.76,,,72.91,973.852,65.4,0.0634,431.387,164.402,,5.920000972632552
호소,대청호,문의,2021-09-06,24.1,8.3,3.7,1.7,3.8,4.6,3044.0,0.0,0.0,3044.0,0.0,0.0,0.0,0.7274553571428573,0.7,0.0,0.0,0.0,0.0,20.7,32.2,0.1,5.93,1.0,0.015,73.69,1019.778,68.4,23.6436,109.371,40.416,66.66666222222253,25.169760094777374
호소,대청호,추동,2021-09-06,24.2,8.1,6.3,1.9,4.0,11.1,934.0,160.0,42.0,656.0,76.0,0.0,0.0,0.73125,0.7,0.0,0.0,0.0,0.0,20.7,32.2,0.1,5.93,,,73.69,1019.778,68.4,23.6436,109.371,40.416,,25.169760094777374
호소,대청호,회남,2021-09-06,22.6,7.8,5.4,2.2,5.8,6.4,704.0,520.0,0.0,184.0,0.0,0.0,0.0,0.7350446428571429,0.7,0.0,0.0,0.0,0.0,20.7,32.2,0.1,5.93,,,73.69,1019.778,68.4,23.6436,109.371,40.416,,25.169760094777374
호소,대청호,문의,2021-09-13,24.5,7.9,5.1,1.6,2.7,6.8,7144.0,3440.0,0.0,3704.0,0.0,0.0,0.0,0.7388392857142858,0.7,0.0,0.0,0.0,0.0,23.9,0.0,6.7,15.41,1.097,0.017,74.284,1055.589,70.8,0.0,57.503,54.684,64.52940796885835,19.268198744158877
호소,대청호,추동,2021-09-13,24.2,7.9,7.2,1.9,3.3,11.4,2538.0,1860.0,142.0,24.0,512.0,0.0,0.0,0.7426339285714285,0.7,0.0,0.0,0.0,0.0,23.9,0.0,6.7,15.41,,,74.284,1055.589,70.8,0.0,57.503,54.684,,19.268198744158877
호소,대청호,회남,2021-09-13,22.3,7.8,5.8,2.1,4.5,4.7,772.0,460.0,224.0,88.0,0.0,0.0,0.0,0.7464285714285714,0.7,0.0,0.0,0.0,0.0,23.9,0.0,6.7,15.41,,,74.284,1055.589,70.8,0.0,57.503,54.684,,19.268198744158877
호소,대청호,문의,2021-09-23,23.9,8.2,5.2,1.8,2.3,12.1,1446.0,1220.0,54.0,172.0,0.0,0.0,0.0,0.7502232142857144,0.7,0.0,0.0,0.0,0.0,21.1,0.0,10.7,19.29,,,74.502,1068.913,71.7,0.0,84.781,40.807,,26.130319994133032
호소,대청호,회남,2021-09-23,23.1,8.0,5.7,1.7,3.9,10.8,1940.0,1000.0,828.0,112.0,0.0,0.0,0.0,0.7540178571428571,0.7,0.0,0.0,0.0,0.0,21.1,0.0,10.7,19.29,,,74.502,1068.913,71.7,0.0,84.781,40.807,,26.130319994133032
호소,대청호,추동,2021-09-23,23.5,8.2,7.3,1.5,4.5,23.8,3124.0,620.0,2280.0,48.0,176.0,0.0,0.0,0.7578125,0.7,0.0,0.0,0.0,0.0,21.1,0.0,10.7,19.29,,,74.502,1068.913,71.7,0.0,84.781,40.807,,26.130319994133032
호소,대청호,추동,2021-09-27,23.5,8.3,7.5,1.8,2.9,23.0,2768.0,540.0,1500.0,344.0,384.0,0.0,0.0,0.7616071428571429,0.7,0.0,0.0,0.0,0.0,22.2,0.2,4.3,13.49,,,74.552,1071.983,72.0,0.0,35.225,40.915,,26.13636474460563
호소,대청호,문의,2021-09-27,23.7,7.9,5.9,2.1,2.3,8.8,2056.0,1160.0,172.0,172.0,552.0,0.0,0.0,0.7654017857142856,0.7,0.0,0.0,0.0,0.0,22.2,0.2,4.3,13.49,1.073,0.014,74.552,1071.983,72.0,0.0,35.225,40.915,76.64285166836774,26.13636474460563
호소,대청호,회남,2021-09-27,22.6,7.9,4.7,2.7,3.9,6.6,590.0,240.0,350.0,0.0,0.0,0.0,0.0,0.7691964285714286,0.7,0.0,0.0,0.0,0.0,22.2,0.2,4.3,13.49,,,74.552,1071.983,72.0,0.0,35.225,40.915,,26.13636474460563
호소,대청호,회남,2021-10-05,21.8,8.0,4.7,2.3,4.4,5.1,800.0,280.0,464.0,56.0,0.0,0.0,0.0,0.7729910714285715,0.7,0.0,0.0,0.0,0.0,23.4,0.0,9.7,16.95,,,74.82,1088.524,73.1,0.0,25.99,31.731,,34.196977788947876
호소,대청호,추동,2021-10-05,23.4,7.8,6.6,2.3,2.6,7.6,1968.0,860.0,784.0,180.0,144.0,0.0,0.0,0.7767857142857142,0.7,0.0,0.0,0.0,0.0,23.4,0.0,9.7,16.95,,,74.82,1088.524,73.1,0.0,25.99,31.731,,34.196977788947876
호소,대청호,문의,2021-10-05,24.0,8.0,6.7,1.5,1.6,11.0,2914.0,2560.0,82.0,128.0,144.0,0.0,0.0,0.7805803571428571,0.7,0.0,0.0,0.0,0.0,23.4,0.0,9.7,16.95,1.112,0.015,74.82,1088.524,73.1,0.0,25.99,31.731,74.13332839111145,34.196977788947876
호소,대청호,회남,2021-10-12,22.5,7.6,4.4,2.7,3.8,6.3,328.0,0.0,264.0,0.0,64.0,0.0,0.0,0.784375,0.7,0.0,0.0,0.0,0.0,16.2,0.5,0.0,2.68,,,74.818,1088.4,73.1,4.9582,29.84,31.275,,34.69003984063745
호소,대청호,문의,2021-10-12,23.1,7.5,5.0,2.6,1.7,12.7,644.0,340.0,96.0,56.0,152.0,0.0,0.0,0.788169642857143,0.7,0.0,0.0,0.0,0.0,16.2,0.5,0.0,2.68,1.248,0.014,74.818,1088.4,73.1,4.9582,29.84,31.275,89.14285077551067,34.69003984063745
호소,대청호,추동,2021-10-12,23.0,7.5,6.1,1.2,2.3,12.9,970.0,380.0,466.0,52.0,72.0,0.0,0.0,0.7919642857142857,0.7,0.0,0.0,0.0,0.0,16.2,0.5,0.0,2.68,,,74.818,1088.4,73.1,4.9582,29.84,31.275,,34.69003984063745
호소,대청호,회남,2021-10-18,21.9,7.3,5.3,2.0,3.2,7.3,144.0,0.0,144.0,0.0,0.0,0.0,0.0,0.7957589285714286,0.7,0.0,0.0,0.0,0.0,9.6,0.0,10.5,16.91,,,74.86,1091.005,73.2,0.0,40.77,32.15,,33.82961240310078
호소,대청호,문의,2021-10-18,21.7,7.4,7.1,2.2,2.9,21.6,938.0,420.0,38.0,56.0,424.0,0.0,0.0,0.7995535714285715,0.7,0.0,0.0,0.0,0.0,9.6,0.0,10.5,16.91,1.173,0.009,74.86,1091.005,73.2,0.0,40.77,32.15,130.33331885185348,33.82961240310078
호소,대청호,추동,2021-10-18,21.7,7.5,8.2,2.2,2.5,13.1,850.0,560.0,202.0,0.0,88.0,0.0,0.0,0.8033482142857142,0.7,0.0,0.0,0.0,0.0,9.6,0.0,10.5,16.91,,,74.86,1091.005,73.2,0.0,40.77,32.15,,33.82961240310078
호소,대청호,문의,2021-10-25,20.6,7.3,7.2,3.4,2.1,15.9,360.0,0.0,76.0,0.0,284.0,0.0,0.0,0.8071428571428572,0.7,0.0,0.0,0.0,0.0,10.8,0.0,9.8,15.13,1.162,0.007,74.8,1087.284,73.0,0.0,24.177,31.349,165.99997628571765,34.57292759706191
호소,대청호,추동,2021-10-25,20.4,7.5,7.8,3.3,1.6,8.5,356.0,0.0,128.0,112.0,116.0,0.0,0.0,0.8109375000000001,0.7,0.0,0.0,0.0,0.0,10.8,0.0,9.8,15.13,,,74.8,1087.284,73.0,0.0,24.177,31.349,,34.57292759706191
호소,대청호,회남,2021-10-25,20.5,7.3,6.2,2.9,2.4,5.3,204.0,0.0,68.0,0.0,136.0,0.0,0.0,0.8147321428571428,0.7,0.0,0.0,0.0,0.0,10.8,0.0,9.8,15.13,,,74.8,1087.284,73.0,0.0,24.177,31.349,,34.57292759706191
호소,대청호,문의,2021-11-01,19.8,7.4,6.9,3.2,1.3,8.7,240.0,160.0,0.0,56.0,24.0,0.0,0.0,0.8185267857142857,0.7,0.0,0.0,0.0,0.0,13.4,0.0,7.0,10.54,1.339,0.011,74.674,1079.494,72.5,0.0,20.5,31.928,121.72726166115804,33.70469589109529
호소,대청호,추동,2021-11-01,19.5,7.5,7.9,2.7,2.1,12.7,468.0,340.0,128.0,0.0,0.0,0.0,0.0,0.8223214285714286,0.7,0.0,0.0,0.0,0.0,13.4,0.0,7.0,10.54,,,74.674,1079.494,72.5,0.0,20.5,31.928,,33.70469589109529
호소,대청호,회남,2021-11-01,19.4,7.4,6.5,3.0,3.9,5.9,520.0,520.0,0.0,0.0,0.0,0.0,0.0,0.8261160714285714,0.7,0.0,0.0,0.0,0.0,13.4,0.0,7.0,10.54,,,74.674,1079.494,72.5,0.0,20.5,31.928,,33.70469589109529
호소,대청호,추동,2021-11-08,18.6,7.6,8.4,4.3,2.6,15.1,44.0,0.0,0.0,0.0,44.0,0.0,0.0,0.8299107142857143,0.7,0.0,0.0,0.0,0.0,10.3,10.3,1.2,3.1,,,74.54,1071.246,71.9,15.5008,28.975,31.819,,33.561389767849874
호소,대청호,문의,2021-11-08,18.8,7.5,7.4,2.3,2.1,10.6,130.0,0.0,82.0,0.0,48.0,0.0,0.0,0.8337053571428572,0.7,0.0,0.0,0.0,0.0,10.3,10.3,1.2,3.1,1.354,0.007,74.54,1071.246,71.9,15.5008,28.975,31.819,193.4285437959223,33.561389767849874
호소,대청호,회남,2021-11-08,18.3,7.4,6.9,3.1,4.2,4.3,460.0,460.0,0.0,0.0,0.0,0.0,0.0,0.8374999999999999,0.7,0.0,0.0,0.0,0.0,10.3,10.3,1.2,3.1,,,74.54,1071.246,71.9,15.5008,28.975,31.819,,33.561389767849874
호소,대청호,회남,2021-11-15,17.2,7.4,7.5,2.7,3.0,5.5,462.0,0.0,346.0,84.0,32.0,0.0,0.0,0.8412946428571428,0.7,0.0,0.0,0.0,0.0,10.1,0.0,8.2,10.84,,,74.46,1066.338,71.6,0.0,24.999,32.09,,33.126374650512574
호소,대청호,추동,2021-11-15,16.7,7.6,8.7,3.3,1.6,13.5,48.0,0.0,0.0,0.0,48.0,0.0,0.0,0.8450892857142858,0.7,0.0,0.0,0.0,0.0,10.1,0.0,8.2,10.84,,,74.46,1066.338,71.6,0.0,24.999,32.09,,33.126374650512574
호소,대청호,문의,2021-11-15,17.2,7.4,7.4,3.3,1.8,6.6,36.0,0.0,0.0,0.0,36.0,0.0,0.0,0.8488839285714285,0.7,0.0,0.0,0.0,0.0,10.1,0.0,8.2,10.84,1.205,0.007,74.46,1066.338,71.6,0.0,24.999,32.09,172.14283255102393,33.126374650512574
호소,대청호,회남,2021-11-22,15.6,7.5,8.0,2.7,2.3,4.4,0.0,0.0,0.0,0.0,0.0,0.0,0.0,0.8526785714285714,0.7,0.0,0.0,0.0,0.0,5.3,3.6,4.7,7.37,,,74.33,1058.3922,71.0,3.639,18.333,32.456,,32.509896793217834
호소,대청호,추동,2021-11-22,16.0,7.5,8.9,2.7,2.1,8.1,332.0,0.0,0.0,156.0,176.0,0.0,0.0,0.8564732142857143,0.7,0.0,0.0,0.0,0.0,5.3,3.6,4.7,7.37,,,74.33,1058.3922,71.0,3.639,18.333,32.456,,32.509896793217834
호소,대청호,문의,2021-11-22,16.4,7.4,8.2,2.5,2.2,8.6,314.0,0.0,278.0,0.0,36.0,0.0,0.0,0.8602678571428573,0.7,0.0,0.0,0.0,0.0,5.3,3.6,4.7,7.37,1.173,0.01,74.33,1058.3922,71.0,3.639,18.333,32.456,117.29998827000118,32.509896793217834
호소,대청호,추동,2021-11-29,14.3,7.7,9.2,3.4,1.5,5.9,232.0,0.0,0.0,0.0,232.0,0.0,0.0,0.8640625,0.7,0.0,0.0,0.0,0.0,6.3,0.0,6.6,9.07,,,74.19,1049.874,70.5,0.0,11.866,32.251,,32.45259806497481
호소,대청호,문의,2021-11-29,14.8,7.5,8.1,2.5,1.5,8.3,300.0,80.0,0.0,36.0,184.0,0.0,0.0,0.8678571428571429,0.7,0.0,0.0,0.0,0.0,6.3,0.0,6.6,9.07,1.226,0.004,74.19,1049.874,70.5,0.0,11.866,32.251,306.49992337501914,32.45259806497481
호소,대청호,회남,2021-11-29,14.7,7.4,8.5,3.0,2.5,4.1,92.0,0.0,0.0,0.0,92.0,0.0,0.0,0.8716517857142858,0.7,0.0,0.0,0.0,0.0,6.3,0.0,6.6,9.07,,,74.19,1049.874,70.5,0.0,11.866,32.251,,32.45259806497481
호소,대청호,회남,2021-12-06,13.2,7.5,8.9,3.5,2.4,2.4,108.0,0.0,0.0,0.0,108.0,0.0,0.0,0.8754464285714285,0.7,0.0,0.0,0.0,0.0,4.4,0.0,4.4,6.75,,,74.16,1048.0533,70.3,0.0,24.141,31.161,,33.52590448162247
호소,대청호,문의,2021-12-06,13.3,7.5,8.4,4.5,1.4,4.1,132.0,0.0,0.0,0.0,132.0,0.0,0.0,0.8792410714285714,0.7,0.0,0.0,0.0,0.0,4.4,0.0,4.4,6.75,1.222,0.007,74.16,1048.0533,70.3,0.0,24.141,31.161,174.5714036326566,33.52590448162247
호소,대청호,추동,2021-12-06,12.8,7.5,9.4,3.5,1.9,3.4,244.0,0.0,0.0,0.0,244.0,0.0,0.0,0.8830357142857144,0.7,0.0,0.0,0.0,0.0,4.4,0.0,4.4,6.75,,,74.16,1048.0533,70.3,0.0,24.141,31.161,,33.52590448162247
호소,대청호,문의,2021-12-13,12.2,7.3,8.6,3.9,1.8,5.2,36.0,0.0,0.0,0.0,36.0,0.0,0.0,0.8868303571428571,0.7,0.0,0.0,0.0,0.0,-1.6,0.0,8.8,11.29,1.24,0.01,74.05,1041.395,69.9,0.0,19.661,32.252,123.99998760000125,32.189509149357065
호소,대청호,회남,2021-12-13,11.4,7.3,9.2,3.5,2.3,3.1,144.0,0.0,0.0,0.0,144.0,0.0,0.0,0.890625,0.7,0.0,0.0,0.0,0.0,-1.6,0.0,8.8,11.29,,,74.05,1041.395,69.9,0.0,19.661,32.252,,32.189509149357065
호소,대청호,추동,2021-12-13,12.0,7.4,9.2,3.4,1.6,4.7,436.0,0.0,72.0,0.0,364.0,0.0,0.0,0.8944196428571429,0.7,0.0,0.0,0.0,0.0,-1.6,0.0,8.8,11.29,,,74.05,1041.395,69.9,0.0,19.661,32.252,,32.189509149357065
호소,대청호,회남,2021-12-20,10.8,7.5,9.5,3.7,4.1,3.0,52.0,0.0,0.0,0.0,52.0,0.0,0.0,0.8982142857142856,0.7,0.0,0.0,0.0,0.0,6.7,0.0,3.8,5.55,,,73.903,1032.536,69.3,0.0,15.62,32.326,,31.8428421636958
호소,대청호,문의,2021-12-20,10.8,7.5,8.9,2.4,1.3,5.0,28.0,0.0,0.0,0.0,28.0,0.0,0.0,0.9020089285714286,0.7,0.0,0.0,0.0,0.0,6.7,0.0,3.8,5.55,1.199,0.008,73.903,1032.536,69.3,0.0,15.62,32.326,149.87498126562735,31.8428421636958
호소,대청호,추동,2021-12-20,10.5,7.5,9.8,2.6,1.6,4.3,196.0,0.0,0.0,0.0,196.0,0.0,0.0,0.9058035714285716,0.7,0.0,0.0,0.0,0.0,6.7,0.0,3.8,5.55,,,73.903,1032.536,69.3,0.0,15.62,32.326,,31.8428421636958
호소,대청호,회남,2021-12-27,9.5,7.7,10.0,4.1,2.8,2.9,92.0,0.0,0.0,0.0,92.0,0.0,0.0,0.9095982142857142,0.7,0.0,0.0,0.0,0.0,-4.4,0.0,6.4,9.16,,,73.74,1022.7641,68.6,0.0,11.52,32.288,,31.578488946523404
호소,대청호,문의,2021-12-27,9.2,7.6,9.4,4.0,1.5,5.2,84.0,0.0,0.0,0.0,84.0,0.0,0.0,0.9133928571428572,0.7,0.0,0.0,0.0,0.0,-4.4,0.0,6.4,9.16,,,73.74,1022.7641,68.6,0.0,11.52,32.288,,31.578488946523404
호소,대청호,추동,2021-12-27,9.0,7.7,10.3,3.2,2.3,4.8,192.0,0.0,0.0,0.0,192.0,0.0,0.0,0.9171875,0.7,0.0,0.0,0.0,0.0,-4.4,0.0,6.4,9.16,,,73.74,1022.7641,68.6,0.0,11.52,32.288,,31.578488946523404
호소,대청호,문의,2022-01-03,8.4,7.6,9.7,3.7,1.9,4.6,0.0,0.0,0.0,0.0,0.0,0.0,0.0,0.920982142857143,0.7,0.0,0.0,0.0,0.0,-1.7,0.0,8.5,10.56,1.233,0.009,73.59,1013.8198,68.04,0.0,17.405,31.177,136.9999847777795,32.41422770726093
호소,대청호,추동,2022-01-03,7.8,7.7,11.1,3.4,1.4,4.9,320.0,0.0,0.0,0.0,320.0,0.0,0.0,0.9247767857142856,0.7,0.0,0.0,0.0,0.0,-1.7,0.0,8.5,10.56,,,73.59,1013.8198,68.04,0.0,17.405,31.177,,32.41422770726093
호소,대청호,회남,2022-01-03,8.4,7.6,10.6,4.1,1.7,3.0,36.0,0.0,0.0,0.0,36.0,0.0,0.0,0.9285714285714286,0.7,0.0,0.0,0.0,0.0,-1.7,0.0,8.5,10.56,,,73.59,1013.8198,68.04,0.0,17.405,31.177,,32.41422770726093
호소,대청호,추동,2022-01-10,7.5,7.5,10.9,3.2,1.3,4.7,0.0,0.0,0.0,0.0,0.0,0.0,0.0,0.9323660714285716,0.7,0.0,0.0,0.0,0.0,0.7,0.0,5.4,8.6,,,73.43,1004.3302,67.4,0.0,13.606,32.098,,31.19231629293745
호소,대청호,회남,2022-01-10,7.5,7.4,10.5,3.1,3.2,3.0,168.0,0.0,0.0,0.0,168.0,0.0,0.0,0.9361607142857142,0.7,0.0,0.0,0.0,0.0,0.7,0.0,5.4,8.6,,,73.43,1004.3302,67.4,0.0,13.606,32.098,,31.19231629293745
호소,대청호,문의,2022-01-10,7.9,7.4,9.5,3.8,1.1,3.5,0.0,0.0,0.0,0.0,0.0,0.0,0.0,0.9399553571428572,0.7,0.0,0.0,0.0,0.0,0.7,0.0,5.4,8.6,1.232,0.009,73.43,1004.3302,67.4,0.0,13.606,32.098,136.88887367901404,31.19231629293745
호소,대청호,추동,2022-01-17,6.2,7.3,11.3,3.6,1.5,3.9,24.0,0.0,0.0,0.0,24.0,0.0,0.0,0.94375,0.7,0.0,0.0,0.0,0.0,-3.1,0.0,4.1,8.59,,,73.26,994.305,66.73,0.055,39.195,32.391,,30.602474531408696
호소,대청호,회남,2022-01-17,6.6,7.3,10.8,3.7,2.3,3.2,0.0,0.0,0.0,0.0,0.0,0.0,0.0,0.9475446428571428,0.7,0.0,0.0,0.0,0.0,-3.1,0.0,4.1,8.59,,,73.26,994.305,66.73,0.055,39.195,32.391,,30.602474531408696
호소,대청호,문의,2022-01-17,7.0,7.3,10.0,3.5,1.1,3.4,0.0,0.0,0.0,0.0,0.0,0.0,0.0,0.9513392857142856,0.7,0.0,0.0,0.0,0.0,-3.1,0.0,4.1,8.59,1.219,0.007,73.26,994.305,66.73,0.055,39.195,32.391,174.14283226530966,30.602474531408696
호소,대청호,추동,2022-01-24,5.6,7.3,11.5,3.8,1.3,3.1,92.0,0.0,0.0,0.0,92.0,0.0,0.0,0.9551339285714286,0.7,0.0,0.0,0.0,0.0,4.1,0.0,5.7,10.13,,,73.09,984.339,66.06,0.0,14.031,32.305,,30.376145656534487
호소,대청호,문의,2022-01-24,6.5,7.2,10.1,4.0,1.1,3.1,0.0,0.0,0.0,0.0,0.0,0.0,0.0,0.9589285714285714,0.7,0.0,0.0,0.0,0.0,4.1,0.0,5.7,10.13,1.288,0.011,73.09,984.339,66.06,0.0,14.031,32.305,117.09089844628197,30.376145656534487
호소,대청호,회남,2022-01-24,6.2,7.3,11.1,3.9,1.6,3.4,136.0,0.0,0.0,0.0,136.0,0.0,0.0,0.9627232142857144,0.7,0.0,0.0,0.0,0.0,4.1,0.0,5.7,10.13,,,73.09,984.339,66.06,0.0,14.031,32.305,,30.376145656534487
호소,대청호,문의,2022-02-03,5.8,7.6,10.9,3.7,1.5,4.1,0.0,0.0,0.0,0.0,0.0,0.0,0.0,0.9665178571428572,0.7,0.0,0.0,0.0,0.0,-1.7,0.0,9.4,14.7,1.228,0.008,72.837,969.6172,65.07,0.0,15.897,31.324,153.4999808125024,30.855944501018328
호소,대청호,회남,2022-02-03,5.5,7.3,11.3,4.0,1.7,3.0,0.0,0.0,0.0,0.0,0.0,0.0,0.0,0.9703125,0.7,0.0,0.0,0.0,0.0,-1.7,0.0,9.4,14.7,,,72.837,969.6172,65.07,0.0,15.897,31.324,,30.855944501018328
호소,대청호,추동,2022-02-03,5.4,7.4,11.6,5.0,1.3,3.0,36.0,0.0,0.0,0.0,36.0,0.0,0.0,0.9741071428571428,0.7,0.0,0.0,0.0,0.0,-1.7,0.0,9.4,14.7,2.47,0.014,72.837,969.6172,65.07,0.0,15.897,31.324,176.42855882653154,30.855944501018328
호소,대청호,추동,2022-02-07,4.9,7.3,11.8,4.3,1.6,3.1,0.0,0.0,0.0,0.0,0.0,0.0,0.0,0.9779017857142858,0.7,0.0,0.0,0.0,0.0,-2.1,0.0,4.1,9.62,,,72.72,962.8535,64.62,0.0,10.239,30.281,,31.69262038774234
호소,대청호,회남,2022-02-07,5.1,7.3,11.5,4.3,1.1,3.4,84.0,0.0,0.0,0.0,84.0,0.0,0.0,0.9816964285714284,0.7,0.0,0.0,0.0,0.0,-2.1,0.0,4.1,9.62,,,72.72,962.8535,64.62,0.0,10.239,30.281,,31.69262038774234
호소,대청호,문의,2022-02-07,5.4,7.4,11.1,4.1,1.3,3.8,0.0,0.0,0.0,0.0,0.0,0.0,0.0,0.9854910714285714,0.7,0.0,0.0,0.0,0.0,-2.1,0.0,4.1,9.62,1.229,0.008,72.72,962.8535,64.62,0.0,10.239,30.281,153.62498079687742,31.69262038774234
호소,대청호,문의,2022-02-14,5.6,7.6,11.2,4.6,1.1,3.6,0.0,0.0,0.0,0.0,0.0,0.0,0.0,0.9892857142857144,0.7,0.0,0.0,0.0,0.0,4.1,0.0,7.6,13.23,1.227,0.008,72.542,952.6173,63.93,0.0663,14.816,32.074,153.3749808281274,29.608295518120222
호소,대청호,회남,2022-02-14,5.2,7.5,11.8,4.2,1.8,3.3,0.0,0.0,0.0,0.0,0.0,0.0,0.0,0.9930803571428573,0.7,0.0,0.0,0.0,0.0,4.1,0.0,7.6,13.23,,,72.542,952.6173,63.93,0.0663,14.816,32.074,,29.608295518120222
호소,대청호,추동,2022-02-14,5.3,7.5,12.0,4.5,1.5,3.0,136.0,0.0,0.0,0.0,136.0,0.0,0.0,0.996875,0.7,0.0,0.0,0.0,0.0,4.1,0.0,7.6,13.23,,,72.542,952.6173,63.93,0.0663,14.816,32.074,,29.608295518120222
호소,대청호,문의,2022-02-21,4.8,7.5,11.7,4.4,1.2,3.9,0.0,0.0,0.0,0.0,0.0,0.0,0.0,1.0006696428571429,0.7,0.0,0.0,0.0,0.0,-0.7,0.0,7.1,13.57,1.273,0.007,72.35,941.649,63.2,0.0,14.505,32.304,181.85711687755472,29.0596531292433
호소,대청호,추동,2022-02-21,4.5,7.5,12.2,3.5,2.0,3.3,112.0,0.0,0.0,0.0,112.0,0.0,0.0,1.0044642857142858,0.7,0.0,0.0,0.0,0.0,-0.7,0.0,7.1,13.57,,,72.35,941.649,63.2,0.0,14.505,32.304,,29.0596531292433
호소,대청호,회남,2022-02-21,4.6,7.4,12.0,3.4,2.2,3.8,56.0,0.0,0.0,0.0,56.0,0.0,0.0,1.0082589285714283,0.7,0.0,0.0,0.0,0.0,-0.7,0.0,7.1,13.57,,,72.35,941.649,63.2,0.0,14.505,32.304,,29.0596531292433
호소,대청호,회남,2022-02-28,4.9,7.5,12.4,3.9,1.4,4.2,0.0,0.0,0.0,0.0,0.0,0.0,0.0,1.0120535714285714,0.7,0.0,0.0,0.0,0.0,6.9,0.0,8.2,14.49,,,72.164,931.0956,62.49,0.0,15.233,32.258,,28.774819210087145
호소,대청호,문의,2022-02-28,5.1,7.5,12.2,3.7,1.4,3.3,0.0,0.0,0.0,0.0,0.0,0.0,0.0,1.0158482142857144,0.7,0.0,0.0,0.0,0.0,6.9,0.0,8.2,14.49,1.207,0.006,72.164,931.0956,62.49,0.0,15.233,32.258,201.16663313889447,28.774819210087145
호소,대청호,추동,2022-02-28,5.1,7.5,12.6,3.4,2.1,2.9,0.0,0.0,0.0,0.0,0.0,0.0,0.0,1.019642857142857,0.7,0.0,0.0,0.0,0.0,6.9,0.0,8.2,14.49,,,72.164,931.0956,62.49,0.0,15.233,32.258,,28.774819210087145
호소,대청호,회남,2022-03-07,5.2,7.6,12.5,3.4,1.9,3.7,0.0,0.0,0.0,0.0,0.0,0.0,0.0,1.0234375,0.7,0.0,0.0,0.0,0.0,4.3,0.0,9.7,17.93,,,71.97,920.164,61.76,0.0,12.6,32.107,,28.570310801999565
호소,대청호,추동,2022-03-07,5.5,7.6,12.7,4.0,1.9,2.6,0.0,0.0,0.0,0.0,0.0,0.0,0.0,1.027232142857143,0.7,0.0,0.0,0.0,0.0,4.3,0.0,9.7,17.93,,,71.97,920.164,61.76,0.0,12.6,32.107,,28.570310801999565
호소,대청호,문의,2022-03-07,6.2,7.6,12.3,3.8,1.2,1.8,0.0,0.0,0.0,0.0,0.0,0.0,0.0,1.0310267857142856,0.7,0.0,0.0,0.0,0.0,4.3,0.0,9.7,17.93,1.194,0.007,71.97,920.164,61.76,0.0,12.6,32.107,170.5714042040851,28.570310801999565
호소,대청호,회남,2022-03-14,6.1,7.7,12.5,3.4,3.5,3.2,0.0,0.0,0.0,0.0,0.0,0.0,0.0,1.0348214285714286,0.7,0.0,0.0,0.0,0.0,11.3,3.2,0.2,2.98,,,71.84,912.882,61.27,3.5794,27.393,33.862,,26.87951239620752
호소,대청호,문의,2022-03-14,7.1,7.6,12.1,3.6,1.9,2.8,0.0,0.0,0.0,0.0,0.0,0.0,0.0,1.0386160714285717,0.7,0.0,0.0,0.0,0.0,11.3,3.2,0.2,2.98,1.16,0.008,71.84,912.882,61.27,3.5794,27.393,33.862,144.99998187500225,26.87951239620752
호소,대청호,추동,2022-03-14,6.5,7.7,12.5,3.7,2.4,2.2,0.0,0.0,0.0,0.0,0.0,0.0,0.0,1.0424107142857142,0.7,0.0,0.0,0.0,0.0,11.3,3.2,0.2,2.98,,,71.84,912.882,61.27,3.5794,27.393,33.862,,26.87951239620752
호소,대청호,추동,2022-03-21,6.7,7.7,12.1,4.0,1.6,1.6,0.0,0.0,0.0,0.0,0.0,0.0,0.0,1.0462053571428571,0.7,0.0,0.0,0.0,0.0,5.8,0.0,8.7,17.26,,,71.85,913.4409,61.3,0.0,43.253,32.257,,28.230086225546252
호소,대청호,회남,2022-03-21,6.3,7.7,12.2,4.2,1.9,2.4,32.0,0.0,0.0,0.0,32.0,0.0,0.0,1.05,0.7,0.0,0.0,0.0,0.0,5.8,0.0,8.7,17.26,,,71.85,913.4409,61.3,0.0,43.253,32.257,,28.230086225546252
호소,대청호,문의,2022-03-21,7.7,7.6,12.2,3.8,1.4,3.2,0.0,0.0,0.0,0.0,0.0,0.0,0.0,1.0537946428571427,0.7,0.0,0.0,0.0,0.0,5.8,0.0,8.7,17.26,1.233,0.007,71.85,913.4409,61.3,0.0,43.253,32.257,176.14283197959543,28.230086225546252
호소,대청호,문의,2022-03-28,7.8,7.7,11.9,3.8,1.1,2.6,0.0,0.0,0.0,0.0,0.0,0.0,0.0,1.0575892857142857,0.7,0.0,0.0,0.0,0.0,7.7,0.0,11.0,23.0,1.143,0.008,72.034,923.7618,62.0,0.0,73.968,32.327,142.87498214062725,28.487427144046627
호소,대청호,추동,2022-03-28,7.6,7.7,11.9,4.6,1.6,1.5,0.0,0.0,0.0,0.0,0.0,0.0,0.0,1.0613839285714286,0.7,0.0,0.0,0.0,0.0,7.7,0.0,11.0,23.0,,,72.034,923.7618,62.0,0.0,73.968,32.327,,28.487427144046627
호소,대청호,회남,2022-03-28,7.0,7.8,12.2,4.9,1.6,1.9,0.0,0.0,0.0,0.0,0.0,0.0,0.0,1.0651785714285715,0.7,0.0,0.0,0.0,0.0,7.7,0.0,11.0,23.0,,,72.034,923.7618,62.0,0.0,73.968,32.327,,28.487427144046627
호소,대청호,문의,2022-04-04,8.7,7.8,11.9,5.8,0.9,2.3,0.0,0.0,0.0,0.0,0.0,0.0,0.0,1.0689732142857142,0.7,0.0,0.0,0.0,0.0,10.8,0.0,11.8,24.35,1.172,0.005,72.09,926.9167,62.21,0.0,19.259,32.318,234.39995312000934,28.592655314948487
호소,대청호,추동,2022-04-04,8.4,7.8,11.7,5.4,1.4,2.0,0.0,0.0,0.0,0.0,0.0,0.0,0.0,1.0727678571428572,0.7,0.0,0.0,0.0,0.0,10.8,0.0,11.8,24.35,,,72.09,926.9167,62.21,0.0,19.259,32.318,,28.592655314948487
호소,대청호,회남,2022-04-04,7.8,7.7,11.8,4.8,1.4,2.5,0.0,0.0,0.0,0.0,0.0,0.0,0.0,1.0765625,0.7,0.0,0.0,0.0,0.0,10.8,0.0,11.8,24.35,,,72.09,926.9167,62.21,0.0,19.259,32.318,,28.592655314948487
호소,대청호,문의,2022-04-11,9.9,7.8,11.6,5.4,1.1,2.5,0.0,0.0,0.0,0.0,0.0,0.0,0.0,1.0803571428571428,0.7,0.0,0.0,0.0,0.0,20.6,0.0,11.9,24.42,1.166,0.004,71.984,920.9503,61.81,0.0,20.599,32.307,291.4999271250182,28.418252229456595
호소,대청호,추동,2022-04-11,9.9,7.8,11.7,4.7,1.2,2.4,0.0,0.0,0.0,0.0,0.0,0.0,0.0,1.0841517857142855,0.7,0.0,0.0,0.0,0.0,20.6,0.0,11.9,24.42,,,71.984,920.9503,61.81,0.0,20.599,32.307,,28.418252229456595
호소,대청호,회남,2022-04-11,9.6,7.7,11.3,5.5,1.4,2.0,0.0,0.0,0.0,0.0,0.0,0.0,0.0,1.0879464285714286,0.7,0.0,0.0,0.0,0.0,20.6,0.0,11.9,24.42,,,71.984,920.9503,61.81,0.0,20.599,32.307,,28.418252229456595
호소,대청호,회남,2022-04-18,9.1,7.6,11.2,6.3,1.6,1.9,0.0,0.0,0.0,0.0,0.0,0.0,0.0,1.0917410714285714,0.7,0.0,0.0,0.0,0.0,15.0,0.0,7.9,19.83,,,71.973,920.3325,61.77,0.0,24.889,35.941,,25.535709331039644
호소,대청호,문의,2022-04-18,10.7,7.8,11.6,4.5,1.9,2.2,0.0,0.0,0.0,0.0,0.0,0.0,0.0,1.0955357142857145,0.7,0.0,0.0,0.0,0.0,15.0,0.0,7.9,19.83,1.227,0.004,71.973,920.3325,61.77,0.0,24.889,35.941,306.7499233125192,25.535709331039644
호소,대청호,추동,2022-04-18,10.6,7.9,11.4,4.6,1.9,2.5,0.0,0.0,0.0,0.0,0.0,0.0,0.0,1.0993303571428572,0.7,0.0,0.0,0.0,0.0,15.0,0.0,7.9,19.83,,,71.973,920.3325,61.77,0.0,24.889,35.941,,25.535709331039644
호소,대청호,추동,2022-04-25,11.6,8.1,11.2,5.8,1.5,2.4,0.0,0.0,0.0,0.0,0.0,0.0,0.0,1.103125,0.7,0.0,0.0,0.0,0.0,20.1,6.7,2.3,13.49,,,71.811,911.2623,61.16,5.7397,19.784,37.237,,24.40641454857112
호소,대청호,문의,2022-04-25,12.7,7.9,11.1,5.0,1.2,1.8,0.0,0.0,0.0,0.0,0.0,0.0,0.0,1.1069196428571428,0.7,0.0,0.0,0.0,0.0,20.1,6.7,2.3,13.49,1.155,0.007,71.811,911.2623,61.16,5.7397,19.784,37.237,164.9999764285748,24.40641454857112
호소,대청호,회남,2022-04-25,10.6,7.7,10.7,7.7,1.3,1.9,0.0,0.0,0.0,0.0,0.0,0.0,0.0,1.1107142857142858,0.7,0.0,0.0,0.0,0.0,20.1,6.7,2.3,13.49,,,71.811,911.2623,61.16,5.7397,19.784,37.237,,24.40641454857112
호소,대청호,회남,2022-05-02,10.2,7.9,10.4,5.0,1.4,1.8,0.0,0.0,0.0,0.0,0.0,0.0,0.0,1.1145089285714285,0.7,0.0,0.0,0.0,0.0,13.9,0.0,10.9,25.19,2.413,0.013,71.78,909.5328,61.04,0.0,29.337,48.708,185.61537033727922,18.634912309457466
호소,대청호,추동,2022-05-02,11.7,8.1,10.8,4.6,1.3,2.8,0.0,0.0,0.0,0.0,0.0,0.0,0.0,1.1183035714285714,0.7,0.0,0.0,0.0,0.0,13.9,0.0,10.9,25.19,2.97,0.012,71.78,909.5328,61.04,0.0,29.337,48.708,247.49997937500174,18.634912309457466
호소,대청호,문의,2022-05-02,12.0,7.9,10.7,4.0,2.1,2.5,0.0,0.0,0.0,0.0,0.0,0.0,0.0,1.1220982142857143,0.7,0.0,0.0,0.0,0.0,13.9,0.0,10.9,25.19,1.161,0.012,71.78,909.5328,61.04,0.0,29.337,48.708,96.74999193750068,18.634912309457466
호소,대청호,회남,2022-05-09,11.1,8.0,10.0,5.8,1.2,1.8,0.0,0.0,0.0,0.0,0.0,0.0,0.0,1.1258928571428573,0.7,0.0,0.0,0.0,0.0,17.3,2.7,9.8,25.98,,,71.44,890.6938,59.78,1.2445,19.475,51.368,,17.305778347711197
호소,대청호,추동,2022-05-09,13.4,8.2,10.5,3.9,1.5,3.7,0.0,0.0,0.0,0.0,0.0,0.0,0.0,1.1296875,0.7,0.0,0.0,0.0,0.0,17.3,2.7,9.8,25.98,,,71.44,890.6938,59.78,1.2445,19.475,51.368,,17.305778347711197
호소,대청호,문의,2022-05-09,12.7,8.3,10.8,3.3,1.5,3.4,0.0,0.0,0.0,0.0,0.0,0.0,0.0,1.1334821428571429,0.7,0.0,0.0,0.0,0.0,17.3,2.7,9.8,25.98,1.21,0.009,71.44,890.6938,59.78,1.2445,19.475,51.368,134.44442950617452,17.305778347711197
호소,대청호,추동,2022-05-16,12.7,8.1,10.4,3.8,1.6,3.0,0.0,0.0,0.0,0.0,0.0,0.0,0.0,1.1372767857142858,0.7,0.0,0.0,0.0,0.0,16.6,0.0,13.4,29.3,,,71.03,868.2922,58.27,0.0,13.612,51.305,,16.891201245015075
호소,대청호,문의,2022-05-16,15.4,8.3,11.5,4.7,1.4,4.8,0.0,0.0,0.0,0.0,0.0,0.0,0.0,1.1410714285714283,0.7,0.0,0.0,0.0,0.0,16.6,0.0,13.4,29.3,1.209,0.007,71.03,868.2922,58.27,0.0,13.612,51.305,172.71426104081985,16.891201245015075
호소,대청호,회남,2022-05-16,11.4,8.1,9.9,5.2,1.2,2.2,0.0,0.0,0.0,0.0,0.0,0.0,0.0,1.1448660714285714,0.7,0.0,0.0,0.0,0.0,16.6,0.0,13.4,29.3,,,71.03,868.2922,58.27,0.0,13.612,51.305,,16.891201245015075
호소,대청호,문의,2022-05-23,16.3,8.5,10.6,5.1,1.4,4.3,0.0,0.0,0.0,0.0,0.0,0.0,0.0,1.1486607142857144,0.7,0.0,0.0,0.0,0.0,22.6,0.0,10.6,25.03,1.145,0.008,70.61,845.7028,56.76,0.0,12.787,49.88,143.12498210937724,16.920824329731893
호소,대청호,추동,2022-05-23,15.0,8.0,10.2,4.2,1.2,3.2,0.0,0.0,0.0,0.0,0.0,0.0,0.0,1.152455357142857,0.7,0.0,0.0,0.0,0.0,22.6,0.0,10.6,25.03,,,70.61,845.7028,56.76,0.0,12.787,49.88,,16.920824329731893
호소,대청호,회남,2022-05-23,12.4,8.2,9.3,6.1,1.1,2.8,0.0,0.0,0.0,0.0,0.0,0.0,0.0,1.15625,0.7,0.0,0.0,0.0,0.0,22.6,0.0,10.6,25.03,,,70.61,845.7028,56.76,0.0,12.787,49.88,,16.920824329731893
호소,대청호,추동,2022-05-30,15.9,8.8,9.4,5.0,1.2,2.8,0.0,0.0,0.0,0.0,0.0,0.0,0.0,1.160044642857143,0.7,0.0,0.0,0.0,0.0,21.4,0.0,0.2,11.04,,,70.148,821.2739,55.12,0.5858,10.734,50.814,,16.13061044113603
호소,대청호,문의,2022-05-30,17.7,9.2,10.8,4.9,1.1,4.3,0.0,0.0,0.0,0.0,0.0,0.0,0.0,1.1638392857142856,0.7,0.0,0.0,0.0,0.0,21.4,0.0,0.2,11.04,1.2,0.008,70.148,821.2739,55.12,0.5858,10.734,50.814,149.99998125000235,16.13061044113603
호소,대청호,회남,2022-05-30,12.8,8.9,8.7,6.2,1.6,3.0,0.0,0.0,0.0,0.0,0.0,0.0,0.0,1.1676339285714286,0.7,0.0,0.0,0.0,0.0,21.4,0.0,0.2,11.04,,,70.148,821.2739,55.12,0.5858,10.734,50.814,,16.13061044113603
호소,대청호,추동,2022-06-07,17.4,8.5,9.6,3.1,1.6,6.1,0.0,0.0,0.0,0.0,0.0,0.0,0.0,1.1714285714285717,0.7,0.0,0.0,0.0,0.0,17.3,0.0,1.6,8.0,2.692,0.008,69.46,785.7097,52.73,9.7251,10.049,63.253,336.4999579375053,12.40209145581109
호소,대청호,문의,2022-06-07,19.6,8.7,10.7,3.8,1.5,8.2,0.0,0.0,0.0,0.0,0.0,0.0,0.0,1.1752232142857142,0.7,0.0,0.0,0.0,0.0,17.3,0.0,1.6,8.0,1.218,0.01,69.46,785.7097,52.73,9.7251,10.049,63.253,121.79998782000122,12.40209145581109
호소,대청호,회남,2022-06-07,12.8,8.1,7.9,5.4,1.0,2.1,0.0,0.0,0.0,0.0,0.0,0.0,0.0,1.1790178571428571,0.7,0.0,0.0,0.0,0.0,17.3,0.0,1.6,8.0,2.471,0.013,69.46,785.7097,52.73,9.7251,10.049,63.253,190.07690845562246,12.40209145581109
호소,대청호,회남,2022-06-13,13.9,8.3,7.5,5.9,1.3,2.1,0.0,0.0,0.0,0.0,0.0,0.0,0.0,1.1828125,0.7,0.0,0.0,0.0,0.0,23.1,0.0,9.8,25.13,,,68.969,760.9254,51.07,0.0,10.269,62.999,,12.059230732658202
호소,대청호,추동,2022-06-13,18.6,8.4,9.1,2.7,2.1,5.3,0.0,0.0,0.0,0.0,0.0,0.0,0.0,1.1866071428571427,0.7,0.0,0.0,0.0,0.0,23.1,0.0,9.8,25.13,,,68.969,760.9254,51.07,0.0,10.269,62.999,,12.059230732658202
호소,대청호,문의,2022-06-13,20.5,8.9,10.7,2.8,2.3,8.7,0.0,0.0,0.0,0.0,0.0,0.0,0.0,1.1904017857142857,0.7,0.0,0.0,0.0,0.0,23.1,0.0,9.8,25.13,1.19,0.007,68.969,760.9254,51.07,0.0,10.269,62.999,169.99997571428918,12.059230732658202
호소,대청호,회남,2022-06-20,15.2,8.4,5.2,5.0,1.8,2.5,0.0,0.0,0.0,0.0,0.0,0.0,0.0,1.1941964285714286,0.7,0.0,0.0,0.0,0.0,26.8,0.0,8.3,24.21,,,68.44,734.7794,49.31,0.1988,16.024,63.062,,11.633251005351319
호소,대청호,추동,2022-06-20,19.7,8.6,9.4,2.1,2.3,10.9,0.0,0.0,0.0,0.0,0.0,0.0,0.0,1.1979910714285715,0.7,0.0,0.0,0.0,0.0,26.8,0.0,8.3,24.21,,,68.44,734.7794,49.31,0.1988,16.024,63.062,,11.633251005351319
호소,대청호,문의,2022-06-20,22.5,8.8,9.7,2.7,1.5,5.8,0.0,0.0,0.0,0.0,0.0,0.0,0.0,1.2017857142857142,0.7,0.0,0.0,0.0,0.0,26.8,0.0,8.3,24.21,1.206,0.013,68.44,734.7794,49.31,0.1988,16.024,63.062,92.76922363313665,11.633251005351319
호소,대청호,추동,2022-06-27,20.4,8.6,8.3,2.6,1.9,5.8,0.0,0.0,0.0,0.0,0.0,0.0,0.0,1.2055803571428572,0.7,0.0,0.0,0.0,0.0,28.0,3.6,0.4,11.59,,,68.271,726.5482,48.76,2.1126,42.755,59.617,,12.166522095885593
호소,대청호,문의,2022-06-27,24.5,8.7,9.2,2.5,1.7,5.4,0.0,0.0,0.0,0.0,0.0,0.0,0.0,1.209375,0.7,0.0,0.0,0.0,0.0,28.0,3.6,0.4,11.59,1.192,0.015,68.271,726.5482,48.76,2.1126,42.755,59.617,79.46666136888925,12.166522095885593
호소,대청호,회남,2022-06-27,15.6,8.7,4.8,3.3,1.9,4.1,136.0,80.0,0.0,0.0,56.0,0.0,0.0,1.2131696428571428,0.7,0.0,0.0,0.0,0.0,28.0,3.6,0.4,11.59,,,68.271,726.5482,48.76,2.1126,42.755,59.617,,12.166522095885593
호소,대청호,추동,2022-07-04,24.3,8.8,7.7,2.3,2.7,5.8,48.0,0.0,0.0,0.0,48.0,0.0,0.0,1.2169642857142855,0.7,0.0,0.0,0.0,0.0,27.6,0.0,4.9,17.32,,,68.03,714.9123,47.98,2.2919,19.841,35.417,,20.128735535095867
호소,대청호,회남,2022-07-04,17.4,9.8,4.2,4.2,2.8,2.4,588.0,0.0,0.0,0.0,588.0,0.0,0.0,1.2207589285714284,0.7,0.0,0.0,0.0,0.0,27.6,0.0,4.9,17.32,,,68.03,714.9123,47.98,2.2919,19.841,35.417,,20.128735535095867
호소,대청호,문의,2022-07-04,25.9,9.7,8.5,2.8,2.0,6.8,0.0,0.0,0.0,0.0,0.0,0.0,0.0,1.2245535714285714,0.7,0.0,0.0,0.0,0.0,27.6,0.0,4.9,17.32,1.067,0.011,68.03,714.9123,47.98,2.2919,19.841,35.417,96.99999118181898,20.128735535095867
호소,대청호,회남,2022-07-11,18.0,9.4,3.7,4.5,1.8,4.4,776.0,0.0,0.0,0.0,776.0,0.0,0.0,1.2283482142857145,0.7,0.0,0.0,0.0,0.0,25.1,16.3,0.3,9.27,,,67.815,704.6329,47.29,8.5172,20.956,38.594,,18.210391792009094
호소,대청호,문의,2022-07-11,25.8,9.2,8.1,2.6,1.9,8.2,94.0,0.0,94.0,0.0,0.0,0.0,0.0,1.232142857142857,0.7,0.0,0.0,0.0,0.0,25.1,16.3,0.3,9.27,1.076,0.02,67.815,704.6329,47.29,8.5172,20.956,38.594,53.79999731000014,18.210391792009094
호소,대청호,추동,2022-07-11,24.5,9.3,7.5,1.4,2.8,12.4,52.0,0.0,0.0,0.0,52.0,0.0,0.0,1.2359375,0.7,0.0,0.0,0.0,0.0,25.1,16.3,0.3,9.27,,,67.815,704.6329,47.29,8.5172,20.956,38.594,,18.210391792009094
호소,대청호,문의,2022-07-18,27.2,8.0,7.8,2.7,2.4,6.1,0.0,0.0,0.0,0.0,0.0,0.0,0.0,1.2397321428571428,0.7,0.0,0.0,0.0,0.0,22.3,57.4,0.0,4.3,0.956,0.011,67.71,699.6474,46.96,68.643,82.656,38.869,86.90908300826518,17.95394800995663
호소,대청호,회남,2022-07-18,18.2,8.7,3.3,3.8,1.5,3.6,0.0,0.0,0.0,0.0,0.0,0.0,0.0,1.2435267857142858,0.7,0.0,0.0,0.0,0.0,22.3,57.4,0.0,4.3,,,67.71,699.6474,46.96,68.643,82.656,38.869,,17.95394800995663
호소,대청호,추동,2022-07-18,23.6,8.1,6.8,2.0,2.6,9.0,148.0,0.0,56.0,0.0,92.0,0.0,0.0,1.2473214285714285,0.7,0.0,0.0,0.0,0.0,22.3,57.4,0.0,4.3,,,67.71,699.6474,46.96,68.643,82.656,38.869,,17.95394800995663
호소,대청호,회남,2022-07-25,18.8,9.4,3.3,4.0,2.8,2.8,100.0,36.0,0.0,0.0,64.0,0.0,0.0,1.2511160714285714,0.7,0.0,0.0,0.0,0.0,27.2,0.4,8.3,23.38,,,68.4488,735.2096,49.34,0.3917,51.698,35.409,,20.704880452842943
호소,대청호,추동,2022-07-25,24.4,9.2,6.5,2.4,2.5,8.5,494.0,112.0,382.0,0.0,0.0,0.0,0.0,1.2549107142857143,0.7,0.0,0.0,0.0,0.0,27.2,0.4,8.3,23.38,,,68.4488,735.2096,49.34,0.3917,51.698,35.409,,20.704880452842943
호소,대청호,문의,2022-07-25,26.8,9.1,7.3,3.3,1.7,6.4,276.0,240.0,0.0,0.0,36.0,0.0,0.0,1.258705357142857,0.7,0.0,0.0,0.0,0.0,27.2,0.4,8.3,23.38,0.968,0.011,68.4488,735.2096,49.34,0.3917,51.698,35.409,87.99999200000073,20.704880452842943
호소,대청호,추동,2022-08-01,25.4,9.0,5.5,2.5,1.9,7.4,880.0,880.0,0.0,0.0,0.0,0.0,0.0,1.2625,0.7,0.0,0.0,0.0,0.0,27.6,4.4,3.7,18.0,,,68.2452,725.2968,48.68,4.5771,31.848,57.008,,12.700441269174195
호소,대청호,문의,2022-08-01,28.6,8.8,8.6,3.5,1.4,5.6,0.0,0.0,0.0,0.0,0.0,0.0,0.0,1.2662946428571429,0.7,0.0,0.0,0.0,0.0,27.6,4.4,3.7,18.0,0.843,0.012,68.2452,725.2968,48.68,4.5771,31.848,57.008,70.24999414583382,12.700441269174195
호소,대청호,회남,2022-08-01,19.7,9.4,3.3,3.0,2.4,6.2,394.0,0.0,62.0,332.0,0.0,0.0,0.0,1.2700892857142856,0.7,0.0,0.0,0.0,0.0,27.6,4.4,3.7,18.0,,,68.2452,725.2968,48.68,4.5771,31.848,57.008,,12.700441269174195
호소,대청호,회남,2022-08-08,19.9,8.2,3.5,3.5,2.2,3.0,104.0,80.0,0.0,0.0,24.0,0.0,0.0,1.2738839285714283,0.7,0.0,0.0,0.0,0.0,28.6,0.0,0.1,7.38,,,68.0804,717.3358,48.14,0.037,21.536,60.371,,11.862476228274708
호소,대청호,문의,2022-08-08,29.9,8.7,7.9,3.8,1.5,5.1,0.0,0.0,0.0,0.0,0.0,0.0,0.0,1.2776785714285714,0.7,0.0,0.0,0.0,0.0,28.6,0.0,0.1,7.38,0.848,0.011,68.0804,717.3358,48.14,0.037,21.536,60.371,77.09090208264527,11.862476228274708
호소,대청호,추동,2022-08-08,27.0,8.0,5.7,1.9,2.7,6.4,788.0,720.0,0.0,0.0,68.0,0.0,0.0,1.281473214285714,0.7,0.0,0.0,0.0,0.0,28.6,0.0,0.1,7.38,,,68.0804,717.3358,48.14,0.037,21.536,60.371,,11.862476228274708
호소,대청호,문의,2022-08-16,27.5,8.0,6.1,2.1,6.0,6.3,72.0,0.0,0.0,0.0,72.0,0.0,0.0,1.285267857142857,0.7,0.0,0.0,0.0,0.0,25.8,32.9,4.4,13.64,,,71.9708,920.2089,61.76,64.7708,770.059,32.941,,27.850516025544017
호소,대청호,추동,2022-08-16,26.4,7.5,5.3,2.3,2.8,6.6,212.0,0.0,0.0,0.0,212.0,0.0,0.0,1.2890625,0.7,0.0,0.0,0.0,0.0,25.8,32.9,4.4,13.64,,,71.9708,920.2089,61.76,64.7708,770.059,32.941,,27.850516025544017
호소,대청호,회남,2022-08-16,20.4,7.6,4.5,1.7,5.7,6.4,3412.0,1840.0,132.0,1160.0,280.0,0.0,0.0,1.2928571428571427,0.7,0.0,0.0,0.0,0.0,25.8,32.9,4.4,13.64,,,71.9708,920.2089,61.76,64.7708,770.059,32.941,,27.850516025544017
호소,대청호,추동,2022-08-22,26.6,7.6,4.8,2.1,4.0,6.4,504.0,120.0,52.0,0.0,332.0,0.0,0.0,1.2966517857142856,0.7,0.0,0.0,0.0,0.0,27.3,0.0,5.3,17.7,,,74.07,1042.6038,69.97,0.0,124.785,96.814,,10.758030831458822
호소,대청호,회남,2022-08-22,21.0,8.0,9.2,0.3,20.7,33.9,139682.0,139180.0,258.0,212.0,32.0,0.0,0.0,1.3004464285714286,0.7,0.0,0.0,0.0,0.0,27.3,0.0,5.3,17.7,,,74.07,1042.6038,69.97,0.0,124.785,96.814,,10.758030831458822
호소,대청호,문의,2022-08-22,27.2,7.7,4.2,3.0,2.3,4.4,682.0,120.0,38.0,332.0,192.0,0.0,0.0,1.3042410714285713,0.7,0.0,0.0,0.0,0.0,27.3,0.0,5.3,17.7,0.908,0.016,74.07,1042.6038,69.97,0.0,124.785,96.814,56.74999645312523,10.758030831458822
호소,대청호,문의,2022-08-29,26.4,7.5,3.3,2.7,2.1,6.3,612.0,0.0,0.0,28.0,584.0,0.0,0.0,1.3080357142857142,0.7,0.0,0.0,0.0,0.0,19.6,4.5,0.0,4.19,0.989,0.018,73.73,1022.1664,68.6,2.8297,46.336,124.509,54.94444139197548,8.202990153199208
호소,대청호,회남,2022-08-29,20.1,7.6,4.7,1.8,9.6,6.3,5756.0,5220.0,0.0,316.0,220.0,0.0,0.0,1.3118303571428571,0.7,0.0,0.0,0.0,0.0,19.6,4.5,0.0,4.19,,,73.73,1022.1664,68.6,2.8297,46.336,124.509,,8.202990153199208
호소,대청호,추동,2022-08-29,25.8,7.4,5.4,2.3,3.6,8.1,778.0,200.0,262.0,0.0,316.0,0.0,0.0,1.315625,0.7,0.0,0.0,0.0,0.0,19.6,4.5,0.0,4.19,,,73.73,1022.1664,68.6,2.8297,46.336,124.509,,8.202990153199208
호소,대청호,문의,2022-09-05,26.0,7.5,5.9,2.0,2.9,14.3,4060.0,380.0,344.0,156.0,3180.0,0.0,0.0,1.3194196428571427,0.7,0.0,0.0,0.0,0.0,22.6,46.5,0.0,3.94,1.069,0.02,71.734,906.9701,60.87,38.6906,193.618,786.544,53.44999732750013,1.15296131413956
호소,대청호,추동,2022-09-05,25.4,7.5,6.3,1.9,3.0,17.3,858.0,316.0,298.0,0.0,244.0,0.0,0.0,1.3232142857142857,0.7,0.0,0.0,0.0,0.0,22.6,46.5,0.0,3.94,,,71.734,906.9701,60.87,38.6906,193.618,786.544,,1.15296131413956
호소,대청호,회남,2022-09-05,20.1,7.5,4.2,1.3,9.2,11.4,9236.0,7920.0,0.0,1316.0,0.0,0.0,0.0,1.3270089285714286,0.7,0.0,0.0,0.0,0.0,22.6,46.5,0.0,3.94,,,71.734,906.9701,60.87,38.6906,193.618,786.544,,1.15296131413956
호소,대청호,추동,2022-09-13,24.7,7.8,6.6,1.5,6.0,16.6,3944.0,660.0,3012.0,0.0,272.0,0.0,0.0,1.3308035714285713,0.7,0.0,0.0,0.0,0.0,24.5,0.0,0.7,10.85,,,73.58,1013.2252,68.0,0.1265,71.859,85.626,,11.819345356134662
호소,대청호,문의,2022-09-13,24.8,8.1,7.2,1.4,4.6,20.5,4360.0,1860.0,2268.0,44.0,188.0,0.0,0.0,1.3345982142857142,0.7,0.0,0.0,0.0,0.0,24.5,0.0,0.7,10.85,1.165,0.018,73.58,1013.2252,68.0,0.1265,71.859,85.626,64.72221862654342,11.819345356134662
호소,대청호,회남,2022-09-13,21.0,7.7,6.0,1.4,8.6,10.7,4256.0,3360.0,488.0,0.0,408.0,0.0,0.0,1.3383928571428572,0.7,0.0,0.0,0.0,0.0,24.5,0.0,0.7,10.85,,,73.58,1013.2252,68.0,0.1265,71.859,85.626,,11.819345356134662
호소,대청호,추동,2022-09-19,24.6,7.8,5.6,1.9,3.3,15.5,4062.0,2340.0,1210.0,0.0,512.0,0.0,0.0,1.3421875,0.7,0.0,0.0,0.0,0.0,24.5,0.0,8.1,18.7,,,73.57,1012.6308,67.96,0.0,25.21,38.972,,25.917045454545452
호소,대청호,문의,2022-09-19,24.3,7.4,4.4,2.9,1.9,5.6,682.0,460.0,222.0,0.0,0.0,0.0,0.0,1.3459821428571428,0.7,0.0,0.0,0.0,0.0,24.5,0.0,8.1,18.7,1.261,0.014,73.57,1012.6308,67.96,0.0,25.21,38.972,90.07142213775556,25.917045454545452
호소,대청호,회남,2022-09-19,22.9,7.7,5.4,1.5,5.3,11.4,1818.0,1140.0,482.0,0.0,196.0,0.0,0.0,1.3497767857142855,0.7,0.0,0.0,0.0,0.0,24.5,0.0,8.1,18.7,,,73.57,1012.6308,67.96,0.0,25.21,38.972,,25.917045454545452
호소,대청호,회남,2022-09-26,22.3,7.7,5.2,1.8,2.9,6.7,874.0,460.0,202.0,0.0,212.0,0.0,0.0,1.3535714285714284,0.7,0.0,0.0,0.0,0.0,18.7,0.0,3.4,12.82,,,73.4,1002.5567,67.29,0.0,25.515,39.197,,25.512296104028295
호소,대청호,문의,2022-09-26,24.0,7.7,6.1,2.5,2.6,14.6,932.0,0.0,260.0,48.0,624.0,0.0,0.0,1.3573660714285714,0.7,0.0,0.0,0.0,0.0,18.7,0.0,3.4,12.82,1.366,0.014,73.4,1002.5567,67.29,0.0,25.515,39.197,97.57142160204133,25.512296104028295
호소,대청호,추동,2022-09-26,23.8,7.5,5.7,1.9,3.6,21.8,2492.0,520.0,772.0,564.0,636.0,0.0,0.0,1.3611607142857145,0.7,0.0,0.0,0.0,0.0,18.7,0.0,3.4,12.82,,,73.4,1002.5567,67.29,0.0,25.515,39.197,,25.512296104028295
호소,대청호,문의,2022-10-04,23.8,7.9,8.0,2.5,3.0,19.5,636.0,180.0,88.0,332.0,36.0,0.0,0.0,1.364955357142857,0.7,0.0,0.0,0.0,0.0,20.0,43.5,1.9,9.55,1.304,0.014,73.34,999.0153,67.05,35.2082,93.514,32.192,93.1428504897964,30.936928651059084
호소,대청호,추동,2022-10-04,23.5,7.6,6.3,2.1,3.8,14.6,836.0,520.0,104.0,128.0,84.0,0.0,0.0,1.36875,0.7,0.0,0.0,0.0,0.0,20.0,43.5,1.9,9.55,,,73.34,999.0153,67.05,35.2082,93.514,32.192,,30.936928651059084
호소,대청호,회남,2022-10-04,21.8,7.8,5.5,2.4,3.5,12.6,586.0,392.0,98.0,28.0,68.0,0.0,0.0,1.3725446428571428,0.7,0.0,0.0,0.0,0.0,20.0,43.5,1.9,9.55,,,73.34,999.0153,67.05,35.2082,93.514,32.192,,30.936928651059084
호소,대청호,문의,2022-10-11,21.9,8.0,8.4,2.2,2.3,29.1,472.0,0.0,0.0,424.0,48.0,0.0,0.0,1.3763392857142858,0.7,0.0,0.0,0.0,0.0,12.0,0.0,8.5,17.78,1.524,0.011,73.3968,1002.3677,67.27,0.1055,25.335,34.363,138.54544195041439,29.08532919362795
호소,대청호,회남,2022-10-11,18.2,7.5,5.2,2.7,3.9,12.3,538.0,0.0,58.0,316.0,164.0,0.0,0.0,1.3801339285714285,0.7,0.0,0.0,0.0,0.0,12.0,0.0,8.5,17.78,,,73.3968,1002.3677,67.27,0.1055,25.335,34.363,,29.08532919362795
호소,대청호,추동,2022-10-11,21.8,7.7,8.0,2.4,2.7,20.2,796.0,0.0,108.0,552.0,136.0,0.0,0.0,1.3839285714285714,0.7,0.0,0.0,0.0,0.0,12.0,0.0,8.5,17.78,,,73.3968,1002.3677,67.27,0.1055,25.335,34.363,,29.08532919362795
호소,대청호,추동,2022-10-17,21.5,8.1,9.1,2.5,2.4,21.4,782.0,100.0,38.0,448.0,196.0,0.0,0.0,1.3877232142857143,0.7,0.0,0.0,0.0,0.0,12.4,0.0,8.6,17.65,,,73.2916,996.164,66.86,0.0,16.542,33.172,,29.940009617696564
호소,대청호,회남,2022-10-17,20.7,7.6,5.6,2.5,2.9,13.4,428.0,380.0,0.0,48.0,0.0,0.0,0.0,1.391517857142857,0.7,0.0,0.0,0.0,0.0,12.4,0.0,8.6,17.65,,,73.2916,996.164,66.86,0.0,16.542,33.172,,29.940009617696564
호소,대청호,문의,2022-10-17,21.7,8.0,8.4,2.4,1.7,19.4,468.0,140.0,0.0,152.0,176.0,0.0,0.0,1.3953125,0.7,0.0,0.0,0.0,0.0,12.4,0.0,8.6,17.65,1.427,0.013,73.2916,996.164,66.86,0.0,16.542,33.172,109.76922232544445,29.940009617696564
호소,대청호,추동,2022-10-24,20.0,8.1,9.2,2.4,2.1,17.0,902.0,0.0,74.0,704.0,124.0,0.0,0.0,1.3991071428571429,0.7,0.0,0.0,0.0,0.0,9.7,0.0,8.0,15.58,,,73.13,986.6786,66.22,0.0,17.926,31.48,,31.243780873970863
호소,대청호,회남,2022-10-24,19.9,7.6,6.4,3.0,2.3,6.7,244.0,0.0,0.0,172.0,72.0,0.0,0.0,1.4029017857142856,0.7,0.0,0.0,0.0,0.0,9.7,0.0,8.0,15.58,,,73.13,986.6786,66.22,0.0,17.926,31.48,,31.243780873970863
호소,대청호,문의,2022-10-24,20.1,7.9,8.5,2.8,2.0,11.5,360.0,0.0,0.0,136.0,224.0,0.0,0.0,1.4066964285714283,0.7,0.0,0.0,0.0,0.0,9.7,0.0,8.0,15.58,1.457,0.012,73.13,986.6786,66.22,0.0,17.926,31.48,121.41665654861197,31.243780873970863
호소,대청호,추동,2022-10-31,19.3,7.9,9.1,3.7,2.1,10.2,890.0,0.0,130.0,632.0,128.0,0.0,0.0,1.4104910714285714,0.7,0.0,0.0,0.0,0.0,14.1,0.0,8.6,14.59,,,72.93,975.0135,65.44,0.0,13.147,33.338,,29.158846222860216
호소,대청호,회남,2022-10-31,19.3,7.6,7.0,3.3,2.3,6.2,412.0,120.0,72.0,144.0,76.0,0.0,0.0,1.414285714285714,0.7,0.0,0.0,0.0,0.0,14.1,0.0,8.6,14.59,,,72.93,975.0135,65.44,0.0,13.147,33.338,,29.158846222860216
호소,대청호,문의,2022-10-31,19.5,7.7,8.1,3.9,1.9,7.8,868.0,160.0,0.0,292.0,416.0,0.0,0.0,1.418080357142857,0.7,0.0,0.0,0.0,0.0,14.1,0.0,8.6,14.59,1.494,0.013,72.93,975.0135,65.44,0.0,13.147,33.338,114.92306808284093,29.158846222860216
호소,대청호,문의,2022-11-07,18.1,7.8,8.2,4.4,1.3,7.4,222.0,0.0,18.0,0.0,204.0,0.0,0.0,1.421875,0.7,0.0,0.0,0.0,0.0,9.6,0.0,6.5,10.89,1.509,0.007,72.7316,963.5228,64.67,0.0,12.1,31.08,215.57139777551458,30.901949967928157
호소,대청호,추동,2022-11-07,17.9,8.0,9.2,3.5,1.4,8.4,516.0,0.0,0.0,364.0,152.0,0.0,0.0,1.4256696428571427,0.7,0.0,0.0,0.0,0.0,9.6,0.0,6.5,10.89,2.764,0.011,72.7316,963.5228,64.67,0.0,12.1,31.08,251.27270442975416,30.901949967928157
호소,대청호,회남,2022-11-07,18.0,7.8,8.2,3.0,2.9,8.2,82.0,0.0,26.0,0.0,56.0,0.0,0.0,1.4294642857142856,0.7,0.0,0.0,0.0,0.0,9.6,0.0,6.5,10.89,2.8,0.016,72.7316,963.5228,64.67,0.0,12.1,31.08,174.99998906250067,30.901949967928157
호소,대청호,추동,2022-11-14,17.4,7.8,8.5,3.0,2.3,7.3,248.0,0.0,0.0,104.0,144.0,0.0,0.0,1.4332589285714286,0.7,0.0,0.0,0.0,0.0,9.5,0.0,1.6,6.15,,,72.55,953.076,63.96,0.0,11.275,31.196,,30.453604294478524
호소,대청호,회남,2022-11-14,17.1,7.7,7.7,3.4,2.6,5.6,52.0,0.0,0.0,0.0,52.0,0.0,0.0,1.4370535714285713,0.7,0.0,0.0,0.0,0.0,9.5,0.0,1.6,6.15,,,72.55,953.076,63.96,0.0,11.275,31.196,,30.453604294478524
호소,대청호,문의,2022-11-14,17.6,7.7,8.1,3.7,2.2,8.3,22.0,0.0,22.0,0.0,0.0,0.0,0.0,1.4408482142857142,0.7,0.0,0.0,0.0,0.0,9.5,0.0,1.6,6.15,1.466,0.009,72.55,953.076,63.96,0.0,11.275,31.196,162.88887079012548,30.453604294478524
호소,대청호,문의,2022-11-21,16.5,7.7,8.3,3.4,2.0,9.5,72.0,0.0,0.0,0.0,72.0,0.0,0.0,1.4446428571428571,0.7,0.0,0.0,0.0,0.0,11.7,0.0,8.5,10.93,1.472,0.011,72.3732,942.9703,63.29,0.0,13.741,31.423,133.8181696528937,29.91372331313644
호소,대청호,회남,2022-11-21,16.2,7.7,7.8,3.0,3.0,5.3,32.0,0.0,0.0,0.0,32.0,0.0,0.0,1.4484375,0.7,0.0,0.0,0.0,0.0,11.7,0.0,8.5,10.93,,,72.3732,942.9703,63.29,0.0,13.741,31.423,,29.91372331313644
호소,대청호,추동,2022-11-21,16.5,7.8,8.6,3.2,1.9,8.0,254.0,0.0,102.0,0.0,152.0,0.0,0.0,1.4522321428571427,0.7,0.0,0.0,0.0,0.0,11.7,0.0,8.5,10.93,,,72.3732,942.9703,63.29,0.0,13.741,31.423,,29.91372331313644
호소,대청호,문의,2022-11-28,15.3,7.7,8.5,2.7,1.8,9.5,46.0,0.0,46.0,0.0,0.0,0.0,0.0,1.4560267857142857,0.7,0.0,0.0,0.0,0.0,7.3,30.1,1.4,2.63,1.473,0.008,72.1796,931.978,62.55,14.4172,26.438,33.25,184.1249769843779,27.945367316341827
호소,대청호,회남,2022-11-28,15.2,7.7,8.3,3.0,2.8,5.9,212.0,0.0,0.0,0.0,212.0,0.0,0.0,1.4598214285714286,0.7,0.0,0.0,0.0,0.0,7.3,30.1,1.4,2.63,,,72.1796,931.978,62.55,14.4172,26.438,33.25,,27.945367316341827
호소,대청호,추동,2022-11-28,15.3,7.8,9.0,3.0,2.0,10.2,84.0,0.0,0.0,0.0,84.0,0.0,0.0,1.4636160714285713,0.7,0.0,0.0,0.0,0.0,7.3,30.1,1.4,2.63,,,72.1796,931.978,62.55,14.4172,26.438,33.25,,27.945367316341827
호소,대청호,문의,2022-12-05,12.9,7.7,9.2,2.9,1.7,9.6,0.0,0.0,0.0,0.0,0.0,0.0,0.0,1.4674107142857142,0.7,0.0,0.0,0.0,0.0,-2.2,0.0,6.2,9.97,1.491,0.009,72.0876,926.7814,62.2,0.0,18.978,33.604,165.66664825926134,27.497667932589604
호소,대청호,회남,2022-12-05,13.4,7.7,9.0,2.7,1.9,7.0,84.0,0.0,0.0,0.0,84.0,0.0,0.0,1.4712053571428572,0.7,0.0,0.0,0.0,0.0,-2.2,0.0,6.2,9.97,,,72.0876,926.7814,62.2,0.0,18.978,33.604,,27.497667932589604
호소,대청호,추동,2022-12-05,12.8,7.9,9.9,3.5,1.7,10.7,148.0,0.0,0.0,0.0,148.0,0.0,0.0,1.475,0.7,0.0,0.0,0.0,0.0,-2.2,0.0,6.2,9.97,,,72.0876,926.7814,62.2,0.0,18.978,33.604,,27.497667932589604
호소,대청호,문의,2022-12-12,12.0,7.7,9.0,3.7,1.8,8.3,148.0,0.0,0.0,0.0,148.0,0.0,0.0,1.4787946428571428,0.7,0.0,0.0,0.0,0.0,1.6,0.0,4.2,6.82,1.414,0.01,71.913,916.9669,61.54,0.0,42.795,40.85,141.3999858600014,22.39235409035409
호소,대청호,추동,2022-12-12,11.7,7.9,9.9,3.6,2.6,9.4,228.0,0.0,0.0,0.0,228.0,0.0,0.0,1.4825892857142855,0.7,0.0,0.0,0.0,0.0,1.6,0.0,4.2,6.82,,,71.913,916.9669,61.54,0.0,42.795,40.85,,22.39235409035409
호소,대청호,회남,2022-12-12,11.7,7.7,9.0,2.9,2.7,4.6,0.0,0.0,0.0,0.0,0.0,0.0,0.0,1.4863839285714284,0.7,0.0,0.0,0.0,0.0,1.6,0.0,4.2,6.82,,,71.913,916.9669,61.54,0.0,42.795,40.85,,22.39235409035409
호소,대청호,추동,2022-12-19,9.4,7.6,10.4,2.9,1.8,7.1,70.0,0.0,18.0,0.0,52.0,0.0,0.0,1.4901785714285714,0.7,0.0,0.0,0.0,0.0,-5.5,0.0,8.1,10.6,,,71.725,906.4692,60.84,0.0778,13.877,31.791,,28.423981687623467
호소,대청호,문의,2022-12-19,9.9,7.4,9.5,3.8,1.7,6.4,0.0,0.0,0.0,0.0,0.0,0.0,0.0,1.4939732142857145,0.7,0.0,0.0,0.0,0.0,-5.5,0.0,8.1,10.6,1.399,0.008,71.725,906.4692,60.84,0.0778,13.877,31.791,174.87497814062775,28.423981687623467
호소,대청호,회남,2022-12-19,10.0,7.4,9.5,3.9,2.3,3.5,48.0,0.0,0.0,0.0,48.0,0.0,0.0,1.497767857142857,0.7,0.0,0.0,0.0,0.0,-5.5,0.0,8.1,10.6,,,71.725,906.4692,60.84,0.0778,13.877,31.791,,28.423981687623467
호소,대청호,문의,2022-12-26,8.1,7.4,9.8,3.5,2.0,3.8,0.0,0.0,0.0,0.0,0.0,0.0,0.0,1.5015625,0.7,0.0,0.0,0.0,0.0,-3.6,0.0,6.1,8.18,,,71.549,896.7075,60.18,0.1159,11.198,31.814,,28.097621733408534
호소,대청호,회남,2022-12-26,8.2,7.3,9.7,3.7,1.6,3.5,0.0,0.0,0.0,0.0,0.0,0.0,0.0,1.5053571428571428,0.7,0.0,0.0,0.0,0.0,-3.6,0.0,6.1,8.18,,,71.549,896.7075,60.18,0.1159,11.198,31.814,,28.097621733408534
호소,대청호,추동,2022-12-26,8.0,7.4,10.1,4.0,1.8,4.0,0.0,0.0,0.0,0.0,0.0,0.0,0.0,1.5091517857142858,0.7,0.0,0.0,0.0,0.0,-3.6,0.0,6.1,8.18,,,71.549,896.7075,60.18,0.1159,11.198,31.814,,28.097621733408534
호소,대청호,회남,2023-01-02,7.3,7.5,10.1,4.5,1.6,3.4,0.0,0.0,0.0,0.0,0.0,0.0,0.0,1.5129464285714285,0.7,0.0,0.0,0.0,0.0,-3.0,0.0,8.5,11.46,,,71.3324,884.7813,59.38,0.0,10.34,31.679,,27.841697347304823
호소,대청호,추동,2023-01-02,7.1,7.5,10.3,4.2,1.3,4.3,56.0,0.0,0.0,0.0,56.0,0.0,0.0,1.5167410714285714,0.7,0.0,0.0,0.0,0.0,-3.0,0.0,8.5,11.46,,,71.3324,884.7813,59.38,0.0,10.34,31.679,,27.841697347304823
호소,대청호,문의,2023-01-02,7.6,7.3,9.3,3.7,1.6,4.0,64.0,0.0,0.0,0.0,64.0,0.0,0.0,1.5205357142857143,0.7,0.0,0.0,0.0,0.0,-3.0,0.0,8.5,11.46,1.446,0.009,71.3324,884.7813,59.38,0.0,10.34,31.679,160.66664881481682,27.841697347304823
호소,대청호,추동,2023-01-09,6.5,7.5,10.6,3.6,2.2,3.9,0.0,0.0,0.0,0.0,0.0,0.0,0.0,1.524330357142857,0.7,0.0,0.0,0.0,0.0,1.9,0.0,3.3,6.14,,,71.1456,874.5733,58.7,0.11,25.561,31.613,,27.57775360262353
호소,대청호,문의,2023-01-09,7.0,7.3,9.2,3.4,1.9,2.7,0.0,0.0,0.0,0.0,0.0,0.0,0.0,1.528125,0.7,0.0,0.0,0.0,0.0,1.9,0.0,3.3,6.14,1.392,0.006,71.1456,874.5733,58.7,0.11,25.561,31.613,231.99996133333974,27.57775360262353
호소,대청호,회남,2023-01-09,6.7,7.5,10.3,5.1,4.2,3.2,0.0,0.0,0.0,0.0,0.0,0.0,0.0,1.5319196428571429,0.7,0.0,0.0,0.0,0.0,1.9,0.0,3.3,6.14,,,71.1456,874.5733,58.7,0.11,25.561,31.613,,27.57775360262353
호소,대청호,추동,2023-01-16,6.6,7.6,11.3,4.0,2.4,4.4,0.0,0.0,0.0,0.0,0.0,0.0,0.0,1.5357142857142856,0.7,0.0,0.0,0.0,0.0,-3.1,0.0,7.7,12.1,,,71.0636,870.115,58.4,0.0,27.882,31.652,,27.403470647518265
호소,대청호,회남,2023-01-16,6.3,7.5,10.5,5.1,1.7,3.7,0.0,0.0,0.0,0.0,0.0,0.0,0.0,1.5395089285714283,0.7,0.0,0.0,0.0,0.0,-3.1,0.0,7.7,12.1,,,71.0636,870.115,58.4,0.0,27.882,31.652,,27.403470647518265
호소,대청호,문의,2023-01-16,7.0,7.3,9.3,3.9,1.6,3.2,0.0,0.0,0.0,0.0,0.0,0.0,0.0,1.5433035714285714,0.7,0.0,0.0,0.0,0.0,-3.1,0.0,7.7,12.1,1.364,0.005,71.0636,870.115,58.4,0.0,27.882,31.652,272.7999454400109,27.403470647518265
호소,대청호,문의,2023-01-25,5.2,7.5,10.8,3.6,1.7,3.2,0.0,0.0,0.0,0.0,0.0,0.0,0.0,1.547098214285714,0.7,0.0,0.0,0.0,0.0,-11.4,0.0,9.3,14.04,,,70.9068,861.6284,57.83,0.0,20.158,31.654,,27.134483844555017
호소,대청호,회남,2023-01-25,5.5,7.6,11.2,4.5,1.9,3.9,0.0,0.0,0.0,0.0,0.0,0.0,0.0,1.550892857142857,0.7,0.0,0.0,0.0,0.0,-11.4,0.0,9.3,14.04,,,70.9068,861.6284,57.83,0.0,20.158,31.654,,27.134483844555017
호소,대청호,추동,2023-01-25,5.1,7.6,11.5,3.8,2.0,4.6,0.0,0.0,0.0,0.0,0.0,0.0,0.0,1.5546875,0.7,0.0,0.0,0.0,0.0,-11.4,0.0,9.3,14.04,,,70.9068,861.6284,57.83,0.0,20.158,31.654,,27.134483844555017
호소,대청호,회남,2023-01-30,4.8,7.5,11.4,5.2,1.1,3.2,0.0,0.0,0.0,0.0,0.0,0.0,0.0,1.5584821428571427,0.7,0.0,0.0,0.0,0.0,-0.4,0.0,9.4,14.24,,,70.7756,854.5662,57.35,0.0,16.732,31.902,,26.703524779701265
호소,대청호,문의,2023-01-30,4.6,7.4,11.0,4.4,1.4,2.5,0.0,0.0,0.0,0.0,0.0,0.0,0.0,1.5622767857142856,0.7,0.0,0.0,0.0,0.0,-0.4,0.0,9.4,14.24,1.388,0.008,70.7756,854.5662,57.35,0.0,16.732,31.902,173.49997831250272,26.703524779701265
호소,대청호,추동,2023-01-30,3.9,7.5,12.0,4.1,1.7,4.0,0.0,0.0,0.0,0.0,0.0,0.0,0.0,1.5660714285714286,0.7,0.0,0.0,0.0,0.0,-0.4,0.0,9.4,14.24,,,70.7756,854.5662,57.35,0.0,16.732,31.902,,26.703524779701265
호소,대청호,문의,2023-02-06,5.3,7.4,11.1,4.4,1.3,2.8,0.0,0.0,0.0,0.0,0.0,0.0,0.0,1.5698660714285713,0.7,0.0,0.0,0.0,0.0,2.1,0.0,6.2,11.59,1.457,0.008,70.58,844.1032,56.65,0.0,13.584,32.098,182.12497723437787,26.21601341698242
호소,대청호,추동,2023-02-06,4.4,7.5,12.1,4.5,1.4,3.9,0.0,0.0,0.0,0.0,0.0,0.0,0.0,1.5736607142857142,0.7,0.0,0.0,0.0,0.0,2.1,0.0,6.2,11.59,,,70.58,844.1032,56.65,0.0,13.584,32.098,,26.21601341698242
호소,대청호,회남,2023-02-06,4.9,7.5,11.7,5.4,1.0,2.9,0.0,0.0,0.0,0.0,0.0,0.0,0.0,1.5774553571428571,0.7,0.0,0.0,0.0,0.0,2.1,0.0,6.2,11.59,,,70.58,844.1032,56.65,0.0,13.584,32.098,,26.21601341698242
호소,대청호,회남,2023-02-13,4.7,7.5,11.6,4.8,1.5,2.5,0.0,0.0,0.0,0.0,0.0,0.0,0.0,1.58125,0.7,0.0,0.0,0.0,0.0,6.3,0.0,0.4,6.84,,,70.3908,834.0575,55.98,0.0,14.531,31.684,,26.241426503901334
호소,대청호,문의,2023-02-13,5.2,7.4,11.3,4.6,1.4,2.6,0.0,0.0,0.0,0.0,0.0,0.0,0.0,1.5850446428571427,0.7,0.0,0.0,0.0,0.0,6.3,0.0,0.4,6.84,1.369,0.006,70.3908,834.0575,55.98,0.0,14.531,31.684,228.16662863889522,26.241426503901334
호소,대청호,추동,2023-02-13,4.8,7.5,12.0,4.8,1.1,2.6,0.0,0.0,0.0,0.0,0.0,0.0,0.0,1.5888392857142857,0.7,0.0,0.0,0.0,0.0,6.3,0.0,0.4,6.84,,,70.3908,834.0575,55.98,0.0,14.531,31.684,,26.241426503901334
호소,대청호,문의,2023-02-20,5.4,7.4,11.4,4.9,1.0,2.7,0.0,0.0,0.0,0.0,0.0,0.0,0.0,1.5926339285714286,0.7,0.0,0.0,0.0,0.0,-0.1,0.0,7.3,15.94,1.415,0.006,70.1888,823.4136,55.26,0.0,17.21,31.796,235.83329402778432,25.815575620767493
호소,대청호,추동,2023-02-20,5.2,7.5,12.1,5.1,1.5,3.2,0.0,0.0,0.0,0.0,0.0,0.0,0.0,1.5964285714285713,0.7,0.0,0.0,0.0,0.0,-0.1,0.0,7.3,15.94,,,70.1888,823.4136,55.26,0.0,17.21,31.796,,25.815575620767493
호소,대청호,회남,2023-02-20,4.8,7.5,12.0,6.2,1.4,3.0,0.0,0.0,0.0,0.0,0.0,0.0,0.0,1.6002232142857142,0.7,0.0,0.0,0.0,0.0,-0.1,0.0,7.3,15.94,,,70.1888,823.4136,55.26,0.0,17.21,31.796,,25.815575620767493
호소,대청호,문의,2023-02-27,5.6,7.5,11.6,4.7,0.8,2.4,0.0,0.0,0.0,0.0,0.0,0.0,0.0,1.6040178571428572,0.7,0.0,0.0,0.0,0.0,4.4,0.0,10.5,18.96,1.356,0.005,69.9784,812.4163,54.52,0.0,12.736,31.785,271.19994576001085,25.479576603418533
호소,대청호,추동,2023-02-27,5.6,7.6,12.3,5.3,1.4,2.7,0.0,0.0,0.0,0.0,0.0,0.0,0.0,1.6078125,0.7,0.0,0.0,0.0,0.0,4.4,0.0,10.5,18.96,,,69.9784,812.4163,54.52,0.0,12.736,31.785,,25.479576603418533
호소,대청호,회남,2023-02-27,5.4,7.6,12.2,5.7,1.3,2.5,0.0,0.0,0.0,0.0,0.0,0.0,0.0,1.6116071428571428,0.7,0.0,0.0,0.0,0.0,4.4,0.0,10.5,18.96,,,69.9784,812.4163,54.52,0.0,12.736,31.785,,25.479576603418533
호소,대청호,문의,2023-03-06,6.0,7.6,11.8,4.8,1.0,2.7,0.0,0.0,0.0,0.0,0.0,0.0,0.0,1.6154017857142855,0.7,0.0,0.0,0.0,0.0,8.3,0.0,10.5,19.25,1.367,0.008,69.7424,800.1896,53.7,0.0,10.5,31.762,170.8749786406277,25.114230117381208
호소,대청호,회남,2023-03-06,5.8,7.6,12.2,5.7,0.9,2.9,0.0,0.0,0.0,0.0,0.0,0.0,0.0,1.6191964285714284,0.7,0.0,0.0,0.0,0.0,8.3,0.0,10.5,19.25,,,69.7424,800.1896,53.7,0.0,10.5,31.762,,25.114230117381208
호소,대청호,추동,2023-03-06,6.3,7.7,12.6,3.8,1.4,3.9,0.0,0.0,0.0,0.0,0.0,0.0,0.0,1.6229910714285714,0.7,0.0,0.0,0.0,0.0,8.3,0.0,10.5,19.25,,,69.7424,800.1896,53.7,0.0,10.5,31.762,,25.114230117381208
호소,대청호,문의,2023-03-13,7.1,7.5,11.6,3.4,1.5,3.5,0.0,0.0,0.0,0.0,0.0,0.0,0.0,1.6267857142857145,0.7,0.0,0.0,0.0,0.0,3.5,0.0,10.9,21.29,1.359,0.004,69.52,788.7724,52.94,0.0,13.942,31.698,339.7499150625212,24.805723630417003
호소,대청호,추동,2023-03-13,7.0,7.5,12.0,3.0,1.6,3.1,0.0,0.0,0.0,0.0,0.0,0.0,0.0,1.630580357142857,0.7,0.0,0.0,0.0,0.0,3.5,0.0,10.9,21.29,,,69.52,788.7724,52.94,0.0,13.942,31.698,,24.805723630417003
호소,대청호,회남,2023-03-13,6.6,7.5,12.1,4.3,1.5,3.4,0.0,0.0,0.0,0.0,0.0,0.0,0.0,1.634375,0.7,0.0,0.0,0.0,0.0,3.5,0.0,10.9,21.29,,,69.52,788.7724,52.94,0.0,13.942,31.698,,24.805723630417003
호소,대청호,회남,2023-03-20,7.2,7.6,12.1,4.7,1.1,3.6,0.0,0.0,0.0,0.0,0.0,0.0,0.0,1.6381696428571428,0.7,0.0,0.0,0.0,0.0,10.6,0.0,10.1,20.84,,,69.28,776.5661,52.12,0.0,11.758,33.097,,23.3926589752086
호소,대청호,추동,2023-03-20,8.2,7.6,11.9,3.2,1.2,3.1,0.0,0.0,0.0,0.0,0.0,0.0,0.0,1.6419642857142858,0.7,0.0,0.0,0.0,0.0,10.6,0.0,10.1,20.84,,,69.28,776.5661,52.12,0.0,11.758,33.097,,23.3926589752086
호소,대청호,문의,2023-03-20,7.0,7.4,11.3,4.8,1.3,2.6,0.0,0.0,0.0,0.0,0.0,0.0,0.0,1.6457589285714285,0.7,0.0,0.0,0.0,0.0,10.6,0.0,10.1,20.84,1.499,0.008,69.28,776.5661,52.12,0.0,11.758,33.097,187.37497657812796,23.3926589752086
호소,대청호,추동,2023-03-27,9.0,7.8,11.7,3.3,1.6,3.2,0.0,0.0,0.0,0.0,0.0,0.0,0.0,1.6495535714285714,0.7,0.0,0.0,0.0,0.0,7.4,0.0,11.2,23.38,,,69.08,766.4849,51.44,0.0,20.582,33.138,,23.060500030086047
호소,대청호,회남,2023-03-27,7.4,7.7,11.8,4.3,1.1,2.9,0.0,0.0,0.0,0.0,0.0,0.0,0.0,1.6533482142857143,0.7,0.0,0.0,0.0,0.0,7.4,0.0,11.2,23.38,,,69.08,766.4849,51.44,0.0,20.582,33.138,,23.060500030086047
호소,대청호,문의,2023-03-27,8.6,7.9,11.9,4.3,1.5,3.2,0.0,0.0,0.0,0.0,0.0,0.0,0.0,1.657142857142857,0.7,0.0,0.0,0.0,0.0,7.4,0.0,11.2,23.38,1.403,0.011,69.08,766.4849,51.44,0.0,20.582,33.138,127.5454429504143,23.060500030086047
호소,대청호,추동,2023-04-03,9.3,7.7,11.3,3.0,1.5,3.4,0.0,0.0,0.0,0.0,0.0,0.0,0.0,1.6609375,0.7,0.0,0.0,0.0,0.0,16.8,0.0,11.1,23.32,,,68.84,754.4963,50.64,0.0,10.2,33.231,,22.63647355314872
호소,대청호,문의,2023-04-03,11.8,8.0,12.2,3.8,1.5,3.2,0.0,0.0,0.0,0.0,0.0,0.0,0.0,1.6647321428571429,0.7,0.0,0.0,0.0,0.0,16.8,0.0,11.1,23.32,1.41,0.014,68.84,754.4963,50.64,0.0,10.2,33.231,100.71427852040867,22.63647355314872
호소,대청호,회남,2023-04-03,8.3,7.7,11.7,3.5,1.0,3.7,0.0,0.0,0.0,0.0,0.0,0.0,0.0,1.6685267857142856,0.7,0.0,0.0,0.0,0.0,16.8,0.0,11.1,23.32,,,68.84,754.4963,50.64,0.0,10.2,33.231,,22.63647355314872
호소,대청호,추동,2023-04-10,9.7,7.8,11.0,3.2,2.2,3.7,0.0,0.0,0.0,0.0,0.0,0.0,0.0,1.6723214285714283,0.7,0.0,0.0,0.0,0.0,12.6,0.0,11.3,23.51,,,68.69,747.0638,50.14,0.0,22.095,33.534,,22.211565677588155
호소,대청호,문의,2023-04-10,11.6,8.0,11.5,3.9,1.5,3.7,0.0,0.0,0.0,0.0,0.0,0.0,0.0,1.6761160714285714,0.7,0.0,0.0,0.0,0.0,12.6,0.0,11.3,23.51,1.33,0.012,68.69,747.0638,50.14,0.0,22.095,33.534,110.833324097223,22.211565677588155
호소,대청호,회남,2023-04-10,8.9,7.8,11.3,3.0,1.3,4.3,0.0,0.0,0.0,0.0,0.0,0.0,0.0,1.679910714285714,0.7,0.0,0.0,0.0,0.0,12.6,0.0,11.3,23.51,,,68.69,747.0638,50.14,0.0,22.095,33.534,,22.211565677588155
호소,대청호,추동,2023-04-17,11.1,8.0,10.9,2.9,2.3,3.5,0.0,0.0,0.0,0.0,0.0,0.0,0.0,1.683705357142857,0.7,0.0,0.0,0.0,0.0,13.6,0.0,10.8,23.73,,,68.506,738.01,49.53,0.0,19.211,34.424,,21.376723438767232
호소,대청호,문의,2023-04-17,11.6,8.0,11.6,3.7,1.3,4.5,0.0,0.0,0.0,0.0,0.0,0.0,0.0,1.6875,0.7,0.0,0.0,0.0,0.0,13.6,0.0,10.8,23.73,1.302,0.013,68.506,738.01,49.53,0.0,19.211,34.424,100.15383844970475,21.376723438767232
호소,대청호,회남,2023-04-17,15.4,7.9,11.0,2.5,1.5,4.3,0.0,0.0,0.0,0.0,0.0,0.0,0.0,1.6912946428571427,0.7,0.0,0.0,0.0,0.0,13.6,0.0,10.8,23.73,,,68.506,738.01,49.53,0.0,19.211,34.424,,21.376723438767232
호소,대청호,회남,2023-04-24,10.2,7.9,10.4,2.5,1.6,5.6,0.0,0.0,0.0,0.0,0.0,0.0,0.0,1.6950892857142856,0.7,0.0,0.0,0.0,0.0,15.0,0.0,4.1,17.15,,,68.25,725.5296,48.69,0.0,10.61,33.077,,21.868451035355818
호소,대청호,추동,2023-04-24,12.6,8.0,10.3,2.7,2.5,3.3,0.0,0.0,0.0,0.0,0.0,0.0,0.0,1.6988839285714286,0.7,0.0,0.0,0.0,0.0,15.0,0.0,4.1,17.15,,,68.25,725.5296,48.69,0.0,10.61,33.077,,21.868451035355818
호소,대청호,문의,2023-04-24,14.4,8.2,11.2,3.6,1.9,4.1,0.0,0.0,0.0,0.0,0.0,0.0,0.0,1.7026785714285713,0.7,0.0,0.0,0.0,0.0,15.0,0.0,4.1,17.15,1.428,0.005,68.25,725.5296,48.69,0.0,10.61,33.077,285.5999428800114,21.868451035355818
호소,대청호,회남,2023-05-02,10.9,8.0,9.8,2.8,1.9,3.5,0.0,0.0,0.0,0.0,0.0,0.0,0.0,1.7064732142857142,0.7,0.0,0.0,0.0,0.0,17.0,0.0,10.2,25.5,,,67.89,708.2079,47.53,0.0,11.863,54.373,,13.001081269619812
호소,대청호,추동,2023-05-02,12.3,8.0,9.7,2.2,3.7,3.6,0.0,0.0,0.0,0.0,0.0,0.0,0.0,1.7102678571428571,0.7,0.0,0.0,0.0,0.0,17.0,0.0,10.2,25.5,,,67.89,708.2079,47.53,0.0,11.863,54.373,,13.001081269619812
호소,대청호,문의,2023-05-02,15.3,8.2,10.8,2.6,2.2,2.3,0.0,0.0,0.0,0.0,0.0,0.0,0.0,1.7140625,0.7,0.0,0.0,0.0,0.0,17.0,0.0,10.2,25.5,1.324,0.011,67.89,708.2079,47.53,0.0,11.863,54.373,120.36362542148862,13.001081269619812
호소,대청호,추동,2023-05-08,12.8,7.7,9.2,2.3,2.8,3.5,0.0,0.0,0.0,0.0,0.0,0.0,0.0,1.7178571428571427,0.7,0.0,0.0,0.0,0.0,13.7,0.0,11.2,26.74,,,68.44,734.7794,49.31,0.0,164.645,34.71,,21.10828497558173
호소,대청호,문의,2023-05-08,15.5,8.2,10.6,2.6,2.2,4.6,0.0,0.0,0.0,0.0,0.0,0.0,0.0,1.7216517857142857,0.7,0.0,0.0,0.0,0.0,13.7,0.0,11.2,26.74,1.306,0.006,68.44,734.7794,49.31,0.0,164.645,34.71,217.66663038889493,21.10828497558173
호소,대청호,회남,2023-05-08,11.0,7.8,9.0,2.4,2.0,4.5,0.0,0.0,0.0,0.0,0.0,0.0,0.0,1.7254464285714286,0.7,0.0,0.0,0.0,0.0,13.7,0.0,11.2,26.74,,,68.44,734.7794,49.31,0.0,164.645,34.71,,21.10828497558173
호소,대청호,추동,2023-05-15,14.8,8.3,9.7,2.2,2.7,10.2,0.0,0.0,0.0,0.0,0.0,0.0,0.0,1.7292410714285713,0.7,0.0,0.0,0.0,0.0,20.5,0.0,12.7,27.74,,,68.35,730.3886,49.02,0.0,19.987,56.331,,12.94303840087895
호소,대청호,문의,2023-05-15,17.2,8.6,11.1,3.9,1.5,5.0,0.0,0.0,0.0,0.0,0.0,0.0,0.0,1.7330357142857142,0.7,0.0,0.0,0.0,0.0,20.5,0.0,12.7,27.74,1.421,0.01,68.35,730.3886,49.02,0.0,19.987,56.331,142.09998579000143,12.94303840087895
호소,대청호,회남,2023-05-15,12.6,8.1,8.7,1.4,3.2,19.7,0.0,0.0,0.0,0.0,0.0,0.0,0.0,1.7368303571428572,0.7,0.0,0.0,0.0,0.0,20.5,0.0,12.7,27.74,,,68.35,730.3886,49.02,0.0,19.987,56.331,,12.94303840087895
호소,대청호,추동,2023-05-22,16.8,8.3,10.1,2.8,1.9,10.1,0.0,0.0,0.0,0.0,0.0,0.0,0.0,1.740625,0.7,0.0,0.0,0.0,0.0,17.5,5.7,3.4,13.64,,,67.8433,705.9805,47.38,1.2259,16.828,55.877,,12.611974560980402
호소,대청호,문의,2023-05-22,17.3,8.5,10.7,4.5,1.5,6.7,0.0,0.0,0.0,0.0,0.0,0.0,0.0,1.7444196428571428,0.7,0.0,0.0,0.0,0.0,17.5,5.7,3.4,13.64,1.338,0.011,67.8433,705.9805,47.38,1.2259,16.828,55.877,121.63635257851342,12.611974560980402
호소,대청호,회남,2023-05-22,12.4,8.0,8.1,2.7,2.1,5.0,0.0,0.0,0.0,0.0,0.0,0.0,0.0,1.7482142857142855,0.7,0.0,0.0,0.0,0.0,17.5,5.7,3.4,13.64,,,67.8433,705.9805,47.38,1.2259,16.828,55.877,,12.611974560980402
호소,대청호,문의,2023-05-30,18.5,8.5,10.2,4.3,1.8,3.8,0.0,0.0,0.0,0.0,0.0,0.0,0.0,1.7520089285714284,0.7,0.0,0.0,0.0,0.0,21.6,0.0,7.0,22.34,1.22,0.019,68.6256,743.887,49.93,0.0,533.77,41.931,64.21052293628827,17.69853203587828
호소,대청호,회남,2023-05-30,14.0,7.9,6.0,2.3,5.0,5.6,0.0,0.0,0.0,0.0,0.0,0.0,0.0,1.7558035714285714,0.7,0.0,0.0,0.0,0.0,21.6,0.0,7.0,22.34,,,68.6256,743.887,49.93,0.0,533.77,41.931,,17.69853203587828
호소,대청호,추동,2023-05-30,16.2,8.3,9.1,3.4,2.1,13.8,0.0,0.0,0.0,0.0,0.0,0.0,0.0,1.7595982142857145,0.7,0.0,0.0,0.0,0.0,21.6,0.0,7.0,22.34,,,68.6256,743.887,49.93,0.0,533.77,41.931,,17.69853203587828
호소,대청호,문의,2023-06-05,21.2,8.5,10.2,4.2,2.0,3.7,0.0,0.0,0.0,0.0,0.0,0.0,0.0,1.763392857142857,0.7,0.0,0.0,0.0,0.0,21.5,0.0,9.4,23.26,1.276,0.011,68.9132,758.1402,50.88,0.0,27.144,59.727,115.99998945454642,12.672208200310898
호소,대청호,회남,2023-06-05,14.6,8.1,7.1,2.2,3.4,5.5,0.0,0.0,0.0,0.0,0.0,0.0,0.0,1.7671875,0.7,0.0,0.0,0.0,0.0,21.5,0.0,9.4,23.26,,,68.9132,758.1402,50.88,0.0,27.144,59.727,,12.672208200310898
호소,대청호,추동,2023-06-05,18.8,8.3,9.1,2.3,1.9,5.0,0.0,0.0,0.0,0.0,0.0,0.0,0.0,1.7709821428571428,0.7,0.0,0.0,0.0,0.0,21.5,0.0,9.4,23.26,,,68.9132,758.1402,50.88,0.0,27.144,59.727,,12.672208200310898
호소,대청호,회남,2023-06-12,16.7,8.0,5.9,2.4,2.4,2.8,334.0,80.0,254.0,0.0,0.0,0.0,0.0,1.7747767857142858,0.7,0.0,0.0,0.0,0.0,23.3,0.0,8.6,26.75,,,68.45,735.2683,49.35,0.037,30.931,60.394,,12.154400436406915
호소,대청호,추동,2023-06-12,20.0,8.2,7.4,2.4,1.9,4.7,0.0,0.0,0.0,0.0,0.0,0.0,0.0,1.7785714285714285,0.7,0.0,0.0,0.0,0.0,23.3,0.0,8.6,26.75,,,68.45,735.2683,49.35,0.037,30.931,60.394,,12.154400436406915
호소,대청호,문의,2023-06-12,22.3,8.4,9.3,4.7,1.7,3.8,770.0,180.0,506.0,0.0,84.0,0.0,0.0,1.7823660714285714,0.7,0.0,0.0,0.0,0.0,23.3,0.0,8.6,26.75,1.291,0.011,68.45,735.2683,49.35,0.037,30.931,60.394,117.36362569421586,12.154400436406915
호소,대청호,문의,2023-06-19,23.9,8.5,9.2,3.7,3.1,12.8,496.0,0.0,12.0,0.0,484.0,0.0,0.0,1.7861607142857143,0.7,0.0,0.0,0.0,0.0,27.0,0.0,11.2,26.78,1.134,0.016,67.93,710.1193,47.66,0.0,12.238,60.154,70.87499557031278,11.785430012945197
호소,대청호,회남,2023-06-19,16.5,7.9,5.5,3.0,2.0,6.5,176.0,44.0,48.0,0.0,84.0,0.0,0.0,1.789955357142857,0.7,0.0,0.0,0.0,0.0,27.0,0.0,11.2,26.78,,,67.93,710.1193,47.66,0.0,12.238,60.154,,11.785430012945197
호소,대청호,추동,2023-06-19,21.9,8.1,6.7,3.0,2.2,8.5,0.0,0.0,0.0,0.0,0.0,0.0,0.0,1.79375,0.7,0.0,0.0,0.0,0.0,27.0,0.0,11.2,26.78,,,67.93,710.1193,47.66,0.0,12.238,60.154,,11.785430012945197
호소,대청호,회남,2023-06-26,18.0,7.9,4.5,2.0,3.9,8.8,0.0,0.0,0.0,0.0,0.0,0.0,0.0,1.7975446428571429,0.7,0.0,0.0,0.0,0.0,23.8,54.5,0.0,5.04,,,67.486,689.0879,46.25,54.8108,69.697,55.589,,12.373860187828836
호소,대청호,추동,2023-06-26,22.6,8.0,6.0,1.5,2.7,10.3,72.0,0.0,0.0,0.0,72.0,0.0,0.0,1.8013392857142856,0.7,0.0,0.0,0.0,0.0,23.8,54.5,0.0,5.04,,,67.486,689.0879,46.25,54.8108,69.697,55.589,,12.373860187828836
호소,대청호,문의,2023-06-26,25.9,8.6,9.3,3.0,2.6,10.4,230.0,0.0,54.0,0.0,176.0,0.0,0.0,1.8051339285714283,0.7,0.0,0.0,0.0,0.0,23.8,54.5,0.0,5.04,1.186,0.013,67.486,689.0879,46.25,54.8108,69.697,55.589,91.2307622130183,12.373860187828836
호소,대청호,추동,2023-07-03,24.2,8.2,6.3,3.2,2.3,7.3,32.0,0.0,0.0,0.0,32.0,0.0,0.0,1.8089285714285717,0.7,0.0,0.0,0.0,0.0,28.4,0.0,6.4,21.03,,,70.1,818.761,54.95,0.0,116.858,32.343,,25.23690780753937
호소,대청호,문의,2023-07-03,25.4,8.2,6.7,3.0,2.0,4.4,240.0,0.0,68.0,0.0,172.0,0.0,0.0,1.812723214285714,0.7,0.0,0.0,0.0,0.0,28.4,0.0,6.4,21.03,1.203,0.006,70.1,818.761,54.95,0.0,116.858,32.343,200.4999665833389,25.23690780753937
호소,대청호,회남,2023-07-03,18.6,7.9,4.6,2.1,3.5,5.0,760.0,760.0,0.0,0.0,0.0,0.0,0.0,1.816517857142857,0.7,0.0,0.0,0.0,0.0,28.4,0.0,6.4,21.03,,,70.1,818.761,54.95,0.0,116.858,32.343,,25.23690780753937
호소,대청호,문의,2023-07-10,25.4,7.7,5.5,2.0,4.8,5.6,82.0,0.0,34.0,0.0,48.0,0.0,0.0,1.8203125,0.7,0.0,0.0,0.0,0.0,26.5,36.2,8.3,22.11,1.155,0.023,73.0036,979.2967,65.72,13.5878,374.481,470.084,50.217389120983086,2.0827946080683306
호소,대청호,추동,2023-07-10,24.7,7.9,5.3,1.5,4.9,9.6,164.0,0.0,0.0,0.0,164.0,0.0,0.0,1.8241071428571427,0.7,0.0,0.0,0.0,0.0,26.5,36.2,8.3,22.11,,,73.0036,979.2967,65.72,13.5878,374.481,470.084,,2.0827946080683306
호소,대청호,회남,2023-07-10,19.5,7.8,6.0,1.5,8.5,7.0,0.0,0.0,0.0,0.0,0.0,0.0,0.0,1.8279017857142856,0.7,0.0,0.0,0.0,0.0,26.5,36.2,8.3,22.11,,,73.0036,979.2967,65.72,13.5878,374.481,470.084,,2.0827946080683306
호소,대청호,추동,2023-07-17,23.0,6.7,4.6,1.0,13.8,6.1,176.0,0.0,0.0,0.0,176.0,0.0,0.0,1.8316964285714288,0.7,0.0,0.0,0.0,0.0,25.4,30.9,3.8,17.49,,,71.9,916.2386,61.49,25.8966,959.921,2127.229,,0.4306990597129077
호소,대청호,문의,2023-07-17,23.7,6.9,4.9,1.0,47.6,3.1,232.0,0.0,0.0,0.0,232.0,0.0,0.0,1.8354910714285717,0.7,0.0,0.0,0.0,0.0,25.4,30.9,3.8,17.49,,,71.9,916.2386,61.49,25.8966,959.921,2127.229,,0.4306990597129077
호소,대청호,회남,2023-07-17,22.4,6.6,7.7,0.4,62.3,3.6,26.0,0.0,26.0,0.0,0.0,0.0,0.0,1.8392857142857144,0.7,0.0,0.0,0.0,0.0,25.4,30.9,3.8,17.49,,,71.9,916.2386,61.49,25.8966,959.921,2127.229,,0.4306990597129077
호소,대청호,문의,2023-07-24,23.1,6.9,7.675,0.875,49.55,4.075,204.5,185.0,19.5,0.0,0.0,0.0,0.0,1.843080357142857,0.7,0.0,0.0,0.0,0.0,26.1,5.1,3.9,14.9,,,70.67,848.9077,56.97,18.0548,654.618,789.611,,1.074959953704583
호소,대청호,회남,2023-07-24,23.8,7.199999999999999,7.65,1.35,36.8,4.55,383.0,370.0,13.0,0.0,0.0,0.0,0.0,1.846875,0.7,0.0,0.0,0.0,0.0,26.1,5.1,3.9,14.9,,,70.67,848.9077,56.97,18.0548,654.618,789.611,,1.074959953704583
호소,대청호,추동,2023-07-24,24.5,7.5,7.625,1.825,24.05,5.025,561.5,555.0,6.5,0.0,0.0,0.0,0.0,1.8506696428571427,0.7,0.0,0.0,0.0,0.0,26.1,5.1,3.9,14.9,,,70.67,848.9077,56.97,18.0548,654.618,789.611,,1.074959953704583
호소,대청호,회남,2023-07-31,25.2,7.8,7.6,2.3,11.3,5.5,740.0,740.0,0.0,0.0,0.0,0.0,0.0,1.8544642857142857,0.7,0.0,0.0,0.0,0.0,27.8,0.0,9.1,21.85,,,71.55,896.7627,60.19,0.2473,81.922,43.572,,20.534042407034253
호소,대청호,추동,2023-07-31,24.8,8.1,8.1,1.1,8.7,14.1,4106.0,1020.0,3050.0,0.0,36.0,0.0,0.0,1.8582589285714288,0.7,0.0,0.0,0.0,0.0,27.8,0.0,9.1,21.85,,,71.55,896.7627,60.19,0.2473,81.922,43.572,,20.534042407034253
호소,대청호,문의,2023-07-31,26.0,8.3,8.8,1.0,9.9,20.5,4898.0,4272.0,550.0,0.0,76.0,0.0,0.0,1.8620535714285715,0.7,0.0,0.0,0.0,0.0,27.8,0.0,9.1,21.85,1.258,0.021,71.55,896.7627,60.19,0.2473,81.922,43.572,59.904759052154326,20.534042407034253
호소,대청호,회남,2023-08-07,25.7,7.8,7.6,2.1,16.5,14.4,4580.0,4580.0,0.0,0.0,0.0,0.0,0.0,1.8658482142857145,0.7,0.0,0.0,0.0,0.0,29.7,0.0,8.3,22.87,,,71.5584,897.2272,60.22,0.8518,32.987,46.818,,19.123304488682383
호소,대청호,문의,2023-08-07,27.0,8.7,9.7,1.2,8.9,17.8,7324.0,7220.0,0.0,104.0,0.0,0.0,0.0,1.8696428571428567,0.7,0.0,0.0,0.0,0.0,29.7,0.0,8.3,22.87,1.22,0.023,71.5584,897.2272,60.22,0.8518,32.987,46.818,53.04347595463148,19.123304488682383
호소,대청호,추동,2023-08-07,25.8,7.9,7.5,1.4,6.4,34.3,4676.0,480.0,3972.0,224.0,0.0,0.0,0.0,1.8734375,0.7,0.0,0.0,0.0,0.0,29.7,0.0,8.3,22.87,,,71.5584,897.2272,60.22,0.8518,32.987,46.818,,19.123304488682383
호소,대청호,추동,2023-08-14,25.7,8.0,7.8,1.2,7.5,29.7,6852.0,3300.0,2236.0,1316.0,0.0,0.0,0.0,1.8772321428571428,0.7,0.0,0.0,0.0,0.0,28.1,0.0,9.2,23.99,,,75.0,1099.7161,73.81,0.0,139.671,226.457,,4.854037173867946
호소,대청호,회남,2023-08-14,24.6,7.8,9.0,1.2,29.1,19.6,6372.0,6300.0,72.0,0.0,0.0,0.0,0.0,1.8810267857142855,0.7,0.0,0.0,0.0,0.0,28.1,0.0,9.2,23.99,,,75.0,1099.7161,73.81,0.0,139.671,226.457,,4.854037173867946
호소,대청호,문의,2023-08-14,26.7,8.4,9.3,1.0,8.8,29.3,16068.0,15520.0,0.0,548.0,0.0,0.0,0.0,1.8848214285714284,0.7,0.0,0.0,0.0,0.0,28.1,0.0,9.2,23.99,1.013,0.034,75.0,1099.7161,73.81,0.0,139.671,226.457,29.794116770761267,4.854037173867946
호소,대청호,문의,2023-08-21,27.4,8.8,8.5,0.5,18.9,47.0,29712.0,28900.0,0.0,812.0,0.0,0.0,0.0,1.8886160714285716,0.7,0.0,0.0,0.0,0.0,29.2,0.0,8.0,19.76,1.038,0.029,73.7496,1023.3381,68.68,1.432,80.669,46.368,35.79310221403096,22.022426185762246
호소,대청호,추동,2023-08-21,26.4,8.0,7.1,1.0,10.7,24.8,9092.0,6100.0,1088.0,1904.0,0.0,0.0,0.0,1.8924107142857145,0.7,0.0,0.0,0.0,0.0,29.2,0.0,8.0,19.76,,,73.7496,1023.3381,68.68,1.432,80.669,46.368,,22.022426185762246
호소,대청호,회남,2023-08-21,25.9,8.2,8.9,0.8,17.3,17.5,9204.0,8880.0,12.0,312.0,0.0,0.0,0.0,1.896205357142857,0.7,0.0,0.0,0.0,0.0,29.2,0.0,8.0,19.76,,,73.7496,1023.3381,68.68,1.432,80.669,46.368,,22.022426185762246
호소,대청호,문의,2023-08-24,26.4,8.2,7.4,0.4,12.7,41.5,30068.0,29920.0,0.0,148.0,0.0,0.0,0.0,1.9,0.7,0.0,0.0,0.0,0.0,25.5,44.3,0.6,8.54,,,73.66,1017.9881,68.32,12.1377,138.247,190.481,,5.34149836552437
호소,대청호,문의,2023-08-28,26.2,8.4,7.1,0.6,23.1,60.7,73584.0,73240.0,0.0,344.0,0.0,0.0,0.0,2.0,0.7,0.0,0.0,0.0,0.0,26.1,0.0,1.1,11.02,1.171,0.038,73.7932,1025.9474,68.86,0.0,52.095,42.947,30.815788662742406,23.833191627755706
호소,대청호,추동,2023-08-28,25.4,8.0,5.0,0.8,6.7,16.5,9042.0,3940.0,242.0,4860.0,0.0,0.0,0.0,1.6,0.7,0.0,0.0,0.0,0.0,26.1,0.0,1.1,11.02,,,73.7932,1025.9474,68.86,0.0,52.095,42.947,,23.833191627755706
호소,대청호,회남,2023-08-28,24.9,8.0,7.8,0.6,19.1,29.0,12408.0,12360.0,0.0,48.0,0.0,0.0,0.0,1.2000000000000002,0.7,0.0,0.0,0.0,0.0,26.1,0.0,1.1,11.02,,,73.7932,1025.9474,68.86,0.0,52.095,42.947,,23.833191627755706
호소,대청호,문의,2023-08-31,25.9,8.2,5.5,1.0,10.0,18.9,18948.0,18900.0,0.0,48.0,0.0,0.0,0.0,0.8,0.7,0.0,0.0,0.0,0.0,22.5,0.0,4.3,15.62,,,74.618,1076.0427,72.22,0.2906,504.734,104.838,,10.254080504678955
호소,대청호,문의,2023-09-04,26.9,8.4,7.0,0.3,33.3,59.4,94208.0,93240.0,0.0,968.0,0.0,0.0,0.0,1.7,0.7,0.0,0.0,0.0,0.0,27.4,0.0,2.6,15.27,0.887,0.03,75.04,1102.2122,73.97,0.0,89.288,31.544,29.566665681111147,34.83163316900518
호소,대청호,추동,2023-09-04,26.2,8.0,6.6,0.6,13.0,26.3,38812.0,25440.0,268.0,13104.0,0.0,0.0,0.0,1.6,0.7,0.0,0.0,0.0,0.0,27.4,0.0,2.6,15.27,,,75.04,1102.2122,73.97,0.0,89.288,31.544,,34.83163316900518
호소,대청호,회남,2023-09-04,25.0,7.7,7.3,1.1,11.8,19.1,8220.0,7920.0,128.0,172.0,0.0,0.0,0.0,1.5,0.7,0.0,0.0,0.0,0.0,27.4,0.0,2.6,15.27,,,75.04,1102.2122,73.97,0.0,89.288,31.544,,34.83163316900518
호소,대청호,문의,2023-09-07,26.2,8.2,6.0,1.0,14.8,33.1,51248.0,50520.0,0.0,728.0,0.0,0.0,0.0,1.4,0.7,0.0,0.0,0.0,0.0,25.0,0.0,12.0,24.37,,,75.166,1110.0966,74.5,0.0,61.841,42.98,,25.768259052924794
호소,대청호,문의,2023-09-11,26.3,8.4,5.8,0.4,19.4,28.7,56024.0,55680.0,0.0,344.0,0.0,0.0,0.0,1.7,0.7,0.0,0.0,0.0,0.0,25.2,0.0,6.6,16.71,0.861,0.052,75.0304,1101.6129,73.93,0.0,36.343,64.973,16.557691989275156,16.928878336637318
호소,대청호,회남,2023-09-11,24.8,7.8,5.7,1.7,8.5,7.4,6548.0,6260.0,192.0,96.0,0.0,0.0,0.0,1.7,0.7,0.0,0.0,0.0,0.0,25.2,0.0,6.6,16.71,,,75.0304,1101.6129,73.93,0.0,36.343,64.973,,16.928878336637318
호소,대청호,추동,2023-09-11,25.9,8.0,5.4,0.7,17.7,28.0,35504.0,19080.0,164.0,16260.0,0.0,0.0,0.0,1.7,0.7,0.0,0.0,0.0,0.0,25.2,0.0,6.6,16.71,,,75.0304,1101.6129,73.93,0.0,36.343,64.973,,16.928878336637318
호소,대청호,문의,2023-09-18,26.3,8.1,5.4,0.5,18.5,28.7,42000.0,42000.0,0.0,0.0,0.0,0.0,0.0,1.7,0.7,0.0,0.0,0.0,0.0,24.5,2.2,7.4,19.23,1.171,0.032,75.4292,1126.6709,75.62,0.5403,167.843,60.646,36.59374885644535,18.547244262996742
호소,대청호,회남,2023-09-18,24.3,7.4,3.8,2.3,9.0,5.5,4604.0,3520.0,0.0,1084.0,0.0,0.0,0.0,1.15,0.7,0.0,0.0,0.0,0.0,24.5,2.2,7.4,19.23,,,75.4292,1126.6709,75.62,0.5403,167.843,60.646,,18.547244262996742
호소,대청호,추동,2023-09-18,25.8,7.4,4.3,0.7,9.1,14.0,7752.0,5240.0,0.0,2512.0,0.0,0.0,0.0,0.6,0.7,0.0,0.0,0.0,0.0,24.5,2.2,7.4,19.23,,,75.4292,1126.6709,75.62,0.5403,167.843,60.646,,18.547244262996742
호소,대청호,추동,2023-09-21,25.2,7.0,3.7,1.8,18.7,6.4,5942.0,3820.0,162.0,1960.0,0.0,0.0,0.0,0.5,0.7,0.0,0.0,0.0,0.0,18.4,3.0,0.0,6.85,,,77.316,1249.6345,83.87,6.3737,1224.968,220.086,,5.675358560489767
호소,대청호,문의,2023-09-21,25.3,7.5,3.4,1.3,16.8,10.8,8148.0,8148.0,0.0,0.0,0.0,0.0,0.0,1.3,0.7,0.0,0.0,0.0,0.0,18.4,3.0,0.0,6.85,,,77.316,1249.6345,83.87,6.3737,1224.968,220.086,,5.675358560489767
호소,대청호,회남,2023-09-25,23.9,7.0,5.0,2.3,6.3,11.3,2888.0,2020.0,0.0,868.0,0.0,0.0,1.5,1.2935251798561151,0.7,0.0,0.0,0.0,0.0,21.4,4.0,2.9,13.23,,,77.4476,1258.4823,84.46,1.4729,115.218,218.658,,5.7528515528574955
호소,대청호,문의,2023-09-25,25.1,7.5,4.0,1.4,9.8,10.7,7542.0,7174.0,0.0,368.0,0.0,0.0,3.0,1.2870503597122305,0.7,0.0,0.0,0.0,0.0,21.4,4.0,2.9,13.23,1.168,0.025,77.4476,1258.4823,84.46,1.4729,115.218,218.658,46.71999813120007,5.7528515528574955
호소,대청호,추동,2023-09-25,24.8,7.0,3.6,1.5,6.6,6.1,5864.0,5180.0,0.0,588.0,96.0,0.0583941605839416,3.0072992700729926,1.2805755395683454,0.7,0.0,0.0,0.0,0.0,21.4,4.0,2.9,13.23,,,77.4476,1258.4823,84.46,1.4729,115.218,218.658,,5.7528515528574955
호소,대청호,회남,2023-10-04,23.3,7.0,5.1,2.5,2.8,6.9,598.0,420.0,178.0,0.0,0.0,0.1167883211678832,3.0145985401459856,1.2741007194244605,0.7,0.0,0.0,0.0,0.0,17.8,0.0,8.2,17.26,,,76.16,1173.4342,78.75,0.0525,46.56,218.912,,5.357853450952459
호소,대청호,문의,2023-10-04,24.1,7.1,5.0,1.7,7.0,9.9,6872.0,4920.0,0.0,1952.0,0.0,0.1751824817518248,3.021897810218978,1.2676258992805756,0.7,0.0,0.0,0.0,0.0,17.8,0.0,8.2,17.26,1.155,0.026,76.16,1173.4342,78.75,0.0525,46.56,218.912,44.42307521449711,5.357853450952459
호소,대청호,추동,2023-10-04,23.8,7.1,4.2,1.7,4.3,13.9,3906.0,3680.0,226.0,0.0,0.0,0.2335766423357664,3.0291970802919708,1.261151079136691,0.7,0.0,0.0,0.0,0.0,17.8,0.0,8.2,17.26,,,76.16,1173.4342,78.75,0.0525,46.56,218.912,,5.357853450952459
호소,대청호,회남,2023-10-10,22.8,7.2,6.0,1.8,5.2,15.8,630.0,360.0,270.0,0.0,0.0,0.291970802919708,3.036496350364964,1.2546762589928058,0.7,0.0,0.0,0.0,0.0,16.5,0.0,9.4,17.68,,,75.026,1101.3382,73.92,0.0,41.431,29.875,,36.74189157631359
호소,대청호,문의,2023-10-10,23.1,7.4,6.2,1.7,5.3,13.5,5344.0,5320.0,0.0,24.0,0.0,0.3503649635036496,3.0437956204379564,1.2482014388489209,0.7,0.0,0.0,0.0,0.0,16.5,0.0,9.4,17.68,1.188,0.028,75.026,1101.3382,73.92,0.0,41.431,29.875,42.428569913265356,36.74189157631359
호소,대청호,추동,2023-10-10,23.1,7.2,6.5,1.9,3.7,7.5,2084.0,1650.0,434.0,0.0,0.0,0.4087591240875912,3.051094890510949,1.241726618705036,0.7,0.0,0.0,0.0,0.0,16.5,0.0,9.4,17.68,,,75.026,1101.3382,73.92,0.0,41.431,29.875,,36.74189157631359
호소,대청호,회남,2023-10-16,22.0,7.1,7.0,1.7,5.6,15.9,206.0,80.0,126.0,0.0,0.0,0.4671532846715328,3.058394160583941,1.235251798561151,0.7,0.0,0.0,0.0,0.0,14.7,0.0,8.9,15.47,,,75.03,1101.5879,73.93,0.0,22.882,30.108,,36.466760460805084
호소,대청호,문의,2023-10-16,22.3,7.3,6.9,1.5,7.1,15.1,6592.0,6300.0,292.0,0.0,0.0,0.5255474452554745,3.065693430656934,1.2287769784172662,0.7,0.0,0.0,0.0,0.0,14.7,0.0,8.9,15.47,1.131,0.017,75.03,1101.5879,73.93,0.0,22.882,30.108,66.5294078512113,36.466760460805084
호소,대청호,추동,2023-10-16,22.3,7.3,7.2,1.8,4.1,21.4,3838.0,1840.0,1998.0,0.0,0.0,0.583941605839416,3.072992700729927,1.2223021582733813,0.7,0.0,0.0,0.0,0.0,14.7,0.0,8.9,15.47,,,75.03,1101.5879,73.93,0.0,22.882,30.108,,36.466760460805084
호소,대청호,문의,2023-10-23,21.2,7.4,6.7,2.3,3.8,13.2,3370.0,3000.0,370.0,0.0,0.0,0.6423357664233577,3.08029197080292,1.2158273381294964,0.7,0.0,0.0,0.0,0.0,13.7,0.0,7.3,12.92,1.283,0.015,74.98,1098.4692,73.72,0.0,23.216,30.43,85.53332763111149,35.97999344906649
호소,대청호,추동,2023-10-23,20.9,7.4,8.1,1.6,3.8,25.0,1730.0,1100.0,630.0,0.0,0.0,0.7007299270072993,3.0875912408759123,1.2093525179856115,0.7,0.0,0.0,0.0,0.0,13.7,0.0,7.3,12.92,,,74.98,1098.4692,73.72,0.0,23.216,30.43,,35.97999344906649
호소,대청호,회남,2023-10-23,21.3,7.4,7.4,1.8,3.6,16.5,640.0,480.0,64.0,0.0,96.0,0.7591240875912408,3.094890510948905,1.2028776978417266,0.7,0.0,0.0,0.0,0.0,13.7,0.0,7.3,12.92,,,74.98,1098.4692,73.72,0.0,23.216,30.43,,35.97999344906649
호소,대청호,문의,2023-10-30,20.7,7.1,7.2,1.5,5.0,18.7,4498.0,4080.0,418.0,0.0,0.0,0.8175182481751825,3.102189781021898,1.1964028776978417,0.7,0.0,0.0,0.0,0.0,14.1,0.0,9.6,14.52,1.244,0.015,74.87,1091.6261,73.26,0.0,25.174,32.362,82.93332780444482,33.627814059515735
호소,대청호,추동,2023-10-30,20.4,7.1,7.8,2.6,2.9,16.5,2154.0,2020.0,134.0,0.0,0.0,0.875912408759124,3.1094890510948905,1.1899280575539568,0.7,0.0,0.0,0.0,0.0,14.1,0.0,9.6,14.52,,,74.87,1091.6261,73.26,0.0,25.174,32.362,,33.627814059515735
호소,대청호,회남,2023-10-30,20.4,7.0,6.9,2.0,3.9,8.5,260.0,260.0,0.0,0.0,0.0,0.9343065693430656,3.116788321167883,1.183453237410072,0.7,0.0,0.0,0.0,0.0,14.1,0.0,9.6,14.52,,,74.87,1091.6261,73.26,0.0,25.174,32.362,,33.627814059515735
호소,대청호,회남,2023-11-06,19.9,7.0,7.0,2.5,3.4,6.1,0.0,0.0,0.0,0.0,0.0,0.9927007299270072,3.124087591240876,1.176978417266187,0.7,0.0,0.0,0.0,0.0,15.5,11.5,3.1,7.65,,,74.7672,1085.2534,72.84,12.2568,25.835,32.426,,33.36571973190678
호소,대청호,추동,2023-11-06,20.2,7.0,7.6,2.2,3.2,10.8,520.0,520.0,0.0,0.0,0.0,1.051094890510949,3.1313868613138687,1.170503597122302,0.7,0.0,0.0,0.0,0.0,15.5,11.5,3.1,7.65,,,74.7672,1085.2534,72.84,12.2568,25.835,32.426,,33.36571973190678
호소,대청호,문의,2023-11-06,20.3,7.2,7.2,1.7,3.6,11.4,3040.0,2860.0,180.0,0.0,0.0,1.1094890510948905,3.1386861313868613,1.1640287769784172,0.7,0.0,0.0,0.0,0.0,15.5,11.5,3.1,7.65,1.32,0.011,74.7672,1085.2534,72.84,12.2568,25.835,32.426,119.9999890909101,33.36571973190678
호소,대청호,추동,2023-11-13,17.6,7.1,8.1,2.1,3.5,10.9,760.0,760.0,0.0,0.0,0.0,1.167883211678832,3.145985401459854,1.1575539568345323,0.7,0.0,0.0,0.0,0.0,2.4,0.0,9.4,13.97,,,74.72,1082.3346,72.64,0.0,24.779,31.932,,33.78916708291708
호소,대청호,문의,2023-11-13,18.0,7.1,7.7,1.8,5.5,11.6,3360.0,3360.0,0.0,0.0,0.0,1.2262773722627738,3.153284671532847,1.1510791366906474,0.7,0.0,0.0,0.0,0.0,2.4,0.0,9.4,13.97,1.272,0.015,74.72,1082.3346,72.64,0.0,24.779,31.932,84.79999434666705,33.78916708291708
호소,대청호,회남,2023-11-13,18.3,7.0,7.5,2.3,3.1,8.0,42.0,0.0,42.0,0.0,0.0,1.284671532846715,3.1605839416058394,1.1446043165467628,0.7,0.0,0.0,0.0,0.0,2.4,0.0,9.4,13.97,,,74.72,1082.3346,72.64,0.0,24.779,31.932,,33.78916708291708
호소,대청호,문의,2023-11-20,16.5,7.1,7.7,3.0,2.5,9.2,914.0,860.0,54.0,0.0,0.0,1.3430656934306568,3.167883211678832,1.1381294964028776,0.7,0.0,0.0,0.0,0.0,6.0,0.0,9.2,12.87,1.383,0.023,74.64,1077.3979,72.31,0.0,24.997,32.131,60.13043216824208,33.427380472216186
호소,대청호,회남,2023-11-20,16.5,7.1,7.8,2.0,4.1,6.0,126.0,100.0,26.0,0.0,0.0,1.4014598540145986,3.1751824817518246,1.131654676258993,0.7,0.0,0.0,0.0,0.0,6.0,0.0,9.2,12.87,,,74.64,1077.3979,72.31,0.0,24.997,32.131,,33.427380472216186
호소,대청호,추동,2023-11-20,16.0,7.2,8.3,2.6,2.5,4.4,528.0,460.0,0.0,68.0,0.0,1.45985401459854,3.1824817518248176,1.1251798561151078,0.7,0.0,0.0,0.0,0.0,6.0,0.0,9.2,12.87,,,74.64,1077.3979,72.31,0.0,24.997,32.131,,33.427380472216186
호소,대청호,문의,2023-11-27,15.2,7.0,7.9,2.7,2.4,8.9,896.0,840.0,56.0,0.0,0.0,1.5182481751824817,3.18978102189781,1.1187050359712232,0.7,0.0,0.0,0.0,0.0,7.0,3.0,0.8,3.19,1.565,0.013,74.53,1070.6314,71.85,3.3888,25.073,32.181,120.38460612426107,33.165992379418235
호소,대청호,회남,2023-11-27,15.0,7.1,8.1,3.0,4.9,5.6,260.0,260.0,0.0,0.0,0.0,1.5766423357664232,3.197080291970803,1.1122302158273385,0.7,0.0,0.0,0.0,0.0,7.0,3.0,0.8,3.19,,,74.53,1070.6314,71.85,3.3888,25.073,32.181,,33.165992379418235
호소,대청호,추동,2023-11-27,14.7,7.1,8.8,2.5,2.9,9.4,634.0,580.0,54.0,0.0,0.0,1.635036496350365,3.204379562043796,1.1057553956834534,0.7,0.0,0.0,0.0,0.0,7.0,3.0,0.8,3.19,,,74.53,1070.6314,71.85,3.3888,25.073,32.181,,33.165992379418235
호소,대청호,문의,2023-12-04,13.3,7.2,8.9,3.5,2.5,4.6,360.0,360.0,0.0,0.0,0.0,1.6934306569343065,3.2116788321167884,1.0992805755395685,0.7,0.0,0.0,0.0,0.0,2.3,0.0,8.7,11.41,1.332,0.013,74.4124,1063.4249,71.37,0.0,24.171,32.101,102.46153057988228,33.02459240396261
호소,대청호,추동,2023-12-04,12.9,7.2,9.4,3.3,2.0,6.2,296.0,260.0,36.0,0.0,0.0,1.751824817518248,3.218978102189781,1.0928057553956836,0.7,0.0,0.0,0.0,0.0,2.3,0.0,8.7,11.41,,,74.4124,1063.4249,71.37,0.0,24.171,32.101,,33.02459240396261
호소,대청호,회남,2023-12-04,13.3,7.1,8.7,3.7,3.2,3.5,186.0,160.0,26.0,0.0,0.0,1.8102189781021896,3.2262773722627736,1.0863309352517987,0.7,0.0,0.0,0.0,0.0,2.3,0.0,8.7,11.41,,,74.4124,1063.4249,71.37,0.0,24.171,32.101,,33.02459240396261
호소,대청호,문의,2023-12-11,13.2,7.1,8.6,3.1,1.7,4.3,0.0,0.0,0.0,0.0,0.0,1.8686131386861315,3.2335766423357666,1.0798561151079138,0.7,0.0,0.0,0.0,0.0,11.9,37.0,0.0,0.85,1.645,0.018,74.3216,1057.88,71.0,34.4989,40.275,32.09,91.38888381172869,32.863622242932585
호소,대청호,회남,2023-12-11,12.2,7.0,9.0,2.7,3.8,4.1,52.0,0.0,52.0,0.0,0.0,1.9270072992700729,3.240875912408759,1.073381294964029,0.7,0.0,0.0,0.0,0.0,11.9,37.0,0.0,0.85,,,74.3216,1057.88,71.0,34.4989,40.275,32.09,,32.863622242932585
호소,대청호,추동,2023-12-11,12.6,7.1,9.2,3.5,1.7,4.1,240.0,240.0,0.0,0.0,0.0,1.9854014598540144,3.248175182481752,1.066906474820144,0.7,0.0,0.0,0.0,0.0,11.9,37.0,0.0,0.85,,,74.3216,1057.88,71.0,34.4989,40.275,32.09,,32.863622242932585
호소,대청호,추동,2023-12-18,11.3,7.1,9.8,3.5,2.7,4.6,180.0,180.0,0.0,0.0,0.0,2.043795620437956,3.2554744525547443,1.060431654676259,0.7,0.0,0.0,0.0,0.0,-5.6,0.0,5.8,8.85,,,75.36,1122.2995,75.32,0.103,140.779,228.589,,4.907535998670684
호소,대청호,문의,2023-12-18,11.5,7.0,9.0,2.8,2.3,3.6,0.0,0.0,0.0,0.0,0.0,2.102189781021898,3.2627737226277373,1.0539568345323742,0.7,0.0,0.0,0.0,0.0,-5.6,0.0,5.8,8.85,1.361,0.014,75.36,1122.2995,75.32,0.103,140.779,228.589,97.21427877040865,4.907535998670684
호소,대청호,회남,2023-12-18,10.9,7.3,9.9,4.1,3.8,4.0,108.0,0.0,52.0,0.0,56.0,2.1605839416058394,3.27007299270073,1.047482014388489,0.7,0.0,0.0,0.0,0.0,-5.6,0.0,5.8,8.85,,,75.36,1122.2995,75.32,0.103,140.779,228.589,,4.907535998670684
호소,대청호,회남,2023-12-26,9.2,7.0,10.1,4.2,4.8,6.0,0.0,0.0,0.0,0.0,0.0,2.218978102189781,3.2773722627737225,1.0410071942446044,0.7,0.0,0.0,0.0,0.0,2.2,0.0,5.5,9.78,,,74.9864,1098.8681,73.75,0.1235,44.091,32.262,,33.9555064581917
호소,대청호,추동,2023-12-26,9.1,7.1,10.6,2.8,1.7,2.2,0.0,0.0,0.0,0.0,0.0,2.2773722627737225,3.2846715328467155,1.0345323741007195,0.7,0.0,0.0,0.0,0.0,2.2,0.0,5.5,9.78,,,74.9864,1098.8681,73.75,0.1235,44.091,32.262,,33.9555064581917
호소,대청호,문의,2023-12-26,9.7,7.1,9.4,3.0,1.7,5.6,160.0,160.0,0.0,0.0,0.0,2.335766423357664,3.291970802919708,1.0280575539568346,0.7,0.0,0.0,0.0,0.0,2.2,0.0,5.5,9.78,,,74.9864,1098.8681,73.75,0.1235,44.091,32.262,,33.9555064581917
호소,대청호,추동,2024-01-02,9.0,7.1,10.5,3.8,1.7,6.0,0.0,0.0,0.0,0.0,0.0,2.3941605839416056,3.2992700729927007,1.0215827338129495,0.7,0.0,0.0,0.0,0.0,4.0,0.0,0.0,2.9,,,75.0444,1102.487,73.99,0.0,35.724,32.544,,33.773036392598954
호소,대청호,문의,2024-01-02,9.1,7.1,10.4,3.5,1.8,5.0,0.0,0.0,0.0,0.0,0.0,2.452554744525548,3.3065693430656933,1.0151079136690648,0.7,0.0,0.0,0.0,0.0,4.0,0.0,0.0,2.9,1.343,0.014,75.0444,1102.487,73.99,0.0,35.724,32.544,95.9285645765311,33.773036392598954
호소,대청호,회남,2024-01-02,8.3,7.0,10.6,3.4,3.4,3.7,160.0,160.0,0.0,0.0,0.0,2.510948905109489,3.3138686131386863,1.00863309352518,0.7,0.0,0.0,0.0,0.0,4.0,0.0,0.0,2.9,,,75.0444,1102.487,73.99,0.0,35.724,32.544,,33.773036392598954
호소,대청호,추동,2024-01-08,8.3,7.4,10.7,3.4,1.9,5.8,0.0,0.0,0.0,0.0,0.0,2.56934306569343,3.321167883211679,1.002158273381295,0.7,0.0,0.0,0.0,0.0,-3.8,0.0,8.7,11.94,,,75.0532,1103.0367,74.03,0.0,31.935,32.224,,34.12438745204802
호소,대청호,회남,2024-01-08,7.6,7.3,10.6,3.8,2.1,3.9,0.0,0.0,0.0,0.0,0.0,2.627737226277372,3.3284671532846715,0.99568345323741,0.7,0.0,0.0,0.0,0.0,-3.8,0.0,8.7,11.94,,,75.0532,1103.0367,74.03,0.0,31.935,32.224,,34.12438745204802
호소,대청호,문의,2024-01-08,8.3,7.4,10.1,4.0,1.9,5.9,0.0,0.0,0.0,0.0,0.0,2.6861313868613137,3.335766423357664,0.9892086330935252,0.7,0.0,0.0,0.0,0.0,-3.8,0.0,8.7,11.94,1.218,0.013,75.0532,1103.0367,74.03,0.0,31.935,32.224,93.69230048520767,34.12438745204802
호소,대청호,추동,2024-01-15,7.4,7.2,11.2,3.5,2.1,6.4,166.0,0.0,166.0,0.0,0.0,2.7445255474452552,3.343065693430657,0.9827338129496404,0.7,0.0,0.0,0.0,0.0,-2.1,0.0,9.0,12.61,,,75.02,1100.9637,73.89,0.0,32.61,32.61,,33.65832161418526
호소,대청호,회남,2024-01-15,7.7,7.2,10.7,4.3,2.1,4.4,0.0,0.0,0.0,0.0,0.0,2.802919708029197,3.3503649635036497,0.9762589928057556,0.7,0.0,0.0,0.0,0.0,-2.1,0.0,9.0,12.61,,,75.02,1100.9637,73.89,0.0,32.61,32.61,,33.65832161418526
호소,대청호,문의,2024-01-15,7.6,7.2,10.2,3.4,2.2,5.5,0.0,0.0,0.0,0.0,0.0,2.8613138686131387,3.3576642335766422,0.9697841726618706,0.7,0.0,0.0,0.0,0.0,-2.1,0.0,9.0,12.61,1.314,0.017,75.02,1100.9637,73.89,0.0,32.61,32.61,77.2941131003463,33.65832161418526
호소,대청호,추동,2024-01-22,6.9,7.3,11.8,3.1,1.8,8.6,0.0,0.0,0.0,0.0,0.0,2.9197080291970803,3.3649635036496357,0.9633093525179856,0.7,0.0,0.0,0.0,0.0,-5.4,0.0,1.7,6.36,,,75.3336,1120.6344,75.21,0.0,101.193,32.997,,33.85909296915128
호소,대청호,회남,2024-01-22,6.9,7.3,11.5,3.0,1.6,6.6,0.0,0.0,0.0,0.0,0.0,2.978102189781022,3.372262773722628,0.9568345323741008,0.7,0.0,0.0,0.0,0.0,-5.4,0.0,1.7,6.36,,,75.3336,1120.6344,75.21,0.0,101.193,32.997,,33.85909296915128
호소,대청호,문의,2024-01-22,7.1,7.2,11.1,2.4,1.9,6.6,0.0,0.0,0.0,0.0,0.0,3.036496350364964,3.3795620437956204,0.950359712230216,0.7,0.0,0.0,0.0,0.0,-5.4,0.0,1.7,6.36,1.406,0.021,75.3336,1120.6344,75.21,0.0,101.193,32.997,66.95237776417248,33.85909296915128
호소,대청호,추동,2024-01-30,6.1,7.5,12.1,2.5,1.9,8.3,0.0,0.0,0.0,0.0,0.0,3.094890510948905,3.386861313868613,0.943884892086331,0.7,0.0,0.0,0.0,0.0,1.3,0.0,9.2,13.5,,,75.59,1136.8667,76.3,0.0,40.178,32.821,,34.53317639196865
호소,대청호,회남,2024-01-30,6.3,7.5,11.6,2.8,2.6,7.8,0.0,0.0,0.0,0.0,0.0,3.1532846715328464,3.3941605839416056,0.937410071942446,0.7,0.0,0.0,0.0,0.0,1.3,0.0,9.2,13.5,,,75.59,1136.8667,76.3,0.0,40.178,32.821,,34.53317639196865
호소,대청호,문의,2024-01-30,6.6,7.4,10.8,3.0,2.2,4.3,0.0,0.0,0.0,0.0,0.0,3.2116788321167884,3.4014598540145986,0.9309352517985612,0.7,0.0,0.0,0.0,0.0,1.3,0.0,9.2,13.5,1.316,0.01,75.59,1136.8667,76.3,0.0,40.178,32.821,131.59998684000132,34.53317639196865
호소,대청호,추동,2024-02-05,6.2,7.5,12.3,2.8,2.2,9.3,0.0,0.0,0.0,0.0,0.0,3.27007299270073,3.408759124087591,0.9244604316546764,0.7,0.0,0.0,0.0,0.0,4.1,12.3,0.0,3.26,,,75.5996,1137.477,76.34,13.4313,55.133,40.712,,27.871140840929137
호소,대청호,회남,2024-02-05,6.0,7.4,11.9,3.1,2.0,7.6,116.0,0.0,0.0,0.0,116.0,3.3284671532846715,3.416058394160584,0.9179856115107914,0.7,0.0,0.0,0.0,0.0,4.1,12.3,0.0,3.26,,,75.5996,1137.477,76.34,13.4313,55.133,40.712,,27.871140840929137
호소,대청호,문의,2024-02-05,6.4,7.3,11.4,2.5,2.2,7.7,44.0,0.0,0.0,0.0,44.0,3.386861313868613,3.423357664233577,0.9115107913669064,0.7,0.0,0.0,0.0,0.0,4.1,12.3,0.0,3.26,1.492,0.023,75.5996,1137.477,76.34,13.4313,55.133,40.712,64.86956239697555,27.871140840929137
호소,대청호,추동,2024-02-13,6.1,7.5,12.4,3.0,1.7,8.2,0.0,0.0,0.0,0.0,0.0,3.4452554744525545,3.4306569343065694,0.9050359712230216,0.7,0.0,0.0,0.0,0.0,8.4,0.0,8.4,14.96,,,75.66,1141.3216,76.6,0.0,39.458,32.085,,35.46128942053751
호소,대청호,문의,2024-02-13,6.3,7.1,11.8,4.0,2.3,6.4,0.0,0.0,0.0,0.0,0.0,3.503649635036496,3.437956204379562,0.8985611510791367,0.7,0.0,0.0,0.0,0.0,8.4,0.0,8.4,14.96,1.419,0.009,75.66,1141.3216,76.6,0.0,39.458,32.085,157.66664914815013,35.46128942053751
호소,대청호,회남,2024-02-13,5.6,7.4,12.3,3.3,1.9,6.4,128.0,0.0,0.0,0.0,128.0,3.562043795620438,3.445255474452555,0.8920863309352518,0.7,0.0,0.0,0.0,0.0,8.4,0.0,8.4,14.96,,,75.66,1141.3216,76.6,0.0,39.458,32.085,,35.46128942053751
호소,대청호,회남,2024-02-19,5.8,7.5,12.3,3.1,3.7,7.0,0.0,0.0,0.0,0.0,0.0,3.62043795620438,3.452554744525548,0.8856115107913669,0.7,0.0,0.0,0.0,0.0,9.8,16.6,0.0,2.2,,,75.84,1152.8233,77.37,20.1523,129.184,40.056,,28.708618886343263
호소,대청호,추동,2024-02-19,6.5,7.5,12.3,3.0,3.1,8.8,14.0,0.0,14.0,0.0,0.0,3.678832116788321,3.45985401459854,0.879136690647482,0.7,0.0,0.0,0.0,0.0,9.8,16.6,0.0,2.2,,,75.84,1152.8233,77.37,20.1523,129.184,40.056,,28.708618886343263
호소,대청호,문의,2024-02-19,6.7,7.4,11.7,2.6,2.5,9.7,0.0,0.0,0.0,0.0,0.0,3.737226277372263,3.4671532846715327,0.8726618705035971,0.7,0.0,0.0,0.0,0.0,9.8,16.6,0.0,2.2,1.395,0.01,75.84,1152.8233,77.37,20.1523,129.184,40.056,139.4999860500014,28.708618886343263
호소,대청호,추동,2024-02-26,6.6,7.4,12.3,2.9,2.2,9.4,0.0,0.0,0.0,0.0,0.0,3.795620437956204,3.4744525547445253,0.8661870503597122,0.7,0.0,0.0,0.0,0.0,3.7,0.0,7.3,15.85,,,77.0,1228.5336,82.45,0.0,105.586,144.072,,8.52130510778792
호소,대청호,문의,2024-02-26,6.5,7.3,11.7,2.6,2.3,8.8,0.0,0.0,0.0,0.0,0.0,3.8540145985401457,3.4817518248175183,0.8597122302158273,0.7,0.0,0.0,0.0,0.0,3.7,0.0,7.3,15.85,1.36,0.009,77.0,1228.5336,82.45,0.0,105.586,144.072,151.11109432098957,8.52130510778792
호소,대청호,회남,2024-02-26,6.0,7.4,12.4,2.5,2.7,9.4,56.0,0.0,0.0,0.0,56.0,3.9124087591240873,3.489051094890511,0.8532374100719424,0.7,0.0,0.0,0.0,0.0,3.7,0.0,7.3,15.85,,,77.0,1228.5336,82.45,0.0,105.586,144.072,,8.52130510778792
호소,대청호,회남,2024-03-04,6.1,7.4,12.8,2.5,2.1,7.4,64.0,0.0,0.0,0.0,64.0,3.970802919708029,3.4963503649635035,0.8467625899280575,0.7,0.0,0.0,0.0,0.0,6.7,0.0,5.7,13.26,,,76.17,1174.0817,78.8,0.057,56.006,159.662,,7.348942176487525
호소,대청호,문의,2024-03-04,6.3,7.4,12.3,1.8,2.4,12.0,0.0,0.0,0.0,0.0,0.0,4.02919708029197,3.5036496350364965,0.8402877697841727,0.7,0.0,0.0,0.0,0.0,6.7,0.0,5.7,13.26,1.38,0.011,76.17,1174.0817,78.8,0.057,56.006,159.662,125.45453404958782,7.348942176487525
호소,대청호,추동,2024-03-04,6.6,7.4,12.6,2.5,2.1,9.2,0.0,0.0,0.0,0.0,0.0,4.087591240875912,3.510948905109489,0.8338129496402878,0.7,0.0,0.0,0.0,0.0,6.7,0.0,5.7,13.26,,,76.17,1174.0817,78.8,0.057,56.006,159.662,,7.348942176487525
호소,대청호,회남,2024-03-11,6.4,7.4,12.7,2.5,2.1,6.4,104.0,0.0,0.0,0.0,104.0,4.145985401459854,3.5182481751824817,0.827338129496403,0.7,0.0,0.0,0.0,0.0,6.4,0.0,4.4,11.04,,,75.12,1107.2144,74.31,0.0,41.94,159.643,,6.931223277389307
호소,대청호,문의,2024-03-11,6.5,7.6,12.5,2.4,2.1,10.1,0.0,0.0,0.0,0.0,0.0,4.204379562043796,3.5255474452554747,0.8208633093525181,0.7,0.0,0.0,0.0,0.0,6.4,0.0,4.4,11.04,1.467,0.011,75.12,1107.2144,74.31,0.0,41.94,159.643,133.36362423967054,6.931223277389307
호소,대청호,추동,2024-03-11,6.6,7.5,12.5,2.5,2.4,8.1,0.0,0.0,0.0,0.0,0.0,4.262773722627737,3.5328467153284677,0.8143884892086332,0.7,0.0,0.0,0.0,0.0,6.4,0.0,4.4,11.04,,,75.12,1107.2144,74.31,0.0,41.94,159.643,,6.931223277389307
호소,대청호,회남,2024-03-18,7.2,7.7,12.3,3.8,2.1,3.9,148.0,0.0,12.0,0.0,136.0,4.321167883211679,3.54014598540146,0.8079136690647483,0.7,0.0,0.0,0.0,0.0,7.9,0.0,10.2,21.43,,,74.76,1084.8078,72.81,0.0,33.836,40.998,,26.395634824079032
호소,대청호,추동,2024-03-18,7.5,7.8,12.5,2.5,2.4,12.2,0.0,0.0,0.0,0.0,0.0,4.37956204379562,3.5474452554744524,0.8014388489208634,0.7,0.0,0.0,0.0,0.0,7.9,0.0,10.2,21.43,,,74.76,1084.8078,72.81,0.0,33.836,40.998,,26.395634824079032
호소,대청호,문의,2024-03-18,6.9,7.9,12.2,2.4,2.2,7.5,0.0,0.0,0.0,0.0,0.0,4.437956204379562,3.554744525547445,0.7949640287769785,0.7,0.0,0.0,0.0,0.0,7.9,0.0,10.2,21.43,1.382,0.009,74.76,1084.8078,72.81,0.0,33.836,40.998,153.55553849382906,26.395634824079032
호소,대청호,추동,2024-03-25,7.4,7.6,12.2,2.1,2.5,6.1,230.0,230.0,0.0,0.0,0.0,4.496350364963504,3.562043795620438,0.7884892086330936,0.7,0.0,0.0,0.0,0.0,9.4,6.8,0.0,5.04,,,74.6853,1080.1917,72.5,9.0732,38.321,40.821,,26.397001539551823
호소,대청호,회남,2024-03-25,7.3,7.5,11.8,2.4,2.7,4.2,225.0,0.0,0.0,0.0,225.0,4.554744525547445,3.56934306569343,0.7820143884892087,0.7,0.0,0.0,0.0,0.0,9.4,6.8,0.0,5.04,,,74.6853,1080.1917,72.5,9.0732,38.321,40.821,,26.397001539551823
호소,대청호,문의,2024-03-25,8.1,7.8,12.6,3.0,2.4,7.9,0.0,0.0,0.0,0.0,0.0,4.613138686131387,3.576642335766423,0.7755395683453238,0.7,0.0,0.0,0.0,0.0,9.4,6.8,0.0,5.04,1.426,0.008,74.6853,1080.1917,72.5,9.0732,38.321,40.821,178.24997771875277,26.397001539551823
호소,대청호,회남,2024-04-01,8.7,7.6,11.6,2.5,1.7,5.6,111.0,0.0,0.0,0.0,111.0,4.671532846715328,3.583941605839416,0.7690647482014389,0.7,0.0,0.0,0.0,0.0,13.1,0.0,11.6,23.63,,,74.9868,1098.8931,73.75,0.0,95.649,115.571,,9.500160800892186
호소,대청호,문의,2024-04-01,8.4,7.8,12.0,3.5,1.7,5.8,30.0,0.0,0.0,0.0,30.0,4.72992700729927,3.591240875912409,0.762589928057554,0.7,0.0,0.0,0.0,0.0,13.1,0.0,11.6,23.63,1.466,0.009,74.9868,1098.8931,73.75,0.0,95.649,115.571,162.88887079012548,9.500160800892186
호소,대청호,추동,2024-04-01,8.4,7.5,11.8,3.7,1.4,4.4,16.0,0.0,0.0,0.0,16.0,4.788321167883211,3.5985401459854014,0.7561151079136691,0.7,0.0,0.0,0.0,0.0,13.1,0.0,11.6,23.63,,,74.9868,1098.8931,73.75,0.0,95.649,115.571,,9.500160800892186
호소,대청호,문의,2024-04-08,10.0,8.0,12.2,2.7,1.6,5.3,118.0,0.0,0.0,0.0,118.0,4.846715328467153,3.605839416058394,0.7496402877697842,0.7,0.0,0.0,0.0,0.0,16.5,0.0,5.6,16.25,1.572,0.009,74.04,1040.7909,69.85,0.0,75.822,229.903,174.66664725926145,4.525118802798224
호소,대청호,추동,2024-04-08,9.9,7.9,11.8,2.8,1.5,3.0,32.0,0.0,0.0,0.0,32.0,4.905109489051095,3.613138686131387,0.7431654676258993,0.7,0.0,0.0,0.0,0.0,16.5,0.0,5.6,16.25,,,74.04,1040.7909,69.85,0.0,75.822,229.903,,4.525118802798224
호소,대청호,회남,2024-04-08,9.4,7.7,11.1,2.8,1.6,3.8,172.0,0.0,0.0,0.0,172.0,4.963503649635037,3.62043795620438,0.7366906474820144,0.7,0.0,0.0,0.0,0.0,16.5,0.0,5.6,16.25,,,74.04,1040.7909,69.85,0.0,75.822,229.903,,4.525118802798224
호소,대청호,문의,2024-04-15,11.7,8.4,12.0,3.5,1.8,5.6,14.0,0.0,0.0,0.0,14.0,5.021897810218978,3.627737226277372,0.7302158273381295,0.7,0.0,0.0,0.0,0.0,16.2,7.5,0.0,3.29,1.516,0.016,73.8739,1030.7873,69.18,10.0376,46.138,41.203,94.74999407812537,24.956717429726652
호소,대청호,추동,2024-04-15,11.5,7.9,11.1,2.7,1.4,2.7,98.0,0.0,0.0,0.0,98.0,5.08029197080292,3.6350364963503647,0.7237410071942446,0.7,0.0,0.0,0.0,0.0,16.2,7.5,0.0,3.29,,,73.8739,1030.7873,69.18,10.0376,46.138,41.203,,24.956717429726652
호소,대청호,회남,2024-04-15,10.5,7.9,10.8,1.8,1.6,4.9,24.0,0.0,0.0,0.0,24.0,5.138686131386861,3.6423357664233578,0.7172661870503598,0.7,0.0,0.0,0.0,0.0,16.2,7.5,0.0,3.29,,,73.8739,1030.7873,69.18,10.0376,46.138,41.203,,24.956717429726652
호소,대청호,회남,2024-04-22,10.9,7.8,10.1,2.4,1.5,4.0,98.0,0.0,0.0,0.0,98.0,5.197080291970803,3.6496350364963503,0.7107913669064749,0.7,0.0,0.0,0.0,0.0,17.4,0.0,6.2,19.42,,,73.9568,1035.773,69.51,0.0,42.117,33.057,,31.23844135476671
호소,대청호,추동,2024-04-22,11.7,7.9,10.5,3.0,1.7,3.9,4.0,0.0,0.0,0.0,4.0,5.255474452554744,3.656934306569343,0.70431654676259,0.7,0.0,0.0,0.0,0.0,17.4,0.0,6.2,19.42,,,73.9568,1035.773,69.51,0.0,42.117,33.057,,31.23844135476671
호소,대청호,문의,2024-04-22,12.2,8.0,11.5,3.5,1.8,5.8,0.0,0.0,0.0,0.0,0.0,5.313868613138686,3.664233576642336,0.6978417266187051,0.7,0.0,0.0,0.0,0.0,17.4,0.0,6.2,19.42,1.606,0.011,73.9568,1035.773,69.51,0.0,42.117,33.057,145.99998672727395,31.23844135476671
호소,대청호,회남,2024-04-29,11.4,7.8,10.0,1.8,2.1,4.9,28.0,0.0,0.0,0.0,28.0,5.372262773722627,3.671532846715329,0.6913669064748202,0.7,0.0,0.0,0.0,0.0,17.2,0.8,0.0,6.96,,,73.916,1033.3175,69.35,2.5029,26.804,33.07,,31.152170636116974
호소,대청호,추동,2024-04-29,12.1,8.0,10.2,2.7,2.1,6.2,0.0,0.0,0.0,0.0,0.0,5.430656934306569,3.678832116788321,0.6848920863309353,0.7,0.0,0.0,0.0,0.0,17.2,0.8,0.0,6.96,,,73.916,1033.3175,69.35,2.5029,26.804,33.07,,31.152170636116974
호소,대청호,문의,2024-04-29,13.1,8.2,11.2,3.0,2.1,8.5,0.0,0.0,0.0,0.0,0.0,5.489051094890511,3.6861313868613137,0.6784172661870504,0.7,0.0,0.0,0.0,0.0,17.2,0.8,0.0,6.96,1.774,0.021,73.916,1033.3175,69.35,2.5029,26.804,33.07,84.47618645351493,31.152170636116974
호소,대청호,회남,2024-05-07,11.4,7.8,8.8,2.1,2.3,7.7,0.0,0.0,0.0,0.0,0.0,5.547445255474452,3.6934306569343054,0.6719424460431656,0.7,0.0,0.0,0.0,0.0,12.9,14.1,0.0,5.6,,,73.7322,1022.2978,68.61,13.6896,73.171,56.507,,18.059565071457595
호소,대청호,추동,2024-05-07,12.2,8.0,9.5,3.3,2.5,12.5,88.0,0.0,0.0,0.0,88.0,5.605839416058394,3.7007299270072993,0.6654676258992807,0.7,0.0,0.0,0.0,0.0,12.9,14.1,0.0,5.6,,,73.7322,1022.2978,68.61,13.6896,73.171,56.507,,18.059565071457595
호소,대청호,문의,2024-05-07,12.8,8.0,9.7,4.2,1.9,5.4,0.0,0.0,0.0,0.0,0.0,5.664233576642336,3.708029197080292,0.6589928057553958,0.7,0.0,0.0,0.0,0.0,12.9,14.1,0.0,5.6,1.664,0.034,73.7322,1022.2978,68.61,13.6896,73.171,56.507,48.9411750311419,18.059565071457595
호소,대청호,추동,2024-05-13,13.2,8.0,9.7,4.7,1.8,14.1,305.0,305.0,0.0,0.0,0.0,5.7226277372262775,3.715328467153285,0.6525179856115109,0.7,0.0,0.0,0.0,0.0,17.6,0.0,13.4,29.96,2.156,0.009,73.7602,1023.9721,68.72,0.0,59.06,59.06,239.55552893827462,17.30852096010818
호소,대청호,문의,2024-05-13,13.9,8.2,10.7,3.8,1.5,10.4,228.0,228.0,0.0,0.0,0.0,5.781021897810219,3.7226277372262775,0.646043165467626,0.7,0.0,0.0,0.0,0.0,17.6,0.0,13.4,29.96,1.676,0.013,73.7602,1023.9721,68.72,0.0,59.06,59.06,128.92306700591791,17.30852096010818
호소,대청호,회남,2024-05-13,12.5,8.1,9.0,2.5,2.2,7.8,0.0,0.0,0.0,0.0,0.0,5.839416058394161,3.72992700729927,0.6395683453237411,0.7,0.0,0.0,0.0,0.0,17.6,0.0,13.4,29.96,2.04,0.036,73.7602,1023.9721,68.72,0.0,59.06,59.06,56.666665092592645,17.30852096010818
호소,대청호,추동,2024-05-20,14.3,8.3,9.8,2.4,2.5,10.8,49.0,0.0,0.0,0.0,49.0,5.897810218978102,3.737226277372263,0.6330935251798562,0.7,0.0,0.0,0.0,0.0,19.3,0.0,4.7,19.61,,,73.6192,1015.5574,68.16,0.0,36.243,58.719,,17.265805267005558
호소,대청호,문의,2024-05-20,15.3,8.4,10.8,4.5,1.4,8.2,345.0,345.0,0.0,0.0,0.0,5.956204379562044,3.744525547445256,0.6266187050359713,0.7,0.0,0.0,0.0,0.0,19.3,0.0,4.7,19.61,1.608,0.006,73.6192,1015.5574,68.16,0.0,36.243,58.719,267.9999553333408,17.265805267005558
호소,대청호,회남,2024-05-20,14.2,8.3,8.3,3.2,2.5,7.2,0.0,0.0,0.0,0.0,0.0,6.014598540145985,3.751824817518248,0.6201438848920864,0.7,0.0,0.0,0.0,0.0,19.3,0.0,4.7,19.61,,,73.6192,1015.5574,68.16,0.0,36.243,58.719,,17.265805267005558
호소,대청호,추동,2024-05-27,14.9,8.2,9.3,2.6,1.6,8.4,30.0,0.0,0.0,0.0,30.0,6.072992700729927,3.759124087591241,0.6136690647482015,0.7,0.0,0.0,0.0,0.0,18.5,0.0,10.9,24.38,,,73.353,999.782,67.1,0.1918,49.999,65.708,,15.192408217845857
호소,대청호,회남,2024-05-27,13.0,7.9,8.1,3.0,1.8,5.7,115.0,0.0,115.0,0.0,0.0,6.131386861313868,3.7664233576642334,0.6071942446043166,0.7,0.0,0.0,0.0,0.0,18.5,0.0,10.9,24.38,,,73.353,999.782,67.1,0.1918,49.999,65.708,,15.192408217845857
호소,대청호,문의,2024-05-27,16.8,8.3,10.0,4.0,1.3,5.4,52.0,38.0,0.0,0.0,14.0,6.18978102189781,3.773722627737226,0.6007194244604317,0.7,0.0,0.0,0.0,0.0,18.5,0.0,10.9,24.38,1.685,0.011,73.353,999.782,67.1,0.1918,49.999,65.708,153.18180425619963,15.192408217845857
호소,대청호,문의,2024-06-03,18.5,8.5,10.2,3.6,1.6,4.0,566.0,445.0,0.0,0.0,121.0,6.248175182481751,3.781021897810219,0.5942446043165468,0.7,0.0,0.0,0.0,0.0,20.8,0.0,12.8,29.53,1.568,0.034,74.1222,1045.7625,70.19,0.0,19.628,151.692,46.11764570242219,6.889444107726362
호소,대청호,추동,2024-06-03,16.9,8.4,8.8,4.0,1.4,4.6,86.0,59.0,0.0,0.0,27.0,6.306569343065693,3.788321167883212,0.5877697841726619,0.7,0.0,0.0,0.0,0.0,20.8,0.0,12.8,29.53,,,74.1222,1045.7625,70.19,0.0,19.628,151.692,,6.889444107726362
호소,대청호,회남,2024-06-03,14.8,8.1,6.6,2.1,1.8,6.5,671.0,564.0,76.0,0.0,31.0,6.364963503649635,3.795620437956204,0.581294964028777,0.7,0.0,0.0,0.0,0.0,20.8,0.0,12.8,29.53,,,74.1222,1045.7625,70.19,0.0,19.628,151.692,,6.889444107726362
호소,대청호,회남,2024-06-10,15.8,8.2,6.1,4.9,1.6,6.0,57.0,0.0,0.0,0.0,57.0,6.423357664233577,3.802919708029197,0.5748201438848921,0.7,0.0,0.0,0.0,0.0,24.7,0.0,10.8,27.56,,,72.7901,966.9025,64.89,0.0,21.635,151.265,,6.3878868959138515
호소,대청호,문의,2024-06-10,21.3,8.6,10.2,3.0,1.4,5.8,347.0,98.0,0.0,0.0,249.0,6.481751824817518,3.81021897810219,0.5683453237410072,0.7,0.0,0.0,0.0,0.0,24.7,0.0,10.8,27.56,1.711,0.015,72.7901,966.9025,64.89,0.0,21.635,151.265,114.06665906222274,6.3878868959138515
호소,대청호,추동,2024-06-10,18.5,8.3,7.8,2.8,1.9,6.8,0.0,0.0,0.0,0.0,0.0,6.54014598540146,3.8175182481751824,0.5618705035971223,0.7,0.0,0.0,0.0,0.0,24.7,0.0,10.8,27.56,,,72.7901,966.9025,64.89,0.0,21.635,151.265,,6.3878868959138515
호소,대청호,회남,2024-06-17,17.0,8.3,5.3,4.0,1.3,3.5,136.0,59.0,49.0,0.0,28.0,6.598540145985401,3.824817518248176,0.5553956834532374,0.7,0.0,0.0,0.0,0.0,23.4,0.0,7.5,20.53,,,71.355,886.0211,59.46,0.0,11.853,150.901,,5.867650545360627
호소,대청호,추동,2024-06-17,22.1,8.5,7.9,2.1,1.9,9.8,813.0,752.0,0.0,0.0,61.0,6.656934306569343,3.832116788321168,0.5489208633093526,0.7,0.0,0.0,0.0,0.0,23.4,0.0,7.5,20.53,,,71.355,886.0211,59.46,0.0,11.853,150.901,,5.867650545360627
호소,대청호,문의,2024-06-17,23.4,8.9,11.0,2.4,1.9,7.6,705.0,191.0,48.0,0.0,466.0,6.7153284671532845,3.839416058394161,0.5424460431654677,0.7,0.0,0.0,0.0,0.0,23.4,0.0,7.5,20.53,1.423,0.031,71.355,886.0211,59.46,0.0,11.853,150.901,45.903224325702446,5.867650545360627
호소,대청호,추동,2024-06-24,22.0,8.4,6.9,1.9,2.2,8.0,413.0,351.0,0.0,0.0,62.0,6.773722627737226,3.846715328467153,0.5359712230215828,0.7,0.0,0.0,0.0,0.0,25.3,0.0,8.1,24.9,,,70.4611,837.7815,56.23,0.0,28.316,58.367,,14.329134383498385
호소,대청호,문의,2024-06-24,23.8,8.7,9.3,2.3,2.3,7.3,433.0,214.0,145.0,0.0,74.0,6.832116788321168,3.8540145985401457,0.529496402877698,0.7,0.0,0.0,0.0,0.0,25.3,0.0,8.1,24.9,1.365,0.038,70.4611,837.7815,56.23,0.0,28.316,58.367,35.921051686288116,14.329134383498385
호소,대청호,회남,2024-06-24,17.8,8.1,4.8,3.1,1.7,2.9,0.0,0.0,0.0,0.0,0.0,6.890510948905109,3.8613138686131383,0.523021582733813,0.7,0.0,0.0,0.0,0.0,25.3,0.0,8.1,24.9,,,70.4611,837.7815,56.23,0.0,28.316,58.367,,14.329134383498385
호소,대청호,회남,2024-07-01,18.9,8.5,4.6,3.5,1.8,2.9,41.0,0.0,15.0,0.0,26.0,6.948905109489051,3.8686131386861313,0.5165467625899282,0.7,0.0,0.0,0.0,0.0,26.2,0.0,8.7,24.37,,,70.421,835.6561,56.08,0.0,152.142,42.919,,19.425279527650574
호소,대청호,추동,2024-07-01,23.4,8.6,6.5,2.7,2.3,13.9,141.0,57.0,32.0,0.0,52.0,7.007299270072992,3.875912408759124,0.5100719424460433,0.7,0.0,0.0,0.0,0.0,26.2,0.0,8.7,24.37,,,70.421,835.6561,56.08,0.0,152.142,42.919,,19.425279527650574
호소,대청호,문의,2024-07-01,24.6,8.9,8.1,1.7,3.2,8.3,610.0,118.0,492.0,0.0,0.0,7.065693430656934,3.883211678832117,0.5035971223021584,0.7,0.0,0.0,0.0,0.0,26.2,0.0,8.7,24.37,1.339,0.038,70.421,835.6561,56.08,0.0,152.142,42.919,35.236841177977865,19.425279527650574
호소,대청호,문의,2024-07-08,24.7,8.4,7.2,2.1,2.1,5.5,830.0,671.0,61.0,0.0,98.0,7.124087591240876,3.8905109489051095,0.4971223021582734,0.7,0.0,0.0,0.0,0.0,23.9,137.5,0.0,3.05,,,73.7416,1022.8597,68.65,115.6252,1695.691,149.304,,6.846267168215041
호소,대청호,추동,2024-07-08,23.7,8.0,6.0,2.1,2.6,10.2,189.0,66.0,48.0,0.0,75.0,7.182481751824818,3.897810218978102,0.4906474820143885,0.7,0.0,0.0,0.0,0.0,23.9,137.5,0.0,3.05,,,73.7416,1022.8597,68.65,115.6252,1695.691,149.304,,6.846267168215041
호소,대청호,회남,2024-07-08,18.7,7.7,3.1,1.8,2.7,6.5,0.0,0.0,0.0,0.0,0.0,7.240875912408759,3.905109489051095,0.4841726618705037,0.7,0.0,0.0,0.0,0.0,23.9,137.5,0.0,3.05,,,73.7416,1022.8597,68.65,115.6252,1695.691,149.304,,6.846267168215041
호소,대청호,문의,2024-07-15,24.3,8.3,6.6,0.3,14.3,7.0,461.0,116.0,0.0,0.0,345.0,7.299270072992701,3.912408759124088,0.4776978417266188,0.7,0.0,0.0,0.0,0.0,26.6,0.2,7.0,20.76,1.122,0.031,70.309,829.7371,55.69,1.3326,193.933,1448.797,36.193547219562994,0.5726681054622931
호소,대청호,회남,2024-07-15,22.8,8.3,7.9,0.2,123.0,7.4,680.0,464.0,0.0,0.0,216.0,7.357664233576642,3.91970802919708,0.4712230215827339,0.7,0.0,0.0,0.0,0.0,26.6,0.2,7.0,20.76,3.098,0.055,70.309,829.7371,55.69,1.3326,193.933,1448.797,56.32727170314051,0.5726681054622931
호소,대청호,추동,2024-07-15,23.9,8.6,6.3,0.2,16.7,5.9,803.0,577.0,137.0,0.0,89.0,7.416058394160584,3.927007299270073,0.464748201438849,0.7,0.0,0.0,0.0,0.0,26.6,0.2,7.0,20.76,2.274,0.018,70.309,829.7371,55.69,1.3326,193.933,1448.797,126.33332631481522,0.5726681054622931
호소,대청호,회남,2024-07-23,23.7,7.6,7.1,0.7,58.4,23.7,160.0,96.0,0.0,0.0,64.0,7.474452554744525,3.9343065693430654,0.4582733812949641,0.7,0.0,0.0,0.0,0.0,27.2,3.9,0.0,4.96,,,71.3467,885.5656,59.43,1.0622,239.879,43.218,,20.44336303615125
호소,대청호,문의,2024-07-23,25.4,7.7,6.5,1.2,14.5,13.9,1933.0,925.0,132.0,123.0,753.0,7.532846715328467,3.9416058394160585,0.4517985611510792,0.7,0.0,0.0,0.0,0.0,27.2,3.9,0.0,4.96,1.21,0.028,71.3467,885.5656,59.43,1.0622,239.879,43.218,43.21428417091842,20.44336303615125
호소,대청호,추동,2024-07-23,24.4,7.9,5.6,1.8,13.9,12.7,909.0,143.0,0.0,0.0,766.0,7.591240875912408,3.948905109489051,0.4453237410071943,0.7,0.0,0.0,0.0,0.0,27.2,3.9,0.0,4.96,,,71.3467,885.5656,59.43,1.0622,239.879,43.218,,20.44336303615125
호소,대청호,회남,2024-07-29,23.8,7.7,5.2,1.7,47.4,6.8,6064.0,5690.0,0.0,0.0,374.0,7.64963503649635,3.956204379562044,0.4388489208633094,0.7,0.0,0.0,0.0,0.0,28.6,0.0,5.6,18.2,,,71.898,916.1266,61.49,0.0,74.975,43.179,,21.167924397513804
호소,대청호,문의,2024-07-29,26.4,8.8,6.4,1.3,6.2,8.7,3284.0,1764.0,103.0,149.0,1268.0,7.708029197080291,3.9635036496350367,0.4323741007194245,0.7,0.0,0.0,0.0,0.0,28.6,0.0,5.6,18.2,1.149,0.047,71.898,916.1266,61.49,0.0,74.975,43.179,24.446807990493447,21.167924397513804
호소,대청호,추동,2024-07-29,25.3,8.6,5.8,1.6,6.9,11.8,3098.0,525.0,141.0,0.0,2432.0,7.766423357664233,3.970802919708029,0.4258992805755396,0.7,0.0,0.0,0.0,0.0,28.6,0.0,5.6,18.2,,,71.898,916.1266,61.49,0.0,74.975,43.179,,21.167924397513804
호소,대청호,추동,2024-08-05,26.9,9.3,5.9,1.2,5.5,6.4,11809.0,2885.0,0.0,0.0,8924.0,7.8248175182481745,3.978102189781022,0.4194244604316547,0.7,0.0,0.0,0.0,0.0,27.4,34.3,5.4,15.35,,,71.8816,915.2085,61.42,11.9,38.177,48.609,,18.78930998378123
호소,대청호,문의,2024-08-05,27.8,9.4,7.9,1.3,6.9,12.3,43992.0,18760.0,0.0,0.0,25232.0,7.883211678832117,3.985401459854015,0.4129496402877698,0.7,0.0,0.0,0.0,0.0,27.4,34.3,5.4,15.35,1.296,0.031,71.8816,915.2085,61.42,11.9,38.177,48.609,41.80645026430806,18.78930998378123
호소,대청호,회남,2024-08-05,25.6,9.3,8.0,1.5,48.4,3.6,25760.0,25760.0,0.0,0.0,0.0,7.941605839416058,3.992700729927008,0.4064748201438849,0.7,0.0,0.0,0.0,0.0,27.4,34.3,5.4,15.35,,,71.8816,915.2085,61.42,11.9,38.177,48.609,,18.78930998378123
호소,대청호,문의,2024-08-12,28.0,9.8,7.9,1.0,5.9,11.4,38105.0,9140.0,150.0,83.0,28732.0,8.0,4.0,0.4,0.7,0.0,0.0,0.0,0.0,30.5,0.0,11.1,24.7,1.159,0.057,71.6748,903.6784,60.65,0.111,23.541,57.259,20.333332976608194,15.75477954636587
호소,대청호,추동,2024-08-12,26.7,9.5,6.5,1.2,4.2,7.0,8180.0,680.0,14.0,569.0,6917.0,9.5,4.0,0.0,0.1,0.0,0.0,0.0,0.0,30.5,0.0,11.1,24.7,,,71.6748,903.6784,60.65,0.111,23.541,57.259,,15.75477954636587
호소,대청호,회남,2024-08-12,25.9,9.3,8.5,0.2,42.6,18.8,85601.0,83050.0,105.0,0.0,2446.0,11.0,4.0,0.8,1.8,0.0,0.2,0.0,0.0,30.5,0.0,11.1,24.7,,,71.6748,903.6784,60.65,0.111,23.541,57.259,,15.75477954636587
호소,대청호,문의,2024-08-14,27.8,8.8,5.7,0.7,5.6,13.7,29240.0,11520.0,130.0,166.0,17424.0,4.0,5.0,0.5,1.0,0.0,0.1,0.0,0.0,29.5,0.0,12.4,26.45,,,71.5979,899.4133,60.36,0.0,14.425,48.818,,18.386142115376753
호소,대청호,회남,2024-08-14,25.2,8.4,6.4,0.6,41.1,22.0,64852.0,61300.0,70.0,0.0,3482.0,5.0,9.0,0.9,2.0,0.0,0.3,0.0,0.0,29.5,0.0,12.4,26.45,,,71.5979,899.4133,60.36,0.0,14.425,48.818,,18.386142115376753
호소,대청호,회남,2024-08-19,25.3,8.5,7.1,0.9,24.4,15.8,32982.0,31900.0,39.0,27.0,1016.0,0.0,11.0,0.9,1.5,0.0,0.1,0.0,0.0,29.9,0.1,9.0,21.04,,,71.3332,884.8251,59.38,0.0,15.503,48.413,,18.238927710098324
호소,대청호,추동,2024-08-19,26.9,8.8,5.3,1.8,4.3,14.8,8418.0,2665.0,0.0,975.0,4778.0,5.5,11.0,0.75,1.2,0.0,0.1,0.0,0.0,29.9,0.1,9.0,21.04,,,71.3332,884.8251,59.38,0.0,15.503,48.413,,18.238927710098324
호소,대청호,문의,2024-08-19,27.7,9.0,5.6,0.8,5.9,7.2,42552.0,16420.0,0.0,600.0,25532.0,11.0,11.0,0.6,0.9,0.0,0.1,0.0,0.0,29.9,0.1,9.0,21.04,1.101,0.045,71.3332,884.8251,59.38,0.0,15.503,48.413,24.466666122962977,18.238927710098324
호소,대청호,회남,2024-08-22,25.3,8.2,5.4,1.1,13.3,14.5,28211.0,26840.0,91.0,1202.0,78.0,10.0,11.0,0.8,2.4,0.0,0.1,0.0,0.0,28.5,0.5,4.7,13.87,,,71.2639,881.0297,59.13,2.6423,26.054,36.883,,23.82255901360084
호소,대청호,문의,2024-08-22,27.5,9.2,5.3,1.4,5.8,19.4,38407.0,17510.0,0.0,1207.0,19690.0,2.0,8.0,0.8,1.9,0.0,0.2,0.0,0.0,28.5,0.5,4.7,13.87,,,71.2639,881.0297,59.13,2.6423,26.054,36.883,,23.82255901360084
호소,대청호,문의,2024-08-26,27.6,8.9,4.8,1.1,5.7,10.8,22472.0,21605.0,0.0,25.0,842.0,0.0,0.0,0.7,1.7,0.0,0.2,0.0,0.0,27.9,0.0,2.6,13.01,1.095,0.031,71.1788,876.3824,58.82,4.1379,20.551,42.715,35.32257950572324,20.46905056639028
호소,대청호,추동,2024-08-26,26.6,8.6,4.1,1.9,4.1,6.5,5902.0,5200.0,0.0,336.0,366.0,1.0,0.0,0.7,1.6,0.0,0.15,0.2,0.0,27.9,0.0,2.6,13.01,,,71.1788,876.3824,58.82,4.1379,20.551,42.715,,20.46905056639028
호소,대청호,회남,2024-08-26,24.9,8.5,5.9,0.9,27.9,13.1,40717.0,38870.0,0.0,1485.0,362.0,2.0,0.0,0.7,1.5,0.0,0.1,0.4,0.0,27.9,0.0,2.6,13.01,,,71.1788,876.3824,58.82,4.1379,20.551,42.715,,20.46905056639028
호소,대청호,문의,2024-08-29,26.5,9.1,3.9,1.3,6.9,13.6,22003.0,20500.0,0.0,1225.0,278.0,0.0,4.0,0.6,2.4,0.0,0.2,0.0,0.0,27.0,3.0,8.8,19.49,,,71.0379,868.7206,58.3,0.7092,19.287,47.62,,18.20453897736798
호소,대청호,회남,2024-08-29,24.5,8.8,3.4,1.2,20.5,7.3,16147.0,9770.0,50.0,5842.0,485.0,12.0,6.0,0.3,0.6,0.0,0.0,0.0,0.0,27.0,3.0,8.8,19.49,,,71.0379,868.7206,58.3,0.7092,19.287,47.62,,18.20453897736798
호소,대청호,문의,2024-09-02,27.3,9.0,4.9,1.2,4.5,9.9,22385.0,21200.0,0.0,1085.0,100.0,0.0,3.0,0.6,1.6,0.0,0.1,0.0,0.0,24.8,0.0,1.5,8.26,1.055,0.038,70.8602,859.1159,57.66,0.1019,12.853,33.94,27.763157164127442,25.238422444183314
호소,대청호,추동,2024-09-02,26.6,8.8,5.3,0.9,7.3,13.5,28952.0,26160.0,0.0,2465.0,327.0,3.5,1.5,0.5,1.1,0.0,0.05,0.0,0.0,24.8,0.0,1.5,8.26,,,70.8602,859.1159,57.66,0.1019,12.853,33.94,,25.238422444183314
호소,대청호,회남,2024-09-02,24.3,8.4,4.3,1.3,24.1,11.7,20749.0,18830.0,129.0,850.0,940.0,7.0,0.0,0.4,0.6,0.0,0.0,0.0,0.0,24.8,0.0,1.5,8.26,,,70.8602,859.1159,57.66,0.1019,12.853,33.94,,25.238422444183314
호소,대청호,문의,2024-09-05,27.5,8.9,5.5,1.4,6.1,12.1,28860.0,26330.0,0.0,2390.0,140.0,0.0,0.0,0.6,2.0,0.0,0.2,0.0,0.0,27.2,0.0,6.8,18.91,,,70.7599,853.7234,57.3,0.0525,9.829,36.557,,23.289505415063967
호소,대청호,회남,2024-09-05,24.6,8.0,2.9,1.8,16.9,9.0,11065.0,7690.0,111.0,1912.0,1352.0,24.0,4.0,0.3,0.7,0.0,0.1,0.0,0.0,27.2,0.0,6.8,18.91,,,70.7599,853.7234,57.3,0.0525,9.829,36.557,,23.289505415063967
호소,대청호,회남,2024-09-09,24.8,8.4,3.5,1.4,21.3,6.8,17201.0,13920.0,228.0,2155.0,898.0,39.0,0.0,0.3,0.4,0.0,0.0,0.0,0.0,29.0,0.0,6.5,18.6,1.185,0.019,70.619,846.1831,56.79,0.0,10.332,31.843,62.36841777008328,26.490407914096984
호소,대청호,문의,2024-09-09,27.4,8.9,4.2,1.3,4.2,9.0,19328.0,18430.0,0.0,756.0,142.0,0.0,0.0,0.5,1.5,0.0,0.1,0.0,0.0,29.0,0.0,6.5,18.6,1.051,0.044,70.619,846.1831,56.79,0.0,10.332,31.843,23.88636309349175,26.490407914096984
호소,대청호,추동,2024-09-09,27.1,9.0,6.1,1.0,9.7,12.9,37106.0,32370.0,60.0,3888.0,788.0,22.0,1.5,0.35,0.9,0.0,0.05,0.0,0.0,29.0,0.0,6.5,18.6,1.402,0.015,70.619,846.1831,56.79,0.0,10.332,31.843,93.46666043555597,26.490407914096984
호소,대청호,회남,2024-09-12,24.4,8.4,3.7,1.2,20.2,8.0,16319.0,14060.0,737.0,798.0,724.0,44.0,3.0,0.2,0.3,0.0,0.0,0.0,0.0,26.5,4.1,0.0,8.28,,,70.5391,841.9254,56.51,13.1994,25.098,34.892,,24.060510973936896
호소,대청호,추동,2024-09-12,27.2,9.1,5.6,0.9,9.3,11.8,28667.0,25890.0,44.0,1210.0,1523.0,31.0,4.0,0.6,1.6,0.0,0.2,0.0,0.0,26.5,4.1,0.0,8.28,,,70.5391,841.9254,56.51,13.1994,25.098,34.892,,24.060510973936896
호소,대청호,문의,2024-09-12,27.9,9.2,5.0,1.2,3.5,8.6,12675.0,11870.0,0.0,555.0,250.0,0.0,4.0,0.4,0.9,0.0,0.1,0.0,0.0,26.5,4.1,0.0,8.28,,,70.5391,841.9254,56.51,13.1994,25.098,34.892,,24.060510973936896
호소,대청호,회남,2024-09-19,24.0,8.1,2.9,1.6,20.4,7.1,8756.0,6240.0,911.0,1079.0,526.0,90.0,0.0,0.0,0.0,0.0,0.0,0.0,0.0,28.5,0.0,4.9,16.45,,,70.5012,839.9103,56.37,1.8068,73.944,33.412,,25.06297147290523
호소,대청호,추동,2024-09-19,27.5,8.8,4.4,1.6,11.0,10.3,24892.0,21750.0,208.0,1208.0,1726.0,19.0,0.0,0.3,0.5,0.0,0.0,0.0,0.0,28.5,0.0,4.9,16.45,,,70.5012,839.9103,56.37,1.8068,73.944,33.412,,25.06297147290523
호소,대청호,문의,2024-09-19,28.6,9.1,5.2,1.4,5.3,8.3,22266.0,16020.0,0.0,4926.0,1320.0,0.0,0.0,0.3,0.5,0.0,0.0,0.0,0.0,28.5,0.0,4.9,16.45,0.802,0.049,70.5012,839.9103,56.37,1.8068,73.944,33.412,16.36734660474803,25.06297147290523
호소,대청호,추동,2024-09-23,26.1,7.2,4.2,0.6,10.0,7.6,11553.0,10815.0,137.0,49.0,552.0,33.0,0.0,0.2,0.3,0.0,0.0,0.0,0.0,21.0,0.0,11.3,22.27,,,74.004,1038.618,69.71,0.0,204.251,33.215,,31.1756866276452
호소,대청호,문의,2024-09-23,26.7,8.1,3.7,1.3,5.0,6.7,11994.0,9330.0,0.0,2410.0,254.0,0.0,3.0,0.1,0.2,0.0,0.0,0.0,0.0,21.0,0.0,11.3,22.27,1.038,0.019,74.004,1038.618,69.71,0.0,204.251,33.215,54.63157607202232,31.1756866276452
호소,대청호,회남,2024-09-23,23.9,6.7,1.8,1.0,21.9,3.9,2735.0,2380.0,209.0,64.0,82.0,47.0,9.0,0.0,0.0,0.0,0.0,0.0,0.0,21.0,0.0,11.3,22.27,,,74.004,1038.618,69.71,0.0,204.251,33.215,,31.1756866276452
호소,대청호,문의,2024-09-26,26.9,8.6,5.1,1.2,4.5,8.2,17586.0,10020.0,8.0,6915.0,643.0,40.0,0.0,0.2,0.4,0.0,0.0,0.0,0.0,24.1,0.0,5.6,15.14,,,74.2269,1052.1149,70.61,0.0,62.742,32.515,,32.25862026674843
호소,대청호,추동,2024-09-26,26.1,8.4,5.3,0.8,9.8,16.5,27725.0,27080.0,103.0,64.0,478.0,0.0,2.0,0.3,0.5,0.0,0.0,0.0,0.0,24.1,0.0,5.6,15.14,,,74.2269,1052.1149,70.61,0.0,62.742,32.515,,32.25862026674843
호소,대청호,회남,2024-09-30,23.7,7.3,3.9,1.6,8.7,22.1,14538.0,13054.0,1127.0,0.0,357.0,1.5,1.0,0.25,0.4,0.0,0.0,0.0,0.0,21.0,0.0,11.0,19.94,,,74.2501,1053.5256,70.71,0.0,23.286,34.342,,30.588397886301607
호소,대청호,문의,2024-09-30,25.9,7.8,4.6,1.7,3.4,6.4,16302.0,7815.0,0.0,7567.0,920.0,3.0,0.0,0.2,0.3,0.0,0.0,0.0,0.0,21.0,0.0,11.0,19.94,1.017,0.04,74.2501,1053.5256,70.71,0.0,23.286,34.342,25.42499936437501,30.588397886301607
호소,대청호,추동,2024-09-30,25.5,7.6,5.3,1.2,7.9,12.6,21154.0,19029.0,1282.0,290.0,553.0,6.0,0.0,0.2,0.2,0.0,0.0,0.0,0.0,21.0,0.0,11.0,19.94,,,74.2501,1053.5256,70.71,0.0,23.286,34.342,,30.588397886301607
호소,대청호,문의,2024-10-02,24.8,7.2,3.4,1.7,8.0,9.1,10568.0,9006.0,958.0,157.0,447.0,157.0,0.0,0.2,0.2,0.0,0.0,0.0,0.0,14.9,0.0,8.6,19.18,,,74.2378,1052.7775,70.66,0.0,31.22,32.064,,32.731547693073
호소,대청호,추동,2024-10-02,24.6,7.1,4.3,1.3,4.4,1.9,9203.0,3738.0,0.0,4689.0,776.0,0.0,0.0,0.2,0.4,0.0,0.0,0.0,0.0,14.9,0.0,8.6,19.18,,,74.2378,1052.7775,70.66,0.0,31.22,32.064,,32.731547693073
호소,대청호,문의,2024-10-07,24.0,6.9,5.2,2.2,4.9,1.9,12039.0,10636.0,0.0,521.0,882.0,0.0,0.0,0.3,0.6,0.0,0.0,0.0,0.0,17.0,2.3,1.0,8.24,1.143,0.03,74.2031,1050.6689,70.51,3.8581,26.569,32.052,38.099998730000046,32.678181761632246
호소,대청호,추동,2024-10-07,23.7,7.0,4.6,1.3,5.7,6.6,16506.0,13625.0,719.0,905.0,1257.0,68.0,0.0,0.2,0.2,0.0,0.0,0.0,0.0,17.0,2.3,1.0,8.24,,,74.2031,1050.6689,70.51,3.8581,26.569,32.052,,32.678181761632246
호소,대청호,회남,2024-10-07,22.5,6.9,3.4,2.2,10.7,14.0,6316.0,6194.0,0.0,35.0,87.0,36.0,0.0,0.35,0.55,0.0,0.0,0.0,0.0,17.0,2.3,1.0,8.24,,,74.2031,1050.6689,70.51,3.8581,26.569,32.052,,32.678181761632246
호소,대청호,문의,2024-10-10,23.7,7.2,6.1,2.2,5.8,10.0,12482.0,11564.0,0.0,430.0,488.0,4.0,0.0,0.5,0.9,0.0,0.0,0.0,0.0,17.7,0.0,5.9,12.93,,,74.1549,1047.7441,70.32,0.037,19.156,32.494,,32.14530588451862
호소,대청호,추동,2024-10-10,23.6,7.2,6.3,1.6,5.7,21.2,9544.0,8805.0,119.0,108.0,512.0,13.0,4.0,0.2,0.2,0.0,0.0,0.0,0.0,17.7,0.0,5.9,12.93,,,74.1549,1047.7441,70.32,0.037,19.156,32.494,,32.14530588451862
호소,대청호,문의,2024-10-14,23.1,7.1,6.0,2.7,2.4,9.5,8977.0,8189.0,0.0,233.0,555.0,2.0,0.0,0.0,0.1,0.0,0.0,0.0,0.0,17.7,8.3,0.0,3.57,1.205,0.029,74.0859,1043.5653,70.04,6.6849,24.5,32.273,41.55172270511301,32.23566861273283
호소,대청호,추동,2024-10-14,23.0,7.0,6.3,1.7,4.7,22.9,8332.0,7623.0,0.0,580.0,129.0,0.0,5.0,0.0,0.1,0.0,0.0,0.0,0.0,17.7,8.3,0.0,3.57,1.9,0.008,74.0859,1043.5653,70.04,6.6849,24.5,32.273,237.4999703125037,32.23566861273283
호소,대청호,회남,2024-10-14,22.1,7.0,4.2,2.5,10.8,11.2,1325.0,1250.0,0.0,0.0,75.0,5.0,2.5,0.1,0.25,0.0,0.0,0.0,0.0,17.7,8.3,0.0,3.57,1.859,0.02,74.0859,1043.5653,70.04,6.6849,24.5,32.273,92.94999535250024,32.23566861273283
호소,대청호,문의,2024-10-17,23.0,7.1,5.7,2.7,1.7,5.4,5709.0,5225.0,0.0,145.0,339.0,10.0,0.0,0.2,0.4,0.0,0.0,0.0,0.0,19.1,0.0,6.3,13.99,,,74.086,1043.5714,70.04,0.0,24.763,32.466,,32.044813609285754
호소,대청호,문의,2024-10-21,22.0,7.0,6.0,2.8,2.4,8.4,2944.0,2663.0,0.0,0.0,281.0,9.923076923076923,0.0,0.2007874015748031,0.3984251968503937,0.0,0.0007874015748031,0.0,0.0,13.9,0.4,0.7,6.66,1.212,0.027,74.1988,1050.4078,70.5,2.5733,37.194,32.275,44.88888722633751,32.44502857142857
호소,대청호,추동,2024-10-21,21.9,7.1,7.3,1.7,3.7,29.8,2404.0,1981.0,0.0,270.0,153.0,9.846153846153848,0.0,0.2015748031496063,0.3968503937007874,0.0,0.0015748031496062,0.0,0.0,13.9,0.4,0.7,6.66,,,74.1988,1050.4078,70.5,2.5733,37.194,32.275,,32.44502857142857
호소,대청호,회남,2024-10-21,21.3,7.0,4.3,3.0,9.8,8.0,430.0,325.0,0.0,50.0,55.0,9.76923076923077,0.0,0.2023622047244094,0.3952755905511811,0.0,0.0023622047244094,0.0,0.0,13.9,0.4,0.7,6.66,,,74.1988,1050.4078,70.5,2.5733,37.194,32.275,,32.44502857142857
호소,대청호,문의,2024-10-28,21.1,7.0,6.8,2.6,2.9,7.5,597.0,380.0,0.0,0.0,217.0,9.692307692307692,0.0,0.2031496062992126,0.3937007874015748,0.0,0.0031496062992125,0.0,0.0,14.8,0.0,0.4,5.37,1.349,0.031,74.388,1061.9332,71.27,0.3412,33.578,32.093,43.51612762851201,32.98646289566054
호소,대청호,추동,2024-10-28,20.9,7.0,7.6,2.0,2.9,13.0,2133.0,1383.0,0.0,412.0,338.0,9.615384615384617,0.0,0.2039370078740157,0.3921259842519685,0.0,0.0039370078740157,0.0,0.0,14.8,0.0,0.4,5.37,,,74.388,1061.9332,71.27,0.3412,33.578,32.093,,32.98646289566054
호소,대청호,회남,2024-10-28,20.9,7.0,4.6,2.7,7.0,3.2,94.0,0.0,0.0,0.0,94.0,9.538461538461538,0.0,0.2047244094488189,0.3905511811023622,0.0,0.0047244094488188,0.0,0.0,14.8,0.0,0.4,5.37,,,74.388,1061.9332,71.27,0.3412,33.578,32.093,,32.98646289566054
호소,대청호,추동,2024-11-04,20.3,7.2,8.0,2.0,2.7,22.2,1152.0,863.0,0.0,106.0,183.0,9.461538461538462,0.0,0.205511811023622,0.3889763779527559,0.0,0.005511811023622,0.0,0.0,14.5,0.0,4.6,9.85,2.708,0.01,74.3228,1057.9531,71.0,0.0,20.818,32.113,270.79997292000274,32.84242697047775
호소,대청호,회남,2024-11-04,19.9,7.1,6.3,2.3,4.7,6.8,73.0,0.0,0.0,0.0,73.0,9.384615384615383,0.0,0.2062992125984252,0.3874015748031496,0.0,0.0062992125984251,0.0,0.0,14.5,0.0,4.6,9.85,2.276,0.012,74.3228,1057.9531,71.0,0.0,20.818,32.113,189.66665086111243,32.84242697047775
호소,대청호,문의,2024-11-04,20.5,6.9,6.4,2.3,1.9,11.8,158.0,60.0,0.0,0.0,98.0,9.307692307692308,0.0,0.2070866141732283,0.3858267716535433,0.0,0.0070866141732283,0.0,0.0,14.5,0.0,4.6,9.85,1.371,0.023,74.3228,1057.9531,71.0,0.0,20.818,32.113,59.60869306049161,32.84242697047775
호소,대청호,회남,2024-11-11,19.2,7.2,7.4,2.9,3.7,7.2,172.0,113.0,0.0,0.0,59.0,9.23076923076923,0.0,0.2078740157480315,0.384251968503937,0.0,0.0078740157480314,0.0,0.0,13.3,0.0,9.1,12.95,,,74.2069,1050.8997,70.53,0.0,22.193,32.037,,32.700616112269344
호소,대청호,문의,2024-11-11,19.3,7.5,7.4,2.8,1.8,6.9,162.0,0.0,0.0,0.0,162.0,9.153846153846152,0.0,0.2086614173228346,0.3826771653543307,0.0,0.0086614173228346,0.0,0.0,13.3,0.0,9.1,12.95,1.325,0.025,74.2069,1050.8997,70.53,0.0,22.193,32.037,52.99999788000008,32.700616112269344
호소,대청호,추동,2024-11-11,19.2,7.3,8.2,2.6,1.9,15.9,837.0,563.0,0.0,94.0,180.0,9.076923076923077,0.0,0.2094488188976378,0.3811023622047244,0.0,0.0094488188976377,0.0,0.0,13.3,0.0,9.1,12.95,,,74.2069,1050.8997,70.53,0.0,22.193,32.037,,32.700616112269344
호소,대청호,추동,2024-11-18,18.0,7.0,8.4,2.2,2.4,22.2,955.0,543.0,0.0,280.0,132.0,9.0,0.0,0.2102362204724409,0.3795275590551181,0.0,0.0102362204724409,0.0,0.0,2.6,0.0,9.2,13.99,,,74.0519,1041.5098,69.9,0.0,14.144,31.704,,32.747761287888316
호소,대청호,문의,2024-11-18,18.2,6.8,7.0,3.6,2.9,15.6,755.0,570.0,0.0,0.0,185.0,8.923076923076923,0.0,0.2110236220472441,0.3779527559055118,0.0,0.011023622047244,0.0,0.0,2.6,0.0,9.2,13.99,1.151,0.019,74.0519,1041.5098,69.9,0.0,14.144,31.704,60.57894418005557,32.747761287888316
호소,대청호,회남,2024-11-18,17.9,6.9,7.2,2.8,4.3,12.0,39.0,0.0,0.0,0.0,39.0,8.846153846153847,0.0,0.2118110236220472,0.3763779527559055,0.0,0.0118110236220472,0.0,0.0,2.6,0.0,9.2,13.99,,,74.0519,1041.5098,69.9,0.0,14.144,31.704,,32.747761287888316
호소,대청호,회남,2024-11-25,16.9,6.9,7.5,2.5,3.3,7.2,40.0,0.0,0.0,0.0,40.0,8.76923076923077,0.0,0.2125984251968504,0.3748031496062992,0.0,0.0125984251968503,0.0,0.0,9.7,0.3,7.5,10.98,,,73.89,1031.7544,69.25,0.2732,15.627,32.117,,32.02515442157867
호소,대청호,추동,2024-11-25,16.7,7.0,8.2,3.5,2.4,10.6,68.0,0.0,0.0,0.0,68.0,8.692307692307692,0.0,0.2133858267716535,0.3732283464566929,0.0,0.0133858267716535,0.0,0.0,9.7,0.3,7.5,10.98,,,73.89,1031.7544,69.25,0.2732,15.627,32.117,,32.02515442157867
호소,대청호,문의,2024-11-25,16.9,6.8,6.4,3.3,1.4,6.9,115.0,0.0,0.0,115.0,0.0,8.615384615384615,0.0,0.2141732283464567,0.3716535433070866,0.0,0.0141732283464566,0.0,0.0,9.7,0.3,7.5,10.98,1.282,0.024,73.89,1031.7544,69.25,0.2732,15.627,32.117,53.41666444097232,32.02515442157867
호소,대청호,회남,2024-12-02,15.3,7.0,7.9,2.5,3.8,5.1,0.0,0.0,0.0,0.0,0.0,8.538461538461538,0.0,0.2149606299212598,0.3700787401574803,0.0,0.0149606299212598,0.0,0.0,8.3,0.0,5.1,7.75,2.609,0.012,73.8379,1028.6266,69.04,0.0,22.49,32.281,217.4166485486126,31.766362990642662
호소,대청호,문의,2024-12-02,15.5,6.9,7.0,4.0,1.5,6.1,0.0,0.0,0.0,0.0,0.0,8.461538461538462,0.0,0.215748031496063,0.368503937007874,0.0,0.0157480314960629,0.0,0.0,8.3,0.0,5.1,7.75,1.452,0.014,73.8379,1028.6266,69.04,0.0,22.49,32.281,103.71427830612298,31.766362990642662
호소,대청호,추동,2024-12-02,14.8,7.1,8.6,3.0,1.9,9.7,257.0,220.0,0.0,0.0,37.0,8.384615384615385,0.0,0.2165354330708661,0.3669291338582677,0.0,0.0165354330708661,0.0,0.0,8.3,0.0,5.1,7.75,2.534,0.009,73.8379,1028.6266,69.04,0.0,22.49,32.281,281.5555242716084,31.766362990642662
호소,대청호,문의,2024-12-09,13.7,6.9,8.1,4.2,1.8,7.9,0.0,0.0,0.0,0.0,0.0,8.307692307692307,0.0,0.2173228346456693,0.3653543307086614,0.0,0.0173228346456692,0.0,0.0,2.0,0.0,5.7,8.68,1.414,0.017,73.7422,1022.8956,68.65,0.0,17.973,32.371,83.176465695502,31.501820085614852
호소,대청호,추동,2024-12-09,13.2,6.9,9.0,3.5,1.9,7.8,0.0,0.0,0.0,0.0,0.0,8.23076923076923,0.0,0.2181102362204724,0.3637795275590551,0.0,0.0181102362204724,0.0,0.0,2.0,0.0,5.7,8.68,,,73.7422,1022.8956,68.65,0.0,17.973,32.371,,31.501820085614852
호소,대청호,회남,2024-12-09,13.5,6.8,8.4,2.5,5.6,4.4,0.0,0.0,0.0,0.0,0.0,8.153846153846153,0.0,0.2188976377952756,0.3622047244094488,0.0,0.0188976377952755,0.0,0.0,2.0,0.0,5.7,8.68,,,73.7422,1022.8956,68.65,0.0,17.973,32.371,,31.501820085614852
호소,대청호,추동,2024-12-16,11.8,7.0,9.2,3.3,2.0,6.4,90.0,0.0,0.0,0.0,90.0,8.076923076923077,0.0,0.2196850393700787,0.3606299212598425,0.0,0.0196850393700787,0.0,0.0,2.7,0.1,6.8,10.22,,,73.613,1015.1883,68.13,0.3145,21.108,32.065,,31.561893362350382
호소,대청호,회남,2024-12-16,12.0,7.0,8.8,3.0,3.8,4.0,0.0,0.0,0.0,0.0,0.0,8.0,0.0,0.2204724409448819,0.3590551181102362,0.0,0.0204724409448818,0.0,0.0,2.7,0.1,6.8,10.22,,,73.613,1015.1883,68.13,0.3145,21.108,32.065,,31.561893362350382
호소,대청호,문의,2024-12-16,12.3,6.9,8.2,3.8,1.7,5.6,0.0,0.0,0.0,0.0,0.0,7.923076923076923,0.0,0.221259842519685,0.3574803149606299,0.0,0.021259842519685,0.0,0.0,2.7,0.1,6.8,10.22,1.478,0.014,73.613,1015.1883,68.13,0.3145,21.108,32.065,105.57142103061278,31.561893362350382
호소,대청호,문의,2024-12-23,10.7,6.8,8.6,3.5,1.5,3.9,0.0,0.0,0.0,0.0,0.0,7.846153846153846,0.0,0.2220472440944882,0.3559055118110236,0.0,0.0220472440944881,0.0,0.0,-0.4,0.0,4.2,6.87,,,73.4641,1006.3483,67.54,0.2352,15.405,32.341,,31.020877901421038
호소,대청호,추동,2024-12-23,10.3,7.0,9.7,3.5,1.7,7.1,0.0,0.0,0.0,0.0,0.0,7.769230769230769,0.0,0.2228346456692913,0.3543307086614173,0.0,0.0228346456692913,0.0,0.0,-0.4,0.0,4.2,6.87,,,73.4641,1006.3483,67.54,0.2352,15.405,32.341,,31.020877901421038
호소,대청호,회남,2024-12-23,10.7,7.0,9.3,3.0,2.2,4.3,60.0,0.0,0.0,0.0,60.0,7.692307692307692,0.0,0.2236220472440944,0.352755905511811,0.0,0.0236220472440944,0.0,0.0,-0.4,0.0,4.2,6.87,,,73.4641,1006.3483,67.54,0.2352,15.405,32.341,,31.020877901421038
호소,대청호,회남,2024-12-30,9.5,7.2,9.7,3.2,3.1,5.1,0.0,0.0,0.0,0.0,0.0,7.615384615384615,0.0,0.2244094488188976,0.3511811023622047,0.0,0.0244094488188976,0.0,0.0,6.7,0.0,2.1,5.55,,,73.3056,996.9883,66.91,0.0,11.619,32.146,,30.91820070706444
호소,대청호,문의,2024-12-30,9.9,7.1,8.7,2.8,1.4,4.6,0.0,0.0,0.0,0.0,0.0,7.538461538461538,0.0,0.2251968503937008,0.3496062992125984,0.0,0.0251968503937007,0.0,0.0,6.7,0.0,2.1,5.55,,,73.3056,996.9883,66.91,0.0,11.619,32.146,,30.91820070706444
호소,대청호,추동,2024-12-30,9.3,7.2,10.1,2.8,1.8,7.1,140.0,140.0,0.0,0.0,0.0,7.461538461538462,0.0,0.2259842519685039,0.3480314960629921,0.0,0.0259842519685039,0.0,0.0,6.7,0.0,2.1,5.55,,,73.3056,996.9883,66.91,0.0,11.619,32.146,,30.91820070706444
호소,대청호,추동,2025-01-06,8.5,7.1,10.4,2.9,1.8,4.8,0.0,0.0,0.0,0.0,0.0,7.384615384615385,0.0,0.226771653543307,0.3464566929133858,0.0,0.026771653543307,0.0,0.0,2.0,1.8,1.2,4.69,,,73.13,986.6786,66.22,3.4313,12.02,33.032,,29.780230592780395
호소,대청호,문의,2025-01-06,9.0,7.1,9.0,2.6,3.5,4.2,130.0,130.0,0.0,0.0,0.0,7.3076923076923075,0.0,0.2275590551181102,0.3448818897637795,0.0,0.0275590551181102,0.0,0.0,2.0,1.8,1.2,4.69,1.4,0.015,73.13,986.6786,66.22,3.4313,12.02,33.032,93.33332711111153,29.780230592780395
호소,대청호,회남,2025-01-06,8.7,7.1,10.1,3.6,2.5,7.4,97.0,0.0,0.0,0.0,97.0,7.230769230769231,0.0,0.2283464566929134,0.3433070866141732,0.0,0.0283464566929133,0.0,0.0,2.0,1.8,1.2,4.69,,,73.13,986.6786,66.22,3.4313,12.02,33.032,,29.780230592780395
호소,대청호,회남,2025-01-13,7.5,7.0,10.5,4.5,1.4,5.9,0.0,0.0,0.0,0.0,0.0,7.153846153846153,0.0,0.2291338582677165,0.3417322834645669,0.0,0.0291338582677165,0.0,0.0,1.1,0.0,7.8,11.61,,,72.9519,976.2868,65.52,0.073,17.135,33.299,,29.23101889278122
호소,대청호,추동,2025-01-13,7.0,7.0,10.8,3.6,1.8,6.3,0.0,0.0,0.0,0.0,0.0,7.076923076923077,0.0,0.2299212598425196,0.3401574803149606,0.0,0.0299212598425196,0.0,0.0,1.1,0.0,7.8,11.61,,,72.9519,976.2868,65.52,0.073,17.135,33.299,,29.23101889278122
호소,대청호,문의,2025-01-13,7.8,6.9,9.3,2.7,2.6,4.2,0.0,0.0,0.0,0.0,0.0,7.0,0.0,0.2307086614173228,0.3385826771653543,0.0,0.0307086614173228,0.0,0.0,1.1,0.0,7.8,11.61,1.379,0.012,72.9519,976.2868,65.52,0.073,17.135,33.299,114.91665709027858,29.23101889278122
호소,대청호,추동,2025-01-20,6.5,6.9,11.1,4.2,1.4,5.4,0.0,0.0,0.0,0.0,0.0,6.923076923076923,0.0,0.231496062992126,0.337007874015748,0.0,0.0314960629921259,0.0,0.0,2.8,0.0,3.0,7.09,,,72.7708,965.7867,64.82,0.0,14.376,33.182,,29.01828916531458
호소,대청호,회남,2025-01-20,7.0,7.0,10.8,3.7,1.8,4.5,0.0,0.0,0.0,0.0,0.0,6.846153846153846,0.0,0.2322834645669291,0.3354330708661417,0.0,0.0322834645669291,0.0,0.0,2.8,0.0,3.0,7.09,,,72.7708,965.7867,64.82,0.0,14.376,33.182,,29.01828916531458
호소,대청호,문의,2025-01-20,7.3,6.8,9.5,3.0,2.6,4.9,0.0,0.0,0.0,0.0,0.0,6.769230769230769,0.0,0.2330708661417322,0.3338582677165354,0.0,0.0330708661417322,0.0,0.0,2.8,0.0,3.0,7.09,1.435,0.018,72.7708,965.7867,64.82,0.0,14.376,33.182,79.72221779321013,29.01828916531458
호소,대청호,추동,2025-01-31,6.975,6.875,9.925,3.275,2.25,5.1000000000000005,0.0,0.0,0.0,0.0,0.0,6.692307692307692,0.0,0.2338582677165354,0.3322834645669291,0.0,0.0338582677165354,0.0,0.0,1.9,0.0,1.3,7.44,,,72.4909,949.6907,63.74,1.0128,15.628,32.788,,28.87651118949161
호소,대청호,회남,2025-01-31,6.65,6.949999999999999,10.35,3.55,1.9,5.300000000000001,0.0,0.0,0.0,0.0,0.0,6.615384615384615,0.0,0.2346456692913386,0.3307086614173228,0.0,0.0346456692913385,0.0,0.0,1.9,0.0,1.3,7.44,,,72.4909,949.6907,63.74,1.0128,15.628,32.788,,28.87651118949161
호소,대청호,문의,2025-01-31,6.325,7.025,10.775,3.825,1.55,5.5,0.0,0.0,0.0,0.0,0.0,6.538461538461538,0.0,0.2354330708661417,0.3291338582677166,0.0,0.0354330708661417,0.0,0.0,1.9,0.0,1.3,7.44,,,72.4909,949.6907,63.74,1.0128,15.628,32.788,,28.87651118949161
호소,대청호,추동,2025-02-03,6.0,7.1,11.2,4.1,1.2,5.7,0.0,0.0,0.0,0.0,0.0,6.461538461538462,0.0,0.2362204724409448,0.3275590551181102,0.0,0.0362204724409448,0.0,0.0,-1.4,0.2,9.0,15.17,,,72.4215,945.7247,63.47,0.1608,20.769,32.994,,28.576923309361213
호소,대청호,회남,2025-02-03,6.0,7.0,11.2,4.3,1.5,4.8,0.0,0.0,0.0,0.0,0.0,6.384615384615385,0.0,0.237007874015748,0.3259842519685039,0.0,0.037007874015748,0.0,0.0,-1.4,0.2,9.0,15.17,,,72.4215,945.7247,63.47,0.1608,20.769,32.994,,28.576923309361213
호소,대청호,문의,2025-02-03,6.4,6.8,10.2,3.5,1.6,4.2,0.0,0.0,0.0,0.0,0.0,6.307692307692308,0.0,0.2377952755905512,0.3244094488188976,0.0,0.0377952755905511,0.0,0.0,-1.4,0.2,9.0,15.17,1.311,0.012,72.4215,945.7247,63.47,0.1608,20.769,32.994,109.24999089583409,28.576923309361213
호소,대청호,문의,2025-02-10,5.4,6.8,11.1,4.7,1.5,5.6,0.0,0.0,0.0,0.0,0.0,6.23076923076923,0.0,0.2385826771653543,0.3228346456692913,0.0,0.0385826771653543,0.0,0.0,-2.6,0.0,5.1,10.56,1.313,0.007,72.2438,935.6146,62.79,0.0273,22.634,32.745,187.571401775514,28.48575430050236
호소,대청호,추동,2025-02-10,4.8,7.0,12.1,3.4,1.5,6.7,0.0,0.0,0.0,0.0,0.0,6.153846153846153,0.0,0.2393700787401574,0.321259842519685,0.0,0.0393700787401574,0.0,0.0,-2.6,0.0,5.1,10.56,,,72.2438,935.6146,62.79,0.0273,22.634,32.745,,28.48575430050236
호소,대청호,회남,2025-02-10,5.3,7.0,11.6,3.7,1.6,4.8,0.0,0.0,0.0,0.0,0.0,6.076923076923077,0.0,0.2401574803149606,0.3196850393700787,0.0,0.0401574803149606,0.0,0.0,-2.6,0.0,5.1,10.56,,,72.2438,935.6146,62.79,0.0273,22.634,32.745,,28.48575430050236
호소,대청호,문의,2025-02-17,5.6,6.7,11.5,3.6,1.3,6.1,0.0,0.0,0.0,0.0,0.0,6.0,0.0,0.2409448818897637,0.3181102362204724,0.0,0.0409448818897637,0.0,0.0,1.3,0.0,10.0,17.69,1.385,0.006,72.0696,925.7667,62.13,0.0663,15.294,33.044,230.8332948611175,27.931652787834903
호소,대청호,회남,2025-02-17,5.2,6.9,11.8,4.1,1.3,4.2,74.0,0.0,0.0,0.0,74.0,5.9230769230769225,0.0,0.2417322834645669,0.3165354330708662,0.0,0.0417322834645669,0.0,0.0,1.3,0.0,10.0,17.69,,,72.0696,925.7667,62.13,0.0663,15.294,33.044,,27.931652787834903
호소,대청호,추동,2025-02-17,4.8,6.9,12.3,3.1,1.6,6.2,0.0,0.0,0.0,0.0,0.0,5.846153846153846,0.0,0.24251968503937,0.3149606299212598,0.0,0.04251968503937,0.0,0.0,1.3,0.0,10.0,17.69,,,72.0696,925.7667,62.13,0.0663,15.294,33.044,,27.931652787834903
호소,대청호,추동,2025-02-24,4.5,7.0,12.7,3.2,1.5,5.8,0.0,0.0,0.0,0.0,0.0,5.769230769230769,0.0,0.2433070866141732,0.3133858267716535,0.0,0.0433070866141732,0.0,0.0,-0.7,0.0,10.3,19.21,,,71.888,915.5667,61.45,0.0,13.868,32.603,,27.99641317310338
호소,대청호,회남,2025-02-24,4.9,7.0,12.1,3.7,1.7,4.4,0.0,0.0,0.0,0.0,0.0,5.692307692307692,0.0,0.2440944881889764,0.3118110236220472,0.0,0.0440944881889763,0.0,0.0,-0.7,0.0,10.3,19.21,,,71.888,915.5667,61.45,0.0,13.868,32.603,,27.99641317310338
호소,대청호,문의,2025-02-24,5.1,6.9,12.2,2.5,1.4,6.3,0.0,0.0,0.0,0.0,0.0,5.615384615384615,0.0,0.2448818897637795,0.3102362204724409,0.0,0.0448818897637795,0.0,0.0,-0.7,0.0,10.3,19.21,1.491,0.034,71.888,915.5667,61.45,0.0,13.868,32.603,43.852939886678236,27.99641317310338
호소,대청호,문의,2025-03-04,5.3,7.1,12.0,3.1,2.0,6.8,0.0,0.0,0.0,0.0,0.0,5.538461538461538,0.0,0.2456692913385826,0.3086614173228346,0.0,0.0456692913385826,0.0,0.0,3.4,0.9,0.8,6.16,1.439,0.015,71.8099,911.2009,61.15,3.5201,63.691,32.965,95.93332693777822,27.557867836080444
호소,대청호,추동,2025-03-04,5.2,7.2,12.7,2.9,7.7,7.1,0.0,0.0,0.0,0.0,0.0,5.461538461538462,0.0,0.2464566929133858,0.3070866141732283,0.0,0.0464566929133858,0.0,0.0,3.4,0.9,0.8,6.16,,,71.8099,911.2009,61.15,3.5201,63.691,32.965,,27.557867836080444
호소,대청호,회남,2025-03-04,4.9,7.1,12.2,3.3,1.6,4.9,130.0,0.0,0.0,0.0,130.0,5.384615384615384,0.0,0.2472440944881889,0.305511811023622,0.0,0.0472440944881889,0.0,0.0,3.4,0.9,0.8,6.16,,,71.8099,911.2009,61.15,3.5201,63.691,32.965,,27.557867836080444
호소,대청호,문의,2025-03-10,6.2,7.0,12.3,3.8,1.4,2.4,0.0,0.0,0.0,0.0,0.0,5.307692307692308,0.0,0.2480314960629921,0.3039370078740158,0.0,0.0480314960629921,0.0,0.0,8.2,0.0,10.8,17.64,1.297,0.006,71.941,918.5366,61.65,0.0,40.15,33.075,216.16663063889487,27.687614167294647
호소,대청호,추동,2025-03-10,6.1,7.3,13.0,3.2,1.5,6.8,0.0,0.0,0.0,0.0,0.0,5.230769230769231,0.0,0.2488188976377952,0.3023622047244094,0.0,0.0488188976377952,0.0,0.0,8.2,0.0,10.8,17.64,,,71.941,918.5366,61.65,0.0,40.15,33.075,,27.687614167294647
호소,대청호,회남,2025-03-10,5.7,7.3,12.5,3.5,1.7,4.5,24.0,0.0,0.0,0.0,24.0,5.153846153846153,0.0,0.2496062992125984,0.3007874015748031,0.0,0.0496062992125984,0.0,0.0,8.2,0.0,10.8,17.64,,,71.941,918.5366,61.65,0.0,40.15,33.075,,27.687614167294647
호소,대청호,추동,2025-03-17,6.9,7.3,12.6,3.2,2.1,4.1,22.0,0.0,0.0,0.0,22.0,5.076923076923077,0.0,0.2503937007874016,0.2992125984251969,0.0,0.0503937007874015,0.0,0.0,3.8,0.0,11.1,21.51,,,71.898,916.1266,61.49,0.0,21.301,32.972,,27.700973633284953
호소,대청호,문의,2025-03-17,7.1,7.4,12.3,3.8,1.1,4.9,0.0,0.0,0.0,0.0,0.0,5.0,0.0,0.2511811023622047,0.2976377952755905,0.0,0.0511811023622047,0.0,0.0,3.8,0.0,11.1,21.51,1.309,0.011,71.898,916.1266,61.49,0.0,21.301,32.972,118.99998918181917,27.700973633284953
호소,대청호,회남,2025-03-17,5.8,7.3,12.3,3.3,2.1,2.5,0.0,0.0,0.0,0.0,0.0,4.9230769230769225,0.0,0.2519685039370078,0.2960629921259842,0.0,0.0519685039370078,0.0,0.0,3.8,0.0,11.1,21.51,,,71.898,916.1266,61.49,0.0,21.301,32.972,,27.700973633284953
호소,대청호,회남,2025-03-24,9.5,7.3,11.5,2.5,1.3,1.7,0.0,0.0,0.0,0.0,0.0,4.846153846153846,0.0,0.252755905511811,0.2944881889763779,0.0,0.052755905511811,0.0,0.0,16.6,0.0,8.3,19.25,,,71.7888,910.0236,61.08,0.0,22.14,35.056,,25.885299806576402
호소,대청호,문의,2025-03-24,10.3,7.1,11.8,2.3,1.5,2.1,0.0,0.0,0.0,0.0,0.0,4.769230769230769,0.0,0.2535433070866141,0.2929133858267717,0.0,0.0535433070866141,0.0,0.0,16.6,0.0,8.3,19.25,1.288,0.016,71.7888,910.0236,61.08,0.0,22.14,35.056,80.49999496875031,25.885299806576402
호소,대청호,추동,2025-03-24,7.2,7.3,12.1,4.5,1.6,1.5,0.0,0.0,0.0,0.0,0.0,4.692307692307692,0.0,0.2543307086614173,0.2913385826771654,0.0,0.0543307086614173,0.0,0.0,16.6,0.0,8.3,19.25,,,71.7888,910.0236,61.08,0.0,22.14,35.056,,25.885299806576402
호소,대청호,회남,2025-03-31,7.9,7.1,11.7,4.4,2.1,3.8,122.0,0.0,0.0,0.0,122.0,4.615384615384615,0.0,0.2551181102362204,0.289763779527559,0.0,0.0551181102362204,0.0,0.0,8.1,0.0,8.8,21.06,,,71.6649,903.1286,60.61,0.0,23.621,33.327,,27.017937595357047
호소,대청호,문의,2025-03-31,8.4,7.0,11.6,3.8,2.1,2.7,36.0,0.0,0.0,0.0,36.0,4.538461538461538,0.0,0.2559055118110236,0.2881889763779527,0.0,0.0559055118110236,0.0,0.0,8.1,0.0,8.8,21.06,1.453,0.011,71.6649,903.1286,60.61,0.0,23.621,33.327,132.09089708264574,27.017937595357047
호소,대청호,추동,2025-03-31,8.2,7.1,11.8,3.5,1.8,4.8,0.0,0.0,0.0,0.0,0.0,4.461538461538462,0.0,0.2566929133858268,0.2866141732283465,0.0,0.0566929133858267,0.0,0.0,8.1,0.0,8.8,21.06,,,71.6649,903.1286,60.61,0.0,23.621,33.327,,27.017937595357047
호소,대청호,회남,2025-04-08,8.8,7.3,11.6,4.7,0.9,2.8,0.0,0.0,0.0,0.0,0.0,4.384615384615384,0.0,0.2574803149606299,0.2850393700787401,0.0,0.0574803149606299,0.0,0.0,15.6,0.0,10.4,23.97,,,71.4762,892.6883,59.91,0.0,17.565,32.887,,27.0618213235517
호소,대청호,문의,2025-04-08,10.3,7.2,11.9,3.0,1.4,1.8,0.0,0.0,0.0,0.0,0.0,4.307692307692308,0.0,0.258267716535433,0.2834645669291338,0.0,0.058267716535433,0.0,0.0,15.6,0.0,10.4,23.97,1.257,0.01,71.4762,892.6883,59.91,0.0,17.565,32.887,125.69998743000124,27.0618213235517
호소,대청호,추동,2025-04-08,8.6,7.4,11.7,3.7,1.5,2.7,0.0,0.0,0.0,0.0,0.0,4.230769230769231,0.0,0.2590551181102362,0.2818897637795275,0.0,0.0590551181102362,0.0,0.0,15.6,0.0,10.4,23.97,,,71.4762,892.6883,59.91,0.0,17.565,32.887,,27.0618213235517
호소,대청호,문의,2025-04-14,11.0,8.1,11.5,2.3,1.8,6.8,0.0,0.0,0.0,0.0,0.0,4.153846153846153,0.0,0.2598425196850393,0.2803149606299213,0.0,0.0598425196850393,0.0,0.0,5.1,6.2,0.9,9.1,1.254,0.008,71.347,885.5821,59.44,4.6288,26.864,32.58,156.74998040625246,27.09859547123623
호소,대청호,추동,2025-04-14,8.8,7.8,11.3,2.3,2.3,4.8,0.0,0.0,0.0,0.0,0.0,4.076923076923077,0.0,0.2606299212598425,0.278740157480315,0.0,0.0606299212598425,0.0,0.0,5.1,6.2,0.9,9.1,,,71.347,885.5821,59.44,4.6288,26.864,32.58,,27.09859547123623
호소,대청호,회남,2025-04-14,8.8,7.9,11.4,2.8,1.6,5.6,0.0,0.0,0.0,0.0,0.0,4.0,0.0,0.2614173228346457,0.2771653543307086,0.0,0.0614173228346456,0.0,0.0,5.1,6.2,0.9,9.1,,,71.347,885.5821,59.44,4.6288,26.864,32.58,,27.09859547123623
호소,대청호,문의,2025-04-21,12.6,8.2,11.2,3.0,1.4,3.3,54.0,0.0,0.0,0.0,54.0,3.9230769230769225,0.0,0.2622047244094488,0.2755905511811024,0.0,0.0622047244094488,0.0,0.0,21.5,0.0,8.1,23.31,1.246,0.01,71.2099,878.079,58.93,0.0,16.79,31.896,124.59998754000125,27.443399174896857
호소,대청호,추동,2025-04-21,14.0,7.9,9.3,3.6,1.7,2.2,0.0,0.0,0.0,0.0,0.0,3.846153846153846,0.0,0.262992125984252,0.2740157480314961,0.0,0.0629921259842519,0.0,0.0,21.5,0.0,8.1,23.31,,,71.2099,878.079,58.93,0.0,16.79,31.896,,27.443399174896857
호소,대청호,회남,2025-04-21,10.2,8.1,11.1,3.3,1.5,6.7,0.0,0.0,0.0,0.0,0.0,3.769230769230769,0.0,0.2637795275590551,0.2724409448818897,0.0,0.0637795275590551,0.0,0.0,21.5,0.0,8.1,23.31,,,71.2099,878.079,58.93,0.0,16.79,31.896,,27.443399174896857
호소,대청호,회남,2025-04-28,10.4,7.9,10.6,3.4,1.5,3.4,0.0,0.0,0.0,0.0,0.0,3.692307692307692,0.0,0.2645669291338582,0.2708661417322834,0.0,0.0645669291338582,0.0,0.0,15.3,0.0,12.7,28.33,,,71.125,873.452,58.62,0.0,16.5,33.26,,26.182613908872902
호소,대청호,문의,2025-04-28,12.7,8.0,11.1,3.0,1.4,3.2,0.0,0.0,0.0,0.0,0.0,3.615384615384615,0.0,0.2653543307086614,0.2692913385826772,0.0,0.0653543307086614,0.0,0.0,15.3,0.0,12.7,28.33,1.321,0.01,71.125,873.452,58.62,0.0,16.5,33.26,132.0999867900013,26.182613908872902
호소,대청호,추동,2025-04-28,11.5,7.8,10.6,3.5,2.2,3.1,0.0,0.0,0.0,0.0,0.0,3.5384615384615383,0.0,0.2661417322834645,0.2677165354330708,0.0,0.0661417322834645,0.0,0.0,15.3,0.0,12.7,28.33,,,71.125,873.452,58.62,0.0,16.5,33.26,,26.182613908872902
호소,대청호,문의,2025-05-07,14.4,8.0,10.6,3.0,2.0,2.6,0.0,0.0,0.0,0.0,0.0,3.461538461538461,0.0,0.2669291338582677,0.2661417322834646,0.0,0.0669291338582677,0.0,0.0,14.7,0.0,10.6,26.59,1.21,0.011,70.9846,865.8329,58.11,0.0,46.011,57.479,109.99999000000092,15.03730353080116
호소,대청호,회남,2025-05-07,10.9,7.6,9.7,6.6,1.2,1.2,0.0,0.0,0.0,0.0,0.0,3.384615384615384,0.0,0.2677165354330708,0.2645669291338582,0.0,0.0677165354330708,0.0,0.0,14.7,0.0,10.6,26.59,,,70.9846,865.8329,58.11,0.0,46.011,57.479,,15.03730353080116
호소,대청호,추동,2025-05-07,12.4,7.7,10.0,3.8,1.7,2.4,0.0,0.0,0.0,0.0,0.0,3.3076923076923075,0.0,0.268503937007874,0.262992125984252,0.0,0.068503937007874,0.0,0.0,14.7,0.0,10.6,26.59,,,70.9846,865.8329,58.11,0.0,46.011,57.479,,15.03730353080116
호소,대청호,추동,2025-05-12,12.6,7.7,10.2,3.7,1.6,3.3,0.0,0.0,0.0,0.0,0.0,3.23076923076923,0.0,0.2692913385826772,0.2614173228346457,0.0,0.0692913385826771,0.0,0.0,17.7,0.0,13.0,28.78,,,70.8789,860.1236,57.73,0.0,51.8,56.73,,15.13502727432694
호소,대청호,회남,2025-05-12,11.3,7.6,9.4,5.5,1.7,2.1,0.0,0.0,0.0,0.0,0.0,3.1538461538461533,0.0,0.2700787401574803,0.2598425196850393,0.0,0.0700787401574803,0.0,0.0,17.7,0.0,13.0,28.78,,,70.8789,860.1236,57.73,0.0,51.8,56.73,,15.13502727432694
호소,대청호,문의,2025-05-12,14.7,7.9,10.3,3.7,2.1,3.2,0.0,0.0,0.0,0.0,0.0,3.0769230769230766,0.0,0.2708661417322834,0.258267716535433,0.0,0.0708661417322834,0.0,0.0,17.7,0.0,13.0,28.78,1.389,0.01,70.8789,860.1236,57.73,0.0,51.8,56.73,138.8999861100014,15.13502727432694
호소,대청호,문의,2025-05-19,15.3,8.3,10.1,3.5,1.7,3.3,0.0,0.0,0.0,0.0,0.0,3.0,0.0,0.2716535433070866,0.2566929133858268,0.0,0.0716535433070866,0.0,0.0,18.8,0.0,4.3,15.54,1.291,0.016,70.9251,862.6162,57.89,0.0,84.468,58.925,80.68749495703156,14.614421008047438
호소,대청호,추동,2025-05-19,14.8,8.1,10.2,3.5,2.0,4.8,0.0,0.0,0.0,0.0,0.0,2.9230769230769225,0.0,0.2724409448818897,0.2551181102362204,0.0,0.0724409448818897,0.0,0.0,18.8,0.0,4.3,15.54,,,70.9251,862.6162,57.89,0.0,84.468,58.925,,14.614421008047438
호소,대청호,회남,2025-05-19,12.0,8.0,8.9,4.3,1.4,2.8,0.0,0.0,0.0,0.0,0.0,2.846153846153846,0.0,0.2732283464566929,0.2535433070866142,0.0,0.0732283464566929,0.0,0.0,18.8,0.0,4.3,15.54,,,70.9251,862.6162,57.89,0.0,84.468,58.925,,14.614421008047438
호소,대청호,회남,2025-05-26,12.8,7.7,8.4,5.1,1.3,4.3,24.0,0.0,24.0,0.0,0.0,2.769230769230769,0.0,0.2740157480314961,0.2519685039370078,0.0,0.074015748031496,0.0,0.0,19.7,0.0,3.225,13.989999999999998,,,70.6985,850.4326,57.08,0.0,25.785,58.968,,14.397518114715242
호소,대청호,추동,2025-05-26,15.0,7.9,9.7,2.8,1.4,4.3,0.0,0.0,0.0,0.0,0.0,2.692307692307692,0.0,0.2748031496062992,0.2503937007874016,0.0,0.0748031496062992,0.0,0.0,19.7,0.0,2.15,12.44,,,70.6985,850.4326,57.08,0.0,25.785,58.968,,14.397518114715242
호소,대청호,문의,2025-05-26,17.0,8.2,10.0,5.7,1.2,3.2,72.0,0.0,0.0,0.0,72.0,2.615384615384615,0.0,0.2755905511811023,0.2488188976377952,0.0,0.0755905511811023,0.0,0.0,19.7,0.0,1.0750000000000002,10.89,1.287,0.006,70.6985,850.4326,57.08,0.0,25.785,58.968,214.49996425000592,14.397518114715242
호소,대청호,문의,2025-06-02,19.1,8.4,10.2,5.5,1.2,3.2,56.0,0.0,0.0,0.0,56.0,2.5384615384615383,0.0,0.2763779527559055,0.247244094488189,0.0,0.0763779527559055,0.0,0.0,20.4,0.0,0.0,9.34,1.205,0.01,70.2249,825.3096,55.39,0.0,19.725,77.684,120.49998795000121,10.610274606602902
호소,대청호,회남,2025-06-02,13.5,7.7,7.9,4.5,1.7,3.5,0.0,0.0,0.0,0.0,0.0,2.461538461538461,0.0,0.2771653543307086,0.2456692913385826,0.0,0.0771653543307086,0.0,0.0,20.4,0.0,0.0,9.34,,,70.2249,825.3096,55.39,0.0,19.725,77.684,,10.610274606602902
호소,대청호,추동,2025-06-02,16.9,8.0,9.4,4.3,1.3,3.4,0.0,0.0,0.0,0.0,0.0,2.384615384615384,0.0,0.2779527559055118,0.2440944881889764,0.0,0.0779527559055118,0.0,0.0,20.4,0.0,0.0,9.34,,,70.2249,825.3096,55.39,0.0,19.725,77.684,,10.610274606602902
호소,대청호,회남,2025-06-09,15.5,7.7,6.7,3.6,1.4,4.0,210.0,200.0,0.0,0.0,10.0,2.3076923076923075,0.0,0.2787401574803149,0.24251968503937,0.0,0.0787401574803149,0.0,0.0,25.5,0.0,9.9,26.19,,,69.5052,788.0162,52.89,0.0,15.026,77.823,,10.11275489906703
호소,대청호,문의,2025-06-09,22.1,8.5,9.8,2.5,1.2,4.9,67.0,0.0,0.0,0.0,67.0,2.23076923076923,0.0,0.2795275590551181,0.2409448818897638,0.0,0.0795275590551181,0.0,0.0,25.5,0.0,9.9,26.19,1.282,0.012,69.5052,788.0162,52.89,0.0,15.026,77.823,106.8333244305563,10.11275489906703
호소,대청호,추동,2025-06-09,18.5,8.1,9.5,2.9,1.5,5.6,0.0,0.0,0.0,0.0,0.0,2.1538461538461533,0.0,0.2803149606299212,0.2393700787401574,0.0,0.0803149606299212,0.0,0.0,25.5,0.0,9.9,26.19,,,69.5052,788.0162,52.89,0.0,15.026,77.823,,10.11275489906703
호소,대청호,문의,2025-06-16,23.3,8.6,9.7,3.6,1.2,6.3,111.0,0.0,0.0,0.0,111.0,2.0769230769230766,0.0,0.2811023622047244,0.2377952755905512,0.0,0.0811023622047244,0.0,0.0,24.2,26.3,3.8,12.91,1.19,0.021,69.3958,782.4408,52.51,9.7324,151.038,261.574,56.66666396825409,2.99013581784969
호소,대청호,회남,2025-06-16,16.1,7.5,4.7,2.3,2.1,5.5,24.0,0.0,0.0,0.0,24.0,2.0,0.0,0.2818897637795275,0.2362204724409448,0.0,0.0818897637795275,0.0,0.0,24.2,26.3,3.8,12.91,,,69.3958,782.4408,52.51,9.7324,151.038,261.574,,2.99013581784969
호소,대청호,추동,2025-06-16,21.7,8.1,8.9,2.4,2.0,7.6,38.0,0.0,0.0,0.0,38.0,1.9230769230769236,0.0,0.2826771653543307,0.2346456692913386,0.0,0.0826771653543307,0.0,0.0,24.2,26.3,3.8,12.91,,,69.3958,782.4408,52.51,9.7324,151.038,261.574,,2.99013581784969
호소,대청호,회남,2025-06-23,18.9,7.5,4.7,1.9,6.1,5.8,191.0,130.0,0.0,0.0,61.0,1.846153846153845,0.0,0.2834645669291338,0.2330708661417322,0.0,0.0834645669291338,0.0,0.0,25.1,0.0,13.5,29.0,,,69.97,811.9792,54.5,0.0,369.403,252.358,,3.2162941954701374
호소,대청호,추동,2025-06-23,24.4,8.1,8.5,2.3,2.5,6.6,146.0,100.0,0.0,0.0,46.0,1.7692307692307685,0.0,0.2842519685039369,0.231496062992126,0.0,0.084251968503937,0.0,0.0,25.1,0.0,13.5,29.0,,,69.97,811.9792,54.5,0.0,369.403,252.358,,3.2162941954701374
호소,대청호,문의,2025-06-23,25.5,8.1,8.3,1.8,4.2,5.7,90.0,0.0,0.0,0.0,90.0,1.6923076923076916,0.0,0.2850393700787401,0.2299212598425196,0.0,0.0850393700787401,0.0,0.0,25.1,0.0,13.5,29.0,1.236,0.035,69.97,811.9792,54.5,0.0,369.403,252.358,35.31428470530615,3.2162941954701374
호소,대청호,추동,2025-06-30,24.8,7.9,6.5,2.0,2.4,5.7,331.0,150.0,168.0,0.0,13.0,1.615384615384615,0.0,0.2858267716535433,0.2283464566929134,0.0,0.0858267716535433,0.0,0.0,29.1,0.0,11.7,28.75,,,69.6511,795.4902,53.39,0.0,83.38,76.187,,10.427598411262732
호소,대청호,회남,2025-06-30,21.0,7.8,6.0,1.7,4.1,5.0,626.0,570.0,0.0,0.0,56.0,1.5384615384615383,0.0,0.2866141732283464,0.226771653543307,0.0,0.0866141732283464,0.0,0.0,29.1,0.0,11.7,28.75,,,69.6511,795.4902,53.39,0.0,83.38,76.187,,10.427598411262732
호소,대청호,문의,2025-06-30,25.1,7.9,7.0,2.2,1.9,4.7,118.0,72.0,0.0,0.0,46.0,1.4615384615384617,0.0,0.2874015748031496,0.2251968503937008,0.0,0.0874015748031496,0.0,0.0,29.1,0.0,11.7,28.75,1.079,0.01,69.6511,795.4902,53.39,0.0,83.38,76.187,107.89998921000108,10.427598411262732
호소,대청호,추동,2025-07-07,25.5,8.0,5.7,2.7,2.8,7.1,982.0,540.0,188.0,0.0,254.0,1.3846153846153832,0.0,0.2881889763779527,0.2236220472440944,0.0,0.0881889763779527,0.0,0.0,30.0,0.0,8.6,24.07,,,69.5452,790.061,53.02,0.3646,23.11,46.102,,17.100147179775767
호소,대청호,회남,2025-07-07,21.7,7.8,5.7,3.7,3.4,4.1,620.0,620.0,0.0,0.0,0.0,1.3076923076923066,0.0,0.2889763779527559,0.2220472440944882,0.0,0.0889763779527559,0.0,0.0,30.0,0.0,8.6,24.07,,,69.5452,790.061,53.02,0.3646,23.11,46.102,,17.100147179775767
호소,대청호,문의,2025-07-07,26.0,8.0,5.6,3.3,1.7,6.8,759.0,590.0,0.0,0.0,169.0,1.23076923076923,0.0,0.289763779527559,0.2204724409448819,0.0,0.089763779527559,0.0,0.0,30.0,0.0,8.6,24.07,0.94,0.017,69.5452,790.061,53.02,0.3646,23.11,46.102,55.294114394463854,17.100147179775767
호소,대청호,회남,2025-07-14,20.6,8.6,6.8,1.3,3.3,7.4,1276.0,840.0,0.0,0.0,436.0,1.1538461538461533,0.0,0.2905511811023622,0.2188976377952756,0.0,0.0905511811023622,0.0,0.0,23.4,20.9,4.0,16.43,,,69.1723,771.1271,51.75,6.8218,20.209,45.835,,16.787353869598345
호소,대청호,문의,2025-07-14,26.0,8.1,5.3,3.4,2.2,4.7,569.0,30.0,0.0,0.0,539.0,1.0769230769230766,0.0,0.2913385826771653,0.2173228346456693,0.0,0.0913385826771653,0.0,0.0,23.4,20.9,4.0,16.43,1.182,0.021,69.1723,771.1271,51.75,6.8218,20.209,45.835,56.2857116054423,16.787353869598345
호소,대청호,추동,2025-07-14,24.9,7.9,4.3,2.4,2.2,5.6,826.0,810.0,0.0,0.0,16.0,1.0,0.0,0.2921259842519685,0.215748031496063,0.0,0.0921259842519685,0.0,0.0,23.4,20.9,4.0,16.43,,,69.1723,771.1271,51.75,6.8218,20.209,45.835,,16.787353869598345
호소,대청호,문의,2025-07-21,24.7,7.9,5.1,2.4,5.4,7.6,9948.0,7760.0,0.0,0.0,2188.0,0.9230769230769234,0.0,0.2929133858267716,0.2141732283464567,0.0,0.0929133858267716,0.0,0.0,28.4,0.0,9.1,23.59,1.135,0.031,73.56,1012.0365,67.92,1.5731,290.857,47.015,36.6129020447451,21.480133715377267
호소,대청호,추동,2025-07-21,25.1,7.7,3.9,2.2,6.4,6.7,1073.0,820.0,0.0,0.0,253.0,0.8461538461538449,0.0,0.2937007874015748,0.2125984251968504,0.0,0.0937007874015748,0.0,0.0,28.4,0.0,9.1,23.59,,,73.56,1012.0365,67.92,1.5731,290.857,47.015,,21.480133715377267
호소,대청호,회남,2025-07-21,20.6,7.7,5.3,1.3,14.4,8.4,710.0,250.0,0.0,0.0,460.0,0.7692307692307683,0.0,0.2944881889763779,0.2110236220472441,0.0,0.0944881889763779,0.0,0.0,28.4,0.0,9.1,23.59,,,73.56,1012.0365,67.92,1.5731,290.857,47.015,,21.480133715377267
호소,대청호,문의,2025-07-28,26.9,7.8,4.5,2.9,3.3,3.8,3096.0,2842.0,110.0,0.0,144.0,0.6923076923076916,0.0,0.2952755905511811,0.2094488188976378,0.0,0.0952755905511811,0.0,0.0,30.9,0.0,8.375,20.76,1.137,0.042,72.516,951.1276,63.83,0.0,33.276,237.825,27.07142792687076,3.9975941998528954
호소,대청호,추동,2025-07-28,25.0,7.3,3.9,2.5,4.2,1.4,950.0,817.0,0.0,0.0,133.0,0.615384615384615,0.0,0.2960629921259842,0.2078740157480315,0.0,0.0960629921259842,0.0,0.0,30.9,0.0,7.65,20.76,,,72.516,951.1276,63.83,0.0,33.276,237.825,,3.9975941998528954
호소,대청호,회남,2025-07-28,25.0,7.8,6.7,2.1,6.9,6.6,4705.0,4547.0,0.0,0.0,158.0,0.5384615384615383,0.0,0.2968503937007873,0.2062992125984252,0.0,0.0968503937007874,0.0,0.0,30.9,0.0,6.925,20.76,,,72.516,951.1276,63.83,0.0,33.276,237.825,,3.9975941998528954
호소,대청호,문의,2025-08-04,26.9,8.5,5.6,1.1,4.2,20.0,17585.0,3273.0,348.0,0.0,13964.0,0.4615384615384617,0.0,0.2976377952755905,0.2047244094488189,0.0,0.0976377952755905,0.0,0.0,28.4,11.4,6.2,20.96,1.262,0.036,72.4774,948.9185,63.69,19.7962,129.492,49.572,35.055554581790155,19.103690207762924
호소,대청호,회남,2025-08-04,24.5,7.7,6.7,0.9,8.1,18.1,23323.0,22433.0,0.0,0.0,890.0,0.3846153846153832,0.0,0.2984251968503937,0.2031496062992126,0.0,0.0984251968503937,0.0,0.0,28.4,11.4,6.2,20.96,,,72.4774,948.9185,63.69,19.7962,129.492,49.572,,19.103690207762924
호소,대청호,추동,2025-08-04,25.2,7.9,4.7,2.1,4.0,7.8,896.0,513.0,0.0,107.0,276.0,0.3076923076923066,0.0,0.2992125984251968,0.2015748031496063,0.0,0.0992125984251968,0.0,0.0,28.4,11.4,6.2,20.96,,,72.4774,948.9185,63.69,19.7962,129.492,49.572,,19.103690207762924
호소,대청호,문의,2025-08-11,27.6,8.1,4.9,1.2,3.7,15.8,11129.0,10610.0,0.0,340.0,179.0,0.2307692307692299,0.0,0.3,0.2,0.0,0.1,0.0,0.0,24.3,2.3,0.3,7.51,1.307,0.02,72.1459,930.0724,62.42,4.9376,53.868,157.308,65.34999673250016,5.908673002642814
호소,대청호,추동,2025-08-11,26.3,7.8,5.4,2.3,2.9,12.6,4228.0,3430.0,0.0,381.0,417.0,0.1538461538461533,0.0,0.6499999999999999,0.55,0.0,0.2,0.0,0.0,24.3,2.3,0.3,7.51,,,72.1459,930.0724,62.42,4.9376,53.868,157.308,,5.908673002642814
호소,대청호,회남,2025-08-11,24.4,8.0,6.7,0.8,11.9,30.4,38665.0,38627.0,0.0,0.0,38.0,0.0769230769230766,0.0,1.0,0.9,0.0,0.3,0.0,0.0,24.3,2.3,0.3,7.51,,,72.1459,930.0724,62.42,4.9376,53.868,157.308,,5.908673002642814
호소,대청호,회남,2025-08-13,24.6,7.7,5.0,0.9,11.0,15.7,23733.0,23713.0,0.0,0.0,20.0,0.0,0.0,0.8,0.5,0.0,0.1,0.0,0.0,26.8,5.4,2.2,12.9,,,72.1138,928.2595,62.3,1.7964,39.326,49.651,,18.658107374726136
호소,대청호,문의,2025-08-13,28.1,8.4,5.6,1.3,3.4,14.7,9922.0,9413.0,0.0,380.0,129.0,0.0,4.0,0.5,0.4,0.0,0.1,0.0,0.0,26.8,5.4,2.2,12.9,,,72.1138,928.2595,62.3,1.7964,39.326,49.651,,18.658107374726136
호소,대청호,회남,2025-08-18,24.2,8.1,6.6,0.4,38.0,31.9,194194.0,194125.0,0.0,0.0,69.0,0.0,0.0,2.4,3.2,0.2,0.5,0.1,0.2,29.2,0.0,8.6,22.31,,,71.95,919.0415,61.68,0.0,20.914,49.51,,18.52532755492844
호소,대청호,추동,2025-08-18,27.5,7.8,5.0,1.4,4.4,9.9,9604.0,9145.0,0.0,185.0,274.0,0.0,0.0,1.3,1.75,0.1,0.25,0.05,0.1,29.2,0.0,8.6,22.31,,,71.95,919.0415,61.68,0.0,20.914,49.51,,18.52532755492844
호소,대청호,문의,2025-08-18,28.3,8.0,3.8,1.3,3.9,9.1,11661.0,10678.0,0.0,871.0,112.0,0.0,0.0,0.2,0.3,0.0,0.0,0.0,0.0,29.2,0.0,8.6,22.31,1.065,0.027,71.95,919.0415,61.68,0.0,20.914,49.51,39.44444298353915,18.52532755492844
호소,대청호,회남,2025-08-21,26.0,8.0,6.4,0.6,10.1,15.2,40667.0,40505.0,0.0,0.0,162.0,0.0,0.0,0.6,1.0,0.1,0.2,0.0,0.1,29.9,0.0,9.1,22.13,,,71.8169,911.5917,61.18,0.0,20.496,47.853,,19.010107813901108
호소,대청호,문의,2025-08-21,29.4,8.1,4.3,1.5,7.0,12.4,28737.0,28620.0,0.0,0.0,117.0,0.0,0.0,0.4,0.6,0.0,0.1,0.0,0.1,29.9,0.0,9.1,22.13,,,71.8169,911.5917,61.18,0.0,20.496,47.853,,19.010107813901108
호소,대청호,추동,2025-08-25,27.0,7.9,4.0,1.7,2.9,16.0,7460.0,4513.0,125.0,2360.0,462.0,0.0,0.0,0.4,0.6,0.0,0.1,0.0,0.1,30.3,0.0,8.6,22.17,,,71.6228,900.793,60.46,0.0,15.078,47.895,,18.768475882904468
호소,대청호,회남,2025-08-25,25.4,7.9,5.9,0.8,9.3,14.1,24560.0,24195.0,0.0,0.0,365.0,0.0,0.0,0.4,0.6,0.0,0.1,0.0,0.1,30.3,0.0,8.6,22.17,,,71.6228,900.793,60.46,0.0,15.078,47.895,,18.768475882904468
호소,대청호,문의,2025-08-25,28.9,7.9,3.7,2.3,4.9,10.1,22641.0,19588.0,0.0,2737.0,316.0,0.0,3.0,0.5,0.8,0.0,0.1,0.0,0.1,30.3,0.0,8.6,22.17,1.265,0.026,71.6228,900.793,60.46,0.0,15.078,47.895,48.65384428254445,18.768475882904468
호소,대청호,회남,2025-08-28,26.0,8.1,4.7,0.8,12.3,13.9,28182.0,27818.0,0.0,0.0,364.0,0.0,0.0,0.2,0.4,0.0,0.1,0.0,0.0,28.1,0.0,8.2,20.75,,,71.551,896.818,60.19,0.0525,25.39,47.865,,18.697341811737722
호소,대청호,문의,2025-08-28,28.8,8.2,3.8,1.7,4.4,12.4,12484.0,11136.0,0.0,1059.0,289.0,0.0,3.0,0.4,0.7,0.0,0.1,0.0,0.1,28.1,0.0,8.2,20.75,,,71.551,896.818,60.19,0.0525,25.39,47.865,,18.697341811737722
호소,대청호,추동,2025-09-01,27.2,7.6,4.4,1.7,3.6,5.7,5412.0,3971.0,117.0,132.0,1192.0,0.0,1.5,0.4,0.7,0.05,0.1,0.0,0.1,26.8,7.4,5.6,16.24,,,71.3987,888.4215,59.63,21.7629,29.285,37.113,,23.873955338188267
호소,대청호,회남,2025-09-01,25.4,7.9,4.4,1.1,8.9,10.3,30536.0,30071.0,0.0,0.0,465.0,0.0,0.0,0.4,0.7,0.1,0.1,0.0,0.1,26.8,7.4,5.6,16.24,,,71.3987,888.4215,59.63,21.7629,29.285,37.113,,23.873955338188267
호소,대청호,문의,2025-09-01,28.9,8.1,3.7,1.6,5.7,7.4,8565.0,7971.0,0.0,308.0,286.0,0.0,3.0,0.2,0.5,0.0,0.0,0.0,0.0,26.8,7.4,5.6,16.24,1.297,0.022,71.3987,888.4215,59.63,21.7629,29.285,37.113,58.95454277479351,23.873955338188267
호소,대청호,문의,2025-09-04,28.0,8.0,3.5,2.1,4.5,6.4,7885.0,7139.0,18.0,625.0,103.0,0.0,4.0,0.2,0.3,0.0,0.0,0.0,0.0,26.1,0.4,4.0,11.25,,,71.488,893.339,59.96,1.0545,50.58,37.817,,23.560381886752644
호소,대청호,회남,2025-09-04,24.4,8.0,4.1,0.8,9.8,8.5,26975.0,26248.0,0.0,0.0,727.0,0.0,0.0,0.3,0.5,0.0,0.1,0.0,0.0,26.1,0.4,4.0,11.25,,,71.488,893.339,59.96,1.0545,50.58,37.817,,23.560381886752644
호소,대청호,회남,2025-09-08,24.0,7.6,3.2,1.0,9.2,11.8,24974.0,24011.0,0.0,0.0,963.0,0.0,0.0,0.4,0.6,0.0,0.1,0.0,0.0,22.2,0.0,0.1,7.38,0.629,0.016,71.8292,912.2786,61.23,0.3021,182.35,37.997,39.312497542968906,23.946205737984616
호소,대청호,문의,2025-09-08,27.9,8.2,3.4,2.0,4.3,4.3,6920.0,6682.0,0.0,215.0,23.0,0.0,5.0,0.1,0.2,0.0,0.0,0.0,0.0,22.2,0.0,0.1,7.38,1.216,0.024,71.8292,912.2786,61.23,0.3021,182.35,37.997,50.66666455555564,23.946205737984616
호소,대청호,추동,2025-09-08,27.1,7.8,4.8,1.6,6.8,8.9,15506.0,14118.0,0.0,1015.0,373.0,0.0,2.5,0.2,0.3,0.0,0.0,0.0,0.0,22.2,0.0,0.1,7.38,0.562,0.011,71.8292,912.2786,61.23,0.3021,182.35,37.997,51.09090444628143,23.946205737984616
호소,대청호,회남,2025-09-11,25.2,7.7,2.5,1.3,9.8,8.3,23710.0,23660.0,0.0,0.0,50.0,0.0,0.0,0.3,0.4,0.0,0.0,0.0,0.0,24.9,0.0,9.3,20.72,,,71.997,921.6808,61.86,0.0,52.826,37.805,,24.31554676164094
호소,대청호,추동,2025-09-15,26.1,7.6,4.6,1.8,7.5,14.2,30297.0,28930.0,233.0,418.0,716.0,0.0,0.0,0.6,1.1,0.0,0.1,0.0,0.0,25.3,0.0,2.4,13.39,,,72.3989,944.4353,63.38,0.0,105.194,37.991,,24.79418497807881
호소,대청호,회남,2025-09-15,24.8,7.6,2.9,1.0,13.0,9.2,23673.0,23542.0,0.0,0.0,131.0,0.0,0.0,0.4,0.6,0.0,0.1,0.0,0.0,25.3,0.0,2.4,13.39,,,72.3989,944.4353,63.38,0.0,105.194,37.991,,24.79418497807881
호소,대청호,문의,2025-09-15,27.8,8.5,5.1,2.0,5.1,6.6,14821.0,12888.0,0.0,1672.0,261.0,36.0,0.0,0.6000000000000001,0.7,0.0,0.1,0.0,0.0,25.3,0.0,2.4,13.39,1.182,0.021,72.3989,944.4353,63.38,0.0,105.194,37.991,56.2857116054423,24.79418497807881
호소,대청호,추동,2025-09-18,26.3,8.0,5.2,1.3,5.8,16.5,26209.0,24423.0,446.0,430.0,910.0,72.0,0.0,0.8,0.8,0.0,0.1,0.0,0.0,21.9,0.0,4.3,11.71,,,72.7258,963.1881,64.64,0.6739,114.122,38.276,,25.09871013133208
호소,대청호,회남,2025-09-18,24.3,7.7,3.1,1.5,7.3,6.0,10402.0,10320.0,0.0,0.0,82.0,0.0,0.0,0.5,0.4,0.0,0.1,0.0,0.0,21.9,0.0,4.3,11.71,,,72.7258,963.1881,64.64,0.6739,114.122,38.276,,25.09871013133208
호소,대청호,추동,2025-09-22,25.8,7.5,6.5,1.9,6.3,14.1,13172.0,11597.0,307.0,468.0,800.0,118.0,0.0,0.4,0.4,0.0,0.1,0.0,0.0,21.2,0.0,2.1,12.18,,,73.4918,1007.9893,67.65,0.0,125.07,36.155,,27.80276651496345
호소,대청호,문의,2025-09-22,26.2,7.7,5.5,2.0,4.7,4.3,12733.0,10679.0,0.0,1760.0,294.0,59.0,1.5,0.4,0.4,0.0,0.1,0.0,0.0,21.2,0.0,2.1,12.18,1.193,0.017,73.4918,1007.9893,67.65,0.0,125.07,36.155,70.17646646020786,27.80276651496345
호소,대청호,회남,2025-09-22,23.3,7.1,3.3,1.9,6.6,5.2,7141.0,7050.0,0.0,0.0,91.0,0.0,3.0,0.3,0.2,0.0,0.0,0.0,0.0,21.2,0.0,2.1,12.18,,,73.4918,1007.9893,67.65,0.0,125.07,36.155,,27.80276651496345
호소,대청호,문의,2025-09-25,26.0,7.9,6.1,2.5,4.3,9.0,11498.0,9369.0,0.0,1865.0,264.0,0.0,4.0,0.5,0.5,0.0,0.1,0.0,0.0,22.2,14.8,0.0,3.67,,,73.652,1017.5112,68.29,17.2494,80.727,65.556,,15.49761179480931
호소,대청호,추동,2025-09-25,25.6,7.7,6.3,1.5,6.7,16.9,26287.0,21755.0,924.0,2933.0,675.0,143.0,0.0,0.5,0.5,0.0,0.1,0.0,0.0,22.2,14.8,0.0,3.67,,,73.652,1017.5112,68.29,17.2494,80.727,65.556,,15.49761179480931
호소,대청호,회남,2025-09-25,23.4,7.1,2.7,1.0,4.7,7.0,8609.0,8521.0,0.0,0.0,88.0,0.0,3.0,0.4,0.3,0.0,0.1,0.0,0.0,22.2,14.8,0.0,3.67,,,73.652,1017.5112,68.29,17.2494,80.727,65.556,,15.49761179480931
호소,대청호,회남,2025-09-29,22.8,7.1,3.4,2.4,4.0,5.5,12387.0,12111.0,0.0,175.0,101.0,0.0,0.0,0.3,0.3,0.0,0.0,0.0,0.0,19.9,0.0,4.7,13.08,,,73.6409,1016.8497,68.24,0.1676,95.542,32.889,,30.823901906696168
호소,대청호,추동,2025-09-29,25.2,7.5,5.8,1.7,4.9,17.4,14209.0,12505.0,326.0,634.0,744.0,78.0,0.0,0.4,0.4,0.0,0.1,0.0,0.0,19.9,0.0,4.7,13.08,,,73.6409,1016.8497,68.24,0.1676,95.542,32.889,,30.823901906696168
호소,대청호,문의,2025-09-29,25.7,7.5,6.2,2.7,3.4,4.8,8407.0,7180.0,0.0,1010.0,217.0,0.0,0.0,0.3,0.3,0.0,0.0,0.0,0.0,19.9,0.0,4.7,13.08,1.18,0.02,73.6409,1016.8497,68.24,0.1676,95.542,32.889,58.99999705000015,30.823901906696168
호소,대청호,추동,2025-10-01,25.1,7.5,5.8,1.5,6.9,15.6,12170.0,10396.0,150.0,1289.0,335.0,85.0,0.0,0.5,0.4,0.0,0.1,0.0,0.0,20.3,0.0,10.4,18.46,,,73.7588,1023.8883,68.72,0.0,65.979,32.151,,31.747490000310062
호소,대청호,문의,2025-10-01,25.5,7.5,5.8,2.0,2.9,6.4,9946.0,8711.0,0.0,770.0,465.0,0.0,0.0,0.3,0.3,0.0,0.0,0.0,0.0,20.3,0.0,10.4,18.46,,,73.7588,1023.8883,68.72,0.0,65.979,32.151,,31.747490000310062
호소,대청호,추동,2025-10-08,24.1,7.6,7.4,1.2,5.6,27.7,23868.0,21513.0,667.0,1140.0,548.0,167.0,0.0,0.4,0.4,0.0,0.1,0.0,0.0,21.2,1.3,1.7,9.18,,,74.767,1085.241,72.83,0.4559,277.031,31.326,,34.53322089989181
호소,대청호,회남,2025-10-10,23.2,7.1,4.1,2.3,2.3,4.7,3314.0,2854.0,57.0,80.0,323.0,139.33333333333334,0.0,0.1,0.1,0.0,0.0,0.0,0.0,21.5,0.0,2.4,11.11,,,75.0551,1103.1554,74.04,0.0,110.185,31.507,,34.902249501692665
호소,대청호,문의,2025-10-10,24.3,7.4,6.3,2.7,3.0,10.4,13254.0,9414.0,0.0,2042.0,1798.0,111.66666666666666,0.0,0.25,0.3,0.0,0.05,0.0,0.0,21.5,0.0,2.4,11.11,,,75.0551,1103.1554,74.04,0.0,110.185,31.507,,34.902249501692665
호소,대청호,추동,2025-10-10,24.0,7.4,7.4,1.6,5.1,29.3,25014.0,21399.0,229.0,2789.0,597.0,84.0,0.0,0.4,0.5,0.0,0.1,0.0,0.0,21.5,0.0,2.4,11.11,,,75.0551,1103.1554,74.04,0.0,110.185,31.507,,34.902249501692665
호소,대청호,문의,2025-10-13,23.9,7.2,5.2,2.6,3.4,8.2,8730.0,6490.0,0.0,1505.0,735.0,56.0,0.0,0.2,0.2,0.0,0.0,0.0,0.0,18.6,58.3,0.0,1.58,,,75.2474,1115.2074,74.85,32.6057,111.622,74.252,,14.999023563589414
호소,대청호,회남,2025-10-14,22.8,7.3,5.9,2.9,3.9,11.7,5465.0,4851.0,66.0,380.0,168.0,28.0,0.0,0.4,0.35,0.0,0.05,0.0,0.0,18.3,5.7,0.0,5.48,,,75.3592,1122.249,75.32,14.3592,252.434,170.934,,6.561555012453665
호소,대청호,추동,2025-10-14,23.5,7.2,5.4,1.9,4.7,22.3,18134.0,15825.0,0.0,2000.0,309.0,0.0,0.0,0.6,0.5,0.0,0.1,0.0,0.0,18.3,5.7,0.0,5.48,,,75.3592,1122.249,75.32,14.3592,252.434,170.934,,6.561555012453665
호소,대청호,추동,2025-10-16,23.5,7.5,7.5,1.6,6.9,21.3,17406.0,16305.0,0.0,755.0,346.0,6.0,0.0,0.6,0.5,0.0,0.1,0.0,0.0,19.4,30.6,0.0,6.6,,,75.7111,1144.5801,76.82,29.7864,427.208,223.586,,5.116905394168611
호소,대청호,문의,2025-10-20,22.8,7.3,6.4,2.0,2.6,11.7,10083.0,7521.0,0.0,2495.0,67.0,4.0,0.0,0.5333333333333333,0.5,0.0,0.0666666666666666,0.0,0.0,11.5,0.0,9.7,15.82,1.207,0.015,76.084,1168.5201,78.42,0.0,183.332,219.986,80.46666130222259,5.309379515280391
호소,대청호,회남,2025-10-20,22.0,7.3,7.2,1.8,3.5,10.9,4051.0,3469.0,0.0,515.0,67.0,2.0,0.0,0.4666666666666667,0.5,0.0,0.0333333333333333,0.0,0.0,11.5,0.0,9.7,15.82,,,76.084,1168.5201,78.42,0.0,183.332,219.986,,5.309379515280391
호소,대청호,추동,2025-10-20,22.8,7.3,7.3,1.6,6.7,20.8,13266.0,11442.0,0.0,1675.0,149.0,0.0,0.0,0.4,0.5,0.0,0.0,0.0,0.0,11.5,0.0,9.7,15.82,,,76.084,1168.5201,78.42,0.0,183.332,219.986,,5.309379515280391
호소,대청호,추동,2025-10-22,22.2,7.3,7.4,1.4,4.9,20.4,14385.0,12897.0,0.0,1305.0,183.0,0.0,0.0,0.3,0.8,0.0,0.0,0.0,0.0,13.4,0.0,6.3,13.02,,,75.8078,1150.7609,77.23,0.0,100.896,221.311,,5.197397148289832
호소,대청호,문의,2025-10-27,21.2,7.1,7.0,2.4,3.1,22.1,7472.0,7214.0,0.0,32.0,226.0,0.0,0.0,0.1,0.3,0.0,0.0,0.0,0.0,9.5,0.0,9.9,16.69,1.067,0.014,75.067,1103.899,74.09,0.0,45.109,32.164,76.21428027040855,34.2145735184726
호소,대청호,추동,2025-10-27,21.2,7.3,7.7,1.6,4.5,20.6,14127.0,13466.0,0.0,510.0,151.0,0.0,0.0,0.3,0.8,0.0,0.0,0.0,0.0,9.5,0.0,9.9,16.69,,,75.067,1103.899,74.09,0.0,45.109,32.164,,34.2145735184726
호소,대청호,회남,2025-10-27,20.7,7.3,7.3,2.7,3.0,12.6,2653.0,2493.0,0.0,85.0,75.0,0.0,0.0,0.25,0.75,0.0,0.0,0.0,0.0,9.5,0.0,9.9,16.69,,,75.067,1103.899,74.09,0.0,45.109,32.164,,34.2145735184726
호소,대청호,추동,2025-10-29,20.6,7.5,8.1,1.4,5.0,16.8,15860.0,15608.0,0.0,86.0,166.0,0.0,0.0,0.2,0.7,0.0,0.0,0.0,0.0,9.6,0.0,9.7,15.18,,,75.1058,1106.3256,74.25,0.0,46.401,32.137,,34.31850358283959
호소,대청호,회남,2025-11-03,19.5,5.9,7.8,2.3,4.6,15.2,2050.0,2031.0,0.0,0.0,19.0,0.0,0.0,0.2,0.6666666666666666,0.0,0.0,0.0,0.0,7.0,0.0,9.7,14.94,1.161,0.016,75.109,1106.5258,74.26,0.0,32.367,32.367,72.56249546484403,34.081553577478665
호소,대청호,문의,2025-11-03,19.5,7.4,8.1,2.0,3.5,21.0,9342.0,9232.0,0.0,30.0,80.0,0.0,0.0,0.2,0.6333333333333333,0.0,0.0,0.0,0.0,7.0,0.0,9.7,14.94,1.312,0.017,75.109,1106.5258,74.26,0.0,32.367,32.367,77.17646604844317,34.081553577478665
호소,대청호,추동,2025-11-03,19.4,7.5,8.8,1.5,5.9,21.3,18429.0,18381.0,0.0,0.0,48.0,0.0,0.0,0.2,0.6,0.0,0.0,0.0,0.0,7.0,0.0,9.7,14.94,1.293,0.011,75.109,1106.5258,74.26,0.0,32.367,32.367,117.54544385950511,34.081553577478665
호소,대청호,추동,2025-11-06,19.0,7.4,8.6,1.7,4.3,15.9,15606.0,15432.0,0.0,0.0,174.0,0.0,0.0,0.1,0.4,0.0,0.0,0.0,0.0,11.3,0.0,6.4,11.62,,,75.089,1105.2745,74.18,0.0,28.121,33.117,,33.27436252521299
호소,대청호,문의,2025-11-10,18.7,7.5,8.6,2.1,3.0,28.1,7664.0,7618.0,0.0,0.0,46.0,0.0,0.0,0.1,0.3666666666666667,0.0,0.0,0.0,0.0,8.9,0.0,9.6,14.54,1.287,0.015,75.047,1102.6494,74.0,0.0,20.99,33.138,85.79999428000038,33.17436067152055
호소,대청호,회남,2025-11-10,18.1,7.6,8.1,2.9,2.0,7.4,1780.0,1700.0,0.0,0.0,80.0,0.0,0.0,0.1,0.3333333333333333,0.0,0.0,0.0,0.0,8.9,0.0,9.6,14.54,,,75.047,1102.6494,74.0,0.0,20.99,33.138,,33.17436067152055
호소,대청호,추동,2025-11-10,18.5,7.6,8.8,1.9,4.2,13.2,14645.0,14431.0,0.0,0.0,214.0,0.0,0.0,0.1,0.3,0.0,0.0,0.0,0.0,8.9,0.0,9.6,14.54,,,75.047,1102.6494,74.0,0.0,20.99,33.138,,33.17436067152055
호소,대청호,추동,2025-11-13,17.9,7.6,9.0,2.3,3.2,12.1,17266.0,17183.0,0.0,0.0,83.0,0.0,0.0,0.1,0.3,0.0,0.0,0.0,0.0,9.3,0.0,8.1,11.2,,,75.012,1100.4646,73.86,0.0,22.372,33.206,,33.04103164594967
호소,대청호,회남,2025-11-17,17.2,7.5,8.2,2.2,1.7,7.8,2280.0,2241.0,0.0,0.0,39.0,0.0,0.0,0.1,0.25,0.0,0.0,0.0,0.0,5.6,0.0,8.3,11.08,,,74.943,1096.1647,73.57,0.1855,16.066,32.715,,33.4043790949261
호소,대청호,추동,2025-11-17,17.2,7.7,9.0,2.1,3.1,13.3,13499.0,13382.0,0.0,8.0,109.0,0.0,0.0,0.1,0.2,0.0,0.0,0.0,0.0,5.6,0.0,8.3,11.08,,,74.943,1096.1647,73.57,0.1855,16.066,32.715,,33.4043790949261
호소,대청호,문의,2025-11-17,17.4,7.5,8.0,2.8,1.7,13.3,2473.0,2473.0,0.0,0.0,0.0,0.0,0.0,0.1,0.2,0.0,0.0,0.0,0.0,5.6,0.0,8.3,11.08,1.25,0.012,74.943,1096.1647,73.57,0.1855,16.066,32.715,104.16665798611184,33.4043790949261
호소,대청호,추동,2025-11-20,16.3,7.6,9.3,2.2,6.8,7.1,9630.0,9524.0,0.0,0.0,106.0,0.0,0.0,0.1,0.2,0.0,0.0,0.0,0.0,8.5,0.0,5.3,10.38,,,74.89,1092.8685,73.35,0.0,19.96,32.981,,33.036138568967075
호소,대청호,회남,2025-11-24,16.1,7.6,8.4,2.5,1.9,7.2,893.0,825.0,0.0,25.0,43.0,0.0,0.0,0.1,0.15,0.0,0.0,0.0,0.0,12.0,0.0,6.5,9.68,,,74.832,1089.2679,73.11,0.0,19.15,32.793,,33.11549265801234
호소,대청호,추동,2025-11-24,15.8,7.8,9.4,3.0,2.4,13.4,4238.0,4073.0,0.0,0.0,165.0,0.0,0.0,0.1,0.1,0.0,0.0,0.0,0.0,12.0,0.0,6.5,9.68,,,74.832,1089.2679,73.11,0.0,19.15,32.793,,33.11549265801234
호소,대청호,문의,2025-11-24,16.2,7.5,8.0,4.1,1.1,9.3,1108.0,1108.0,0.0,0.0,0.0,0.0,0.0,0.1,0.1,0.0,0.0,0.0,0.0,12.0,0.0,6.5,9.68,1.404,0.012,74.832,1089.2679,73.11,0.0,19.15,32.793,116.9999902500008,33.11549265801234
호소,대청호,문의,2025-12-01,15.1,7.7,9.0,3.6,1.2,9.8,169.0,152.0,0.0,0.0,17.0,0.0,0.0,0.1,0.1,0.0,0.0,0.0,0.0,7.9,0.0,8.6,11.82,1.485,0.016,74.7619,1084.9254,72.81,0.0,18.956,33.212,92.81249419921912,32.56860590778098
호소,대청호,추동,2025-12-01,14.6,7.7,9.6,3.0,5.4,13.4,1638.0,1432.0,7.0,0.0,199.0,0.0,0.0,0.1,0.1,0.0,0.0,0.0,0.0,7.9,0.0,8.6,11.82,1.334,0.007,74.7619,1084.9254,72.81,0.0,18.956,33.212,190.57140134694265,32.56860590778098
호소,대청호,회남,2025-12-01,14.8,7.6,9.0,3.4,1.7,8.4,117.0,0.0,0.0,95.0,22.0,0.0,0.0,0.1,0.1,0.0,0.0,0.0,0.0,7.9,0.0,8.6,11.82,1.338,0.007,74.7619,1084.9254,72.81,0.0,18.956,33.212,191.1428298367386,32.56860590778098
호소,대청호,회남,2025-12-08,13.2,7.7,9.3,3.7,1.8,6.7,174.0,85.0,0.0,0.0,89.0,0.0,0.0,0.1,0.1,0.0,0.0,0.0,0.0,4.9,0.0,8.6,11.61,,,74.629,1076.7202,72.26,0.0,21.705,32.474,,33.05458954994781
호소,대청호,추동,2025-12-08,12.8,7.8,10.0,3.0,1.6,8.8,547.0,290.0,40.0,0.0,217.0,0.0,0.0,0.1,0.1,0.0,0.0,0.0,0.0,4.9,0.0,8.6,11.61,,,74.629,1076.7202,72.26,0.0,21.705,32.474,,33.05458954994781
호소,대청호,문의,2025-12-08,13.4,7.5,8.8,3.6,1.3,9.0,110.0,110.0,0.0,0.0,0.0,0.0,0.0,0.1,0.1,0.0,0.0,0.0,0.0,4.9,0.0,8.6,11.61,1.234,0.013,74.629,1076.7202,72.26,0.0,21.705,32.474,94.92306962130235,33.05458954994781
호소,대청호,추동,2025-12-15,11.7,7.8,10.0,3.7,1.2,6.1,392.0,210.0,0.0,0.0,182.0,0.0,0.0,0.1,0.1,0.0,0.0,0.0,0.0,1.8,0.0,1.6,6.82,,,74.5269,1070.4411,71.84,0.312,25.358,33.247,,32.100071970492095
호소,대청호,회남,2025-12-15,12.0,7.7,9.4,3.5,3.5,6.1,233.0,200.0,0.0,0.0,33.0,0.0,0.0,0.1,0.1,0.0,0.0,0.0,0.0,1.8,0.0,1.6,6.82,,,74.5269,1070.4411,71.84,0.312,25.358,33.247,,32.100071970492095
호소,대청호,문의,2025-12-15,12.1,7.7,9.5,3.6,1.2,9.1,175.0,170.0,0.0,0.0,5.0,0.0,0.0,0.1,0.1,0.0,0.0,0.0,0.0,1.8,0.0,1.6,6.82,1.462,0.018,74.5269,1070.4411,71.84,0.312,25.358,33.247,81.2222177098768,32.100071970492095
호소,대청호,회남,2025-12-22,10.6,7.6,9.6,3.7,2.6,6.1,0.0,0.0,0.0,0.0,0.0,0.0,0.0,0.1,0.1,0.0,0.0,0.0,0.0,-0.5,0.0,8.1,10.9,,,74.392,1062.1776,71.29,0.0,18.432,33.292,,31.809343555342593
호소,대청호,문의,2025-12-22,11.1,7.6,9.4,4.0,1.2,9.8,55.0,55.0,0.0,0.0,0.0,0.0,0.0,0.1,0.1,0.0,0.0,0.0,0.0,-0.5,0.0,8.1,10.9,,,74.392,1062.1776,71.29,0.0,18.432,33.292,,31.809343555342593
호소,대청호,추동,2025-12-22,10.9,7.7,9.7,3.6,1.2,8.1,141.0,0.0,0.0,0.0,141.0,0.0,0.0,0.1,0.1,0.0,0.0,0.0,0.0,-0.5,0.0,8.1,10.9,,,74.392,1062.1776,71.29,0.0,18.432,33.292,,31.809343555342593
호소,대청호,회남,2025-12-29,9.8,7.6,9.8,3.8,1.3,7.1,138.0,0.0,0.0,0.0,138.0,0.0,0.0,0.1,0.1,0.0,0.0,0.0,0.0,5.3,1.0,2.6,5.33,,,74.28,1055.3452,70.83,1.7101,21.339,33.252,,31.642636123770686
호소,대청호,문의,2025-12-29,10.0,7.4,8.7,2.7,1.6,4.3,0.0,0.0,0.0,0.0,0.0,0.0,0.0,0.1,0.1,0.0,0.0,0.0,0.0,5.3,1.0,2.6,5.33,,,74.28,1055.3452,70.83,1.7101,21.339,33.252,,31.642636123770686
호소,대청호,추동,2025-12-29,9.4,7.6,10.0,3.2,1.4,5.4,206.0,120.0,0.0,0.0,86.0,0.0,0.0,0.1,0.1,0.0,0.0,0.0,0.0,5.3,1.0,2.6,5.33,,,74.28,1055.3452,70.83,1.7101,21.339,33.252,,31.642636123770686
호소,대청호,회남,2026-01-05,8.0,7.7,11.0,3.7,1.4,3.7,265.0,52.0,0.0,0.0,213.0,0.0,0.0,0.1,0.1,0.0,0.0,0.0,0.0,-0.2,0.0,8.4,11.35,1.5,0.007,74.133,1046.4167,70.23,0.0,19.354,33.384,214.28568367347376,31.251245370923424
호소,대청호,문의,2026-01-05,8.8,7.5,9.8,2.4,1.5,3.7,0.0,0.0,0.0,0.0,0.0,0.0,0.0,0.1,0.1,0.0,0.0,0.0,0.0,-0.2,0.0,8.4,11.35,1.322,0.018,74.133,1046.4167,70.23,0.0,19.354,33.384,73.44444036419777,31.251245370923424
호소,대청호,추동,2026-01-05,8.5,7.6,10.4,4.0,1.6,4.5,49.0,0.0,0.0,0.0,49.0,0.0,0.0,0.1,0.1,0.0,0.0,0.0,0.0,-0.2,0.0,8.4,11.35,1.45,0.008,74.133,1046.4167,70.23,0.0,19.354,33.384,181.24997734375285,31.251245370923424
호소,대청호,회남,2026-01-12,7.1,7.8,11.1,4.1,1.4,4.7,18.0,0.0,0.0,0.0,18.0,0.0,0.0,0.1,0.1,0.0,0.0,0.0,0.0,-1.5,1.3,3.7,6.5,,,73.984,1037.4119,69.62,0.3237,17.198,33.182,,31.17035935340424
호소,대청호,문의,2026-01-12,7.4,7.6,10.0,2.7,2.7,3.5,0.0,0.0,0.0,0.0,0.0,0.0,0.0,0.1,0.1,0.0,0.0,0.0,0.0,-1.5,1.3,3.7,6.5,1.425,0.015,73.984,1037.4119,69.62,0.3237,17.198,33.182,94.9999936666671,31.17035935340424
호소,대청호,추동,2026-01-12,7.5,7.7,10.7,3.0,1.5,2.3,50.0,0.0,0.0,0.0,50.0,0.0,0.0,0.1,0.1,0.0,0.0,0.0,0.0,-1.5,1.3,3.7,6.5,,,73.984,1037.4119,69.62,0.3237,17.198,33.182,,31.17035935340424
호소,대청호,추동,2026-01-19,7.0,7.4,10.7,3.5,1.4,4.8,0.0,0.0,0.0,0.0,0.0,0.0,0.0,0.1,0.1,0.0,0.0,0.0,0.0,-1.0,0.6,3.9,7.56,,,73.8281,1028.0388,69.0,0.0273,18.342,33.06,,31.002376357056693
호소,대청호,문의,2026-01-19,7.5,7.2,9.2,2.5,1.6,2.9,160.0,160.0,0.0,0.0,0.0,0.0,0.0,0.1,0.1,0.0,0.0,0.0,0.0,-1.0,0.6,3.9,7.56,1.362,0.023,73.8281,1028.0388,69.0,0.0273,18.342,33.06,59.21738872967876,31.002376357056693
호소,대청호,회남,2026-01-19,6.8,7.3,10.9,3.8,1.6,4.7,303.0,130.0,0.0,0.0,173.0,0.0,0.0,0.1,0.1,0.0,0.0,0.0,0.0,-1.0,0.6,3.9,7.56,,,73.8281,1028.0388,69.0,0.0273,18.342,33.06,,31.002376357056693
호소,대청호,회남,2026-01-26,5.5,7.7,11.4,4.8,1.2,4.3,359.0,0.0,0.0,0.0,359.0,0.0,0.0,0.1,0.1,0.0,0.0,0.0,0.0,-3.5,0.0,4.6,9.93,,,73.664,1018.2266,68.34,0.0,18.888,33.386,,30.407531505703872
호소,대청호,문의,2026-01-26,6.2,7.4,10.1,3.2,1.6,3.4,0.0,0.0,0.0,0.0,0.0,0.0,0.0,0.1,0.1,0.0,0.0,0.0,0.0,-3.5,0.0,4.6,9.93,1.492,0.015,73.664,1018.2266,68.34,0.0,18.888,33.386,99.466660035556,30.407531505703872
호소,대청호,추동,2026-01-26,5.9,7.6,11.2,5.0,1.4,3.8,136.0,0.0,0.0,0.0,136.0,0.0,0.0,0.1,0.1,0.0,0.0,0.0,0.0,-3.5,0.0,4.6,9.93,,,73.664,1018.2266,68.34,0.0,18.888,33.386,,30.407531505703872
호소,대청호,추동,2026-02-02,4.8,7.6,11.8,4.0,1.4,3.3,268.0,0.0,0.0,0.0,268.0,0.0,0.0,0.1,0.1,0.0,0.0,0.0,0.0,-1.9,2.4,7.1,11.79,,,73.49,1007.8827,67.64,1.2274,13.265,32.482,,30.933727211343687
호소,대청호,회남,2026-02-02,5.2,7.6,11.5,4.7,1.6,4.7,92.0,0.0,0.0,0.0,92.0,0.0,0.0,0.1,0.1,0.0,0.0,0.0,0.0,-1.9,2.4,7.1,11.79,,,73.49,1007.8827,67.64,1.2274,13.265,32.482,,30.933727211343687
호소,대청호,문의,2026-02-02,5.7,7.4,10.4,3.5,2.4,3.1,150.0,94.0,0.0,0.0,56.0,0.0,0.0,0.1,0.1,0.0,0.0,0.0,0.0,-1.9,2.4,7.1,11.79,1.377,0.008,73.49,1007.8827,67.64,1.2274,13.265,32.482,172.1249784843777,30.933727211343687
호소,대청호,추동,2026-02-09,4.6,7.6,11.9,3.8,1.2,4.1,226.0,0.0,0.0,0.0,226.0,0.0,0.0,0.1,0.1,0.0,0.0,0.0,0.0,-2.0,0.0,9.6,15.56,,,73.345,999.3102,67.07,0.0,16.574,31.596,,31.527959363957596
호소,대청호,회남,2026-02-09,4.9,7.7,11.8,2.7,1.1,5.1,128.0,0.0,0.0,0.0,128.0,0.0,0.0,0.1,0.1,0.0,0.0,0.0,0.0,-2.0,0.0,9.6,15.56,,,73.345,999.3102,67.07,0.0,16.574,31.596,,31.527959363957596
호소,대청호,문의,2026-02-09,5.2,7.5,11.2,3.1,1.8,2.2,226.0,74.0,0.0,0.0,152.0,0.0,0.0,0.1,0.1,0.0,0.0,0.0,0.0,-2.0,0.0,9.6,15.56,1.345,0.013,73.345,999.3102,67.07,0.0,16.574,31.596,103.46153050295919,31.527959363957596
호소,대청호,문의,2026-02-19,5.8,7.5,11.3,3.2,1.7,4.2,0.0,0.0,0.0,0.0,0.0,0.0,0.0,0.1,0.1,0.0,0.0,0.0,0.0,2.1,0.0,10.2,17.73,1.355,0.011,73.143,987.4397,66.27,0.0,15.613,31.208,123.1818069834721,31.53953302670244
호소,대청호,추동,2026-02-19,5.2,7.7,12.3,3.8,1.3,5.0,124.0,0.0,0.0,0.0,124.0,0.0,0.0,0.1,0.1,0.0,0.0,0.0,0.0,2.1,0.0,10.2,17.73,,,73.143,987.4397,66.27,0.0,15.613,31.208,,31.53953302670244
호소,대청호,회남,2026-02-19,5.1,7.5,12.0,4.8,1.4,5.0,36.0,0.0,0.0,0.0,36.0,0.0,0.0,0.1,0.1,0.0,0.0,0.0,0.0,2.1,0.0,10.2,17.73,,,73.143,987.4397,66.27,0.0,15.613,31.208,,31.53953302670244
호소,대청호,추동,2026-02-23,5.6,7.7,12.2,4.0,1.5,4.2,136.0,0.0,0.0,0.0,136.0,0.0,0.0,0.1,0.1,0.0,0.0,0.0,0.0,3.0,0.0,6.6,14.71,,,73.053,982.1778,65.92,0.0,17.74,31.257,,31.322441560098223
호소,대청호,문의,2026-02-23,6.1,7.5,11.4,3.7,1.4,4.3,172.0,0.0,0.0,0.0,172.0,0.0,0.0,0.1,0.1,0.0,0.0,0.0,0.0,3.0,0.0,6.6,14.71,1.393,0.009,73.053,982.1778,65.92,0.0,17.74,31.257,154.77776058024884,31.322441560098223
호소,대청호,회남,2026-02-23,5.3,7.7,12.1,3.7,1.5,4.8,142.0,0.0,0.0,0.0,142.0,0.0,0.0,0.1,0.1,0.0,0.0,0.0,0.0,3.0,0.0,6.6,14.71,,,73.053,982.1778,65.92,0.0,17.74,31.257,,31.322441560098223
호소,대청호,추동,2026-03-03,6.2,7.7,12.2,3.2,2.2,4.1,244.0,0.0,0.0,0.0,244.0,0.0,0.0,0.1,0.1,0.0,0.0,0.0,0.0,6.9,0.1,3.6,12.68,,,72.94,975.5948,65.48,1.2027,19.73,31.173,,31.196073290058518
호소,대청호,회남,2026-03-03,5.6,7.8,12.1,3.5,1.4,4.5,68.0,0.0,0.0,0.0,68.0,0.0,0.0,0.1,0.1,0.0,0.0,0.0,0.0,6.9,0.1,3.6,12.68,,,72.94,975.5948,65.48,1.2027,19.73,31.173,,31.196073290058518
호소,대청호,문의,2026-03-03,5.9,7.5,11.2,3.5,1.6,4.0,128.0,0.0,0.0,0.0,128.0,0.0,0.0,0.1,0.1,0.0,0.0,0.0,0.0,6.9,0.1,3.6,12.68,,,72.94,975.5948,65.48,1.2027,19.73,31.173,,31.196073290058518
호소,대청호,문의,2026-03-09,6.2,7.6,11.4,3.4,1.3,4.2,0.0,0.0,0.0,0.0,0.0,0.0,0.0,0.1,0.1,0.0,0.0,0.0,0.0,2.8,0.0,3.5,9.35,,,72.928,974.8973,65.43,0.0923,25.778,31.16,,31.18673384516954
호소,대청호,회남,2026-03-09,5.6,7.7,12.3,3.5,2.3,4.8,78.0,0.0,0.0,0.0,78.0,0.0,0.0,0.1,0.1,0.0,0.0,0.0,0.0,2.8,0.0,3.5,9.35,,,72.928,974.8973,65.43,0.0923,25.778,31.16,,31.18673384516954
호소,대청호,추동,2026-03-09,6.2,7.8,12.2,3.5,2.3,4.7,349.0,0.0,0.0,0.0,349.0,0.0,0.0,0.1,0.1,0.0,0.0,0.0,0.0,2.8,0.0,3.5,9.35,,,72.928,974.8973,65.43,0.0923,25.778,31.16,,31.18673384516954
호소,대청호,회남,2026-03-16,6.2,7.8,12.2,3.5,1.6,5.2,178.0,0.0,0.0,0.0,178.0,0.0,0.0,0.1,0.1,0.0,0.0,0.0,0.0,7.5,0.0,9.0,18.77,,,72.802,967.5909,64.94,0.0,20.939,30.986,,31.126259409380427
호소,대청호,추동,2026-03-16,7.1,7.9,12.3,3.3,1.6,4.3,373.0,0.0,0.0,0.0,373.0,0.0,0.0,0.1,0.1,0.0,0.0,0.0,0.0,7.5,0.0,9.0,18.77,,,72.802,967.5909,64.94,0.0,20.939,30.986,,31.126259409380427
호소,대청호,문의,2026-03-16,6.4,7.7,11.1,3.1,1.0,3.3,0.0,0.0,0.0,0.0,0.0,0.0,0.0,0.1,0.1,0.0,0.0,0.0,0.0,7.5,0.0,9.0,18.77,,,72.802,967.5909,64.94,0.0,20.939,30.986,,31.126259409380427
호소,대청호,추동,2026-03-23,7.9,7.8,11.8,3.6,1.8,5.0,63.0,63.0,0.0,0.0,0.0,0.0,0.0,0.1,0.1,0.0,0.0,0.0,0.0,11.8,0.0,11.5,22.54,,,72.677,960.3747,64.45,0.0,25.762,31.096,,30.785187203487624
호소,대청호,회남,2026-03-23,7.0,7.8,12.0,3.8,1.5,4.0,50.0,0.0,0.0,0.0,50.0,0.0,0.0,0.1,0.1,0.0,0.0,0.0,0.0,11.8,0.0,11.5,22.54,,,72.677,960.3747,64.45,0.0,25.762,31.096,,30.785187203487624
호소,대청호,문의,2026-03-23,7.2,7.7,11.4,3.1,1.0,3.3,27.0,0.0,0.0,0.0,27.0,0.0,0.0,0.1,0.1,0.0,0.0,0.0,0.0,11.8,0.0,11.5,22.54,,,72.677,960.3747,64.45,0.0,25.762,31.096,,30.785187203487624
호소,대청호,회남,2026-03-30,8.1,7.8,11.6,3.7,1.6,4.1,151.0,0.0,0.0,0.0,151.0,0.0,0.0,0.1,0.1,0.0,0.0,0.0,0.0,12.9,11.3,0.7,6.98,,,72.509,950.7267,63.81,12.5493,17.416,31.205,,30.369803545759464
호소,대청호,문의,2026-03-30,8.6,7.8,11.4,3.5,1.5,3.5,72.0,0.0,0.0,0.0,72.0,0.0,0.0,0.1,0.1,0.0,0.0,0.0,0.0,12.9,11.3,0.7,6.98,,,72.509,950.7267,63.81,12.5493,17.416,31.205,,30.369803545759464
호소,대청호,추동,2026-03-30,8.6,7.9,11.4,3.8,1.5,4.0,98.0,98.0,0.0,0.0,0.0,0.0,0.0,0.1,0.1,0.0,0.0,0.0,0.0,12.9,11.3,0.7,6.98,,,72.509,950.7267,63.81,12.5493,17.416,31.205,,30.369803545759464
호소,대청호,추동,2026-04-06,9.0,7.7,11.4,3.2,1.7,4.0,0.0,0.0,0.0,0.0,0.0,0.0,0.0,0.1,0.1,0.0,0.0,0.0,0.0,10.0,7.3,0.0,4.66,,,73.15,987.8496,66.3,11.1393,141.906,31.047,,31.715722220438565
호소,대청호,회남,2026-04-06,8.7,7.6,11.4,3.5,1.0,4.2,56.0,0.0,0.0,0.0,56.0,0.0,0.0,0.1,0.1,0.0,0.0,0.0,0.0,10.0,7.3,0.0,4.66,,,73.15,987.8496,66.3,11.1393,141.906,31.047,,31.715722220438565
호소,대청호,문의,2026-04-06,12.4,7.9,11.3,2.9,1.4,3.4,0.0,0.0,0.0,0.0,0.0,0.0,0.0,0.1,0.1,0.0,0.0,0.0,0.0,10.0,7.3,0.0,4.66,,,73.15,987.8496,66.3,11.1393,141.906,31.047,,31.715722220438565
호소,대청호,추동,2026-04-13,11.3,7.9,10.9,4.2,1.5,2.0,0.0,0.0,0.0,0.0,0.0,0.0,0.0,0.1,0.1,0.0,0.0,0.0,0.0,19.0,0.0,11.1,25.85,,,73.78,1025.157,68.8,0.0,65.393,30.779,,33.19916448071505
호소,대청호,문의,2026-04-13,13.0,8.0,11.1,3.1,1.8,2.6,13.0,0.0,0.0,0.0,13.0,0.0,0.0,0.1,0.1,0.0,0.0,0.0,0.0,19.0,0.0,11.1,25.85,,,73.78,1025.157,68.8,0.0,65.393,30.779,,33.19916448071505
호소,대청호,회남,2026-04-13,8.8,7.7,11.3,3.4,0.9,5.5,145.0,0.0,0.0,0.0,145.0,0.0,0.0,0.1,0.1,0.0,0.0,0.0,0.0,19.0,0.0,11.1,25.85,,,73.78,1025.157,68.8,0.0,65.393,30.779,,33.19916448071505
호소,대청호,추동,2026-04-20,12.7,8.1,11.0,3.4,2.0,3.8,0.0,0.0,0.0,0.0,0.0,0.0,0.0,0.1,0.1,0.0,0.0,0.0,0.0,13.3,0.2,2.0,6.48,,,73.801,1026.4146,68.89,0.1555,31.413,73.753,,13.898075907546072
호소,대청호,문의,2026-04-20,13.6,7.9,10.7,3.9,1.5,3.3,0.0,0.0,0.0,0.0,0.0,0.0,0.0,0.1,0.1,0.0,0.0,0.0,0.0,13.3,0.2,2.0,6.48,,,73.801,1026.4146,68.89,0.1555,31.413,73.753,,13.898075907546072
호소,대청호,회남,2026-04-20,9.7,8.1,10.9,3.5,1.4,4.3,54.0,0.0,0.0,0.0,54.0,0.0,0.0,0.1,0.1,0.0,0.0,0.0,0.0,13.3,0.2,2.0,6.48,,,73.801,1026.4146,68.89,0.1555,31.413,73.753,,13.898075907546072
호소,대청호,회남,2026-04-27,10.4,8.1,10.6,2.0,1.8,4.3,0.0,0.0,0.0,0.0,0.0,0.0,0.0,0.1,0.1,0.0,0.0,0.0,0.0,13.3,0.0,2.0,6.48,,,72.847,970.1966,65.11,0.0,16.368,120.615,,8.037084040922835
호소,대청호,문의,2026-04-27,16.1,8.1,10.7,2.5,1.7,4.3,0.0,0.0,0.0,0.0,0.0,0.0,0.0,0.1,0.1,0.0,0.0,0.0,0.0,13.3,0.0,2.0,6.48,,,72.847,970.1966,65.11,0.0,16.368,120.615,,8.037084040922835
호소,대청호,추동,2026-04-27,15.5,8.3,10.7,3.5,2.4,4.3,0.0,0.0,0.0,0.0,0.0,0.0,0.0,0.1,0.1,0.0,0.0,0.0,0.0,13.3,0.0,2.0,6.48,,,72.847,970.1966,65.11,0.0,16.368,120.615,,8.037084040922835
