일시,수위(EL.m),저수량(백만㎥),저수율(%),강우량(mm),유입량(㎥/s),총방류량(㎥/s)
2015-01-01,73.31,975.902,65.5,0.0553,28.909,42.273
2015-01-02,73.28,974.172,65.4,0.0,21.887,41.915
2015-01-03,73.26,973.019,65.3,0.0,28.391,41.731
2015-01-04,73.24,971.868,65.2,0.0,19.997,33.328
2015-01-05,73.22,970.717,65.2,6.2879,16.073,29.395
2015-01-06,73.21,970.141,65.1,8.533,36.585,43.242
2015-01-07,73.23,971.292,65.2,0.0,55.973,42.656
2015-01-08,73.25,972.443,65.3,0.0,59.318,45.992
2015-01-09,73.25,972.443,65.3,0.0,45.785,45.785
2015-01-10,73.25,972.443,65.3,0.0,45.784,45.784
2015-01-11,73.26,973.019,65.3,0.0505,47.673,41.006
2015-01-12,73.23,971.292,65.2,0.0,30.533,50.526
2015-01-13,73.22,970.717,65.2,0.0,39.122,45.782
2015-01-14,73.2,969.566,65.1,0.0,32.405,45.718
2015-01-15,73.18,968.417,65.0,0.0,31.897,45.2
2015-01-16,73.15,966.694,64.9,0.11,25.625,45.562
2015-01-17,73.14,966.121,64.8,0.1042,38.848,45.489
2015-01-18,73.12,964.974,64.8,1.1734,27.41,40.685
2015-01-19,73.09,963.255,64.7,0.7291,30.604,50.5
2015-01-20,73.07,962.11,64.6,0.0,32.235,45.487
2015-01-21,73.04,960.394,64.5,3.7761,25.815,45.676
2015-01-22,73.03,959.822,64.4,1.4873,38.461,45.077
2015-01-23,73.01,958.68,64.3,0.0,32.529,45.753
2015-01-24,72.99,957.538,64.3,0.0,31.733,44.948
2015-01-25,72.98,956.967,64.2,1.298,33.94,40.544
2015-01-26,72.95,955.257,64.1,1.7979,30.833,50.631
2015-01-27,72.93,954.117,64.0,0.0,32.778,45.965
2015-01-28,72.91,952.979,64.0,0.0,32.306,45.484
2015-01-29,72.91,952.979,64.0,0.437,45.651,45.651
2015-01-30,72.89,951.841,63.9,0.6849,32.81,45.979
2015-01-31,72.88,951.272,63.8,0.0,39.498,46.079
2015-02-01,72.87,950.704,63.8,0.0,33.921,40.5
2015-02-02,72.83,948.432,63.7,0.0,34.534,60.825
2015-02-03,72.8,946.731,63.5,0.0,31.243,50.937
2015-02-04,72.76,944.465,63.4,0.0,24.36,50.586
2015-02-05,72.73,942.767,63.3,0.0,31.227,50.873
2015-02-06,72.7,941.072,63.2,0.0,31.167,50.792
2015-02-07,72.66,938.814,63.0,0.0,24.829,50.963
2015-02-08,72.64,937.686,62.9,0.0,27.505,40.558
2015-02-09,72.58,934.307,62.7,0.0,24.158,63.262
2015-02-10,72.53,931.497,62.5,0.0,26.851,59.375
2015-02-11,72.48,928.692,62.3,0.0,27.374,59.84
2015-02-12,72.43,925.892,62.1,0.0,26.582,58.991
2015-02-13,72.38,923.097,62.0,0.0,27.57,59.921
2015-02-14,72.32,919.749,61.7,0.0,21.296,60.042
2015-02-15,72.28,917.522,61.6,1.6853,24.279,50.064
2015-02-16,72.25,915.853,61.5,14.7602,41.117,60.431
2015-02-17,72.22,914.186,61.4,0.2409,36.065,55.359
2015-02-18,72.22,914.186,61.4,0.1002,50.107,50.107
2015-02-19,72.21,913.631,61.3,0.0,39.603,46.03
2015-02-20,72.18,911.966,61.2,0.0,30.347,49.613
2015-02-21,72.17,911.411,61.2,3.5302,43.528,49.946
2015-02-22,72.15,910.303,61.1,0.7489,33.196,46.024
2015-02-23,72.13,909.196,61.0,0.0,42.64,55.459
2015-02-24,72.12,908.642,61.0,0.0,44.22,50.626
2015-02-25,72.1,907.536,60.9,0.0,38.387,51.192
2015-02-26,72.08,906.43,60.8,0.0,38.226,51.022
2015-02-27,72.06,905.325,60.8,0.0,38.025,50.812
2015-02-28,72.04,904.221,60.7,0.2191,37.944,50.722
2015-03-01,72.02,903.118,60.6,1.1448,32.794,45.563
2015-03-02,72.0,902.016,60.5,0.0,32.909,45.669
2015-03-03,71.99,901.465,60.5,0.8929,39.797,46.173
2015-03-04,71.94,898.713,60.3,0.0663,24.268,56.116
2015-03-05,71.91,897.064,60.2,0.0,36.077,55.158
2015-03-06,71.87,894.869,60.1,0.0,29.659,55.069
2015-03-07,71.83,892.677,59.9,0.0,25.591,50.965
2015-03-08,71.81,891.582,59.8,0.0,28.932,41.605
2015-03-09,71.75,888.302,59.6,0.0,22.66,60.625
2015-03-10,71.72,886.664,59.5,0.0,31.848,50.8
2015-03-11,71.67,883.939,59.3,0.0,19.397,50.938
2015-03-12,71.63,881.762,59.2,0.0,25.856,51.048
2015-03-13,71.59,879.589,59.0,1.1574,25.755,50.91
2015-03-14,71.56,877.961,58.9,0.0,31.957,50.8
2015-03-15,71.52,875.793,58.8,0.0,16.16,41.252
2015-03-16,71.47,873.088,58.6,0.0,29.14,60.454
2015-03-17,71.43,870.927,58.5,0.0,25.988,50.998
2015-03-18,71.44,871.467,58.5,28.9735,56.204,49.955
2015-03-19,71.46,872.547,58.6,0.3689,63.322,50.817
2015-03-20,71.57,878.504,59.0,0.0,120.236,51.295
2015-03-21,71.63,881.762,59.2,0.0,88.376,50.657
2015-03-22,71.67,883.939,59.3,0.0,65.834,40.642
2015-03-23,71.68,884.484,59.4,0.0,67.272,60.968
2015-03-24,71.68,884.484,59.4,0.0,50.934,50.934
2015-03-25,71.66,883.395,59.3,0.0,38.471,51.076
2015-03-26,71.64,882.306,59.2,0.0,38.424,51.02
2015-03-27,71.65,882.85,59.3,0.0,40.611,34.314
2015-03-28,71.66,883.395,59.3,0.11,40.067,33.768
2015-03-29,71.66,883.395,59.3,0.0,33.406,33.406
2015-03-30,71.65,882.85,59.3,0.0,26.984,33.283
2015-03-31,71.66,883.395,59.3,2.364,40.411,34.112
2015-04-01,71.61,880.675,59.1,1.1634,30.264,61.737
2015-04-02,71.57,878.504,59.0,0.325,36.568,61.705
2015-04-03,71.54,876.877,58.9,7.6868,43.289,62.118
2015-04-04,71.51,875.252,58.7,13.5084,41.579,60.388
2015-04-05,71.52,875.793,58.8,2.856,58.857,52.59
2015-04-06,71.52,875.793,58.8,1.8356,70.874,70.874
2015-04-07,71.54,876.877,58.9,0.0,74.32,61.779
2015-04-08,71.55,877.419,58.9,0.0634,67.658,61.384
2015-04-09,71.55,877.419,58.9,0.0,62.128,62.128
2015-04-10,71.53,876.335,58.8,0.0,49.087,61.633
2015-04-11,71.49,874.169,58.7,0.0,45.844,70.909
2015-04-12,71.46,872.547,58.6,0.0,41.112,59.887
2015-04-13,71.4,869.308,58.3,2.3573,42.133,79.621
2015-04-14,71.37,867.691,58.2,12.7844,51.315,70.029
2015-04-15,71.35,866.614,58.2,2.9333,57.201,69.666
2015-04-16,71.34,866.076,58.1,3.8201,64.239,70.468
2015-04-17,71.34,866.076,58.1,0.0,69.281,69.281
2015-04-18,71.34,866.076,58.1,3.1848,69.485,69.485
2015-04-19,71.35,866.614,58.2,2.1898,65.485,59.256
2015-04-20,71.35,866.614,58.2,15.2309,79.173,79.173
2015-04-21,71.37,867.691,58.2,0.1684,81.557,69.092
2015-04-22,71.43,870.927,58.5,0.0,120.437,82.989
2015-04-23,71.44,871.467,58.5,0.0,89.011,82.762
2015-04-24,71.42,870.387,58.4,0.0,70.983,83.479
2015-04-25,71.39,868.769,58.3,0.0,64.222,82.949
2015-04-26,71.41,869.847,58.4,0.0,52.159,39.676
2015-04-27,71.41,869.847,58.4,0.0,41.104,41.104
2015-04-28,71.41,869.847,58.4,0.1575,41.438,41.438
2015-04-29,71.43,870.927,58.5,16.3233,53.656,41.164
2015-04-30,71.45,872.007,58.5,0.0,54.052,41.551
2015-05-01,71.39,868.769,58.3,0.0,54.284,91.759
2015-05-02,71.32,865.0,58.1,0.0,48.007,91.625
2015-05-03,71.26,861.778,57.8,5.5889,49.055,86.354
2015-05-04,71.17,856.957,57.5,0.2501,40.515,96.311
2015-05-05,71.09,852.685,57.2,0.0,42.191,91.634
2015-05-06,71.0,847.894,56.9,0.0,37.499,92.951
2015-05-07,70.89,842.06,56.5,0.0,26.278,93.805
2015-05-08,70.8,837.304,56.2,0.0,38.738,93.786
2015-05-09,70.68,830.986,55.8,0.0,20.365,93.48
2015-05-10,70.58,825.743,55.4,0.0,28.175,88.858
2015-05-11,70.48,820.52,55.1,5.0741,36.565,97.025
2015-05-12,70.38,815.315,54.7,9.363,33.524,93.761
2015-05-13,70.29,810.648,54.4,0.2863,41.861,95.884
2015-05-14,70.18,804.964,54.0,0.0,30.108,95.892
2015-05-15,70.07,799.303,53.6,0.0,32.161,97.677
2015-05-16,69.96,793.417,53.3,0.0,27.826,95.952
2015-05-17,69.84,787.273,52.8,0.0,19.335,90.451
2015-05-18,69.72,781.161,52.4,0.0,26.619,97.357
2015-05-19,69.6,775.082,52.0,0.2385,21.398,91.761
2015-05-20,69.48,769.035,51.6,0.1159,21.585,91.573
2015-05-21,69.37,763.52,51.2,0.0,27.788,91.615
2015-05-22,69.25,757.535,50.8,0.0,21.527,90.799
2015-05-23,69.13,751.582,50.4,0.0,21.723,90.624
2015-05-24,69.0,745.169,50.0,0.0,16.316,90.54
2015-05-25,68.88,739.283,49.6,0.0,16.963,85.093
2015-05-26,68.75,732.942,49.2,0.0,22.067,95.459
2015-05-27,68.63,727.121,48.8,0.0,23.224,90.588
2015-05-28,68.49,720.371,48.4,0.0,12.556,90.685
2015-05-29,68.36,714.141,47.9,0.0,17.938,90.042
2015-05-30,68.24,708.423,47.6,2.2746,24.342,90.52
2015-05-31,68.12,702.737,47.2,0.0,24.508,90.324
2015-06-01,67.98,696.142,46.7,0.0,13.356,89.685
2015-06-02,67.85,690.056,46.3,0.0,19.824,90.262
2015-06-03,67.71,683.543,45.9,0.0,20.278,95.663
2015-06-04,67.58,677.533,45.5,0.0,21.189,90.754
2015-06-05,67.44,671.1,45.0,0.114,17.971,92.419
2015-06-06,67.32,665.62,44.7,0.0,18.733,82.161
2015-06-07,67.2,660.171,44.3,0.0,12.995,76.069
2015-06-08,67.07,654.301,43.9,0.1095,18.42,86.352
2015-06-09,66.94,648.468,43.5,0.0,13.911,81.43
2015-06-10,66.82,643.114,43.2,0.0,19.761,81.721
2015-06-11,66.69,637.349,42.8,0.1673,14.312,81.041
2015-06-12,66.58,632.498,42.5,0.521,15.004,71.148
2015-06-13,66.47,627.672,42.1,0.0,13.536,69.388
2015-06-14,66.37,623.307,41.8,1.3166,14.52,65.042
2015-06-15,66.25,618.097,41.5,0.0,14.476,74.786
2015-06-16,66.16,614.208,41.2,4.7844,26.062,71.069
2015-06-17,66.05,609.478,40.9,0.1051,15.93,70.676
2015-06-18,65.94,604.773,40.6,0.0,16.283,70.741
2015-06-19,65.83,600.092,40.3,3.0199,16.294,70.465
2015-06-20,65.73,595.859,40.0,6.5748,17.795,66.793
2015-06-21,65.65,592.487,39.8,0.0552,20.974,60.003
2015-06-22,65.54,587.871,39.5,1.4345,21.935,75.354
2015-06-23,65.44,583.697,39.2,0.1684,22.146,70.462
2015-06-24,65.33,579.128,38.9,0.6782,16.386,69.264
2015-06-25,65.26,576.234,38.7,12.9255,24.776,58.279
2015-06-26,65.32,578.714,38.8,43.6732,86.878,58.168
2015-06-27,65.41,582.448,39.1,0.0,101.577,58.355
2015-06-28,65.41,582.448,39.1,0.0,58.572,58.572
2015-06-29,65.37,580.787,39.0,0.0,39.02,58.253
2015-06-30,65.31,578.3,38.8,3.8172,29.662,58.441
2015-07-01,65.26,576.234,38.7,0.5809,21.135,45.054
2015-07-02,65.22,574.584,38.6,0.0505,31.843,50.936
2015-07-03,65.15,571.705,38.4,0.0,17.861,51.185
2015-07-04,65.09,569.245,38.2,0.0,22.516,50.988
2015-07-05,65.05,567.609,38.1,4.9854,30.716,49.651
2015-07-06,64.99,565.161,37.9,1.6656,15.469,43.803
2015-07-07,64.94,563.126,37.8,7.642,20.706,44.254
2015-07-08,64.92,562.314,37.7,22.9551,34.65,44.053
2015-07-09,65.13,570.884,38.3,52.8968,143.658,44.466
2015-07-10,65.82,599.668,40.3,0.0,377.491,44.341
2015-07-11,66.05,609.478,40.9,4.0181,157.974,44.434
2015-07-12,66.17,614.639,41.3,15.137,101.468,41.731
2015-07-13,66.36,622.872,41.8,1.7676,141.798,46.512
2015-07-14,66.59,632.938,42.5,0.0,160.956,44.451
2015-07-15,66.69,637.349,42.8,0.0755,95.7,44.648
2015-07-16,66.72,638.676,42.9,0.0449,63.023,47.66
2015-07-17,66.71,638.234,42.8,0.4147,46.52,51.643
2015-07-18,66.68,636.907,42.8,0.0,35.631,50.986
2015-07-19,66.66,636.023,42.7,0.0,38.145,48.37
2015-07-20,66.62,634.259,42.6,0.1075,34.014,54.435
2015-07-21,66.58,632.498,42.5,6.4044,31.362,51.744
2015-07-22,66.59,632.938,42.5,19.2833,52.039,46.947
2015-07-23,66.63,634.7,42.6,6.4785,64.921,44.529
2015-07-24,66.67,636.465,42.7,2.2028,64.839,44.409
2015-07-25,66.67,636.465,42.7,0.092,44.386,44.386
2015-07-26,66.66,636.023,42.7,0.0,36.794,41.905
2015-07-27,66.63,634.7,42.6,1.5451,32.112,47.431
2015-07-28,66.59,632.938,42.5,0.526,25.256,45.648
2015-07-29,66.6,633.378,42.5,14.5569,56.084,50.99
2015-07-30,66.58,632.498,42.5,0.0,41.288,51.474
2015-07-31,66.56,631.619,42.4,0.0,41.352,51.529
2015-08-01,66.52,629.863,42.3,0.3281,27.524,47.848
2015-08-02,66.5,628.986,42.2,7.008,34.323,44.471
2015-08-03,66.45,626.798,42.1,0.0273,25.151,50.478
2015-08-04,66.42,625.487,42.0,0.0,30.506,45.673
2015-08-05,66.37,623.307,41.8,0.0,23.768,48.999
2015-08-06,66.31,620.698,41.7,0.0,18.85,49.048
2015-08-07,66.25,618.097,41.5,1.2162,18.901,49.013
2015-08-08,66.19,615.502,41.3,10.4088,17.64,47.666
2015-08-09,66.16,614.208,41.2,0.0,29.135,44.116
2015-08-10,66.11,612.055,41.1,0.0,26.452,51.372
2015-08-11,66.08,610.765,41.0,0.5441,32.525,47.449
2015-08-12,66.03,608.621,40.9,1.2851,22.476,47.301
2015-08-13,65.99,606.908,40.7,0.8113,27.591,47.408
2015-08-14,65.94,604.773,40.6,0.0,22.564,47.282
2015-08-15,65.88,602.217,40.4,2.2154,17.837,47.42
2015-08-16,65.83,600.092,40.3,0.4697,20.006,44.594
2015-08-17,65.77,597.55,40.1,0.167,19.712,49.139
2015-08-18,65.71,595.015,39.9,0.0,17.247,46.589
2015-08-19,65.65,592.487,39.8,0.0,15.26,44.518
2015-08-20,65.58,589.547,39.6,3.8874,12.084,46.111
2015-08-21,65.54,587.871,39.5,6.9294,26.467,45.859
2015-08-22,65.49,585.782,39.3,0.0,22.158,46.345
2015-08-23,65.44,583.697,39.2,0.0,22.134,46.263
2015-08-24,65.38,581.202,39.0,0.5442,14.46,43.338
2015-08-25,65.36,580.372,39.0,33.074,29.537,39.144
2015-08-26,65.35,579.957,38.9,0.0,34.958,39.758
2015-08-27,65.41,582.448,39.1,2.5397,62.503,33.668
2015-08-28,65.43,583.28,39.2,0.8578,46.125,36.494
2015-08-29,65.42,582.864,39.1,0.0,34.537,39.353
2015-08-30,65.39,581.617,39.0,0.5818,24.656,39.091
2015-08-31,65.37,580.787,39.0,0.1042,29.424,39.036
2015-09-01,65.34,579.543,38.9,0.0553,23.908,38.308
2015-09-02,65.33,579.128,38.9,12.7481,29.433,34.228
2015-09-03,65.32,578.714,38.8,0.762,25.154,29.947
2015-09-04,65.33,579.128,38.9,0.0,38.936,34.143
2015-09-05,65.32,578.714,38.8,3.6026,28.945,33.738
2015-09-06,65.31,578.3,38.8,0.6938,23.921,28.712
2015-09-07,65.29,577.473,38.8,0.0,26.495,36.07
2015-09-08,65.26,576.234,38.7,0.0,20.479,34.823
2015-09-09,65.24,575.408,38.6,0.0,20.154,29.705
2015-09-10,65.22,574.584,38.6,0.0,19.635,29.177
2015-09-11,65.19,573.349,38.5,0.5195,19.758,34.053
2015-09-12,65.18,572.937,38.5,9.0617,24.597,29.358
2015-09-13,65.16,572.115,38.4,0.1638,20.697,30.211
2015-09-14,65.13,570.884,38.3,0.0,18.881,33.135
2015-09-15,65.1,569.654,38.2,0.0,16.956,31.189
2015-09-16,65.07,568.426,38.2,0.0,15.569,29.781
2015-09-17,65.05,567.609,38.1,0.0,20.06,29.523
2015-09-18,65.01,565.976,38.0,0.0,14.628,33.526
2015-09-19,64.97,564.346,37.9,0.0,15.441,34.302
2015-09-20,64.94,563.126,37.8,0.0,15.359,29.481
2015-09-21,64.91,561.908,37.7,0.0,14.739,28.84
2015-09-22,64.87,560.286,37.6,0.055,15.568,34.337
2015-09-23,64.82,558.264,37.5,0.0,10.53,33.939
2015-09-24,64.79,557.052,37.4,0.0,15.523,29.541
2015-09-25,64.76,555.843,37.3,0.0,15.822,29.819
2015-09-26,64.72,554.233,37.2,0.0,11.15,29.781
2015-09-27,64.69,553.028,37.1,0.0,14.879,28.828
2015-09-28,64.66,551.825,37.0,0.0,14.453,28.382
2015-09-29,64.63,550.623,37.0,0.0,15.539,29.447
2015-09-30,64.59,549.024,36.9,0.0,10.494,29.006
2015-10-01,64.61,549.823,36.9,38.3782,38.182,28.931
2015-10-02,64.6,549.423,36.9,0.0,24.141,28.768
2015-10-03,64.61,549.823,36.9,0.0,33.929,29.302
2015-10-04,64.61,549.823,36.9,0.0,28.878,28.878
2015-10-05,64.59,549.024,36.9,0.0,19.553,28.804
2015-10-06,64.58,548.624,36.8,0.0,21.358,25.98
2015-10-07,64.57,548.225,36.8,0.0,15.795,20.415
2015-10-08,64.57,548.225,36.8,0.0634,21.422,21.422
2015-10-09,64.56,547.826,36.8,0.4175,17.317,21.935
2015-10-10,64.56,547.826,36.8,6.9524,21.598,21.598
2015-10-11,64.56,547.826,36.8,4.9553,21.508,21.508
2015-10-12,64.55,547.427,36.7,0.8777,14.791,19.406
2015-10-13,64.55,547.427,36.7,0.0,20.09,20.09
2015-10-14,64.55,547.427,36.7,0.0,19.707,19.707
2015-10-15,64.55,547.427,36.7,0.0,19.86,19.86
2015-10-16,64.54,547.029,36.7,0.0,15.191,19.804
2015-10-17,64.54,547.029,36.7,0.0,19.618,19.618
2015-10-18,64.53,546.63,36.7,0.0,15.311,19.922
2015-10-19,64.52,546.232,36.7,0.0,14.944,19.553
2015-10-20,64.51,545.834,36.6,0.0,15.22,19.826
2015-10-21,64.5,545.436,36.6,0.0,15.057,19.661
2015-10-22,64.49,545.039,36.6,0.0,15.261,19.863
2015-10-23,64.48,544.641,36.6,0.0,14.05,18.649
2015-10-24,64.47,544.244,36.5,0.055,15.277,19.874
2015-10-25,64.46,543.847,36.5,0.0,15.147,19.742
2015-10-26,64.44,543.054,36.5,0.0,10.197,19.38
2015-10-27,64.45,543.45,36.5,23.2414,23.554,18.964
2015-10-28,64.46,543.847,36.5,0.0,23.873,19.28
2015-10-29,64.47,544.244,36.5,0.1567,24.379,19.784
2015-10-30,64.46,543.847,36.5,0.0,15.32,19.915
2015-10-31,64.46,543.847,36.5,0.0,19.808,19.808
2015-11-01,64.45,543.45,36.5,0.0,15.147,19.74
2015-11-02,64.44,543.054,36.5,0.0,14.667,19.257
2015-11-03,64.44,543.054,36.5,0.0,19.535,19.535
2015-11-04,64.43,542.657,36.4,0.0,15.4,19.988
2015-11-05,64.42,542.261,36.4,0.0,15.243,19.829
2015-11-06,64.42,542.261,36.4,1.3459,19.36,19.36
2015-11-07,64.42,542.261,36.4,15.4875,18.357,18.357
2015-11-08,64.44,543.054,36.5,12.6299,26.957,17.783
2015-11-09,64.46,543.847,36.5,2.3447,27.826,18.643
2015-11-10,64.5,545.436,36.6,0.0,37.239,18.846
2015-11-11,64.53,546.63,36.7,0.0,32.526,18.707
2015-11-12,64.55,547.427,36.7,0.0,26.06,16.836
2015-11-13,64.59,549.024,36.9,21.3287,36.315,17.84
2015-11-14,64.64,551.023,37.0,3.7298,41.034,17.888
2015-11-15,64.73,554.635,37.2,0.1179,59.645,17.839
2015-11-16,64.84,559.072,37.5,10.9552,68.202,16.853
2015-11-17,64.92,562.314,37.7,0.8371,54.534,17.014
2015-11-18,65.01,565.976,38.0,3.4105,60.165,17.779
2015-11-19,65.07,568.426,38.2,0.7461,45.704,17.343
2015-11-20,65.13,570.884,38.3,0.0,46.371,17.926
2015-11-21,65.18,572.937,38.5,0.0,42.362,18.594
2015-11-22,65.22,574.584,38.6,0.0,37.942,18.886
2015-11-23,65.27,576.646,38.7,6.2319,42.352,18.48
2015-11-24,65.31,578.3,38.8,0.426,38.134,18.994
2015-11-25,65.35,579.957,38.9,7.824,39.346,20.169
2015-11-26,65.38,581.202,39.0,0.8404,33.785,19.378
2015-11-27,65.42,582.864,39.1,0.184,38.663,19.421
2015-11-28,65.45,584.113,39.2,0.9106,34.063,19.607
2015-11-29,65.49,585.782,39.3,0.1356,38.725,19.417
2015-11-30,65.52,587.035,39.4,0.0,33.784,19.279
2015-12-01,65.54,587.871,39.5,0.0,29.087,19.405
2015-12-02,65.58,589.547,39.6,5.24,38.923,19.531
2015-12-03,65.6,590.386,39.6,1.679,29.043,19.333
2015-12-04,65.62,591.226,39.7,0.5736,28.558,18.838
2015-12-05,65.64,592.066,39.7,0.0,28.784,19.055
2015-12-06,65.67,593.329,39.8,0.0,34.052,19.441
2015-12-07,65.68,593.75,39.9,0.0,23.737,18.862
2015-12-08,65.7,594.593,39.9,0.0,28.995,19.238
2015-12-09,65.71,595.015,39.9,0.0,22.76,17.878
2015-12-10,65.73,595.859,40.0,11.5562,27.904,18.133
2015-12-11,65.75,596.704,40.1,2.6878,28.601,18.82
2015-12-12,65.78,597.973,40.1,0.0,33.903,19.214
2015-12-13,65.84,600.517,40.3,0.0,48.707,19.266
2015-12-14,65.9,603.068,40.5,5.2425,48.791,19.264
2015-12-15,65.95,605.199,40.6,0.9959,43.171,18.5
2015-12-16,65.99,606.908,40.7,3.1294,38.984,19.205
2015-12-17,66.02,608.192,40.8,0.0273,34.46,19.601
2015-12-18,66.05,609.478,40.9,0.0273,34.482,19.601
2015-12-19,66.07,610.336,41.0,0.0,29.863,19.931
2015-12-20,66.1,611.625,41.1,0.0,34.516,19.6
2015-12-21,66.12,612.485,41.1,1.2627,28.862,18.906
2015-12-22,66.13,612.915,41.1,0.1491,24.498,19.516
2015-12-23,66.14,613.346,41.2,1.3194,24.257,19.273
2015-12-24,66.16,614.208,41.2,0.0,29.074,19.099
2015-12-25,66.17,614.639,41.3,0.0,24.767,19.776
2015-12-26,66.18,615.071,41.3,0.0,23.768,18.774
2015-12-27,66.19,615.502,41.3,0.0,24.323,19.327
2015-12-28,66.2,615.934,41.3,0.0,23.722,18.724
2015-12-29,66.21,616.366,41.4,0.0,24.609,19.608
2015-12-30,66.22,616.798,41.4,0.6921,23.501,18.498
2015-12-31,66.22,616.798,41.4,0.2145,19.244,19.244
2016-01-01,66.22,616.798,41.4,0.0,19.37,19.37
2016-01-02,66.23,617.231,41.4,0.0,23.881,18.875
2016-01-03,66.23,617.231,41.4,0.0,19.126,19.126
2016-01-04,66.23,617.231,41.4,0.0,18.99,18.99
2016-01-05,66.22,616.798,41.4,0.0,14.02,19.026
2016-01-06,66.22,616.798,41.4,0.0,19.239,19.239
2016-01-07,66.22,616.798,41.4,0.0,19.406,19.406
2016-01-08,66.21,616.366,41.4,0.0,14.447,19.45
2016-01-09,66.21,616.366,41.4,0.0,19.51,19.51
2016-01-10,66.2,615.934,41.3,0.0,14.351,19.352
2016-01-11,66.2,615.934,41.3,0.0,18.8,18.8
2016-01-12,66.19,615.502,41.3,0.0,14.365,19.363
2016-01-13,66.19,615.502,41.3,0.0,19.084,19.084
2016-01-14,66.18,615.071,41.3,0.0273,14.015,19.011
2016-01-15,66.17,614.639,41.3,0.0,14.313,19.307
2016-01-16,66.16,614.208,41.2,0.0,14.3,19.291
2016-01-17,66.16,614.208,41.2,3.8592,18.435,18.435
2016-01-18,66.16,614.208,41.2,0.3891,18.608,18.608
2016-01-19,66.14,613.346,41.2,0.3989,9.559,19.534
2016-01-20,66.14,613.346,41.2,0.0,19.465,19.465
2016-01-21,66.12,612.485,41.1,0.0273,8.791,18.757
2016-01-22,66.11,612.055,41.1,0.0,14.43,19.409
2016-01-23,66.1,611.625,41.1,0.0,14.94,19.917
2016-01-24,66.08,610.765,41.0,0.1937,9.25,19.197
2016-01-25,66.07,610.336,41.0,0.0,14.502,19.472
2016-01-26,66.06,609.907,40.9,0.0273,15.096,20.063
2016-01-27,66.05,609.478,40.9,0.0273,16.094,21.059
2016-01-28,66.04,609.049,40.9,1.2315,15.352,20.315
2016-01-29,66.03,608.621,40.9,4.0927,15.272,20.232
2016-01-30,66.01,607.764,40.8,0.0,10.618,20.531
2016-01-31,66.0,607.336,40.8,0.0,14.003,18.956
2016-02-01,65.99,606.908,40.7,0.0,14.829,19.78
2016-02-02,65.98,606.481,40.7,0.0,13.342,18.29
2016-02-03,65.97,606.053,40.7,0.0,14.471,19.417
2016-02-04,65.96,605.626,40.7,0.0,15.199,20.143
2016-02-05,65.95,605.199,40.6,0.0,15.112,20.053
2016-02-06,65.93,604.346,40.6,0.0,10.388,20.263
2016-02-07,65.92,603.92,40.5,0.0,13.83,18.764
2016-02-08,65.91,603.494,40.5,0.0,13.266,18.198
2016-02-09,65.89,602.642,40.5,0.0,8.915,18.771
2016-02-10,65.87,601.791,40.4,0.0,9.262,19.109
2016-02-11,65.87,601.791,40.4,0.0273,18.415,18.415
2016-02-12,65.87,601.791,40.4,13.1876,19.941,19.941
2016-02-13,65.88,602.217,40.4,5.1644,24.957,20.035
2016-02-14,65.88,602.217,40.4,0.1608,19.726,19.726
2016-02-15,65.9,603.068,40.5,0.055,29.205,19.353
2016-02-16,65.94,604.773,40.6,0.7744,39.033,19.301
2016-02-17,65.96,605.626,40.7,0.0,29.091,19.211
2016-02-18,65.97,606.053,40.7,0.0,24.252,19.308
2016-02-19,65.98,606.481,40.7,0.0,23.357,18.411
2016-02-20,65.99,606.908,40.7,0.0,24.432,19.484
2016-02-21,65.98,606.481,40.7,0.0,12.949,17.897
2016-02-22,65.99,606.908,40.7,0.0,23.467,18.519
2016-02-23,65.98,606.481,40.7,0.0,14.139,19.087
2016-02-24,65.98,606.481,40.7,0.0,19.255,19.255
2016-02-25,65.97,606.053,40.7,0.0,14.405,19.351
2016-02-26,65.98,606.481,40.7,2.1844,23.161,18.215
2016-02-27,65.97,606.053,40.7,2.2374,14.657,19.603
2016-02-28,65.98,606.481,40.7,8.7215,24.105,19.159
2016-02-29,65.98,606.481,40.7,0.3277,18.787,18.787
2016-03-01,65.99,606.908,40.7,0.0273,23.953,19.005
2016-03-02,65.99,606.908,40.7,0.0,19.524,19.524
2016-03-03,65.99,606.908,40.7,0.0,19.395,19.395
2016-03-04,66.0,607.336,40.8,9.251,22.82,17.869
2016-03-05,66.04,609.049,40.9,32.3033,39.054,19.227
2016-03-06,66.27,618.963,41.5,0.2041,133.077,18.334
2016-03-07,66.7,637.791,42.8,0.0,235.318,17.399
2016-03-08,66.89,646.233,43.4,0.0,116.269,18.557
2016-03-09,67.0,651.156,43.7,0.0,76.139,19.168
2016-03-10,67.09,655.202,44.0,0.0,65.699,18.867
2016-03-11,67.14,657.457,44.1,0.0,45.238,19.135
2016-03-12,67.19,659.718,44.3,0.0,44.324,18.16
2016-03-13,67.23,661.53,44.4,0.0,40.289,19.313
2016-03-14,67.25,662.438,44.5,0.0,27.869,17.367
2016-03-15,67.27,663.346,44.5,0.0,28.871,18.359
2016-03-16,67.29,664.255,44.6,0.0,29.891,19.369
2016-03-17,67.31,665.165,44.6,0.0,29.985,19.453
2016-03-18,67.32,665.62,44.7,5.3052,24.255,18.985
2016-03-19,67.34,666.531,44.7,0.1412,28.628,18.081
2016-03-20,67.35,666.987,44.8,0.0,24.901,19.624
2016-03-21,67.35,666.987,44.8,0.0,19.082,19.082
2016-03-22,67.36,667.443,44.8,0.0,24.834,19.554
2016-03-23,67.36,667.443,44.8,0.0,18.895,18.895
2016-03-24,67.35,666.987,44.8,0.0,12.8,18.08
2016-03-25,67.35,666.987,44.8,0.0,18.777,18.777
2016-03-26,67.35,666.987,44.8,0.0,19.609,19.609
2016-03-27,67.35,666.987,44.8,0.0,19.327,19.327
2016-03-28,67.34,666.531,44.7,0.0,12.934,18.211
2016-03-29,67.34,666.531,44.7,0.0,19.477,19.477
2016-03-30,67.33,666.076,44.7,0.0,13.599,18.874
2016-03-31,67.32,665.62,44.7,0.0,14.298,19.57
2016-04-01,67.31,665.165,44.6,0.0,13.736,19.006
2016-04-02,67.3,664.71,44.6,0.0,14.687,19.954
2016-04-03,67.3,664.71,44.6,5.4683,19.365,19.365
2016-04-04,67.29,664.255,44.6,1.5744,14.068,19.333
2016-04-05,67.28,663.8,44.6,0.0,13.893,19.155
2016-04-06,67.28,663.8,44.6,12.0811,19.718,19.718
2016-04-07,67.32,665.62,44.7,25.6902,40.558,19.494
2016-04-08,67.62,679.378,45.6,0.0,178.624,19.388
2016-04-09,67.8,687.725,46.2,0.0,116.391,19.78
2016-04-10,67.9,692.393,46.5,0.0,73.477,19.456
2016-04-11,67.98,696.142,46.7,0.0,63.217,19.821
2016-04-12,68.02,698.022,46.9,0.1188,41.622,19.864
2016-04-13,68.09,701.32,47.1,15.6672,57.835,19.662
2016-04-14,68.14,703.682,47.2,0.0,46.9,19.558
2016-04-15,68.2,706.524,47.4,0.0,52.767,19.874
2016-04-16,68.28,710.326,47.7,10.964,63.96,19.962
2016-04-17,68.37,714.619,48.0,13.5686,68.539,18.848
2016-04-18,68.52,721.814,48.4,0.688,102.719,19.447
2016-04-19,68.66,728.573,48.9,0.0,96.585,18.35
2016-04-20,68.77,733.915,49.3,0.037,80.366,18.546
2016-04-21,68.94,742.222,49.8,31.3085,115.813,19.665
2016-04-22,69.27,758.53,50.9,0.0,208.049,19.294
2016-04-23,69.51,770.543,51.7,0.0,157.662,18.62
2016-04-24,69.66,778.117,52.2,0.0,107.187,19.527
2016-04-25,69.76,783.195,52.6,0.0,78.752,19.986
2016-04-26,69.83,786.762,52.8,0.0,61.381,20.089
2016-04-27,69.91,790.853,53.1,21.5937,66.068,18.721
2016-04-28,69.99,794.958,53.4,1.5382,67.203,19.688
2016-04-29,70.1,800.845,53.8,0.055,88.534,20.404
2016-04-30,70.2,805.996,54.1,0.0,80.061,20.446
2016-05-01,70.26,809.095,54.3,0.0,65.03,29.154
2016-05-02,70.28,810.13,54.4,1.9942,53.058,41.082
2016-05-03,70.33,812.72,54.5,13.9799,70.782,40.802
2016-05-04,70.31,811.684,54.5,0.0,37.8,49.798
2016-05-05,70.32,812.202,54.5,0.0,59.305,53.307
2016-05-06,70.3,811.166,54.4,0.0,38.359,50.353
2016-05-07,70.28,810.13,54.4,0.0,38.769,50.754
2016-05-08,70.25,808.578,54.3,0.0,30.944,48.905
2016-05-09,70.21,806.512,54.1,0.0,32.096,56.013
2016-05-10,70.19,805.48,54.1,19.7558,41.728,53.673
2016-05-11,70.17,804.448,54.0,2.9634,41.698,53.634
2016-05-12,70.17,804.448,54.0,0.0,52.748,52.748
2016-05-13,70.14,802.903,53.9,0.0,39.072,56.96
2016-05-14,70.12,801.873,53.8,0.0,37.258,49.172
2016-05-15,70.08,799.817,53.7,6.9868,29.682,53.484
2016-05-16,70.06,798.79,53.6,7.7333,39.989,51.877
2016-05-17,70.0,795.713,53.4,0.0,36.73,72.34
2016-05-18,69.93,791.878,53.2,0.0,32.594,76.982
2016-05-19,69.85,787.784,52.9,0.0,29.632,77.021
2016-05-20,69.75,782.686,52.5,0.0,20.975,79.976
2016-05-21,69.66,778.117,52.2,0.0,20.406,73.284
2016-05-22,69.56,773.062,51.9,0.0,17.562,76.067
2016-05-23,69.46,768.03,51.6,0.0,18.688,76.933
2016-05-24,69.39,764.521,51.3,15.6241,33.778,74.395
2016-05-25,69.3,760.025,51.0,0.2016,24.318,76.354
2016-05-26,69.22,756.044,50.7,0.0,30.641,76.719
2016-05-27,69.12,751.087,50.4,0.0,22.433,79.799
2016-05-28,69.03,746.646,50.1,0.0,22.173,73.582
2016-05-29,68.93,741.731,49.8,0.0,19.896,76.773
2016-05-30,68.82,736.351,49.4,0.0,14.136,76.405
2016-05-31,68.71,730.998,49.1,0.0,13.965,75.925
2016-06-01,68.6,725.671,48.7,0.0,14.42,76.072
2016-06-02,68.48,719.89,48.3,0.0,9.371,76.278
2016-06-03,68.36,714.141,47.9,0.0,12.568,79.11
2016-06-04,68.25,708.899,47.6,0.0525,11.936,72.613
2016-06-05,68.14,703.682,47.2,0.0,14.963,75.336
2016-06-06,68.04,698.963,46.9,0.2826,18.335,72.956
2016-06-07,67.93,693.797,46.6,0.4327,18.523,78.317
2016-06-08,67.81,688.191,46.2,0.0,10.935,75.82
2016-06-09,67.7,683.079,45.8,0.0,16.133,75.296
2016-06-10,67.59,677.994,45.5,0.0,16.782,75.644
2016-06-11,67.48,672.934,45.2,3.0126,17.299,75.862
2016-06-12,67.38,668.356,44.9,0.0,19.386,72.366
2016-06-13,67.26,662.892,44.5,0.0552,13.498,76.749
2016-06-14,67.15,657.909,44.2,0.6811,16.489,74.158
2016-06-15,67.06,653.851,43.9,9.2618,23.328,70.292
2016-06-16,66.97,649.811,43.6,1.1141,15.12,61.886
2016-06-17,66.89,646.233,43.4,0.0,26.267,67.671
2016-06-18,66.79,641.781,43.1,0.0,16.765,68.301
2016-06-19,66.7,637.791,42.8,0.0,18.316,64.491
2016-06-20,66.6,633.378,42.5,3.2715,18.06,69.136
2016-06-21,66.51,629.424,42.2,1.7158,17.394,63.156
2016-06-22,66.42,625.487,42.0,0.0,16.731,62.298
2016-06-23,66.32,621.133,41.7,0.0,16.178,66.58
2016-06-24,66.29,619.83,41.6,27.5448,45.695,60.769
2016-06-25,66.22,616.798,41.4,0.1042,22.222,57.311
2016-06-26,66.17,614.639,41.3,0.0,30.899,55.891
2016-06-27,66.09,611.195,41.0,0.0,19.59,59.453
2016-06-28,66.0,607.336,40.8,0.0,15.369,60.033
2016-06-29,65.91,603.494,40.5,0.0,19.113,63.584
2016-06-30,65.84,600.517,40.3,0.1744,26.643,61.099
2016-07-01,65.85,600.941,40.3,36.3173,49.229,44.314
2016-07-02,66.11,612.055,41.1,51.1573,172.537,43.91
2016-07-03,66.58,632.498,42.5,20.8094,276.144,39.533
2016-07-04,68.11,702.264,47.1,92.556,842.346,34.864
2016-07-05,70.24,808.061,54.2,19.0475,1255.41,30.91
2016-07-06,72.87,950.704,63.8,104.7408,1742.044,91.087
2016-07-07,75.11,1083.071,72.7,4.1829,1768.208,236.182
2016-07-08,75.42,1102.199,74.0,0.278,453.689,232.303
2016-07-09,75.45,1104.06,74.1,0.0,253.594,232.047
2016-07-10,75.33,1096.625,73.6,0.0,146.987,233.045
2016-07-11,75.16,1086.143,72.9,2.6503,112.51,233.834
2016-07-12,74.95,1073.276,72.0,0.6334,85.254,234.17
2016-07-13,74.73,1059.895,71.1,0.0,76.351,231.229
2016-07-14,74.68,1056.868,70.9,0.0729,58.22,93.259
2016-07-15,74.59,1051.431,70.6,0.0,47.768,110.688
2016-07-16,74.4,1040.009,69.8,14.8622,73.004,205.204
2016-07-17,74.14,1024.498,68.8,0.256,57.58,237.102
2016-07-18,73.87,1008.537,67.7,0.0,53.888,238.627
2016-07-19,73.57,990.975,66.5,0.8403,38.674,241.933
2016-07-20,73.26,973.019,65.3,0.3126,38.114,245.938
2016-07-21,73.02,959.251,64.4,0.0,26.933,186.293
2016-07-22,72.95,955.257,64.1,0.0,23.806,70.034
2016-07-23,72.88,951.272,63.8,0.0,23.627,69.742
2016-07-24,72.81,947.298,63.6,0.0,21.073,67.074
2016-07-25,72.73,942.767,63.3,0.0,19.243,71.677
2016-07-26,72.66,938.814,63.0,0.0,24.343,70.102
2016-07-27,72.58,934.307,62.7,0.3852,16.129,68.287
2016-07-28,72.51,930.375,62.4,0.8045,24.578,70.095
2016-07-29,72.43,925.892,62.1,4.2384,18.716,70.598
2016-07-30,72.36,921.98,61.9,2.8752,23.116,68.392
2016-07-31,72.3,918.635,61.7,0.797,23.186,61.904
2016-08-01,72.23,914.741,61.4,0.0,28.364,73.431
2016-08-02,72.15,910.303,61.1,10.0849,20.01,71.378
2016-08-03,72.07,905.878,60.8,3.3443,20.238,71.459
2016-08-04,72.01,902.567,60.6,0.0,28.177,66.497
2016-08-05,71.98,900.914,60.5,0.0,28.501,47.63
2016-08-06,71.93,898.163,60.3,0.7289,17.746,49.582
2016-08-07,71.89,895.966,60.1,6.7844,20.01,45.438
2016-08-08,71.83,892.677,59.9,3.1546,12.666,50.74
2016-08-09,71.79,890.488,59.8,0.7854,23.691,49.028
2016-08-10,71.74,887.756,59.6,0.0,17.209,48.829
2016-08-11,71.69,885.029,59.4,0.0,17.681,49.244
2016-08-12,71.64,882.306,59.2,0.0,18.412,49.919
2016-08-13,71.58,879.046,59.0,0.0,11.551,49.284
2016-08-14,71.53,876.335,58.8,2.287,17.315,48.697
2016-08-15,71.47,873.088,58.6,0.0,8.358,45.942
2016-08-16,71.4,869.308,58.3,0.0,7.393,51.137
2016-08-17,71.34,866.076,58.1,0.114,10.748,48.155
2016-08-18,71.28,862.851,57.9,1.4463,12.188,49.514
2016-08-19,71.22,859.633,57.7,0.0,12.33,49.575
2016-08-20,71.16,856.422,57.5,0.0,11.889,49.052
2016-08-21,71.1,853.218,57.3,0.0,8.86,45.942
2016-08-22,71.03,849.489,57.0,0.0,9.266,52.426
2016-08-23,70.96,845.77,56.8,1.379,6.773,49.823
2016-08-24,70.9,842.589,56.6,0.0273,12.594,49.407
2016-08-25,70.77,835.722,56.1,0.0,7.061,86.545
2016-08-26,70.71,832.563,55.9,10.8853,12.345,48.902
2016-08-27,70.65,829.412,55.7,0.1567,12.063,48.54
2016-08-28,70.6,826.791,55.5,6.3513,15.056,45.392
2016-08-29,70.53,823.129,55.2,0.3895,9.225,51.602
2016-08-30,70.48,820.52,55.1,3.355,18.567,48.769
2016-08-31,70.43,817.915,54.9,11.4487,14.556,44.702
2016-09-01,70.41,816.875,54.8,0.3004,27.524,39.567
2016-09-02,70.38,815.315,54.7,11.1823,22.488,40.536
2016-09-03,70.35,813.758,54.6,0.0,24.717,42.745
2016-09-04,70.31,811.684,54.5,0.9309,20.805,44.811
2016-09-05,70.27,809.613,54.3,0.9667,21.206,45.176
2016-09-06,70.22,807.028,54.2,0.073,10.352,40.265
2016-09-07,70.18,804.964,54.0,1.0403,17.91,41.8
2016-09-08,70.14,802.903,53.9,0.9325,17.957,41.812
2016-09-09,70.1,800.845,53.8,1.0373,20.798,44.618
2016-09-10,70.06,798.79,53.6,6.6236,19.083,42.867
2016-09-11,70.01,796.226,53.4,0.1612,9.349,39.029
2016-09-12,69.97,793.931,53.3,1.4279,12.911,39.471
2016-09-13,69.93,791.878,53.2,0.073,17.18,40.938
2016-09-14,69.89,789.829,53.0,0.0,17.537,41.253
2016-09-15,69.84,787.273,52.8,0.0,8.817,38.403
2016-09-16,69.81,785.742,52.7,5.5603,20.356,38.076
2016-09-17,69.97,793.931,53.3,93.4085,124.035,29.256
2016-09-18,70.46,819.477,55.0,10.5464,324.549,28.871
2016-09-19,70.74,834.142,56.0,0.0,209.011,39.286
2016-09-20,70.86,840.473,56.4,0.0,111.985,38.709
2016-09-21,70.92,843.649,56.6,0.0,76.107,39.348
2016-09-22,70.95,845.239,56.7,0.0553,57.521,39.111
2016-09-23,70.96,845.77,56.8,0.0,44.681,38.54
2016-09-24,70.95,845.239,56.7,0.0,33.375,39.516
2016-09-25,70.93,844.179,56.7,0.0,25.442,37.717
2016-09-26,70.91,843.119,56.6,0.5478,26.573,38.839
2016-09-27,70.93,844.179,56.7,12.4835,51.164,38.898
2016-09-28,70.92,843.649,56.6,0.6698,33.13,39.264
2016-09-29,70.89,842.06,56.5,0.1178,20.162,38.552
2016-09-30,70.87,841.001,56.4,7.7689,27.216,39.464
2016-10-01,70.87,841.001,56.4,1.2229,27.209,27.209
2016-10-02,70.88,841.53,56.5,1.0714,33.413,27.29
2016-10-03,70.88,841.53,56.5,8.361,26.345,26.345
2016-10-04,70.89,842.06,56.5,0.1241,33.386,27.261
2016-10-05,70.94,844.709,56.7,38.4653,58.237,27.577
2016-10-06,71.25,861.241,57.8,0.0,217.739,26.39
2016-10-07,71.45,872.007,58.5,15.4399,152.524,27.924
2016-10-08,71.88,895.418,60.1,36.5978,297.544,26.586
2016-10-09,72.46,927.572,62.3,0.0,399.791,27.637
2016-10-10,72.68,939.942,63.1,0.0,171.047,27.866
2016-10-11,72.8,946.731,63.5,0.0,106.149,27.58
2016-10-12,72.88,951.272,63.8,0.0,80.595,28.031
2016-10-13,72.92,953.548,64.0,0.0,54.767,28.43
2016-10-14,72.95,955.257,64.1,0.0,46.747,26.97
2016-10-15,72.98,956.967,64.2,0.0,47.922,28.124
2016-10-16,73.0,958.109,64.3,12.5611,41.33,28.12
2016-10-17,73.02,959.251,64.4,1.4919,41.29,28.07
2016-10-18,73.03,959.822,64.4,0.0,34.938,28.325
2016-10-19,73.06,961.537,64.5,0.0,48.172,28.318
2016-10-20,73.07,962.11,64.6,0.0,34.896,28.273
2016-10-21,73.07,962.11,64.6,0.0,28.138,28.138
2016-10-22,73.07,962.11,64.6,0.0,27.985,27.985
2016-10-23,73.08,962.682,64.6,0.7943,34.596,27.971
2016-10-24,73.06,961.537,64.5,0.1019,14.845,28.092
2016-10-25,73.08,962.682,64.6,11.7482,41.37,28.123
2016-10-26,73.08,962.682,64.6,0.0,28.068,28.068
2016-10-27,73.09,963.255,64.7,0.0,34.765,28.138
2016-10-28,73.09,963.255,64.7,7.8748,28.084,28.084
2016-10-29,73.09,963.255,64.7,0.0729,28.097,28.097
2016-10-30,73.09,963.255,64.7,0.0,27.865,27.865
2016-10-31,73.08,962.682,64.6,0.0,21.6,28.227
2016-11-01,73.08,962.682,64.6,0.0,28.321,28.321
2016-11-02,73.07,962.11,64.6,0.0,21.603,28.228
2016-11-03,73.06,961.537,64.5,0.0,21.598,28.221
2016-11-04,73.05,960.966,64.5,0.0,21.466,28.086
2016-11-05,73.04,960.394,64.5,0.0,21.581,28.199
2016-11-06,73.03,959.822,64.4,0.0,21.568,28.184
2016-11-07,73.02,959.251,64.4,0.8621,21.412,28.025
2016-11-08,73.02,959.251,64.4,5.5341,28.278,28.278
2016-11-09,73.0,958.109,64.3,0.0,15.106,28.326
2016-11-10,73.0,958.109,64.3,3.4808,28.243,28.243
2016-11-11,72.99,957.538,64.3,0.6077,21.501,28.107
2016-11-12,72.98,956.967,64.2,0.0,21.665,28.269
2016-11-13,72.97,956.397,64.2,0.0,21.562,28.164
2016-11-14,72.95,955.257,64.1,0.0525,15.103,28.299
2016-11-15,72.93,954.117,64.0,0.0,15.234,28.421
2016-11-16,72.92,953.548,64.0,0.0,25.301,31.891
2016-11-17,72.9,952.41,63.9,0.0,18.645,31.818
2016-11-18,72.89,951.841,63.9,8.4116,25.42,32.003
2016-11-19,72.87,950.704,63.8,1.1587,18.801,31.96
2016-11-20,72.86,950.136,63.8,0.0505,25.243,31.819
2016-11-21,72.84,949.0,63.7,0.4316,18.787,31.933
2016-11-22,72.82,947.865,63.6,0.057,18.925,32.061
2016-11-23,72.8,946.731,63.5,0.0,18.587,31.714
2016-11-24,72.78,945.597,63.5,0.0,18.921,32.039
2016-11-25,72.76,944.465,63.4,0.0,18.937,32.046
2016-11-26,72.74,943.333,63.3,0.247,18.865,31.964
2016-11-27,72.72,942.202,63.2,4.2898,18.888,31.978
2016-11-28,72.7,941.072,63.2,0.0,19.574,32.655
2016-11-29,72.67,939.378,63.1,0.0525,12.532,32.136
2016-11-30,72.66,938.814,63.0,1.7331,25.411,31.941
2016-12-01,72.64,937.686,62.9,0.3437,18.955,32.008
2016-12-02,72.62,936.559,62.9,0.0,19.106,32.151
2016-12-03,72.59,934.87,62.7,0.0,12.433,31.982
2016-12-04,72.58,934.307,62.7,0.0,25.109,31.621
2016-12-05,72.55,932.621,62.6,0.0,12.735,32.256
2016-12-06,72.53,931.497,62.5,0.0,18.881,31.884
2016-12-07,72.51,930.375,62.4,0.1788,15.559,28.552
2016-12-08,72.49,929.253,62.4,0.8718,15.51,28.494
2016-12-09,72.47,928.132,62.3,2.4395,15.422,28.397
2016-12-10,72.46,927.572,62.3,0.0,21.786,28.27
2016-12-11,72.44,926.452,62.2,0.0,15.172,28.133
2016-12-12,72.43,925.892,62.1,0.0,21.906,28.383
2016-12-13,72.41,924.774,62.1,0.0,15.524,28.471
2016-12-14,72.39,923.656,62.0,0.0,15.584,28.522
2016-12-15,72.36,921.98,61.9,0.0,8.942,28.332
2016-12-16,72.35,921.422,61.8,0.0,22.079,28.538
2016-12-17,72.33,920.307,61.8,0.0,15.304,28.215
2016-12-18,72.31,919.192,61.7,0.0,15.379,28.281
2016-12-19,72.29,918.078,61.6,2.6928,15.676,28.568
2016-12-20,72.27,916.965,61.5,0.0729,15.643,28.526
2016-12-21,72.27,916.965,61.5,11.9436,28.377,28.377
2016-12-22,72.28,917.522,61.6,10.1125,34.879,28.439
2016-12-23,72.28,917.522,61.6,0.698,27.938,27.938
2016-12-24,72.31,919.192,61.7,0.1002,47.576,28.241
2016-12-25,72.32,919.749,61.7,0.0,34.455,28.005
2016-12-26,72.34,920.864,61.8,11.6639,41.378,28.472
2016-12-27,72.35,921.422,61.8,0.3316,34.835,28.379
2016-12-28,72.37,922.539,61.9,0.0,41.342,28.422
2016-12-29,72.39,923.656,62.0,0.0,41.002,28.073
2016-12-30,72.41,924.774,62.1,0.0,41.431,28.493
2016-12-31,72.42,925.333,62.1,0.0,34.916,28.443
2017-01-01,72.43,925.892,62.1,0.0,34.395,27.92
2017-01-02,72.43,925.892,62.1,0.0273,28.643,28.643
2017-01-03,72.43,925.892,62.1,0.0,28.429,28.429
2017-01-04,72.43,925.892,62.1,0.0,28.549,28.549
2017-01-05,72.42,925.333,62.1,0.0,21.83,28.305
2017-01-06,72.42,925.333,62.1,0.0,28.013,28.013
2017-01-07,72.41,924.774,62.1,0.0,22.26,28.733
2017-01-08,72.41,924.774,62.1,0.0,28.567,28.567
2017-01-09,72.39,923.656,62.0,0.0974,15.215,28.153
2017-01-10,72.38,923.097,62.0,0.0,21.768,28.234
2017-01-11,72.37,922.539,61.9,0.0,21.725,28.188
2017-01-12,72.36,921.98,61.9,0.055,21.855,28.316
2017-01-13,72.34,920.864,61.8,0.0525,15.338,28.253
2017-01-14,72.32,919.749,61.7,0.0,15.487,28.393
2017-01-15,72.31,919.192,61.7,0.0,21.737,28.187
2017-01-16,72.29,918.078,61.6,0.0,15.17,28.062
2017-01-17,72.28,917.522,61.6,0.0,22.362,28.805
2017-01-18,72.26,916.409,61.5,0.0,15.53,28.409
2017-01-19,72.24,915.297,61.4,0.0,15.423,28.292
2017-01-20,72.22,914.186,61.4,2.3427,15.354,28.214
2017-01-21,72.21,913.631,61.3,0.4693,22.128,28.555
2017-01-22,72.19,912.521,61.2,0.6185,15.149,27.996
2017-01-23,72.18,911.966,61.2,0.0273,21.941,28.361
2017-01-24,72.15,910.303,61.1,0.0,9.486,28.732
2017-01-25,72.14,909.749,61.1,0.0273,21.837,28.248
2017-01-26,72.12,908.642,61.0,0.0729,15.916,28.731
2017-01-27,72.1,907.536,60.9,1.3164,15.887,28.692
2017-01-28,72.08,906.43,60.8,0.0,14.906,27.702
2017-01-29,72.06,905.325,60.8,5.1777,14.9,27.687
2017-01-30,72.05,904.773,60.7,1.0492,21.842,28.232
2017-01-31,72.04,904.221,60.7,0.0273,22.375,28.763
2017-02-01,72.02,903.118,60.6,0.0,16.143,28.912
2017-02-02,72.0,902.016,60.5,0.0,16.415,29.175
2017-02-03,71.99,901.465,60.5,0.0,21.964,28.34
2017-02-04,71.96,899.813,60.4,0.0,9.35,28.466
2017-02-05,71.95,899.263,60.4,2.2739,22.172,28.539
2017-02-06,71.93,898.163,60.3,0.0,15.727,28.455
2017-02-07,71.91,897.064,60.2,0.0,15.82,28.539
2017-02-08,71.89,895.966,60.1,0.0,15.848,28.558
2017-02-09,71.87,894.869,60.1,0.0,15.75,28.45
2017-02-10,71.85,893.772,60.0,0.0,15.391,28.082
2017-02-11,71.83,892.677,59.9,0.0,15.675,28.357
2017-02-12,71.81,891.582,59.8,0.0,15.651,28.324
2017-02-13,71.79,890.488,59.8,0.3237,15.905,28.569
2017-02-14,71.77,889.394,59.7,0.2034,15.883,28.538
2017-02-15,71.75,888.302,59.6,0.0,15.749,28.395
2017-02-16,71.73,887.21,59.5,2.9843,15.752,28.389
2017-02-17,71.71,886.119,59.5,3.6946,15.703,28.331
2017-02-18,71.69,885.029,59.4,0.0,15.204,27.823
2017-02-19,71.68,884.484,59.4,1.4892,22.459,28.765
2017-02-20,71.68,884.484,59.4,16.4878,28.326,28.326
2017-02-21,71.7,885.574,59.4,0.0,41.035,28.421
2017-02-22,71.74,887.756,59.6,18.7578,53.433,28.178
2017-02-23,71.79,890.488,59.8,0.0,59.808,28.188
2017-02-24,71.9,896.515,60.2,0.0,97.833,28.068
2017-02-25,71.97,900.363,60.4,0.0,72.923,28.384
2017-02-26,72.02,903.118,60.6,0.0,59.971,28.089
2017-02-27,72.05,904.773,60.7,0.0,47.323,28.166
2017-02-28,72.07,905.878,60.8,0.0,40.976,28.193
2017-03-01,72.08,906.43,60.8,0.1949,34.758,28.363
2017-03-02,72.09,906.983,60.9,3.0665,34.52,28.123
2017-03-03,72.1,907.536,60.9,0.0,34.499,28.1
2017-03-04,72.1,907.536,60.9,0.0,28.206,28.206
2017-03-05,72.1,907.536,60.9,0.0,28.2,28.2
2017-03-06,72.09,906.983,60.9,0.0505,21.771,28.17
2017-03-07,72.09,906.983,60.9,0.9319,28.012,28.012
2017-03-08,72.08,906.43,60.8,0.1664,21.61,28.007
2017-03-09,72.07,905.878,60.8,0.0,21.696,28.091
2017-03-10,72.07,905.878,60.8,0.0,28.265,28.265
2017-03-11,72.07,905.878,60.8,0.0,28.002,28.002
2017-03-12,72.05,904.773,60.7,0.0,15.347,28.13
2017-03-13,72.04,904.221,60.7,0.0,21.991,28.379
2017-03-14,72.03,903.67,60.7,0.0,21.965,28.351
2017-03-15,72.01,902.567,60.6,0.0,15.698,28.462
2017-03-16,72.0,902.016,60.5,0.0,21.963,28.342
2017-03-17,71.99,901.465,60.5,0.0,22.288,28.664
2017-03-18,71.97,900.363,60.4,0.0,16.296,29.042
2017-03-19,71.95,899.263,60.4,0.0,16.553,29.29
2017-03-20,71.94,898.713,60.3,0.9673,22.42,28.785
2017-03-21,71.92,897.614,60.2,0.6712,16.227,28.95
2017-03-22,71.9,896.515,60.2,0.0,16.675,29.389
2017-03-23,71.88,895.418,60.1,0.0,16.414,29.119
2017-03-24,71.87,894.869,60.1,0.0,22.853,29.202
2017-03-25,71.86,894.321,60.0,7.8038,22.684,29.031
2017-03-26,71.84,893.224,60.0,0.3571,16.252,28.939
2017-03-27,71.83,892.677,59.9,2.4137,22.769,29.109
2017-03-28,71.82,892.129,59.9,0.2601,22.775,29.113
2017-03-29,71.82,892.129,59.9,0.6098,29.268,29.268
2017-03-30,71.81,891.582,59.8,0.0,23.113,29.448
2017-03-31,71.81,891.582,59.8,5.5543,29.478,29.478
2017-04-01,71.81,891.582,59.8,2.2898,31.369,31.369
2017-04-02,71.8,891.035,59.8,0.0,25.575,31.908
2017-04-03,71.8,891.035,59.8,0.055,31.806,31.806
2017-04-04,71.79,890.488,59.8,0.0,25.436,31.767
2017-04-05,71.79,890.488,59.8,7.2112,31.168,31.168
2017-04-06,71.8,891.035,59.8,8.3848,36.79,30.459
2017-04-07,71.81,891.582,59.8,0.0,37.246,30.913
2017-04-08,71.82,892.129,59.9,0.0,37.025,30.69
2017-04-09,71.85,893.772,60.0,0.0,49.26,30.24
2017-04-10,71.85,893.772,60.0,0.0,30.971,30.971
2017-04-11,71.87,894.869,60.1,12.3288,43.329,30.638
2017-04-12,71.88,895.418,60.1,0.0,33.055,26.706
2017-04-13,71.89,895.966,60.1,0.0,36.886,30.535
2017-04-14,71.91,897.064,60.2,0.0,43.186,30.476
2017-04-15,71.91,897.064,60.2,0.0,30.537,30.537
2017-04-16,71.92,897.614,60.2,0.0,36.952,30.594
2017-04-17,71.94,898.713,60.3,20.059,42.955,30.232
2017-04-18,71.96,899.813,60.4,2.6536,42.996,30.264
2017-04-19,72.0,902.016,60.5,0.0,55.725,30.233
2017-04-20,72.04,904.221,60.7,2.1025,55.878,30.349
2017-04-21,72.07,905.878,60.8,0.0,49.031,29.861
2017-04-22,72.09,906.983,60.9,0.0,43.012,30.22
2017-04-23,72.1,907.536,60.9,0.0,36.179,29.78
2017-04-24,72.09,906.983,60.9,0.0,23.729,30.128
2017-04-25,72.09,906.983,60.9,2.5571,30.296,30.296
2017-04-26,72.08,906.43,60.8,0.8429,23.909,30.306
2017-04-27,72.07,905.878,60.8,0.0,24.881,31.276
2017-04-28,72.06,905.325,60.8,0.0,25.822,32.214
2017-04-29,72.04,904.221,60.7,0.0,19.941,32.719
2017-04-30,72.03,903.67,60.7,0.0,26.171,32.557
2017-05-01,71.99,901.465,60.5,0.0,19.977,45.496
2017-05-02,71.95,899.263,60.4,0.0,21.471,46.954
2017-05-03,71.89,895.966,60.1,0.0,10.607,48.763
2017-05-04,71.84,893.224,60.0,0.0,16.747,48.481
2017-05-05,71.79,890.488,59.8,2.1693,17.081,48.758
2017-05-06,71.73,887.21,59.5,0.0663,10.369,48.306
2017-05-07,71.67,883.939,59.3,0.0,10.607,48.463
2017-05-08,71.62,881.219,59.1,0.0,16.896,48.38
2017-05-09,71.57,878.504,59.0,10.8263,17.433,48.86
2017-05-10,71.52,875.793,58.8,1.8461,17.038,48.409
2017-05-11,71.47,873.088,58.6,0.6171,17.503,48.817
2017-05-12,71.42,870.387,58.4,0.0,17.64,48.897
2017-05-13,71.37,867.691,58.2,0.4004,17.714,48.915
2017-05-14,71.32,865.0,58.1,0.0,17.687,48.831
2017-05-15,71.26,861.778,57.8,0.0,11.605,48.904
2017-05-16,71.21,859.098,57.7,0.0,18.151,49.171
2017-05-17,71.15,855.888,57.4,0.0,12.213,49.363
2017-05-18,71.09,852.685,57.2,0.0,12.02,49.089
2017-05-19,71.03,849.489,57.0,0.0,12.198,49.186
2017-05-20,70.96,845.77,56.8,0.0,5.842,48.892
2017-05-21,70.9,842.589,56.6,0.0,11.828,48.641
2017-05-22,70.84,839.415,56.3,0.0,12.299,49.031
2017-05-23,70.77,835.722,56.1,0.0,6.137,48.889
2017-05-24,70.71,832.563,55.9,4.6606,12.137,48.694
2017-05-25,70.64,828.887,55.6,0.0449,6.107,48.655
2017-05-26,70.58,825.743,55.4,0.0,12.63,49.013
2017-05-27,70.51,822.085,55.2,0.0,6.131,48.476
2017-05-28,70.45,818.956,55.0,0.0,12.343,48.552
2017-05-29,70.38,815.315,54.7,0.0553,6.787,48.93
2017-05-30,70.32,812.202,54.5,0.0552,12.87,48.905
2017-05-31,70.25,808.578,54.3,0.3949,7.111,49.051
2017-06-01,70.16,803.933,54.0,0.055,16.381,70.144
2017-06-02,70.06,798.79,53.6,0.0,9.879,69.406
2017-06-03,69.97,793.931,53.3,0.0,13.966,70.206
2017-06-04,69.85,787.784,52.9,0.0,0.0,70.194
2017-06-05,69.74,782.177,52.5,0.0,5.473,70.36
2017-06-06,69.64,777.105,52.2,5.8206,11.365,70.079
2017-06-07,69.54,772.054,51.8,1.9026,11.665,70.118
2017-06-08,69.44,767.026,51.5,0.0,11.772,69.965
2017-06-09,69.33,761.521,51.1,0.0,6.732,70.445
2017-06-10,69.22,756.044,50.7,0.0,6.831,70.231
2017-06-11,69.12,751.087,50.4,0.0,12.848,70.214
2017-06-12,69.01,745.661,50.0,0.0,7.247,70.052
2017-06-13,68.91,740.751,49.7,4.0906,5.265,62.091
2017-06-14,68.82,736.351,49.4,0.0525,11.152,62.077
2017-06-15,68.71,730.998,49.1,0.0,2.034,63.994
2017-06-16,68.63,727.121,48.8,0.0,13.788,58.657
2017-06-17,68.53,722.295,48.5,0.0,5.981,61.838
2017-06-18,68.43,717.491,48.2,0.0,6.211,61.814
2017-06-19,68.35,713.664,47.9,0.0,9.746,54.047
2017-06-20,68.26,709.374,47.6,0.0,4.444,54.089
2017-06-21,68.17,705.102,47.3,0.0,4.887,54.328
2017-06-22,68.08,700.848,47.0,0.0,5.042,54.28
2017-06-23,67.99,696.612,46.8,0.0,5.151,54.186
2017-06-24,67.9,692.393,46.5,1.6731,13.174,62.006
2017-06-25,67.8,687.725,46.2,5.2435,8.051,62.072
2017-06-26,67.71,683.543,45.9,7.3157,13.381,61.787
2017-06-27,67.64,680.302,45.7,9.653,24.913,62.423
2017-06-28,67.56,676.611,45.4,16.8052,20.027,62.747
2017-06-29,67.52,674.771,45.3,0.1055,41.236,62.537
2017-06-30,67.45,671.558,45.1,0.0,24.863,62.044
2017-07-01,67.43,670.642,45.0,15.26,37.069,47.67
2017-07-02,67.46,672.017,45.1,16.9788,63.136,47.231
2017-07-03,67.78,686.794,46.1,59.3482,218.4,47.361
2017-07-04,68.41,716.533,48.1,19.3544,372.314,28.118
2017-07-05,68.71,730.998,49.1,0.0,188.533,21.114
2017-07-06,68.83,736.839,49.5,7.5128,96.002,28.394
2017-07-07,68.9,740.261,49.7,0.774,67.429,27.821
2017-07-08,69.15,752.572,50.5,34.9526,170.366,27.884
2017-07-09,69.53,771.55,51.8,14.2697,247.506,27.848
2017-07-10,69.84,787.273,52.8,7.4904,208.715,26.742
2017-07-11,70.12,801.873,53.8,5.3224,196.953,27.964
2017-07-12,70.27,809.613,54.3,0.0,117.276,27.703
2017-07-13,70.36,814.277,54.7,0.0,81.699,27.716
2017-07-14,70.45,818.956,55.0,11.7273,81.785,27.622
2017-07-15,70.66,829.936,55.7,26.8336,154.754,27.671
2017-07-16,70.98,846.832,56.8,9.0382,223.541,27.995
2017-07-17,71.27,862.314,57.9,8.7191,207.667,28.468
2017-07-18,71.41,869.847,58.4,0.6423,115.498,28.31
2017-07-19,71.52,875.793,58.8,0.0,98.361,29.545
2017-07-20,71.58,879.046,59.0,0.0,70.62,32.969
2017-07-21,71.62,881.219,59.1,0.0,58.162,33.016
2017-07-22,71.62,881.219,59.1,0.0,33.08,33.08
2017-07-23,71.63,881.762,59.2,1.148,38.67,32.378
2017-07-24,71.65,882.85,59.3,9.8736,45.252,32.661
2017-07-25,71.81,891.582,59.8,21.3487,133.117,32.06
2017-07-26,71.95,899.263,60.4,0.0,117.191,28.288
2017-07-27,72.0,902.016,60.5,0.0,60.294,28.435
2017-07-28,72.04,904.221,60.7,2.2673,53.353,27.824
2017-07-29,72.09,906.983,60.9,17.8927,60.42,28.458
2017-07-30,72.15,910.303,61.1,1.364,66.632,28.202
2017-07-31,72.27,916.965,61.5,24.6416,105.136,28.029
2017-08-01,72.45,927.012,62.2,8.2744,152.384,36.105
2017-08-02,72.59,934.87,62.7,0.0,118.988,28.034
2017-08-03,72.66,938.814,63.0,0.0,73.988,28.342
2017-08-04,72.71,941.637,63.2,0.0,60.715,28.042
2017-08-05,72.73,942.767,63.3,0.0,46.822,33.736
2017-08-06,72.73,942.767,63.3,18.0152,37.167,37.167
2017-08-07,72.8,946.731,63.5,2.3229,82.981,37.109
2017-08-08,72.86,950.136,63.8,0.0552,76.58,37.171
2017-08-09,72.94,954.687,64.1,13.5042,89.464,36.789
2017-08-10,73.0,958.109,64.3,6.822,73.09,33.487
2017-08-11,73.05,960.966,64.5,4.1805,62.237,29.17
2017-08-12,73.09,963.255,64.7,0.0,56.149,29.654
2017-08-13,73.11,964.4,64.7,1.4234,42.455,29.194
2017-08-14,73.38,979.947,65.8,60.365,207.751,27.812
2017-08-15,74.12,1023.311,68.7,23.8445,527.835,25.938
2017-08-16,74.75,1061.107,71.2,13.6047,465.98,28.523
2017-08-17,75.11,1083.071,72.7,10.6647,310.669,56.459
2017-08-18,75.26,1092.302,73.3,0.1732,236.823,129.988
2017-08-19,75.16,1086.143,72.9,3.8031,164.157,235.44
2017-08-20,75.01,1076.943,72.3,2.8454,129.353,235.829
2017-08-21,74.87,1068.399,71.7,21.5679,137.929,236.821
2017-08-22,74.74,1060.501,71.2,4.7398,146.184,237.594
2017-08-23,74.68,1056.868,70.9,7.5356,152.658,194.712
2017-08-24,74.61,1052.638,70.7,23.3974,189.418,238.373
2017-08-25,74.7,1058.078,71.0,0.3074,298.783,235.82
2017-08-26,74.65,1055.054,70.8,0.0,203.326,238.329
2017-08-27,74.49,1045.41,70.2,0.0,126.82,238.431
2017-08-28,74.3,1034.027,69.4,13.679,107.174,238.924
2017-08-29,74.13,1023.905,68.7,4.2874,123.049,240.208
2017-08-30,73.98,1015.022,68.1,0.037,82.542,185.351
2017-08-31,73.97,1014.431,68.1,0.0,63.158,69.993
2017-09-01,73.98,1015.022,68.1,0.0,41.681,34.846
2017-09-02,73.99,1015.613,68.2,0.0,37.914,31.077
2017-09-03,74.0,1016.204,68.2,0.0,37.538,30.698
2017-09-04,73.99,1015.613,68.2,0.0,33.891,40.731
2017-09-05,73.98,1015.022,68.1,1.3681,23.988,30.825
2017-09-06,73.98,1015.022,68.1,3.343,30.236,30.236
2017-09-07,73.98,1015.022,68.1,0.0505,29.866,29.866
2017-09-08,73.98,1015.022,68.1,0.0,32.353,32.353
2017-09-09,73.97,1014.431,68.1,0.0,25.339,32.174
2017-09-10,73.96,1013.841,68.0,0.0,23.602,30.435
2017-09-11,74.12,1023.311,68.7,57.5816,139.915,30.308
2017-09-12,74.38,1038.811,69.7,0.0,210.069,30.67
2017-09-13,74.53,1047.816,70.3,0.0,135.372,31.145
2017-09-14,74.6,1052.034,70.6,0.0,79.117,30.295
2017-09-15,74.63,1053.845,70.7,0.0,51.464,30.505
2017-09-16,74.65,1055.054,70.8,0.0,44.505,30.52
2017-09-17,74.66,1055.658,70.9,0.0,37.535,30.539
2017-09-18,74.67,1056.263,70.9,0.0,37.49,30.492
2017-09-19,74.67,1056.263,70.9,0.1042,30.586,30.586
2017-09-20,74.66,1055.658,70.9,0.9301,23.744,30.742
2017-09-21,74.65,1055.054,70.8,0.0,23.715,30.711
2017-09-22,74.64,1054.449,70.8,0.0,23.734,30.728
2017-09-23,74.63,1053.845,70.7,0.0,23.67,30.661
2017-09-24,74.62,1053.241,70.7,0.0,23.785,30.774
2017-09-25,74.61,1052.638,70.7,0.0,23.91,30.896
2017-09-26,74.6,1052.034,70.6,0.0,23.961,30.945
2017-09-27,74.64,1054.449,70.8,38.58,58.581,30.631
2017-09-28,74.68,1056.868,70.9,0.0974,58.747,30.759
2017-09-29,74.71,1058.683,71.1,0.0,52.044,31.028
2017-09-30,74.72,1059.289,71.1,0.0,37.993,30.983
2017-10-01,74.73,1059.895,71.1,10.4203,35.852,28.839
2017-10-02,74.74,1060.501,71.2,3.9242,36.038,29.023
2017-10-03,74.75,1061.107,71.2,0.0505,36.516,29.499
2017-10-04,74.77,1062.32,71.3,0.0,42.305,28.263
2017-10-05,74.77,1062.32,71.3,0.0,27.977,27.977
2017-10-06,74.77,1062.32,71.3,3.0989,28.463,28.463
2017-10-07,74.77,1062.32,71.3,0.0,28.62,28.62
2017-10-08,74.76,1061.714,71.3,0.1567,22.087,29.109
2017-10-09,74.76,1061.714,71.3,0.0,29.318,29.318
2017-10-10,74.75,1061.107,71.2,0.0,22.434,29.454
2017-10-11,74.75,1061.107,71.2,4.9742,29.086,29.086
2017-10-12,74.74,1060.501,71.2,10.7428,22.326,29.343
2017-10-13,74.73,1059.895,71.1,0.0,22.007,29.022
2017-10-14,74.73,1059.895,71.1,0.0,29.117,29.117
2017-10-15,74.73,1059.895,71.1,0.057,29.134,29.134
2017-10-16,74.72,1059.289,71.1,0.0,22.195,29.208
2017-10-17,74.72,1059.289,71.1,0.0,29.417,29.417
2017-10-18,74.7,1058.078,71.0,0.0,15.028,29.046
2017-10-19,74.69,1057.473,71.0,0.0449,22.216,29.221
2017-10-20,74.66,1055.658,70.9,0.0,20.47,41.472
2017-10-21,74.63,1053.845,70.7,0.0,20.133,41.114
2017-10-22,74.59,1051.431,70.6,0.0,13.151,41.092
2017-10-23,74.56,1049.623,70.4,0.0,20.258,41.189
2017-10-24,74.53,1047.816,70.3,0.0,20.63,41.539
2017-10-25,74.49,1045.41,70.2,0.0,13.191,41.037
2017-10-26,74.46,1043.608,70.0,0.0,20.177,41.037
2017-10-27,74.43,1041.808,69.9,0.0,20.459,41.297
2017-10-28,74.39,1039.41,69.8,0.0,13.831,41.582
2017-10-29,74.35,1037.016,69.6,0.0,13.652,41.365
2017-10-30,74.3,1034.027,69.4,0.0,6.568,41.156
2017-10-31,74.27,1032.237,69.3,0.0,20.662,41.387
2017-11-01,74.24,1030.448,69.2,0.0,8.017,28.72
2017-11-02,74.23,1029.852,69.1,0.0,21.563,28.459
2017-11-03,74.2,1028.066,69.0,0.2045,7.445,28.12
2017-11-04,74.18,1026.876,68.9,0.0,14.901,28.673
2017-11-05,74.16,1025.687,68.8,0.0,14.214,27.976
2017-11-06,74.13,1023.905,68.7,0.0,17.725,38.35
2017-11-07,74.1,1022.124,68.6,0.0,17.779,38.383
2017-11-08,74.06,1019.754,68.4,0.1673,11.18,38.619
2017-11-09,74.03,1017.978,68.3,0.0,17.877,38.432
2017-11-10,73.98,1015.022,68.1,1.849,4.293,38.504
2017-11-11,73.95,1013.251,68.0,0.0,17.935,38.433
2017-11-12,73.91,1010.892,67.9,0.0,11.018,38.316
2017-11-13,73.88,1009.125,67.7,0.0525,17.479,37.928
2017-11-14,73.83,1006.185,67.5,0.073,4.369,38.404
2017-11-15,73.78,1003.249,67.3,0.0,4.593,38.569
2017-11-16,73.75,1001.49,67.2,0.0,17.89,38.247
2017-11-17,73.7,998.563,67.0,0.0634,4.684,38.566
2017-11-18,73.66,996.225,66.9,0.0,11.246,38.31
2017-11-19,73.64,995.057,66.8,0.0,14.497,28.015
2017-11-20,73.6,992.723,66.6,0.0,11.487,38.494
2017-11-21,73.56,990.393,66.5,0.0,11.168,38.138
2017-11-22,73.52,988.066,66.3,0.3632,11.599,38.532
2017-11-23,73.5,986.904,66.2,0.1351,11.077,24.529
2017-11-24,73.48,985.742,66.2,4.3119,15.034,28.477
2017-11-25,73.46,984.582,66.1,0.5894,14.79,28.224
2017-11-26,73.44,983.422,66.0,1.9689,15.003,28.427
2017-11-27,73.42,982.263,65.9,0.0,15.036,28.451
2017-11-28,73.4,981.105,65.9,0.0,14.994,28.4
2017-11-29,73.37,979.369,65.7,0.0,8.318,28.409
2017-11-30,73.34,977.635,65.6,0.0,18.496,38.566
2017-12-01,73.3,975.325,65.5,0.0,11.941,38.668
2017-12-02,73.28,974.172,65.4,0.0,14.941,28.291
2017-12-03,73.26,973.019,65.3,0.0,14.935,28.275
2017-12-04,73.23,971.292,65.2,0.5061,8.608,28.601
2017-12-05,73.21,970.141,65.1,0.0,15.005,28.322
2017-12-06,73.18,968.417,65.0,0.7091,8.212,28.17
2017-12-07,73.17,967.843,65.0,3.4291,22.007,28.655
2017-12-08,73.14,966.121,64.8,0.0,8.339,28.269
2017-12-09,73.13,965.547,64.8,0.0663,21.692,28.331
2017-12-10,73.1,963.827,64.7,1.5964,8.594,28.497
2017-12-11,73.07,962.11,64.6,0.0,8.518,28.4
2017-12-12,73.02,959.251,64.4,0.0,14.975,48.065
2017-12-13,73.0,958.109,64.3,0.0,14.784,28.004
2017-12-14,72.97,956.397,64.2,0.0,8.741,28.553
2017-12-15,72.95,955.257,64.1,0.0,15.366,28.562
2017-12-16,72.92,953.548,64.0,0.0,8.527,28.304
2017-12-17,72.89,951.841,63.9,0.0,8.767,28.524
2017-12-18,72.87,950.704,63.8,0.0,15.426,28.585
2017-12-19,72.85,949.568,63.7,0.0948,14.588,27.738
2017-12-20,72.82,947.865,63.6,0.2025,8.872,28.58
2017-12-21,72.8,946.731,63.5,0.1588,15.285,28.412
2017-12-22,72.78,945.597,63.5,0.0,15.339,28.457
2017-12-23,72.65,938.25,63.0,0.0,7.054,92.095
2017-12-24,72.65,938.25,63.0,16.3274,27.855,27.855
2017-12-25,72.64,937.686,62.9,0.0,21.237,27.762
2017-12-26,72.61,935.996,62.8,0.0273,7.711,27.274
2017-12-27,72.59,934.87,62.7,0.0,14.654,27.684
2017-12-28,72.57,933.745,62.7,0.037,14.426,27.447
2017-12-29,72.56,933.183,62.6,0.0,21.26,27.767
2017-12-30,72.54,932.059,62.6,0.3257,14.314,27.321
2017-12-31,72.52,930.936,62.5,1.0553,14.718,27.716
2018-01-01,72.5,929.814,62.4,0.0,15.545,28.534
2018-01-02,72.48,928.692,62.3,0.0,15.433,28.413
2018-01-03,72.45,927.012,62.2,0.0,8.957,28.409
2018-01-04,72.43,925.892,62.1,0.0,15.5,28.457
2018-01-05,72.4,924.214,62.0,0.0,8.884,28.302
2018-01-06,72.39,923.656,62.0,0.0,21.658,28.126
2018-01-07,72.36,921.98,61.9,0.0,8.878,28.268
2018-01-08,72.34,920.864,61.8,2.2279,15.521,28.436
2018-01-09,72.32,919.749,61.7,1.9844,15.246,28.152
2018-01-10,72.3,918.635,61.7,1.9717,15.334,28.231
2018-01-11,72.27,916.965,61.5,0.0,8.899,28.227
2018-01-12,72.25,915.853,61.5,0.0,15.573,28.447
2018-01-13,72.23,914.741,61.4,0.2038,15.4,28.265
2018-01-14,72.2,913.075,61.3,0.0936,9.126,28.406
2018-01-15,72.18,911.966,61.2,0.0,15.724,28.566
2018-01-16,72.16,910.857,61.1,4.5582,15.689,28.522
2018-01-17,72.16,910.857,61.1,10.4017,27.452,27.452
2018-01-18,72.14,909.749,61.1,0.0,14.883,27.707
2018-01-19,72.13,909.196,61.0,0.0,21.866,28.274
2018-01-20,72.12,908.642,61.0,0.0,22.024,28.43
2018-01-21,72.11,908.089,61.0,0.0,21.784,28.188
2018-01-22,72.1,907.536,60.9,2.5861,22.029,28.431
2018-01-23,72.07,905.878,60.8,0.0663,9.085,28.276
2018-01-24,72.06,905.325,60.8,0.0,21.774,28.166
2018-01-25,72.03,903.67,60.7,0.0,9.249,28.413
2018-01-26,72.01,902.567,60.6,0.0,15.585,28.349
2018-01-27,71.98,900.914,60.5,0.0,10.418,29.547
2018-01-28,71.96,899.813,60.4,0.0,17.132,29.873
2018-01-29,71.94,898.713,60.3,0.0,16.918,29.65
2018-01-30,71.91,897.064,60.2,0.0,9.344,28.425
2018-01-31,71.89,895.966,60.1,0.0,16.274,28.984
2018-02-01,71.86,894.321,60.0,0.0,10.819,29.866
2018-02-02,71.84,893.224,60.0,0.0,17.074,29.761
2018-02-03,71.81,891.582,59.8,0.0,10.438,29.451
2018-02-04,71.78,889.941,59.7,0.0,9.915,28.908
2018-02-05,71.76,888.848,59.7,0.0,16.602,29.252
2018-02-06,71.73,887.21,59.5,0.0,10.163,29.121
2018-02-07,71.7,885.574,59.4,0.0,10.385,29.323
2018-02-08,71.67,883.939,59.3,0.0,10.682,29.6
2018-02-09,71.64,882.306,59.2,0.0,11.046,29.943
2018-02-10,71.62,881.219,59.1,0.0,16.819,29.406
2018-02-11,71.59,879.589,59.0,0.055,10.903,29.766
2018-02-12,71.56,877.961,58.9,0.6391,10.722,29.565
2018-02-13,71.54,876.877,58.9,0.6633,17.12,29.67
2018-02-14,71.51,875.252,58.7,0.0663,10.891,29.7
2018-02-15,71.48,873.628,58.6,0.0,11.284,30.072
2018-02-16,71.45,872.007,58.5,0.0,10.025,28.793
2018-02-17,71.43,870.927,58.5,0.0,16.049,28.55
2018-02-18,71.41,869.847,58.4,0.0,16.885,29.377
2018-02-19,71.37,867.691,58.2,0.0,4.729,29.685
2018-02-20,71.35,866.614,58.2,0.0,17.157,29.622
2018-02-21,71.32,865.0,58.1,0.0,10.638,29.318
2018-02-22,71.29,863.388,58.0,0.0,10.904,29.564
2018-02-23,71.26,861.778,57.8,2.3695,10.677,29.316
2018-02-24,71.24,860.705,57.8,0.0,16.866,29.281
2018-02-25,71.21,859.098,57.7,0.0,10.588,29.193
2018-02-26,71.19,858.027,57.6,0.0,17.037,29.429
2018-02-27,71.16,856.422,57.5,0.0,10.801,29.373
2018-02-28,71.17,856.957,57.5,26.7098,35.833,29.645
2018-03-01,71.16,856.422,57.5,3.2071,23.029,29.217
2018-03-02,71.17,856.957,57.5,0.0,35.54,29.352
2018-03-03,71.18,857.492,57.6,0.0,35.22,29.029
2018-03-04,71.2,858.562,57.6,11.3665,41.523,29.135
2018-03-05,71.24,860.705,57.8,19.4853,54.139,29.336
2018-03-06,71.47,873.088,58.6,0.0,172.733,29.417
2018-03-07,71.59,879.589,59.0,4.3715,104.775,29.526
2018-03-08,71.69,885.029,59.4,12.3917,92.393,29.436
2018-03-09,71.77,889.394,59.7,1.1161,79.739,29.21
2018-03-10,71.84,893.224,60.0,0.0,73.31,28.978
2018-03-11,71.9,896.515,60.2,0.0,67.367,29.279
2018-03-12,71.96,899.813,60.4,0.0,67.267,29.097
2018-03-13,72.0,902.016,60.5,0.0,54.753,29.261
2018-03-14,72.04,904.221,60.7,0.0,55.115,29.586
2018-03-15,72.09,906.983,60.9,10.8071,61.149,29.187
2018-03-16,72.14,909.749,61.1,0.8412,61.248,29.229
2018-03-17,72.2,913.075,61.3,0.0,67.894,29.396
2018-03-18,72.26,916.409,61.5,4.0428,67.965,29.384
2018-03-19,72.35,921.422,61.8,19.459,87.158,29.132
2018-03-20,72.45,927.012,62.2,0.2061,93.883,29.192
2018-03-21,72.61,935.996,62.8,2.8872,133.169,29.185
2018-03-22,72.73,942.767,63.3,10.0444,107.67,29.295
2018-03-23,72.84,949.0,63.7,0.0,101.574,29.438
2018-03-24,72.94,954.687,64.1,0.0,95.059,29.239
2018-03-25,73.03,959.822,64.4,0.0,88.785,29.349
2018-03-26,73.1,963.827,64.7,0.0,75.976,29.618
2018-03-27,73.16,967.268,64.9,0.0,69.371,29.545
2018-03-28,73.2,969.566,65.1,0.0,56.199,29.602
2018-03-29,73.23,971.292,65.2,0.0,49.467,29.495
2018-03-30,73.26,973.019,65.3,0.0,49.652,29.659
2018-03-31,73.27,973.596,65.3,0.0,36.312,29.643
2018-04-01,73.29,974.749,65.4,0.0,42.862,29.517
2018-04-02,73.29,974.749,65.4,0.0,29.847,29.847
2018-04-03,73.29,974.749,65.4,0.0,29.752,29.752
2018-04-04,73.33,977.057,65.6,14.7233,56.344,29.626
2018-04-05,73.36,978.791,65.7,20.9378,48.868,28.805
2018-04-06,73.65,995.641,66.8,22.62,224.256,29.231
2018-04-07,74.07,1020.346,68.5,0.0505,315.784,29.842
2018-04-08,74.29,1033.43,69.4,0.0525,180.399,28.964
2018-04-09,74.42,1041.208,69.9,0.0,119.724,29.702
2018-04-10,74.52,1047.214,70.3,0.111,99.314,29.794
2018-04-11,74.6,1052.034,70.6,6.6372,85.566,29.779
2018-04-12,74.65,1055.054,70.8,0.0,64.991,30.047
2018-04-13,74.69,1057.473,71.0,0.0,61.064,33.066
2018-04-14,74.76,1061.714,71.3,18.8324,88.489,39.401
2018-04-15,74.81,1064.749,71.5,0.055,74.733,39.599
2018-04-16,74.86,1067.79,71.7,0.0,74.405,39.211
2018-04-17,74.9,1070.226,71.8,0.0,67.256,39.058
2018-04-18,74.92,1071.446,71.9,0.0,52.841,38.728
2018-04-19,74.93,1072.056,72.0,0.0,46.706,39.646
2018-04-20,74.93,1072.056,72.0,0.0,39.51,39.51
2018-04-21,74.93,1072.056,72.0,0.0,39.433,39.433
2018-04-22,74.93,1072.056,72.0,0.9423,39.472,39.472
2018-04-23,74.94,1072.666,72.0,26.2345,65.566,58.503
2018-04-24,74.96,1073.887,72.1,7.9241,43.491,29.359
2018-04-25,75.0,1076.332,72.2,0.0,75.98,47.687
2018-04-26,75.03,1078.167,72.4,0.0,118.541,97.296
2018-04-27,75.01,1076.943,72.3,0.0,82.286,96.452
2018-04-28,74.96,1073.887,72.1,0.0,62.408,97.78
2018-04-29,74.89,1069.617,71.8,0.0,48.584,98.005
2018-04-30,74.82,1065.357,71.5,0.0,49.48,98.784
2018-05-01,74.82,1065.357,71.5,1.9224,42.958,42.958
2018-05-02,74.84,1066.573,71.6,16.894,56.746,42.671
2018-05-03,74.8,1064.142,71.4,0.1095,72.37,100.511
2018-05-04,74.73,1059.895,71.1,0.1042,51.232,100.386
2018-05-05,74.65,1055.054,70.8,0.0,43.837,99.871
2018-05-06,74.58,1050.828,70.5,16.2911,50.576,99.481
2018-05-07,74.53,1047.816,70.3,11.2461,65.115,99.976
2018-05-08,74.52,1047.214,70.3,0.0,94.976,101.941
2018-05-09,74.49,1045.41,70.2,0.0,81.332,102.213
2018-05-10,74.44,1042.408,70.0,0.0,58.442,93.196
2018-05-11,74.37,1038.212,69.7,0.0,53.361,101.917
2018-05-12,74.31,1034.624,69.4,13.7687,59.926,101.453
2018-05-13,74.24,1030.448,69.2,4.0651,53.372,101.713
2018-05-14,74.19,1027.471,69.0,0.0,67.234,101.692
2018-05-15,74.15,1025.092,68.8,0.0,54.506,82.03
2018-05-16,74.13,1023.905,68.7,0.1569,48.24,61.988
2018-05-17,74.1,1022.124,68.6,0.5876,41.489,62.093
2018-05-18,74.08,1020.939,68.5,4.269,48.345,62.069
2018-05-19,74.04,1018.57,68.4,0.0449,34.826,62.247
2018-05-20,74.0,1016.204,68.2,0.0,34.47,61.853
2018-05-21,73.95,1013.251,68.0,0.0,27.532,61.708
2018-05-22,73.9,1010.303,67.8,6.3036,27.85,61.967
2018-05-23,73.89,1009.714,67.8,18.9319,55.311,62.127
2018-05-24,73.88,1009.125,67.7,0.0,55.583,62.397
2018-05-25,73.85,1007.361,67.6,0.0,41.416,61.844
2018-05-26,73.8,1004.423,67.4,0.0,28.2,62.199
2018-05-27,73.76,1002.077,67.3,0.0,34.676,61.833
2018-05-28,73.7,998.563,67.0,0.101,21.108,61.774
2018-05-29,73.65,995.641,66.8,0.0,27.686,61.51
2018-05-30,73.6,992.723,66.6,0.4322,28.02,61.785
2018-05-31,73.53,988.648,66.4,0.0,15.093,62.266
2018-06-01,73.42,982.263,65.9,0.0,11.378,85.276
2018-06-02,73.31,975.902,65.5,0.0,11.145,84.761
2018-06-03,73.2,969.566,65.1,0.0,11.36,84.694
2018-06-04,73.12,964.974,64.8,0.0,31.198,84.355
2018-06-05,73.01,958.68,64.3,0.0,12.234,85.082
2018-06-06,72.91,952.979,64.0,0.0,18.899,84.881
2018-06-07,72.8,946.731,63.5,0.0,7.77,80.083
2018-06-08,72.67,939.378,63.1,0.0,4.523,89.624
2018-06-09,72.58,934.307,62.7,0.0,25.926,84.614
2018-06-10,72.46,927.572,62.3,0.0,6.382,84.342
2018-06-11,72.35,921.422,61.8,0.5975,13.305,84.478
2018-06-12,72.23,914.741,61.4,0.3695,7.676,85.003
2018-06-13,72.12,908.642,61.0,0.0,15.474,86.067
2018-06-14,72.02,903.118,60.6,0.0,22.042,85.977
2018-06-15,71.9,896.515,60.2,0.0,9.596,86.017
2018-06-16,71.78,889.941,59.7,0.0,9.904,85.997
2018-06-17,71.66,883.395,59.3,0.0,9.893,85.659
2018-06-18,71.54,876.877,58.9,0.7499,10.552,85.991
2018-06-19,71.41,869.847,58.4,1.9864,4.538,85.895
2018-06-20,71.31,864.463,58.0,0.0578,23.596,85.919
2018-06-21,71.18,857.492,57.6,0.0,5.21,85.892
2018-06-22,71.06,851.086,57.1,0.0,11.921,86.059
2018-06-23,70.93,844.179,56.7,0.0,5.82,85.771
2018-06-24,70.81,837.831,56.2,0.0,12.01,85.474
2018-06-25,70.7,832.037,55.8,0.0,16.311,83.37
2018-06-26,70.59,826.267,55.5,21.1675,13.424,80.212
2018-06-27,70.67,830.461,55.7,73.7876,129.083,80.537
2018-06-28,70.94,844.709,56.7,1.8697,245.206,80.305
2018-06-29,70.99,847.363,56.9,2.7252,147.646,116.929
2018-06-30,70.71,832.563,55.9,2.0369,18.37,189.661
2018-07-01,70.74,834.142,56.0,59.9696,212.277,194.008
2018-07-02,71.59,879.589,59.0,67.3632,728.254,202.241
2018-07-03,72.7,941.072,63.2,1.8129,956.755,245.149
2018-07-04,72.83,948.432,63.7,2.1761,325.585,240.394
2018-07-05,72.77,945.031,63.4,4.7941,201.845,241.212
2018-07-06,72.65,938.25,63.0,8.9658,163.883,242.369
2018-07-07,72.48,928.692,62.3,0.0,133.264,243.884
2018-07-08,72.26,916.409,61.5,0.0,102.257,244.426
2018-07-09,72.16,910.857,61.1,13.625,109.392,173.648
2018-07-10,72.21,913.631,61.3,0.073,107.202,75.103
2018-07-11,72.2,913.075,61.3,0.0553,68.736,75.16
2018-07-12,72.25,915.853,61.5,0.0,66.519,34.374
2018-07-13,72.27,916.965,61.5,0.0,47.428,34.554
2018-07-14,72.28,917.522,61.6,0.0,40.851,34.411
2018-07-15,72.27,916.965,61.5,0.0,27.728,34.168
2018-07-16,72.25,915.853,61.5,0.0,22.014,34.888
2018-07-17,72.24,915.297,61.4,0.0,29.509,35.943
2018-07-18,72.22,914.186,61.4,0.0,23.832,36.692
2018-07-19,72.19,912.521,61.2,0.0,20.102,39.375
2018-07-20,72.15,910.303,61.1,0.0,14.126,39.792
2018-07-21,72.11,908.089,61.0,0.0525,14.371,40.0
2018-07-22,72.07,905.878,60.8,0.0,14.221,39.813
2018-07-23,72.03,903.67,60.7,0.0,14.335,39.891
2018-07-24,71.99,901.465,60.5,0.0,14.347,39.866
2018-07-25,71.94,898.713,60.3,0.0,7.345,39.193
2018-07-26,71.89,895.966,60.1,0.0,8.577,40.368
2018-07-27,71.85,893.772,60.0,0.0,15.053,40.445
2018-07-28,71.81,891.582,59.8,4.1423,15.159,40.514
2018-07-29,71.77,889.394,59.7,0.0,14.342,39.661
2018-07-30,71.72,886.664,59.5,0.0,8.54,40.137
2018-07-31,71.68,884.484,59.4,0.0,15.461,40.698
2018-08-01,71.61,880.675,59.1,0.0,10.814,54.892
2018-08-02,71.54,876.877,58.9,0.0,10.943,54.909
2018-08-03,71.46,872.547,58.6,0.0,4.874,54.985
2018-08-04,71.38,868.23,58.3,0.0,4.766,54.733
2018-08-05,71.3,863.925,58.0,0.0,4.857,54.679
2018-08-06,71.22,859.633,57.7,0.0,5.01,54.688
2018-08-07,71.15,855.888,57.4,0.9309,11.364,54.713
2018-08-08,71.08,852.152,57.2,0.0,11.64,54.879
2018-08-09,71.0,847.894,56.9,1.1697,5.71,54.991
2018-08-10,70.92,843.649,56.6,3.3737,5.697,54.834
2018-08-11,70.85,839.944,56.4,0.0449,11.847,54.725
2018-08-12,70.77,835.722,56.1,0.0,5.478,54.346
2018-08-13,70.71,832.563,55.9,0.5717,18.331,54.888
2018-08-14,70.62,827.838,55.6,0.0,0.354,55.039
2018-08-15,70.55,824.174,55.3,0.3776,12.531,54.939
2018-08-16,70.46,819.477,55.0,1.2644,0.728,55.092
2018-08-17,70.39,815.835,54.8,0.0,12.412,54.57
2018-08-18,70.29,810.648,54.4,0.0,0.0,54.692
2018-08-19,70.21,806.512,54.1,0.0,6.469,54.339
2018-08-20,70.14,802.903,53.9,0.0,13.241,55.01
2018-08-21,70.04,797.764,53.5,0.0,0.0,54.841
2018-08-22,69.96,793.417,53.3,0.0,3.457,53.762
2018-08-23,69.9,790.341,53.0,21.9307,13.17,48.775
2018-08-24,69.88,789.317,53.0,38.98,37.416,49.263
2018-08-25,69.91,790.853,53.1,0.2642,66.362,48.587
2018-08-26,70.03,797.251,53.5,111.0197,123.913,49.867
2018-08-27,72.45,927.012,62.2,65.5486,1607.661,105.798
2018-08-28,73.44,983.422,66.0,18.3127,894.886,241.989
2018-08-29,73.59,992.141,66.6,0.0,340.306,239.396
2018-08-30,73.69,997.978,67.0,40.2715,305.966,238.401
2018-08-31,75.38,1099.719,73.8,67.8865,1476.609,299.048
2018-09-01,75.86,1129.691,75.8,0.037,851.345,504.456
2018-09-02,75.61,1114.021,74.8,0.0,324.158,505.522
2018-09-03,75.3,1094.771,73.5,25.354,280.296,503.097
2018-09-04,76.3,1157.587,77.7,49.7001,1233.753,506.711
2018-09-05,76.37,1162.063,78.0,0.0,562.743,510.942
2018-09-06,76.01,1139.155,76.5,0.4199,371.217,636.35
2018-09-07,75.72,1120.9,75.2,1.164,421.396,632.69
2018-09-08,75.66,1117.144,75.0,0.0,187.78,231.242
2018-09-09,75.46,1104.681,74.1,0.0,86.874,231.122
2018-09-10,75.33,1096.625,73.6,0.0,67.358,160.603
2018-09-11,75.32,1096.007,73.6,0.0,52.476,59.632
2018-09-12,75.3,1094.771,73.5,0.0,45.358,59.663
2018-09-13,75.31,1095.389,73.5,0.0,43.805,36.654
2018-09-14,75.32,1096.007,73.6,4.8238,43.831,36.678
2018-09-15,75.32,1096.007,73.6,1.0614,36.585,36.585
2018-09-16,75.32,1096.007,73.6,1.2241,36.619,36.619
2018-09-17,75.32,1096.007,73.6,0.1042,36.744,36.744
2018-09-18,75.31,1095.389,73.5,0.0,29.142,36.295
2018-09-19,75.29,1094.153,73.4,0.0,22.449,36.749
2018-09-20,75.29,1094.153,73.4,1.2349,36.691,36.691
2018-09-21,75.32,1096.007,73.6,25.1046,57.593,36.14
2018-09-22,75.36,1098.481,73.7,0.0755,65.512,36.874
2018-09-23,75.39,1100.339,73.9,0.1662,57.438,35.934
2018-09-24,75.4,1100.959,73.9,0.0,43.046,35.873
2018-09-25,75.4,1100.959,73.9,0.0,35.687,35.687
2018-09-26,75.39,1100.339,73.9,0.0,29.092,36.265
2018-09-27,75.37,1099.1,73.8,0.0,22.279,36.617
2018-09-28,75.36,1098.481,73.7,0.0,29.629,36.794
2018-09-29,75.34,1097.244,73.6,0.0,22.019,36.343
2018-09-30,75.31,1095.389,73.5,0.0,15.037,36.505
2018-10-01,75.31,1095.389,73.5,1.836,29.459,29.459
2018-10-02,75.29,1094.153,73.4,0.0,15.346,29.646
2018-10-03,75.28,1093.536,73.4,0.0,22.348,29.494
2018-10-04,75.17,1086.758,72.9,0.0449,18.849,97.3
2018-10-05,75.0,1076.332,72.2,54.7113,64.344,185.017
2018-10-06,75.73,1121.526,75.3,60.3381,755.329,232.243
2018-10-07,76.4,1163.984,78.1,0.1042,718.612,227.2
2018-10-08,76.43,1165.907,78.3,0.0,247.231,224.972
2018-10-09,76.3,1157.587,77.7,0.0,126.819,223.115
2018-10-10,76.12,1146.126,76.9,0.3956,91.626,224.28
2018-10-11,75.91,1132.84,76.0,0.0,70.863,224.632
2018-10-12,75.84,1128.432,75.7,0.0505,69.323,120.342
2018-10-13,75.86,1129.691,75.8,0.0,44.043,29.478
2018-10-14,75.88,1130.95,75.9,0.0,43.841,29.267
2018-10-15,75.89,1131.58,75.9,0.0,36.911,29.62
2018-10-16,75.88,1130.95,75.9,0.0,38.703,45.994
2018-10-17,75.88,1130.95,75.9,0.0,29.758,29.758
2018-10-18,75.87,1130.32,75.9,1.4734,22.546,29.834
2018-10-19,75.87,1130.32,75.9,0.0,29.707,29.707
2018-10-20,75.86,1129.691,75.8,0.0,22.577,29.863
2018-10-21,75.86,1129.691,75.8,0.0,29.526,29.526
2018-10-22,75.85,1129.061,75.8,0.0,22.542,29.826
2018-10-23,75.84,1128.432,75.7,0.074,22.031,29.312
2018-10-24,75.83,1127.803,75.7,0.0,22.486,29.765
2018-10-25,75.82,1127.175,75.7,0.0,22.739,30.015
2018-10-26,75.83,1127.803,75.7,11.3719,37.047,29.771
2018-10-27,75.82,1127.175,75.7,0.3014,22.34,29.616
2018-10-28,75.82,1127.175,75.7,10.5321,29.578,29.578
2018-10-29,75.83,1127.803,75.7,0.8519,36.972,29.696
2018-10-30,75.83,1127.803,75.7,0.0449,29.606,29.606
2018-10-31,75.82,1127.175,75.7,0.0,22.329,29.605
2018-11-01,75.82,1127.175,75.7,0.0,29.797,29.797
2018-11-02,75.8,1125.918,75.6,0.0,15.214,29.759
2018-11-03,75.79,1125.29,75.5,0.0,22.701,29.97
2018-11-04,75.78,1124.662,75.5,0.0,22.605,29.872
2018-11-05,75.77,1124.035,75.4,0.0,22.418,29.682
2018-11-06,75.75,1122.78,75.4,0.0,15.427,29.948
2018-11-07,75.74,1122.153,75.3,0.5671,22.494,29.751
2018-11-08,75.78,1124.662,75.5,29.8812,58.746,29.704
2018-11-09,75.83,1127.803,75.7,0.5066,66.284,29.927
2018-11-10,75.88,1130.95,75.9,0.0,66.316,29.898
2018-11-11,75.91,1132.84,76.0,0.0449,51.496,29.616
2018-11-12,75.93,1134.102,76.1,0.0,44.454,29.855
2018-11-13,75.94,1134.733,76.2,0.0,37.191,29.888
2018-11-14,75.94,1134.733,76.2,0.0,29.88,29.88
2018-11-15,75.95,1135.364,76.2,0.0,37.095,29.79
2018-11-16,75.94,1134.733,76.2,0.0525,22.543,29.848
2018-11-17,75.94,1134.733,76.2,0.0,29.873,29.873
2018-11-18,75.93,1134.102,76.1,0.0,22.223,29.526
2018-11-19,75.93,1134.102,76.1,0.0,29.912,29.912
2018-11-20,75.92,1133.471,76.1,0.0,22.548,29.849
2018-11-21,75.9,1132.21,76.0,0.0,15.166,29.76
2018-11-22,75.89,1131.58,75.9,0.0,22.735,30.028
2018-11-23,75.88,1130.95,75.9,0.0,22.672,29.963
2018-11-24,75.88,1130.95,75.9,5.0008,29.863,29.863
2018-11-25,75.87,1130.32,75.9,0.4374,22.33,29.618
2018-11-26,75.86,1129.691,75.8,0.0,22.662,29.948
2018-11-27,75.84,1128.432,75.7,0.0,15.354,29.919
2018-11-28,75.84,1128.432,75.7,0.0,30.145,30.145
2018-11-29,75.82,1127.175,75.7,0.0,15.343,29.898
2018-11-30,75.81,1126.546,75.6,0.0,22.576,29.85
2018-12-01,75.8,1125.918,75.6,0.0,22.64,29.911
2018-12-02,75.78,1124.662,75.5,0.0,15.513,30.049
2018-12-03,75.78,1124.662,75.5,9.2906,29.933,29.933
2018-12-04,75.8,1125.918,75.6,16.4454,43.953,29.417
2018-12-05,75.82,1127.175,75.7,0.0,44.914,30.369
2018-12-06,75.84,1128.432,75.7,1.0763,44.487,29.932
2018-12-07,75.85,1129.061,75.8,0.0449,37.128,29.847
2018-12-08,75.86,1129.691,75.8,0.0,37.102,29.818
2018-12-09,75.86,1129.691,75.8,0.0,29.779,29.779
2018-12-10,75.86,1129.691,75.8,0.0,30.124,30.124
2018-12-11,75.85,1129.061,75.8,2.6909,22.606,29.89
2018-12-12,75.85,1129.061,75.8,0.3465,29.884,29.884
2018-12-13,75.84,1128.432,75.7,0.037,22.762,30.043
2018-12-14,75.84,1128.432,75.7,0.0552,29.753,29.753
2018-12-15,75.83,1127.803,75.7,0.0,22.554,29.833
2018-12-16,75.81,1126.546,75.6,0.3507,15.479,30.029
2018-12-17,75.8,1125.918,75.6,0.0,22.453,29.724
2018-12-18,75.8,1125.918,75.6,0.0,29.934,29.934
2018-12-19,75.79,1125.29,75.5,0.4047,22.673,29.942
2018-12-20,75.78,1124.662,75.5,0.0,22.626,29.893
2018-12-21,75.76,1123.407,75.4,0.0,15.29,29.816
2018-12-22,75.75,1122.78,75.4,0.0,22.309,29.568
2018-12-23,75.73,1121.526,75.3,0.4557,15.236,29.748
2018-12-24,75.72,1120.9,75.2,0.0,22.675,29.927
2018-12-25,75.71,1120.273,75.2,0.0,22.277,29.527
2018-12-26,75.69,1119.021,75.1,0.0,15.349,29.841
2018-12-27,75.67,1117.77,75.0,0.0,15.366,29.849
2018-12-28,75.66,1117.144,75.0,0.0,22.6,29.838
2018-12-29,75.64,1115.894,74.9,0.0,15.442,29.91
2018-12-30,75.62,1114.645,74.8,0.0,15.373,29.831
2018-12-31,75.6,1113.397,74.7,0.0,14.966,29.415
2019-01-01,75.58,1112.149,74.6,0.0,14.594,29.033
2019-01-02,75.57,1111.526,74.6,0.0,22.066,29.282
2019-01-03,75.55,1110.279,74.5,0.0,14.881,29.306
2019-01-04,75.53,1109.034,74.4,0.0,14.802,29.217
2019-01-05,75.51,1107.789,74.4,0.0,14.778,29.183
2019-01-06,75.5,1107.167,74.3,0.0,21.944,29.143
2019-01-07,75.47,1105.303,74.2,0.0,7.74,29.323
2019-01-08,75.45,1104.06,74.1,0.0,15.806,30.183
2019-01-09,75.43,1102.819,74.0,0.0,14.87,29.237
2019-01-10,75.41,1101.579,73.9,0.0,14.714,29.071
2019-01-11,75.4,1100.959,73.9,0.0,21.876,29.051
2019-01-12,75.38,1099.719,73.8,1.9773,14.696,29.039
2019-01-13,75.36,1098.481,73.7,0.0,14.768,29.101
2019-01-14,75.35,1097.862,73.7,0.0,22.086,29.249
2019-01-15,75.32,1096.007,73.6,0.2879,7.707,29.182
2019-01-16,75.3,1094.771,73.5,0.0,14.73,29.035
2019-01-17,75.28,1093.536,73.4,0.0,14.817,29.112
2019-01-18,75.27,1092.919,73.4,0.0,22.044,29.185
2019-01-19,75.25,1091.685,73.3,0.0525,14.814,29.095
2019-01-20,75.22,1089.835,73.1,0.2853,7.388,28.791
2019-01-21,75.2,1088.604,73.1,0.0,15.09,29.347
2019-01-22,75.18,1087.373,73.0,0.0,14.981,29.228
2019-01-23,75.16,1086.143,72.9,0.0,15.077,29.314
2019-01-24,75.15,1085.528,72.9,0.0,21.978,29.093
2019-01-25,75.12,1083.685,72.7,0.0,7.947,29.278
2019-01-26,75.1,1082.457,72.7,0.0,14.643,28.852
2019-01-27,75.09,1081.844,72.6,0.0,21.924,29.025
2019-01-28,75.06,1080.004,72.5,0.3562,7.876,29.164
2019-01-29,75.05,1079.392,72.4,0.0,22.173,29.264
2019-01-30,75.02,1077.555,72.3,0.0,8.058,29.317
2019-01-31,75.0,1076.332,72.2,2.0862,15.079,29.24
2019-02-01,74.98,1075.109,72.2,0.1326,15.204,29.355
2019-02-02,74.96,1073.887,72.1,0.4976,15.081,29.223
2019-02-03,74.97,1074.498,72.1,17.4154,35.925,28.855
2019-02-04,74.96,1073.887,72.1,0.0,21.868,28.938
2019-02-05,74.95,1073.276,72.0,0.0,21.421,28.488
2019-02-06,74.94,1072.666,72.0,0.0,21.243,28.308
2019-02-07,74.93,1072.056,72.0,0.0,22.093,29.156
2019-02-08,74.92,1071.446,71.9,0.0,21.836,28.896
2019-02-09,74.9,1070.226,71.8,0.0,14.969,29.082
2019-02-10,74.89,1069.617,71.8,0.0,21.802,28.855
2019-02-11,74.87,1068.399,71.7,0.0,15.09,29.189
2019-02-12,74.85,1067.182,71.6,0.0,15.121,29.21
2019-02-13,74.83,1065.965,71.5,0.0,15.128,29.208
2019-02-14,74.81,1064.749,71.5,0.0,15.167,29.237
2019-02-15,74.8,1064.142,71.4,0.0,22.125,29.157
2019-02-16,74.77,1062.32,71.3,0.1684,8.0,29.08
2019-02-17,74.75,1061.107,71.2,0.0,15.141,29.183
2019-02-18,74.73,1059.895,71.1,0.0,15.143,29.175
2019-02-19,74.74,1060.501,71.2,17.0992,36.081,29.066
2019-02-20,74.74,1060.501,71.2,0.0,28.991,28.991
2019-02-21,74.73,1059.895,71.1,0.0,22.047,29.062
2019-02-22,74.72,1059.289,71.1,0.0,21.932,28.945
2019-02-23,74.72,1059.289,71.1,0.0,28.937,28.937
2019-02-24,74.71,1058.683,71.1,0.0,21.983,28.993
2019-02-25,74.7,1058.078,71.0,0.0,22.022,29.03
2019-02-26,74.69,1057.473,71.0,0.0,22.145,29.15
2019-02-27,74.67,1056.263,70.9,0.1102,15.206,29.21
2019-02-28,74.66,1055.658,70.9,0.0,22.397,29.395
2019-03-01,74.64,1054.449,70.8,0.0,15.055,29.044
2019-03-02,74.64,1054.449,70.8,0.0055,28.993,28.993
2019-03-03,74.62,1053.241,70.7,0.0,15.113,29.093
2019-03-04,74.61,1052.638,70.7,0.0,22.44,29.426
2019-03-05,74.59,1051.431,70.6,0.0,15.582,29.548
2019-03-06,74.57,1050.225,70.5,0.0,15.375,29.331
2019-03-07,74.55,1049.02,70.4,0.0,15.365,29.312
2019-03-08,74.53,1047.816,70.3,0.0,15.189,29.126
2019-03-09,74.52,1047.214,70.3,0.0,22.099,29.064
2019-03-10,74.51,1046.613,70.2,2.8754,22.021,28.984
2019-03-11,74.49,1045.41,70.2,0.9668,15.398,29.316
2019-03-12,74.48,1044.809,70.1,2.1786,22.123,29.079
2019-03-13,74.46,1043.608,70.0,0.6185,15.313,29.217
2019-03-14,74.45,1043.008,70.0,0.0729,22.506,29.454
2019-03-15,74.44,1042.408,70.0,1.7889,22.147,29.093
2019-03-16,74.43,1041.808,69.9,0.0798,22.167,29.111
2019-03-17,74.41,1040.608,69.8,0.0,15.362,29.242
2019-03-18,74.39,1039.41,69.8,0.0,15.504,29.375
2019-03-19,74.38,1038.811,69.7,0.0,22.365,29.297
2019-03-20,74.37,1038.212,69.7,8.7748,22.335,29.264
2019-03-21,74.36,1037.614,69.6,2.2062,22.032,28.959
2019-03-22,74.34,1036.417,69.6,0.0,15.248,29.095
2019-03-23,74.33,1035.82,69.5,3.4329,22.07,28.99
2019-03-24,74.33,1035.82,69.5,0.238,28.973,28.973
2019-03-25,74.32,1035.222,69.5,0.0,22.509,29.427
2019-03-26,74.31,1034.624,69.4,0.0,22.182,29.097
2019-03-27,74.29,1033.43,69.4,0.0,15.731,29.555
2019-03-28,74.27,1032.237,69.3,0.0,15.695,29.509
2019-03-29,74.25,1031.044,69.2,0.0,15.4,29.205
2019-03-30,74.24,1030.448,69.2,4.559,22.628,29.527
2019-03-31,74.22,1029.256,69.1,0.2473,15.342,29.132
2019-04-01,74.2,1028.066,69.0,0.0,15.83,29.611
2019-04-02,74.17,1026.281,68.9,0.0,8.681,29.335
2019-04-03,74.16,1048.053,68.8,0.0,22.23,29.25
2019-04-04,74.14,1046.841,68.8,0.0,15.162,29.195
2019-04-05,74.11,1045.024,68.6,0.0,8.091,29.123
2019-04-06,74.09,1043.813,68.6,0.0,15.139,29.148
2019-04-07,74.07,1020.346,68.5,0.0,15.412,29.132
2019-04-08,74.04,1018.57,68.4,0.0,8.88,29.442
2019-04-09,74.05,1019.161,68.4,29.8244,36.036,29.184
2019-04-10,74.07,1020.346,68.5,6.2114,42.416,28.706
2019-04-11,74.17,1026.281,68.9,0.0,97.418,28.725
2019-04-12,74.24,1030.448,69.2,0.0,77.592,29.367
2019-04-13,74.29,1033.43,69.4,0.0,63.982,29.465
2019-04-14,74.31,1034.624,69.4,0.8171,43.08,29.256
2019-04-15,74.32,1035.222,69.5,0.0,36.399,29.484
2019-04-16,74.32,1035.222,69.5,0.0,28.888,28.888
2019-04-17,74.32,1035.222,69.5,0.0,29.603,29.603
2019-04-18,74.31,1034.624,69.4,0.0,23.288,30.203
2019-04-19,74.31,1034.624,69.4,0.0,30.116,30.116
2019-04-20,74.29,1033.43,69.4,0.0,16.35,30.174
2019-04-21,74.28,1032.833,69.3,0.0,23.082,29.99
2019-04-22,74.26,1031.64,69.2,0.0,16.848,30.657
2019-04-23,74.25,1031.044,69.2,8.4653,24.695,31.596
2019-04-24,74.27,1032.237,69.3,13.1274,44.506,30.701
2019-04-25,74.29,1033.43,69.4,6.3678,44.399,30.585
2019-04-26,74.3,1034.027,69.4,4.8042,38.072,31.161
2019-04-27,74.33,1035.82,69.5,0.1894,51.938,31.192
2019-04-28,74.35,1037.016,69.6,0.0,45.025,31.183
2019-04-29,74.4,1040.009,69.8,21.1282,65.849,31.202
2019-04-30,74.45,1043.008,70.0,0.055,65.393,30.686
2019-05-01,74.52,1047.214,70.3,0.0,108.856,60.167
2019-05-02,74.56,1049.623,70.4,0.0,88.844,60.97
2019-05-03,74.56,1049.623,70.4,0.0,61.016,61.016
2019-05-04,74.54,1048.418,70.4,0.0,47.055,60.997
2019-05-05,74.51,1046.613,70.2,0.0,39.834,60.729
2019-05-06,74.46,1043.608,70.0,0.0,26.247,61.025
2019-05-07,74.41,1040.608,69.8,0.0,29.159,63.877
2019-05-08,74.35,1037.016,69.6,0.0,22.266,63.85
2019-05-09,74.29,1033.43,69.4,0.0,22.612,64.111
2019-05-10,74.22,1029.256,69.1,0.0,17.125,65.433
2019-05-11,74.15,1025.092,68.8,0.0,17.474,65.666
2019-05-12,74.09,1021.531,68.6,0.0,24.446,65.662
2019-05-13,74.01,1016.795,68.2,0.0,10.642,65.464
2019-05-14,73.94,1012.661,68.0,0.0,17.867,65.713
2019-05-15,73.86,1007.949,67.7,0.0,10.012,64.552
2019-05-16,73.79,1003.836,67.4,0.0,17.541,65.14
2019-05-17,73.72,999.733,67.1,0.057,17.685,65.169
2019-05-18,73.66,996.225,66.9,19.1411,23.1,63.709
2019-05-19,73.61,993.306,66.7,2.056,30.927,64.704
2019-05-20,73.55,989.811,66.4,2.1205,24.496,64.951
2019-05-21,73.49,986.323,66.2,0.0,24.727,65.098
2019-05-22,73.42,982.263,65.9,0.0,18.312,65.305
2019-05-23,73.35,978.213,65.7,0.0,18.274,65.153
2019-05-24,73.27,973.596,65.3,0.0,11.766,65.202
2019-05-25,73.18,968.417,65.0,0.0,5.277,65.215
2019-05-26,73.12,964.974,64.8,0.0,23.96,63.814
2019-05-27,73.05,960.966,64.5,15.5104,12.653,59.044
2019-05-28,73.01,958.68,64.3,0.0,34.452,60.91
2019-05-29,72.93,954.117,64.0,0.0,12.523,65.327
2019-05-30,72.86,950.136,63.8,0.1075,18.961,65.043
2019-05-31,72.79,946.164,63.5,0.2841,18.998,64.967
2019-06-01,72.72,942.202,63.2,0.0,11.058,56.914
2019-06-02,72.65,938.25,63.0,0.0,11.024,56.767
2019-06-03,72.58,934.307,62.7,0.0,11.544,57.174
2019-06-04,72.51,930.375,62.4,0.0,11.749,57.266
2019-06-05,72.44,926.452,62.2,0.0,11.501,56.905
2019-06-06,72.39,923.656,62.0,14.042,23.371,55.734
2019-06-07,72.36,921.98,61.9,12.9312,30.403,49.793
2019-06-08,72.35,921.422,61.8,0.105,30.805,37.264
2019-06-09,72.34,920.864,61.8,2.6599,19.595,26.051
2019-06-10,72.35,921.422,61.8,8.3429,46.272,39.816
2019-06-11,72.3,918.635,61.7,0.105,19.017,51.277
2019-06-12,72.25,915.853,61.5,0.0,24.516,56.718
2019-06-13,72.18,911.966,61.2,0.0,11.482,56.469
2019-06-14,72.12,908.642,61.0,0.0,17.906,56.377
2019-06-15,72.05,904.773,60.7,0.0449,11.894,56.673
2019-06-16,71.98,900.914,60.5,0.0,11.596,56.263
2019-06-17,71.91,897.064,60.2,0.0,11.782,56.337
2019-06-18,71.84,893.224,60.0,0.0,11.934,56.377
2019-06-19,71.77,889.394,59.7,0.0,12.082,56.414
2019-06-20,71.7,885.574,59.4,0.0,10.845,55.066
2019-06-21,71.63,881.762,59.2,0.0,12.295,56.404
2019-06-22,71.55,877.419,58.9,0.7159,5.419,55.693
2019-06-23,71.48,873.628,58.6,0.0,12.123,55.994
2019-06-24,71.4,869.308,58.3,0.0,6.583,56.586
2019-06-25,71.32,865.0,58.1,0.0,6.534,56.392
2019-06-26,71.25,861.241,57.8,9.7856,10.923,54.43
2019-06-27,71.19,858.027,57.6,2.532,13.618,50.822
2019-06-28,71.13,854.819,57.4,0.485,13.814,50.937
2019-06-29,71.09,852.685,57.2,27.6342,25.538,50.242
2019-06-30,71.06,851.086,57.1,0.2132,31.812,50.316
2019-07-01,71.02,848.957,57.0,0.0,33.291,57.932
2019-07-02,70.96,845.77,56.8,0.0,24.458,61.352
2019-07-03,70.9,842.589,56.6,0.0,23.008,59.821
2019-07-04,70.83,838.887,56.3,0.0,17.826,60.672
2019-07-05,70.77,835.722,56.1,0.0,22.095,58.733
2019-07-06,70.7,832.037,55.8,0.0,17.73,60.372
2019-07-07,70.63,828.363,55.6,0.0,18.395,60.928
2019-07-08,70.56,824.697,55.4,0.0,18.465,60.888
2019-07-09,70.49,821.041,55.1,0.0,18.498,60.812
2019-07-10,70.42,817.395,54.9,26.9954,15.59,57.795
2019-07-11,70.37,814.796,54.7,6.3062,24.761,54.841
2019-07-12,70.37,814.796,54.7,0.631,33.166,33.166
2019-07-13,70.38,815.315,54.7,0.357,39.133,33.122
2019-07-14,70.38,815.315,54.7,9.8825,33.945,33.945
2019-07-15,70.42,817.395,54.9,15.6161,63.591,39.523
2019-07-16,70.48,820.52,55.1,14.4472,69.697,33.528
2019-07-17,70.54,823.652,55.3,0.082,69.379,33.13
2019-07-18,70.58,825.743,55.4,8.6596,57.892,33.681
2019-07-19,70.59,826.267,55.5,0.557,41.181,35.123
2019-07-20,70.62,827.838,55.6,29.8419,51.366,33.178
2019-07-21,71.16,856.422,57.5,49.7098,364.051,33.219
2019-07-22,71.85,893.772,60.0,0.055,463.728,31.435
2019-07-23,72.08,906.43,60.8,0.0,175.845,29.345
2019-07-24,72.18,911.966,61.2,0.0,95.742,31.669
2019-07-25,72.32,919.749,61.7,25.7363,123.436,33.35
2019-07-26,72.5,929.814,62.4,3.6196,147.852,31.367
2019-07-27,72.63,937.122,62.9,6.7261,113.242,28.65
2019-07-28,72.75,943.899,63.4,7.2024,107.426,28.996
2019-07-29,72.84,949.0,63.7,0.0,88.355,29.314
2019-07-30,72.91,952.979,64.0,0.0273,75.562,29.512
2019-07-31,72.94,954.687,64.1,0.0,49.041,29.271
2019-08-01,72.94,954.687,64.1,0.0,38.709,38.709
2019-08-02,72.92,953.548,64.0,0.0,34.903,48.086
2019-08-03,72.88,951.272,63.8,0.3682,24.95,51.287
2019-08-04,72.84,949.0,63.7,0.0273,25.789,52.089
2019-08-05,72.79,946.164,63.5,0.0,20.752,53.576
2019-08-06,72.74,943.333,63.3,1.4713,20.791,53.557
2019-08-07,72.7,941.072,63.2,12.7342,22.716,48.887
2019-08-08,72.69,940.507,63.1,7.278,47.357,53.894
2019-08-09,72.68,939.942,63.1,2.704,47.193,53.728
2019-08-10,72.66,938.814,63.0,0.1042,40.748,53.81
2019-08-11,72.64,937.686,62.9,0.0,37.721,50.774
2019-08-12,72.59,934.87,62.7,0.4439,21.235,53.828
2019-08-13,72.53,931.497,62.5,0.1654,15.316,54.351
2019-08-14,72.48,928.692,62.3,0.0,21.671,54.137
2019-08-15,72.42,925.333,62.1,2.9086,14.693,53.577
2019-08-16,72.37,922.539,61.9,1.9035,21.142,53.482
2019-08-17,72.32,919.749,61.7,1.6988,21.284,53.566
2019-08-18,72.26,916.409,61.5,0.0,14.96,53.623
2019-08-19,72.21,913.631,61.3,0.0,21.693,53.849
2019-08-20,72.15,910.303,61.1,0.0,15.469,53.981
2019-08-21,72.1,907.536,60.9,15.9798,21.639,53.67
2019-08-22,72.1,907.536,60.9,43.2904,53.801,53.801
2019-08-23,72.3,918.635,61.7,0.0,182.358,53.893
2019-08-24,72.37,922.539,61.9,0.0,99.026,53.847
2019-08-25,72.38,923.097,62.0,0.0,60.14,53.677
2019-08-26,72.36,921.98,61.9,0.0,41.19,54.114
2019-08-27,72.38,923.097,62.0,21.0006,63.597,50.673
2019-08-28,72.39,923.656,62.0,1.1106,55.168,48.702
2019-08-29,72.38,923.097,62.0,1.809,42.085,48.551
2019-08-30,72.35,921.422,61.8,0.1315,29.524,48.907
2019-08-31,72.33,920.307,61.8,0.0,35.404,48.315
2019-09-01,72.29,918.078,61.6,0.6954,19.05,44.844
2019-09-02,72.27,916.965,61.5,14.6374,32.198,45.081
2019-09-03,72.26,916.409,61.5,2.8232,38.022,44.46
2019-09-04,72.26,916.409,61.5,4.0788,43.619,43.619
2019-09-05,72.32,919.749,61.7,22.4026,82.743,44.08
2019-09-06,72.38,923.097,62.0,2.0217,83.693,44.947
2019-09-07,72.43,925.892,62.1,19.9266,77.142,44.791
2019-09-08,72.6,935.433,62.8,0.1412,155.18,44.756
2019-09-09,72.73,942.767,63.3,6.2446,129.798,44.907
2019-09-10,72.78,945.597,63.5,0.1112,77.79,45.036
2019-09-11,72.81,947.298,63.6,0.1883,64.982,45.302
2019-09-12,72.82,947.865,63.6,11.1946,51.184,44.619
2019-09-13,72.84,949.0,63.7,0.0,57.311,44.175
2019-09-14,72.9,952.41,63.9,0.0,83.381,43.916
2019-09-15,72.92,953.548,64.0,0.0,57.935,44.762
2019-09-16,72.93,954.117,64.0,0.0,51.576,44.986
2019-09-17,72.91,952.979,64.0,0.0,31.66,44.838
2019-09-18,72.88,951.272,63.8,0.0,25.257,45.007
2019-09-19,72.86,950.136,63.8,0.0,34.181,47.336
2019-09-20,72.82,947.865,63.6,0.0,21.527,47.809
2019-09-21,72.83,948.432,63.7,46.676,50.151,43.584
2019-09-22,73.53,988.648,66.4,76.5258,510.237,44.782
2019-09-23,74.99,1075.72,72.2,0.274,1044.527,36.744
2019-09-24,75.38,1099.719,73.8,0.1902,307.056,29.285
2019-09-25,75.55,1110.279,74.5,0.0,151.303,29.081
2019-09-26,75.64,1115.894,74.9,0.0,93.748,28.761
2019-09-27,75.69,1119.021,75.1,0.0,73.266,37.078
2019-09-28,75.72,1120.9,75.2,0.0,66.607,44.865
2019-09-29,75.72,1120.9,75.2,0.0,44.801,44.801
2019-09-30,75.72,1120.9,75.2,0.0,61.344,61.344
2019-10-01,75.6,1113.397,74.7,0.0,35.984,122.822
2019-10-02,75.44,1103.44,74.1,83.9241,115.048,230.292
2019-10-03,76.73,1185.243,79.6,15.9731,1173.825,227.024
2019-10-04,77.17,1213.948,81.5,0.1392,555.747,223.522
2019-10-05,77.18,1214.605,81.5,0.1179,231.372,223.766
2019-10-06,77.08,1208.043,81.1,0.0,148.001,223.949
2019-10-07,76.92,1197.588,80.4,8.8838,103.491,224.497
2019-10-08,76.74,1185.891,79.6,0.203,89.862,225.242
2019-10-09,76.54,1172.975,78.7,0.0,76.503,225.994
2019-10-10,76.38,1162.703,78.0,0.0,68.741,187.63
2019-10-11,76.42,1165.266,78.2,0.0,58.38,28.716
2019-10-12,76.44,1166.549,78.3,0.0,43.599,28.753
2019-10-13,76.46,1167.832,78.4,0.0,43.59,28.734
2019-10-14,76.46,1167.832,78.4,0.0,28.887,28.887
2019-10-15,76.47,1168.474,78.4,0.0,36.46,29.028
2019-10-16,76.46,1167.832,78.4,0.0,21.757,29.189
2019-10-17,76.47,1168.474,78.4,0.0,36.353,28.921
2019-10-18,76.46,1167.832,78.4,0.6594,21.696,29.128
2019-10-19,76.46,1167.832,78.4,0.0,29.191,29.191
2019-10-20,76.46,1167.832,78.4,0.0,28.874,28.874
2019-10-21,76.4,1163.984,78.1,0.0,21.761,66.3
2019-10-22,76.18,1149.939,77.2,0.0,28.224,190.785
2019-10-23,75.97,1136.627,76.3,0.0,25.72,179.794
2019-10-24,75.94,1134.733,76.2,0.0,18.518,40.441
2019-10-25,75.92,1133.471,76.1,0.0,13.897,28.5
2019-10-26,75.91,1132.84,76.0,0.0,21.043,28.341
2019-10-27,75.9,1132.21,76.0,0.0,20.834,28.13
2019-10-28,75.88,1130.95,75.9,0.0,13.978,28.562
2019-10-29,75.86,1129.691,75.8,0.2079,14.268,28.842
2019-10-30,75.84,1128.432,75.7,0.0,14.261,28.826
2019-10-31,75.83,1127.803,75.7,0.0,21.627,28.906
2019-11-01,75.81,1126.546,75.6,0.0,14.179,28.729
2019-11-02,75.79,1125.29,75.5,0.0,14.225,28.766
2019-11-03,75.77,1124.035,75.4,0.0,14.062,28.593
2019-11-04,75.75,1122.78,75.4,0.0,14.283,28.804
2019-11-05,75.73,1121.526,75.3,0.0,14.363,28.875
2019-11-06,75.71,1120.273,75.2,0.0,14.069,28.571
2019-11-07,75.69,1119.021,75.1,0.0,14.162,28.654
2019-11-08,75.67,1117.77,75.0,0.0,13.543,28.026
2019-11-09,75.65,1116.519,74.9,0.0,14.029,28.502
2019-11-10,75.64,1115.894,74.9,10.8978,21.095,28.328
2019-11-11,75.63,1115.27,74.9,3.0976,21.32,28.55
2019-11-12,75.61,1114.021,74.8,0.0,14.29,28.744
2019-11-13,75.59,1112.773,74.7,2.3937,14.334,28.778
2019-11-14,75.59,1112.773,74.7,0.0,28.638,28.638
2019-11-15,75.57,1111.526,74.6,0.0922,14.388,28.822
2019-11-16,75.56,1110.902,74.6,0.6346,21.345,28.559
2019-11-17,75.59,1112.773,74.7,14.2212,50.137,28.489
2019-11-18,75.63,1115.27,74.9,17.5771,57.585,28.687
2019-11-19,75.65,1116.519,74.9,0.0,43.464,29.001
2019-11-20,75.66,1117.144,75.0,0.0,36.184,28.949
2019-11-21,75.66,1117.144,75.0,0.0,28.842,28.842
2019-11-22,75.66,1117.144,75.0,0.0,28.738,28.738
2019-11-23,75.65,1116.519,74.9,0.0,21.767,29.002
2019-11-24,75.63,1115.27,74.9,0.93,14.169,28.632
2019-11-25,75.62,1114.645,74.8,0.0,21.527,28.755
2019-11-26,75.61,1114.021,74.8,0.0525,21.542,28.768
2019-11-27,75.59,1112.773,74.7,0.0,14.419,28.863
2019-11-28,75.58,1112.149,74.6,0.0,21.59,28.808
2019-11-29,75.56,1110.902,74.6,0.0,14.639,29.069
2019-11-30,75.54,1109.657,74.5,0.0,14.752,29.172
2019-12-01,75.53,1109.034,74.4,12.2193,21.966,29.172
2019-12-02,75.51,1107.789,74.4,0.1597,14.397,28.802
2019-12-03,75.5,1107.167,74.3,0.2574,22.153,29.352
2019-12-04,75.48,1105.924,74.2,0.0,14.05,28.441
2019-12-05,75.47,1105.303,74.2,0.0,22.548,29.74
2019-12-06,75.45,1104.06,74.1,0.0,14.814,29.191
2019-12-07,75.43,1102.819,74.0,0.0,14.441,28.808
2019-12-08,75.41,1101.579,73.9,0.0,14.691,29.048
2019-12-09,75.4,1100.959,73.9,0.0,20.518,27.693
2019-12-10,75.38,1099.719,73.8,0.0,12.748,27.091
2019-12-11,75.36,1098.481,73.7,0.1445,10.776,25.109
2019-12-12,75.34,1097.244,73.6,0.0,15.227,29.551
2019-12-13,75.31,1095.389,73.5,0.0,8.267,29.735
2019-12-14,75.29,1094.153,73.4,0.4412,15.543,29.843
2019-12-15,75.27,1092.919,73.4,0.0,15.554,29.844
2019-12-16,75.25,1091.685,73.3,0.0,15.691,29.972
2019-12-17,75.23,1090.452,73.2,2.3609,15.09,29.361
2019-12-18,75.21,1089.219,73.1,0.0,15.138,29.399
2019-12-19,75.19,1087.988,73.0,0.0,15.182,29.434
2019-12-20,75.16,1086.143,72.9,0.0,7.856,29.216
2019-12-21,75.14,1084.913,72.8,0.0,15.051,29.279
2019-12-22,75.12,1083.685,72.7,0.0,14.963,29.181
2019-12-23,75.1,1082.457,72.7,0.0851,15.158,29.367
2019-12-24,75.08,1081.23,72.6,0.0,15.025,29.224
2019-12-25,75.06,1080.004,72.5,0.0,14.886,29.076
2019-12-26,75.04,1078.779,72.4,1.7291,15.028,29.208
2019-12-27,75.02,1077.555,72.3,0.0,15.168,29.338
2019-12-28,75.0,1076.332,72.2,0.0,15.171,29.332
2019-12-29,74.99,1075.72,72.2,8.2938,22.192,29.269
2019-12-30,74.97,1074.498,72.1,2.0788,15.16,29.307
2019-12-31,74.95,1096.6,72.0,0.1042,14.919,29.336
2020-01-01,74.93,1095.356,72.0,0.0,14.13,28.538
2020-01-02,74.91,1070.836,71.9,0.0,15.548,29.666
2020-01-03,74.9,1070.226,71.8,0.0,22.302,29.357
2020-01-04,74.88,1069.008,71.8,0.0,15.315,29.419
2020-01-05,74.86,1067.79,71.7,0.0,15.21,29.304
2020-01-06,74.85,1067.182,71.6,11.1622,22.475,29.518
2020-01-07,74.92,1071.446,71.9,37.8076,78.63,29.276
2020-01-08,75.14,1084.913,72.8,4.4612,185.242,29.367
2020-01-09,75.38,1099.719,73.8,0.0578,200.856,29.489
2020-01-10,75.5,1107.167,74.3,0.0,115.662,29.46
2020-01-11,75.57,1111.526,74.6,0.0,79.815,29.371
2020-01-12,75.61,1114.021,74.8,0.0,57.132,28.254
2020-01-13,75.65,1116.519,74.9,0.0,57.886,28.969
2020-01-14,75.67,1117.77,75.0,0.0,43.844,29.371
2020-01-15,75.68,1118.395,75.1,0.0,36.669,29.429
2020-01-16,75.69,1119.021,75.1,0.0,36.737,29.494
2020-01-17,75.7,1119.647,75.1,0.0,36.874,29.629
2020-01-18,75.7,1119.647,75.1,0.0,29.393,29.393
2020-01-19,75.69,1119.021,75.1,0.0,22.374,29.619
2020-01-20,75.69,1119.021,75.1,0.0,29.33,29.33
2020-01-21,75.69,1119.021,75.1,0.0,29.509,29.509
2020-01-22,75.68,1118.395,75.1,0.2235,22.494,29.737
2020-01-23,75.67,1117.77,75.0,3.745,22.493,29.733
2020-01-24,75.66,1117.144,75.0,0.0,22.358,29.596
2020-01-25,75.66,1117.144,75.0,0.0,28.978,28.978
2020-01-26,75.65,1116.519,74.9,0.0,21.472,28.707
2020-01-27,75.65,1116.519,74.9,11.8852,29.155,29.155
2020-01-28,75.64,1115.894,74.9,0.1179,22.382,29.615
2020-01-29,75.66,1117.144,75.0,0.6737,44.177,29.709
2020-01-30,75.66,1117.144,75.0,0.0,29.689,29.689
2020-01-31,75.67,1117.77,75.0,0.057,37.026,29.788
2020-02-01,75.67,1117.77,75.0,0.0,29.52,29.52
2020-02-02,75.67,1117.77,75.0,0.0,29.599,29.599
2020-02-03,75.66,1117.144,75.0,0.0,22.569,29.807
2020-02-04,75.66,1117.144,75.0,0.0,29.877,29.877
2020-02-05,75.65,1116.519,74.9,0.0826,22.172,29.407
2020-02-06,75.64,1115.894,74.9,0.0,17.007,24.24
2020-02-07,75.63,1115.27,74.9,0.0,21.847,29.077
2020-02-08,75.62,1114.645,74.8,0.0,22.239,29.467
2020-02-09,75.6,1113.397,74.7,0.0,15.127,29.576
2020-02-10,75.59,1112.773,74.7,0.0,22.366,29.587
2020-02-11,75.58,1112.149,74.6,0.0,22.283,29.501
2020-02-12,75.58,1112.149,74.6,11.1778,29.6,29.6
2020-02-13,75.58,1112.149,74.6,0.3531,29.564,29.564
2020-02-14,75.57,1111.526,74.6,0.0,22.345,29.561
2020-02-15,75.57,1111.526,74.6,1.5342,29.115,29.115
2020-02-16,75.58,1112.149,74.6,6.9744,36.655,29.439
2020-02-17,75.58,1112.149,74.6,0.5626,29.486,29.486
2020-02-18,75.58,1112.149,74.6,0.11,29.6,29.6
2020-02-19,75.58,1112.149,74.6,0.0,29.286,29.286
2020-02-20,75.58,1112.149,74.6,0.0,29.045,29.045
2020-02-21,75.58,1112.149,74.6,1.2049,29.44,29.44
2020-02-22,75.57,1111.526,74.6,3.4714,22.333,29.549
2020-02-23,75.57,1111.526,74.6,0.0,29.545,29.545
2020-02-24,75.57,1111.526,74.6,0.0,29.633,29.633
2020-02-25,75.67,1117.77,75.0,43.9651,101.869,29.601
2020-02-26,75.99,1137.891,76.4,0.0,310.494,77.613
2020-02-27,76.13,1146.761,77.0,0.0,209.309,106.644
2020-02-28,76.16,1148.667,77.1,3.2218,128.562,106.5
2020-02-29,76.15,1148.031,77.1,0.0,98.968,106.324
2020-03-01,76.11,1145.491,76.9,0.0,76.798,106.199
2020-03-02,76.06,1142.321,76.7,0.0,69.694,106.39
2020-03-03,76.01,1139.155,76.5,0.0,69.74,106.376
2020-03-04,76.03,1140.421,76.5,0.1042,44.169,29.522
2020-03-05,76.05,1141.687,76.6,0.0,44.251,29.594
2020-03-06,76.07,1142.954,76.7,0.0,43.796,29.13
2020-03-07,76.08,1143.588,76.8,0.6224,36.629,29.292
2020-03-08,76.09,1144.222,76.8,0.0,36.752,29.413
2020-03-09,76.09,1144.222,76.8,2.2364,29.681,29.681
2020-03-10,76.12,1146.126,76.9,11.5178,51.425,29.393
2020-03-11,76.13,1146.761,77.0,0.0634,36.656,29.307
2020-03-12,76.1,1144.857,76.8,0.0,36.958,58.998
2020-03-13,76.02,1139.788,76.5,0.0,39.737,98.403
2020-03-14,75.93,1134.102,76.1,0.0,34.549,100.363
2020-03-15,75.84,1128.432,75.7,0.0,33.816,99.433
2020-03-16,75.76,1123.407,75.4,0.0,41.249,99.411
2020-03-17,75.67,1117.77,75.0,0.0,34.068,99.316
2020-03-18,75.59,1112.773,74.7,0.0,41.54,99.374
2020-03-19,75.49,1106.546,74.3,0.0,27.508,99.584
2020-03-20,75.39,1100.339,73.9,0.0,27.557,99.392
2020-03-21,75.3,1094.771,73.5,0.0,34.589,99.035
2020-03-22,75.2,1088.604,73.1,0.0,28.181,99.56
2020-03-23,75.1,1082.457,72.7,0.0,28.539,99.678
2020-03-24,75.0,1076.332,72.2,0.0,27.498,98.398
2020-03-25,74.9,1070.226,71.8,0.1101,28.668,99.329
2020-03-26,74.79,1063.535,71.4,0.0634,21.352,98.804
2020-03-27,74.7,1058.078,71.0,7.9992,36.36,99.516
2020-03-28,74.59,1051.431,70.6,0.0,22.062,98.991
2020-03-29,74.5,1046.012,70.2,0.0,36.667,99.395
2020-03-30,74.4,1040.009,69.8,0.0,29.682,99.154
2020-03-31,74.3,1034.027,69.4,0.0,29.697,98.933
2020-04-01,74.27,1032.237,69.3,0.0,22.366,43.091
2020-04-02,74.25,1031.044,69.2,0.0,28.959,42.764
2020-04-03,74.22,1029.256,69.1,0.0,22.477,43.166
2020-04-04,74.19,1027.471,69.0,0.0,22.255,42.923
2020-04-05,74.15,1025.092,68.8,0.0,15.17,42.694
2020-04-06,74.13,1023.905,68.7,0.0,29.118,42.866
2020-04-07,74.1,1022.124,68.6,0.0,22.241,42.845
2020-04-08,74.06,1019.754,68.4,0.0,15.429,42.868
2020-04-09,74.03,1017.978,68.3,0.0,22.455,43.01
2020-04-10,74.0,1016.204,68.2,0.0,22.268,42.802
2020-04-11,73.96,1013.841,68.0,0.0,15.361,42.706
2020-04-12,73.94,1012.661,68.0,0.4188,29.072,42.731
2020-04-13,73.9,1010.303,67.8,0.1491,15.522,42.811
2020-04-14,73.87,1008.537,67.7,0.0,21.896,42.338
2020-04-15,73.83,1006.185,67.5,0.0,15.551,42.774
2020-04-16,73.79,1003.836,67.4,0.0,16.935,44.12
2020-04-17,73.76,1002.077,67.3,7.476,23.522,43.886
2020-04-18,73.74,1000.905,67.2,1.0241,30.376,43.941
2020-04-19,73.71,999.148,67.1,16.871,24.037,44.366
2020-04-20,73.7,998.563,67.0,0.3031,38.007,44.779
2020-04-21,73.68,997.394,66.9,0.0663,31.157,44.693
2020-04-22,73.66,996.225,66.9,0.0,31.919,45.446
2020-04-23,73.63,994.473,66.7,0.0,26.88,47.153
2020-04-24,73.59,992.141,66.6,0.0,20.864,47.862
2020-04-25,73.56,990.393,66.5,0.0,27.536,47.76
2020-04-26,73.53,988.648,66.4,0.0,27.469,47.672
2020-04-27,73.48,985.742,66.2,0.0,16.136,49.761
2020-04-28,73.44,983.422,66.0,0.0,21.128,47.986
2020-04-29,73.41,981.684,65.9,0.0,28.168,48.287
2020-04-30,73.36,978.791,65.7,0.0,15.0,48.485
2020-05-01,73.32,976.48,65.5,0.0,17.648,44.394
2020-05-02,73.29,974.749,65.4,0.0,25.575,45.61
2020-05-03,73.25,972.443,65.3,3.0361,18.917,45.598
2020-05-04,73.21,970.141,65.1,0.0,19.244,45.888
2020-05-05,73.17,967.843,65.0,3.2334,20.152,46.758
2020-05-06,73.14,966.121,64.8,0.0,26.495,46.425
2020-05-07,73.1,963.827,64.7,0.0,20.098,46.639
2020-05-08,73.06,961.537,64.5,6.0982,19.147,45.651
2020-05-09,73.05,960.966,64.5,16.1577,36.27,42.89
2020-05-10,73.04,960.394,64.5,0.3289,36.898,43.516
2020-05-11,73.02,959.251,64.4,0.0,31.012,44.241
2020-05-12,72.99,957.538,64.3,0.0,23.758,43.584
2020-05-13,72.95,955.257,64.1,0.0,17.99,44.392
2020-05-14,72.93,954.117,64.0,0.0,32.104,45.291
2020-05-15,72.92,953.548,64.0,16.194,38.986,45.576
2020-05-16,72.9,952.41,63.9,0.0663,33.452,46.625
2020-05-17,72.88,951.272,63.8,0.0,33.595,46.759
2020-05-18,72.9,952.41,63.9,20.5794,59.037,45.873
2020-05-19,72.9,952.41,63.9,2.9585,43.848,43.848
2020-05-20,72.92,953.548,64.0,0.0273,57.605,44.432
2020-05-21,72.92,953.548,64.0,0.0,43.264,43.264
2020-05-22,72.91,952.979,64.0,0.0273,37.054,43.642
2020-05-23,72.89,951.841,63.9,0.0,32.988,46.157
2020-05-24,72.86,950.136,63.8,2.812,26.737,46.473
2020-05-25,72.84,949.0,63.7,0.0,33.244,46.39
2020-05-26,72.81,947.298,63.6,0.0,26.124,45.825
2020-05-27,72.77,945.031,63.4,0.0,20.141,46.377
2020-05-28,72.73,942.767,63.3,0.0,20.065,46.264
2020-05-29,72.69,940.507,63.1,0.0,20.555,46.717
2020-05-30,72.65,938.25,63.0,0.0,20.554,46.679
2020-05-31,72.61,935.996,62.8,0.0,20.558,46.646
2020-06-01,72.54,952.503,62.6,0.4308,12.661,59.159
2020-06-02,72.48,949.067,62.3,0.0,18.063,57.826
2020-06-03,72.42,925.333,62.1,0.0,19.853,58.737
2020-06-04,72.36,921.98,61.9,0.0,20.756,59.557
2020-06-05,72.29,918.078,61.6,0.0,13.909,59.072
2020-06-06,72.22,914.186,61.4,3.2029,14.564,59.615
2020-06-07,72.16,910.857,61.1,0.1042,14.701,53.227
2020-06-08,72.08,906.43,60.8,0.0,13.775,65.015
2020-06-09,72.02,903.118,60.6,0.0,20.953,59.287
2020-06-10,72.01,902.567,60.6,27.4112,52.198,58.579
2020-06-11,72.15,910.303,61.1,29.6163,144.24,54.698
2020-06-12,72.22,914.186,61.4,4.7374,87.958,43.019
2020-06-13,72.29,918.078,61.6,13.3519,86.598,41.547
2020-06-14,72.7,941.072,63.2,56.3361,320.162,54.032
2020-06-15,73.32,976.48,65.5,0.0,464.909,55.096
2020-06-16,73.47,985.162,66.1,0.0,160.198,59.708
2020-06-17,73.5,986.904,66.2,0.0,80.075,59.914
2020-06-18,73.5,986.904,66.2,2.4473,59.824,59.824
2020-06-19,73.5,986.904,66.2,0.2586,59.975,59.975
2020-06-20,73.47,985.162,66.1,0.0,38.267,58.428
2020-06-21,73.44,983.422,66.0,0.1042,40.586,60.726
2020-06-22,73.41,981.684,65.9,0.0,39.986,60.105
2020-06-23,73.36,978.791,65.7,0.0,26.363,59.848
2020-06-24,73.32,976.48,65.5,4.3356,29.33,56.076
2020-06-25,73.29,974.749,65.4,1.9564,33.102,53.137
2020-06-26,73.24,971.868,65.2,0.11,19.979,53.324
2020-06-27,73.2,969.566,65.1,0.0,26.469,53.103
2020-06-28,73.15,966.694,64.9,0.0,19.879,53.12
2020-06-29,73.17,967.843,65.0,34.7162,66.525,53.236
2020-06-30,73.22,970.717,65.2,17.9831,86.507,53.243
2020-07-01,73.16,967.268,64.9,1.739,119.388,159.298
2020-07-02,73.05,960.966,64.5,0.0,86.696,159.646
2020-07-03,72.91,973.852,64.0,4.318,65.119,159.462
2020-07-04,72.74,964.008,63.3,0.2665,45.59,159.523
2020-07-05,72.56,933.183,62.6,0.0,41.974,159.453
2020-07-06,72.39,923.656,62.0,30.6228,49.453,159.721
2020-07-07,72.4,924.214,62.0,0.2494,166.065,159.597
2020-07-08,72.42,925.333,62.1,0.0,172.81,159.867
2020-07-09,72.31,919.192,61.7,0.0,88.862,159.934
2020-07-10,72.16,910.857,61.1,13.0881,66.059,162.528
2020-07-11,72.02,903.118,60.6,0.114,67.051,156.625
2020-07-12,71.92,897.614,60.2,49.1976,92.6,156.307
2020-07-13,74.4,1040.009,69.8,86.0751,1824.759,176.664
2020-07-14,75.58,1112.149,74.6,4.7273,1065.806,230.851
2020-07-15,75.92,1133.471,76.1,4.6394,476.893,230.114
2020-07-16,76.16,1148.667,77.1,0.2238,404.067,228.186
2020-07-17,76.22,1152.485,77.4,0.0,386.954,342.765
2020-07-18,75.98,1137.259,76.3,0.0,328.321,504.552
2020-07-19,75.51,1107.789,74.4,2.7657,159.351,500.431
2020-07-20,75.04,1078.779,72.4,23.6289,169.897,505.661
2020-07-21,74.55,1049.02,70.4,0.0273,197.867,542.299
2020-07-22,74.25,1031.044,69.2,43.0409,454.8,662.863
2020-07-23,74.54,1048.418,70.4,47.6202,1009.351,808.258
2020-07-24,75.65,1116.519,74.9,21.7678,1601.456,813.25
2020-07-25,76.13,1146.761,77.0,10.2875,1143.911,793.892
2020-07-26,75.98,1137.259,76.3,2.3984,687.086,797.066
2020-07-27,75.7,1119.647,75.1,3.4418,587.659,791.498
2020-07-28,75.44,1103.44,74.1,21.1751,598.147,785.732
2020-07-29,75.96,1135.995,76.2,38.2089,1162.776,785.976
2020-07-30,79.14,1347.558,90.4,95.7651,3494.615,1045.97
2020-07-31,78.52,1304.602,87.6,4.5717,1631.419,2128.592
2020-08-01,77.56,1239.735,83.2,4.5043,728.388,1479.173
2020-08-02,76.26,1155.034,77.5,2.2033,484.106,1464.432
2020-08-03,74.77,1062.32,71.3,1.4842,384.843,1457.921
2020-08-04,73.61,993.306,66.7,7.7525,420.762,1219.536
2020-08-05,72.9,952.41,63.9,11.9308,493.641,966.983
2020-08-06,72.31,919.192,61.7,20.0492,593.931,978.393
2020-08-07,72.29,918.078,61.6,71.7132,969.281,982.173
2020-08-08,75.27,1092.919,73.4,81.8639,3869.868,1846.254
2020-08-09,77.41,1229.778,82.5,8.7753,4590.323,3006.301
2020-08-10,75.97,1136.627,76.3,33.9918,2195.99,3274.129
2020-08-11,75.81,1126.546,75.6,51.1945,2882.408,2999.081
2020-08-12,74.41,1040.608,69.8,7.2129,1836.91,2831.561
2020-08-13,73.56,990.393,66.5,0.0,935.688,1516.883
2020-08-14,73.56,990.393,66.5,0.2101,405.649,405.649
2020-08-15,73.68,997.394,66.9,0.0,206.779,125.757
2020-08-16,73.72,999.733,67.1,0.0,152.237,125.155
2020-08-17,73.72,999.733,67.1,0.0,125.277,125.277
2020-08-18,73.69,997.978,67.0,0.0,105.103,125.418
2020-08-19,73.63,994.473,66.7,0.0,85.364,125.931
2020-08-20,73.56,990.393,66.5,0.0,81.868,129.09
2020-08-21,73.55,989.811,66.4,0.0,49.407,56.144
2020-08-22,73.55,989.811,66.4,9.4329,56.953,56.953
2020-08-23,73.52,988.066,66.3,0.0729,70.095,90.291
2020-08-24,73.25,972.443,65.3,0.3852,66.149,246.968
2020-08-25,72.9,952.41,63.9,0.3036,70.997,302.869
2020-08-26,71.89,895.966,60.1,15.1391,124.093,777.373
2020-08-27,71.75,888.302,59.6,10.8062,107.724,196.436
2020-08-28,71.9,896.515,60.2,21.4523,148.558,53.493
2020-08-29,72.11,908.0888,61.0,24.15,184.883,50.93
2020-08-30,72.5,929.8137,62.4,12.3268,302.444,50.998
2020-08-31,72.8,946.7308,63.5,1.0611,246.666,50.867
2020-09-01,72.79,946.164,63.5,0.0449,142.598,149.158
2020-09-02,72.09,906.983,60.9,47.433,177.207,630.693
2020-09-03,73.79,1003.836,67.4,80.5765,2407.154,1286.167
2020-09-04,73.26,973.019,65.3,0.0,928.145,1284.819
2020-09-05,72.02,903.118,60.6,0.1019,465.088,1274.132
2020-09-06,70.59,826.267,55.5,18.5294,390.038,1279.519
2020-09-07,70.7,832.037,55.8,43.2203,628.308,561.52
2020-09-08,71.91,897.064,60.2,0.1676,792.523,39.896
2020-09-09,72.44,926.452,62.2,14.966,380.187,40.055
2020-09-10,72.76,944.465,63.4,0.2164,248.624,40.14
2020-09-11,72.99,957.538,64.3,2.9261,191.399,40.092
2020-09-12,73.18,968.417,65.0,6.5824,165.508,39.591
2020-09-13,73.33,977.057,65.6,0.3161,139.917,39.916
2020-09-14,73.45,984.002,66.0,0.0,120.553,40.175
2020-09-15,73.54,989.229,66.4,0.0,100.53,40.026
2020-09-16,73.61,993.306,66.7,2.5929,87.431,40.242
2020-09-17,73.67,996.809,66.9,3.5774,80.562,40.023
2020-09-18,73.73,1000.319,67.1,0.1179,80.793,40.169
2020-09-19,73.77,1002.663,67.3,0.7715,67.068,39.939
2020-09-20,73.8,1004.423,67.4,0.0,60.119,39.747
2020-09-21,73.83,1006.185,67.5,0.0,59.7,39.307
2020-09-22,73.83,1006.185,67.5,0.0,40.845,40.845
2020-09-23,73.84,1006.773,67.6,0.0,46.25,39.448
2020-09-24,73.84,1006.773,67.6,0.0,39.679,39.679
2020-09-25,73.85,1007.361,67.6,0.0553,46.195,39.39
2020-09-26,73.85,1007.361,67.6,0.0,39.36,39.36
2020-09-27,73.85,1007.361,67.6,0.0,39.289,39.289
2020-09-28,73.84,1006.773,67.6,0.0,33.222,40.027
2020-09-29,73.84,1006.773,67.6,0.0,39.982,39.982
2020-09-30,73.83,1006.185,67.5,0.0,33.203,40.005
2020-10-01,73.84,1006.773,67.6,0.0,38.689,31.887
2020-10-02,73.84,1006.773,67.6,0.0,31.897,31.897
2020-10-03,73.83,1028.153,67.5,1.0928,24.941,31.883
2020-10-04,73.82,1027.553,69.0,0.7564,24.961,31.9
2020-10-05,73.8,1026.355,67.4,0.0,18.003,31.875
2020-10-06,73.8,1026.355,67.4,0.0,30.9,30.9
2020-10-07,73.78,1025.157,67.3,0.0,17.009,30.871
2020-10-08,73.76,1023.96,67.3,0.0,17.155,31.008
2020-10-09,73.74,1022.764,67.2,0.0,16.839,30.682
2020-10-10,73.73,1022.166,67.1,0.0,23.549,30.467
2020-10-11,73.71,1020.972,67.1,0.0,16.706,30.535
2020-10-12,73.7,998.563,67.0,0.0,23.944,30.716
2020-10-13,73.68,997.394,66.9,0.0,17.41,30.946
2020-10-14,73.66,996.225,66.9,0.0,17.498,31.025
2020-10-15,73.64,995.057,66.8,0.0,17.628,31.146
2020-10-16,73.63,994.473,66.7,0.0,24.311,31.066
2020-10-17,73.6,992.723,66.6,0.0,10.585,30.837
2020-10-18,73.59,992.141,66.6,0.0,23.874,30.62
2020-10-19,73.56,990.393,66.5,0.0,10.658,30.882
2020-10-20,73.54,989.229,66.4,0.0,17.583,31.054
2020-10-21,73.53,988.648,66.4,1.065,24.433,31.165
2020-10-22,73.5,986.904,66.2,0.2801,10.866,31.048
2020-10-23,73.48,985.742,66.2,0.0,17.575,31.018
2020-10-24,73.45,984.002,66.0,0.0,10.929,31.076
2020-10-25,73.43,1004.33,66.0,0.0,17.134,30.83
2020-10-26,73.41,1003.148,67.3,0.0,17.377,31.064
2020-10-27,73.39,1001.966,67.3,0.0,17.373,31.05
2020-10-28,73.37,1000.785,67.2,0.0,17.824,31.492
2020-10-29,73.34,999.015,67.1,0.0,10.728,31.211
2020-10-30,73.33,998.426,67.0,0.0,24.555,31.378
2020-10-31,73.3,996.659,66.9,0.0,10.627,31.082
2020-11-01,73.28,995.481,66.8,5.0139,14.834,28.459
2020-11-02,73.26,994.305,66.7,0.0552,15.007,28.622
2020-11-03,73.23,992.542,66.6,0.3485,8.219,28.624
2020-11-04,73.21,991.368,66.5,0.0,14.872,28.464
2020-11-05,73.2,990.781,66.5,0.0,21.7,28.492
2020-11-06,73.19,990.194,66.5,0.0,23.852,30.642
2020-11-07,73.17,989.021,66.4,0.0,14.744,28.317
2020-11-08,73.13,986.679,66.2,0.0,3.278,30.395
2020-11-09,73.11,985.508,66.1,0.0,14.99,28.534
2020-11-10,73.08,983.755,66.0,0.0,8.513,28.811
2020-11-11,73.06,982.586,66.0,0.0,15.125,28.645
2020-11-12,73.04,981.419,65.9,0.0,17.133,30.644
2020-11-13,73.01,979.67,65.8,0.0,8.521,28.769
2020-11-14,73.0,979.087,65.7,0.0,21.74,28.485
2020-11-15,72.97,977.34,65.6,0.0,8.269,28.489
2020-11-16,72.97,977.34,65.6,0.0,28.68,28.68
2020-11-17,72.95,976.176,65.5,5.0624,15.072,28.54
2020-11-18,72.93,975.013,65.4,2.2013,17.269,30.728
2020-11-19,72.95,976.176,65.5,28.9841,44.202,30.743
2020-11-20,72.95,976.176,65.5,0.0,30.546,30.546
2020-11-21,72.97,977.34,65.6,0.0,42.334,28.866
2020-11-22,72.98,977.922,65.6,3.0442,35.442,28.704
2020-11-23,72.95,976.176,65.5,0.0,8.625,28.831
2020-11-24,72.94,975.595,65.5,0.0,24.183,30.913
2020-11-25,72.92,974.432,65.4,0.0525,17.209,30.663
2020-11-26,72.91,973.852,65.4,0.0,23.989,30.712
2020-11-27,72.88,972.11,65.2,0.0,10.557,30.713
2020-11-28,72.85,970.37,65.1,0.0,10.766,30.9
2020-11-29,72.83,969.212,65.1,0.0,17.291,30.702
2020-11-30,72.81,968.054,65.0,0.0,17.39,30.792
2020-12-01,72.78,966.319,64.9,0.0,10.389,30.473
2020-12-02,72.76,965.163,64.8,0.0,17.588,30.966
2020-12-03,72.73,963.43,64.7,0.0,10.655,30.704
2020-12-04,72.71,962.277,64.6,0.0,17.344,30.698
2020-12-05,72.69,961.124,64.5,0.0,17.342,30.687
2020-12-06,72.67,959.972,64.4,0.0,17.095,30.43
2020-12-07,72.64,958.245,64.3,0.0,10.843,30.828
2020-12-08,72.62,957.095,64.2,0.0,17.313,30.624
2020-12-09,72.61,956.52,64.2,0.0,23.984,30.636
2020-12-10,72.58,954.797,64.1,0.0,10.715,30.657
2020-12-11,72.55,953.076,64.0,0.0,10.598,30.519
2020-12-12,72.52,951.357,63.9,0.0,10.595,30.494
2020-12-13,72.5,950.212,63.8,2.1693,17.316,30.57
2020-12-14,72.47,948.495,63.7,0.0,10.672,30.535
2020-12-15,72.44,946.781,63.5,0.0,10.764,30.606
2020-12-16,72.41,945.068,63.4,0.0,10.768,30.589
2020-12-17,72.39,943.928,63.4,0.0,17.528,30.73
2020-12-18,72.36,942.218,63.2,0.0,10.486,30.271
2020-12-19,72.34,941.08,63.2,0.0,17.463,30.641
2020-12-20,72.32,939.942,63.1,0.0,17.409,30.578
2020-12-21,72.29,938.237,63.0,0.055,11.021,30.756
2020-12-22,72.27,937.101,62.9,0.0,17.652,30.797
2020-12-23,72.24,935.399,62.8,0.0,10.997,30.696
2020-12-24,72.22,934.265,62.7,0.0,17.662,30.783
2020-12-25,72.19,932.567,62.6,0.0,10.874,30.538
2020-12-26,72.18,932.001,62.6,0.0,23.936,30.486
2020-12-27,72.15,930.304,62.4,0.0525,10.978,30.613
2020-12-28,72.13,929.174,62.4,0.0,17.738,30.816
2020-12-29,72.09,926.917,62.2,1.2329,4.685,30.813
2020-12-30,72.04,924.099,62.0,0.221,0.0,30.809
2020-12-31,72.02,922.974,61.9,0.11,17.606,30.632
2021-01-01,71.99,921.287,61.8,0.4451,10.516,30.037
2021-01-02,71.97,920.164,61.8,0.1498,17.221,30.223
2021-01-03,71.94,918.48,61.6,0.055,10.749,30.234
2021-01-04,71.91,916.799,61.5,0.1212,11.011,30.475
2021-01-05,71.89,915.679,61.5,0.1628,17.445,30.409
2021-01-06,71.86,914.0,61.3,0.2801,11.238,30.666
2021-01-07,71.83,912.323,61.2,0.6167,10.912,30.319
2021-01-08,71.81,911.207,61.2,0.0,17.65,30.576
2021-01-09,71.78,909.533,61.0,0.0,12.375,31.746
2021-01-10,71.75,907.861,60.9,0.0,11.719,31.069
2021-01-11,71.72,906.191,60.8,0.0,11.938,31.266
2021-01-12,71.69,904.523,60.71,0.092,12.037,31.344
2021-01-13,71.67,903.412,60.6,0.3747,18.761,31.62
2021-01-14,71.65,902.302,60.6,0.0,21.173,34.023
2021-01-15,71.63,901.192,60.5,0.0,21.242,34.082
2021-01-16,71.59,898.976,60.3,0.0,8.537,34.189
2021-01-17,71.56,897.3157,60.2,0.0,14.783,33.997
2021-01-18,71.53,895.6574,60.1,1.1927,14.644,33.837
2021-01-19,71.51,894.553,60.0,0.11,18.869,31.652
2021-01-20,71.49,893.449,60.0,0.055,18.701,31.475
2021-01-21,71.47,892.346,59.89,5.1729,17.169,29.933
2021-01-22,71.46,891.795,59.9,2.1286,21.193,27.572
2021-01-23,71.43,890.143,59.7,0.1233,11.732,30.853
2021-01-24,71.41,889.043,59.7,0.0,18.54,31.276
2021-01-25,71.4,888.493,59.63,0.0,24.418,30.782
2021-01-26,71.37,886.845,59.5,4.76,11.846,30.925
2021-01-27,71.35,885.747,59.5,0.0,18.617,31.324
2021-01-28,71.32,884.101,59.34,0.8274,12.333,31.376
2021-01-29,71.29,882.458,59.23,0.0,11.914,30.935
2021-01-30,71.26,880.816,59.1,0.112,12.004,31.004
2021-01-31,71.24,879.723,59.0,0.0,18.422,31.077
2021-02-01,71.21,878.084,58.93,7.9907,12.932,31.896
2021-02-02,71.18,876.4478,58.8,0.0,12.496,31.439
2021-02-03,71.17,875.9026,58.8,0.037,25.302,31.612
2021-02-04,71.15,874.813,58.7,0.6685,18.621,31.233
2021-02-05,71.13,873.724,58.6,0.0,18.697,31.299
2021-02-06,71.11,872.636,58.6,0.0,13.167,25.76
2021-02-07,71.07,870.462,58.4,0.0,5.635,30.792
2021-02-08,71.04,868.834,58.3,0.0,12.619,31.462
2021-02-09,71.02,867.75,58.2,0.0,18.852,31.402
2021-02-10,70.99,866.125,58.1,0.0,12.208,31.015
2021-02-11,70.97,865.043,58.06,0.0,18.066,30.592
2021-02-12,70.94,863.421,58.0,0.0,12.312,31.084
2021-02-13,70.91,861.801,57.8,0.0,11.803,30.553
2021-02-14,70.88,860.183,57.73,1.3336,12.672,31.401
2021-02-15,70.85,858.567,57.6,1.4491,12.613,31.32
2021-02-16,70.82,856.952,57.5,1.5019,12.647,31.333
2021-02-17,70.79,855.34,57.41,0.0,12.571,31.235
2021-02-18,70.76,853.729,57.3,0.1883,12.428,31.071
2021-02-19,70.75,853.192,57.3,0.2953,25.153,31.363
2021-02-20,70.74,852.656,57.2,0.0,24.42,30.627
2021-02-21,70.71,851.048,57.1,0.0,13.061,31.668
2021-02-22,70.67,848.908,56.97,0.0,7.303,32.079
2021-02-23,70.64,847.304,56.9,0.0,13.03,31.587
2021-02-24,70.61,845.703,56.8,0.0,13.268,31.804
2021-02-25,70.6,845.169,56.7,0.7383,25.016,31.19
2021-02-26,70.57,843.57,56.6,0.0449,13.197,31.704
2021-02-27,70.54,841.973,56.51,0.0,12.908,31.394
2021-02-28,70.51,840.378,56.4,0.6437,12.479,30.943
2021-03-01,70.52,840.909,56.4,44.653,37.621,31.469
2021-03-02,70.58,844.103,56.7,1.872,68.165,31.201
2021-03-03,70.69,849.978,57.1,0.0,99.689,31.698
2021-03-04,70.75,853.192,57.3,4.7075,68.323,31.116
2021-03-05,70.77,854.266,57.3,0.0525,43.742,31.321
2021-03-06,70.79,855.34,57.4,0.0,43.761,31.33
2021-03-07,70.8,855.877,57.4,0.0,37.608,31.389
2021-03-08,70.78,854.802,57.4,0.0,19.045,31.481
2021-03-09,70.78,854.802,57.4,0.0,31.486,31.486
2021-03-10,70.78,854.802,57.4,0.0,31.322,31.322
2021-03-11,70.77,854.266,57.3,0.0,25.249,31.463
2021-03-12,70.77,854.266,57.3,17.9986,31.245,31.245
2021-03-13,70.78,854.802,57.4,0.1077,37.042,30.828
2021-03-14,70.8,855.877,57.4,0.0,44.434,31.998
2021-03-15,70.82,856.952,57.5,0.055,43.872,31.427
2021-03-16,70.81,856.414,57.5,0.7358,25.315,31.539
2021-03-17,70.82,856.952,57.5,0.0,37.759,31.535
2021-03-18,70.82,856.952,57.5,0.0,31.156,31.156
2021-03-19,70.81,856.414,57.5,0.0,25.213,31.437
2021-03-20,70.8,855.877,57.4,3.9885,25.109,31.33
2021-03-21,70.8,855.877,57.4,0.0663,30.894,30.894
2021-03-22,70.78,854.802,57.4,0.0,18.75,31.186
2021-03-23,70.77,854.266,57.3,0.0,25.116,31.33
2021-03-24,70.76,853.729,57.3,0.0,25.216,31.428
2021-03-25,70.73,852.12,57.2,0.0,12.807,31.428
2021-03-26,70.71,851.048,57.1,0.0,18.951,31.353
2021-03-27,70.71,851.048,57.1,15.8493,31.008,31.008
2021-03-28,70.71,851.048,57.1,2.7366,31.157,31.157
2021-03-29,70.71,851.048,57.1,0.0,31.474,31.474
2021-03-30,70.69,849.978,57.1,0.0,19.043,31.436
2021-03-31,70.71,851.048,57.1,0.0,43.836,31.443
2021-04-01,70.7,850.513,57.1,0.0,25.036,31.234
2021-04-02,70.7,850.513,57.1,0.0,31.175,31.175
2021-04-03,70.72,851.584,57.2,19.6853,43.436,31.038
2021-04-04,70.77,854.266,57.3,15.2613,62.327,31.291
2021-04-05,70.91,861.801,57.8,0.0505,117.873,30.656
2021-04-06,71.0,866.667,58.2,0.0,87.733,31.418
2021-04-07,71.05,869.377,58.4,0.0,62.761,31.392
2021-04-08,71.07,870.462,58.4,0.0,43.889,31.325
2021-04-09,71.09,871.549,58.5,0.0,43.9,31.326
2021-04-10,71.11,872.636,58.6,0.0,43.803,31.22
2021-04-11,71.11,872.636,58.6,0.0,31.329,31.329
2021-04-12,71.11,872.636,58.6,13.3883,31.244,31.244
2021-04-13,71.11,872.636,58.6,0.8691,31.19,31.19
2021-04-14,71.12,873.18,58.6,0.0,37.459,31.164
2021-04-15,71.14,874.268,58.7,0.0,44.025,31.427
2021-04-16,71.14,874.268,58.7,0.0,32.801,32.801
2021-04-17,71.12,873.18,58.6,0.0,20.256,32.854
2021-04-18,71.11,872.636,58.6,0.0,26.512,32.807
2021-04-19,71.09,871.549,58.5,0.0,20.41,32.993
2021-04-20,71.08,871.006,58.5,0.0,28.99,35.278
2021-04-21,71.06,869.92,58.4,0.0,23.215,35.784
2021-04-22,71.03,868.292,58.3,0.0,17.202,36.038
2021-04-23,70.99,866.125,58.1,0.0,10.77,35.851
2021-04-24,70.95,863.961,58.0,0.0,10.752,35.795
2021-04-25,70.92,862.341,57.9,0.0,16.939,35.696
2021-04-26,70.89,860.722,57.8,0.0,17.057,35.793
2021-04-27,70.84,858.028,57.6,0.0,11.987,43.166
2021-04-28,70.81,856.414,57.5,0.0,16.509,35.188
2021-04-29,70.77,854.266,57.33,0.037,10.697,35.569
2021-04-30,70.73,852.12,57.2,0.3749,11.237,36.07
2021-05-01,70.69,849.978,57.1,1.9994,21.932,46.727
2021-05-02,70.64,847.304,56.9,3.7707,15.685,46.626
2021-05-03,70.59,844.636,56.7,0.0663,15.918,46.799
2021-05-04,70.55,842.505,56.5,5.4707,22.088,46.75
2021-05-05,70.51,840.378,56.4,2.4176,21.961,46.585
2021-05-06,70.46,837.723,56.2,0.0,15.617,46.343
2021-05-07,70.43,836.133,56.1,1.5427,28.472,46.879
2021-05-08,70.38,833.486,55.9,0.0,15.998,46.629
2021-05-09,70.33,830.845,55.8,0.0,16.181,46.752
2021-05-10,70.3,829.263,55.7,12.0061,27.91,46.224
2021-05-11,70.28,828.209,55.6,9.6338,33.951,46.149
2021-05-12,70.25,826.63,55.5,0.0,29.799,48.077
2021-05-13,70.22,825.052,55.4,0.0,29.684,47.941
2021-05-14,70.18,822.952,55.2,0.0,23.274,47.583
2021-05-15,70.15,821.379,55.1,2.3036,29.4,47.607
2021-05-16,70.17,822.427,55.2,39.7444,55.914,43.778
2021-05-17,70.22,825.052,55.4,4.6873,76.376,45.995
2021-05-18,70.29,828.736,55.6,0.3721,89.073,46.44
2021-05-19,70.33,830.845,55.8,0.0,70.862,46.448
2021-05-20,70.36,832.429,55.9,10.3968,64.7,46.364
2021-05-21,70.38,833.486,55.9,2.9918,58.494,46.258
2021-05-22,70.4,834.544,56.0,0.0,58.648,46.403
2021-05-23,70.41,835.074,56.1,0.0,52.596,46.47
2021-05-24,70.4,834.544,56.0,0.0,40.287,46.413
2021-05-25,70.38,833.486,55.9,1.4973,34.108,46.353
2021-05-26,70.35,831.901,55.8,0.0,27.93,46.28
2021-05-27,70.34,831.373,55.8,1.239,41.558,47.67
2021-05-28,70.37,832.958,55.9,29.5347,63.585,45.242
2021-05-29,70.45,837.193,56.2,0.0,95.036,46.017
2021-05-30,70.5,839.847,56.4,5.485,80.488,49.774
2021-05-31,70.54,841.973,56.5,7.8036,73.113,48.499
2021-06-01,70.55,842.505,56.5,0.0,68.586,62.426
2021-06-02,70.52,840.909,56.4,0.0,44.409,62.88
2021-06-03,70.53,841.441,56.5,27.4153,65.592,59.437
2021-06-04,70.57,843.57,56.6,1.6437,80.625,55.982
2021-06-05,70.64,847.304,56.9,0.0,101.442,58.225
2021-06-06,70.65,847.839,56.9,0.175,68.316,62.133
2021-06-07,70.65,847.839,56.9,0.0,55.759,55.759
2021-06-08,70.62,846.236,56.8,0.0,42.953,61.496
2021-06-09,70.58,844.103,56.7,0.0,37.943,62.633
2021-06-10,70.54,841.973,56.5,1.2953,34.478,59.13
2021-06-11,70.52,840.909,56.4,15.0041,45.771,58.083
2021-06-12,70.5,839.847,56.4,0.0,51.139,63.441
2021-06-13,70.46,837.723,56.2,0.0525,38.55,63.126
2021-06-14,70.4,834.544,56.0,0.0,25.737,62.53
2021-06-15,70.34,831.373,55.8,1.8334,25.308,62.015
2021-06-16,70.28,828.209,55.6,0.3774,25.147,61.768
2021-06-17,70.22,825.052,55.4,0.3555,25.137,61.672
2021-06-18,70.18,822.952,55.2,2.7817,37.114,61.423
2021-06-19,70.12,819.807,55.0,0.0,24.931,61.323
2021-06-20,70.06,816.671,54.8,0.0,25.411,61.718
2021-06-21,70.0,813.541,54.6,0.0,22.364,58.585
2021-06-22,69.94,810.419,54.4,1.2376,19.366,55.501
2021-06-23,69.87,806.786,54.2,5.0587,16.857,58.906
2021-06-24,69.82,804.197,54.0,0.057,32.36,62.323
2021-06-25,69.77,801.614,53.8,7.3114,31.594,61.498
2021-06-26,69.73,799.55,53.7,4.9785,36.669,60.549
2021-06-27,69.69,797.49,53.5,0.0525,37.036,60.878
2021-06-28,69.62,793.893,53.3,0.6283,18.981,60.613
2021-06-29,69.57,791.33,53.1,3.062,31.264,60.929
2021-06-30,69.53,789.284,53.0,0.6443,32.428,56.117
2021-07-01,69.42,783.672,52.6,0.1042,18.446,83.395
2021-07-02,69.31,778.085,52.2,0.0,18.902,83.562
2021-07-03,69.25,775.049,52.0,29.1003,46.88,82.027
2021-07-04,69.07,765.983,51.4,5.1177,46.043,150.97
2021-07-05,68.74,749.536,50.3,32.0035,59.953,250.31
2021-07-06,68.78,751.518,50.4,21.0288,189.147,166.212
2021-07-07,69.44,784.69,52.7,36.3759,466.301,82.358
2021-07-08,71.83,912.323,61.2,66.5767,1625.774,148.542
2021-07-09,72.3,938.805,63.0,2.5847,552.105,245.603
2021-07-10,72.27,937.101,62.9,8.7903,219.585,239.306
2021-07-11,72.14,929.739,62.4,3.1525,159.841,245.051
2021-07-12,71.97,920.164,61.8,0.2117,135.169,245.991
2021-07-13,71.8,910.648,61.1,0.0,82.823,192.958
2021-07-14,71.6,899.53,60.4,0.7984,63.887,192.577
2021-07-15,71.39,887.943,59.6,1.5819,58.956,193.056
2021-07-16,71.17,875.903,58.8,5.7043,54.437,193.797
2021-07-17,71.17,875.903,58.8,1.6603,38.79,38.79
2021-07-18,71.17,875.903,58.8,3.5977,38.936,38.936
2021-07-19,71.17,875.903,58.8,3.6127,39.169,39.169
2021-07-20,71.17,875.903,58.8,0.0634,42.876,42.876
2021-07-21,71.15,874.813,58.7,0.0,31.617,44.229
2021-07-22,71.12,873.18,58.6,0.0,25.291,44.191
2021-07-23,71.09,871.549,58.5,0.0,25.211,44.09
2021-07-24,71.05,869.377,58.4,0.0,18.892,44.03
2021-07-25,71.0,866.667,58.2,0.0,12.547,43.916
2021-07-26,70.96,864.502,58.0,0.0,18.923,43.976
2021-07-27,70.91,861.801,57.84,0.0,12.707,43.969
2021-07-28,70.86,859.105,57.7,0.0,12.729,43.932
2021-07-29,70.82,856.952,57.5,4.0698,19.054,43.973
2021-07-30,70.77,854.266,57.3,0.1902,12.711,43.806
2021-07-31,70.72,851.584,57.2,9.7045,12.677,43.713
2021-08-01,70.69,849.978,57.1,41.498,39.992,58.585
2021-08-02,70.77,854.266,57.3,24.0507,102.657,53.028
2021-08-03,71.0,866.667,58.2,3.8258,196.349,52.817
2021-08-04,71.14,874.268,58.7,0.1077,141.514,53.53
2021-08-05,71.17,875.903,58.8,3.2179,75.399,56.485
2021-08-06,71.17,875.903,58.8,7.2393,57.887,57.887
2021-08-07,71.18,876.448,58.8,0.2466,61.624,55.314
2021-08-08,71.18,876.448,58.8,3.2028,57.859,57.859
2021-08-09,71.15,874.813,58.7,0.0,39.153,58.075
2021-08-10,71.12,873.18,58.6,10.0372,39.222,58.122
2021-08-11,71.07,870.462,58.4,0.0553,27.167,58.62
2021-08-12,71.08,871.006,58.5,0.0525,65.179,58.893
2021-08-13,71.04,868.834,58.3,0.4277,33.375,58.504
2021-08-14,70.99,866.125,58.1,3.5254,27.298,58.655
2021-08-15,70.95,863.961,58.0,0.0,33.044,58.087
2021-08-16,70.89,860.722,57.8,0.0,21.437,58.93
2021-08-17,70.84,858.028,57.6,0.9144,26.907,58.086
2021-08-18,70.78,854.802,57.4,2.4471,19.027,56.363
2021-08-19,70.73,852.12,57.2,6.2462,25.116,56.164
2021-08-20,70.68,849.443,57.0,0.1799,28.375,59.363
2021-08-21,70.7,850.513,57.1,27.9088,69.0,56.612
2021-08-22,70.7,850.513,57.1,0.0729,53.922,53.922
2021-08-23,70.67,848.908,57.0,48.4881,139.555,158.134
2021-08-24,71.21,878.084,58.9,49.2192,578.054,240.36
2021-08-25,72.03,923.537,62.0,9.8435,766.205,240.138
2021-08-26,72.06,925.226,62.1,0.936,260.913,241.363
2021-08-27,71.96,919.603,61.7,33.3913,175.622,240.704
2021-08-28,72.33,940.511,63.1,0.0525,483.186,241.194
2021-08-29,72.51,950.784,63.8,27.0889,345.085,226.182
2021-08-30,72.91,973.852,65.4,0.0634,431.387,164.402
2021-08-31,72.35,941.649,63.2,1.6575,409.422,782.137
2021-09-01,72.4,944.498,63.4,39.6546,756.178,723.203
2021-09-02,73.0,979.087,65.7,0.2689,641.289,240.954
2021-09-03,73.37,1000.785,67.2,0.0,366.888,115.752
2021-09-04,73.5,1008.475,67.7,0.0,129.794,40.785
2021-09-05,73.59,1013.82,68.0,1.0619,102.308,40.452
2021-09-06,73.69,1019.778,68.4,23.6436,109.371,40.416
2021-09-07,73.84,1028.753,69.0,6.385,144.533,40.656
2021-09-08,73.99,1037.7736,69.65,0.8362,145.399,40.988
2021-09-09,74.11,1045.0237,70.1,0.0578,124.441,40.528
2021-09-10,74.18,1049.2666,70.4,0.0,90.161,41.054
2021-09-11,74.24,1052.911,70.7,0.0,83.243,41.059
2021-09-12,74.28,1055.345,70.8,0.0,68.939,40.769
2021-09-13,74.284,1055.589,70.8,0.0,57.503,54.684
2021-09-14,74.21,1051.088,70.5,0.0,43.477,95.569
2021-09-15,74.13,1046.235,70.2,0.0,39.157,95.327
2021-09-16,74.06,1041.999,69.9,0.2527,46.3,95.324
2021-09-17,74.056,1041.758,69.9,27.7841,74.361,77.159
2021-09-18,74.18,1049.267,70.4,0.0,127.924,41.014
2021-09-19,74.24,1052.911,70.7,0.0,83.031,40.847
2021-09-20,74.27,1054.736,70.8,0.0,61.776,40.652
2021-09-21,74.336,1058.758,71.1,24.2052,86.13,39.582
2021-09-22,74.44,1065.114,71.5,5.1182,114.711,41.153
2021-09-23,74.502,1068.913,71.7,0.0,84.781,40.807
2021-09-24,74.538,1071.123,71.9,0.0,66.219,40.644
2021-09-25,74.55,1071.86,71.9,0.1347,49.169,40.637
2021-09-26,74.56,1072.474,72.0,0.0,47.82,40.707
2021-09-27,74.552,1071.983,72.0,0.0,35.225,40.915
2021-09-28,74.55,1071.86,71.9,0.5027,39.375,40.797
2021-09-29,74.59,1074.319,72.1,29.5744,69.194,40.73
2021-09-30,74.672,1079.371,72.4,0.6473,99.582,41.112
2021-10-01,74.74,1083.571,72.7,0.0,80.244,31.635
2021-10-02,74.782,1086.17,72.9,0.2021,61.606,31.528
2021-10-03,74.808,1087.78,73.0,0.0,49.89,31.25
2021-10-04,74.828,1089.02,73.1,0.0,45.815,31.465
2021-10-05,74.82,1088.524,73.1,0.0,25.99,31.731
2021-10-06,74.824,1088.772,73.1,0.0,34.555,31.685
2021-10-07,74.82,1088.524,73.1,1.2299,28.465,31.335
2021-10-08,74.82,1088.524,73.1,0.2928,31.569,31.569
2021-10-09,74.828,1089.02,73.1,0.0,36.984,31.243
2021-10-10,74.81,1087.904,73.0,1.5045,18.434,31.349
2021-10-11,74.82,1088.524,73.1,11.2012,38.39,31.216
2021-10-12,74.818,1088.4,73.1,4.9582,29.84,31.275
2021-10-13,74.82,1088.524,73.1,0.0,32.221,30.786
2021-10-14,74.832,1089.268,73.1,0.0,40.874,32.262
2021-10-15,74.84,1089.764,73.1,8.795,37.657,31.914
2021-10-16,74.834,1089.392,73.1,9.2946,27.405,31.713
2021-10-17,74.848,1090.26,73.2,0.0,41.846,31.794
2021-10-18,74.86,1091.005,73.2,0.0,40.77,32.15
2021-10-19,74.85,1090.385,73.2,1.9462,24.722,31.906
2021-10-20,74.85,1090.385,73.2,0.0,31.95,31.95
2021-10-21,74.85,1090.385,73.2,0.0,32.036,32.036
2021-10-22,74.844,1090.012,73.2,0.0,27.836,32.145
2021-10-23,74.832,1089.268,73.1,0.0,23.412,32.028
2021-10-24,74.81,1087.904,73.0,0.0,16.009,31.795
2021-10-25,74.8,1087.284,73.0,0.0,24.177,31.349
2021-10-26,74.78,1086.046,72.9,0.0,17.755,32.091
2021-10-27,74.766,1085.179,72.8,0.0,22.15,32.18
2021-10-28,74.75,1084.189,72.8,0.0,20.824,32.281
2021-10-29,74.73,1082.953,72.7,0.0,18.005,32.318
2021-10-30,74.71,1081.717,72.6,0.0,17.777,32.08
2021-10-31,74.69,1080.482,72.5,0.0,17.429,31.723
2021-11-01,74.674,1079.494,72.5,0.0,20.5,31.928
2021-11-02,74.65,1078.014,72.4,0.0,14.704,31.835
2021-11-03,74.638,1077.275,72.3,0.0,23.481,32.041
2021-11-04,74.61,1075.55,72.2,0.0,11.961,31.922
2021-11-05,74.59,1074.319,72.1,0.0,17.973,32.219
2021-11-06,74.57,1073.089,72.0,0.0,17.879,32.116
2021-11-07,74.544,1071.491,71.9,0.0,13.352,31.846
2021-11-08,74.54,1071.246,71.9,15.5008,28.975,31.819
2021-11-09,74.53,1070.631,71.9,2.5911,24.988,32.096
2021-11-10,74.52,1070.018,71.8,3.4585,25.111,32.216
2021-11-11,74.51,1069.4038,71.8,1.1376,24.91,32.013
2021-11-12,74.5,1068.7903,71.7,0.1368,24.873,31.974
2021-11-13,74.49,1068.177,71.7,0.0,25.103,32.201
2021-11-14,74.47,1066.951,71.6,0.0,17.649,31.838
2021-11-15,74.46,1066.338,71.6,0.0,24.999,32.09
2021-11-16,74.44,1065.114,71.5,0.0,18.018,32.193
2021-11-17,74.43,1064.502,71.4,0.0,25.083,32.167
2021-11-18,74.41,1063.278,71.4,0.0,18.052,32.213
2021-11-19,74.39,1062.055,71.3,0.0,18.175,32.327
2021-11-20,74.37,1060.834,71.2,0.0,18.073,32.215
2021-11-21,74.35,1059.612,71.1,0.0,17.942,32.075
2021-11-22,74.33,1058.3922,71.0,3.639,18.333,32.456
2021-11-23,74.316,1057.5385,71.0,0.0,22.368,32.249
2021-11-24,74.291,1056.0151,70.9,0.2255,14.657,32.289
2021-11-25,74.275,1055.0408,70.8,0.0,20.928,32.205
2021-11-26,74.25,1053.5195,70.7,0.0755,14.427,32.035
2021-11-27,74.24,1052.911,70.7,0.0,25.254,32.293
2021-11-28,74.219,1051.635,70.6,0.0,17.204,31.978
2021-11-29,74.19,1049.874,70.5,0.0,11.866,32.251
2021-11-30,74.188,1049.752,70.5,18.7307,30.652,32.057
2021-12-01,74.18,1049.267,70.4,0.0,25.624,31.244
2021-12-02,74.18,1049.267,70.4,0.2814,31.133,31.133
2021-12-03,74.18,1049.267,70.4,1.6409,30.918,30.918
2021-12-04,74.18,1049.267,70.4,0.0,30.969,30.969
2021-12-05,74.17,1048.6598,70.4,0.0,24.182,31.204
2021-12-06,74.16,1048.0533,70.3,0.0,24.141,31.161
2021-12-07,74.149,1047.3864,70.3,0.0,24.451,32.17
2021-12-08,74.133,1046.4167,70.2,0.0,20.915,32.138
2021-12-09,74.12,1045.6292,70.2,0.0,22.97,32.084
2021-12-10,74.109,1044.9632,70.1,0.311,24.344,32.053
2021-12-11,74.09,1043.813,70.1,0.0,18.773,32.082
2021-12-12,74.068,1042.483,70.0,0.0,16.632,32.031
2021-12-13,74.05,1041.395,69.9,0.0,19.661,32.252
2021-12-14,74.03,1040.187,69.8,0.0,18.054,32.035
2021-12-15,74.01,1038.98,69.7,0.0,18.097,32.068
2021-12-16,73.98,1037.171,69.6,0.0,11.179,32.118
2021-12-17,73.96,1035.966,69.5,0.0,18.06,32.008
2021-12-18,73.94,1034.761,69.5,0.0,18.183,32.121
2021-12-19,73.927,1033.979,69.4,0.4622,23.021,32.076
2021-12-20,73.903,1032.536,69.3,0.0,15.62,32.326
2021-12-21,73.88,1031.154,69.2,0.0,16.349,32.346
2021-12-22,73.86,1029.9527,69.1,0.0,18.444,32.344
2021-12-23,73.84,1028.7525,69.0,0.0,18.454,32.345
2021-12-24,73.814,1027.1936,68.9,0.0,14.239,32.283
2021-12-25,73.79,1025.7557,68.8,0.0,15.639,32.28
2021-12-26,73.77,1024.5585,68.8,0.0,16.848,30.705
2021-12-27,73.74,1022.7641,68.6,0.0,11.52,32.288
2021-12-28,73.72,1021.5688,68.6,0.0,18.602,32.436
2021-12-29,73.7,1020.3744,68.5,0.0,18.468,32.292
2021-12-30,73.674,1018.8229,68.38,0.2956,14.512,32.469
2021-12-31,73.652,1017.5112,68.29,0.0,17.384,32.566
2022-01-01,73.64,1016.7961,68.24,0.0,22.87,31.146
2022-01-02,73.61,1015.0097,68.12,0.0,10.469,31.145
2022-01-03,73.59,1013.8198,68.04,0.0,17.405,31.177
2022-01-04,73.57,1012.6308,67.96,0.0,18.62,32.382
2022-01-05,73.544,1011.0862,67.86,0.0,14.445,32.322
2022-01-06,73.52,1009.6617,67.76,0.0,15.634,32.122
2022-01-07,73.5,1008.4755,67.68,0.0,18.649,32.378
2022-01-08,73.479,1007.2308,67.6,0.0,17.728,32.133
2022-01-09,73.457,1005.9279,67.51,0.0,17.145,32.225
2022-01-10,73.43,1004.3302,67.4,0.0,13.606,32.098
2022-01-11,73.407,1002.9704,67.31,0.0,16.493,32.232
2022-01-12,73.38,1001.3754,67.21,0.0,13.765,32.225
2022-01-13,73.356,999.959,67.11,0.0,15.704,32.098
2022-01-14,73.33,998.4258,67.01,0.0,14.441,32.186
2022-01-15,73.28,995.4813,66.81,0.0,0.0,32.281
2022-01-16,73.25,993.7171,66.69,0.1825,11.699,32.118
2022-01-17,73.26,994.305,66.73,0.055,39.195,32.391
2022-01-18,73.24,993.1294,66.65,0.0,18.504,32.11
2022-01-19,73.208,991.2503,66.53,0.0273,10.802,32.552
2022-01-20,73.187,990.0182,66.44,0.0,18.104,32.364
2022-01-21,73.16,988.4355,66.34,0.0,13.999,32.318
2022-01-22,73.14,987.264,66.26,0.0,18.7,32.258
2022-01-23,73.117,985.9179,66.17,0.0,16.571,32.151
2022-01-24,73.09,984.339,66.06,0.0,14.031,32.305
2022-01-25,73.07,983.1705,65.98,0.9633,18.78,32.305
2022-01-26,73.05,982.0027,65.91,0.0,18.62,32.136
2022-01-27,73.02,980.2526,65.79,0.0,11.964,32.22
2022-01-28,73.0,979.087,65.71,0.0,18.73,32.222
2022-01-29,72.97,977.34,65.59,0.0,11.963,32.183
2022-01-30,72.94,975.5948,65.48,0.0,11.827,32.026
2022-01-31,72.92,974.4324,65.4,0.0,18.439,31.893
2022-02-01,72.89,972.6903,65.28,0.2154,10.835,30.998
2022-02-02,72.86,970.9501,65.16,0.0,11.155,31.296
2022-02-03,72.837,969.6172,65.07,0.0,15.897,31.324
2022-02-04,72.805,967.7645,64.95,0.055,9.856,31.299
2022-02-05,72.776,966.0873,64.84,0.0,11.929,31.341
2022-02-06,72.75,964.5851,64.74,0.0,12.401,29.788
2022-02-07,72.72,962.8535,64.62,0.0,10.239,30.281
2022-02-08,72.698,961.5848,64.54,0.0,16.779,31.463
2022-02-09,72.67,959.9716,64.43,0.0,12.479,31.151
2022-02-10,72.64,958.2449,64.31,0.0,11.703,31.688
2022-02-11,72.617,956.9224,64.22,0.0,16.224,31.531
2022-02-12,72.59,955.3712,64.12,0.0,13.659,31.612
2022-02-13,72.568,954.1084,64.03,0.0,16.944,31.56
2022-02-14,72.542,952.6173,63.93,0.0663,14.816,32.074
2022-02-15,72.51,950.784,63.81,0.0,11.094,32.313
2022-02-16,72.48,949.0672,63.7,0.0,12.535,32.406
2022-02-17,72.46,947.9236,63.62,0.0,19.156,32.391
2022-02-18,72.435,946.4954,63.52,0.0,15.952,32.483
2022-02-19,72.401,944.555,63.39,0.0,10.014,32.472
2022-02-20,72.377,943.1868,63.3,0.0,16.692,32.528
2022-02-21,72.35,941.649,63.2,0.0,14.505,32.304
2022-02-22,72.32,939.942,63.08,0.0,11.638,31.395
2022-02-23,72.294,938.4641,62.98,0.0,14.203,31.308
2022-02-24,72.27,937.1012,62.89,0.0,15.97,31.745
2022-02-25,72.24,935.3991,62.78,0.0,12.61,32.309
2022-02-26,72.213,933.8689,62.68,1.3198,14.463,32.174
2022-02-27,72.19,932.5665,62.59,0.0,16.954,32.028
2022-02-28,72.164,931.0956,62.49,0.0,15.233,32.258
2022-03-01,72.14,929.739,62.4,2.0723,16.414,32.115
2022-03-02,72.11,928.045,62.28,0.0,12.55,32.157
2022-03-03,72.09,926.9167,62.21,0.0,19.092,32.151
2022-03-04,72.062,925.3384,62.1,0.0,13.916,32.183
2022-03-05,72.028,923.4241,61.97,0.0,9.914,32.07
2022-03-06,72.0,921.8494,61.87,0.0,13.86,32.086
2022-03-07,71.97,920.164,61.76,0.0,12.6,32.107
2022-03-08,71.94,918.4805,61.64,0.0,12.293,31.778
2022-03-09,71.92,917.3591,61.57,0.0,18.938,31.916
2022-03-10,71.89,915.6787,61.45,0.0,12.68,32.13
2022-03-11,71.863,914.1679,61.35,0.0,14.599,32.086
2022-03-12,71.836,912.6585,61.25,0.0,14.673,32.142
2022-03-13,71.85,913.4409,61.3,23.2418,40.335,31.279
2022-03-14,71.84,912.882,61.27,3.5794,27.393,33.862
2022-03-15,71.833,912.4909,61.24,0.0,28.644,33.171
2022-03-16,71.82,911.7648,61.19,0.0,25.285,33.689
2022-03-17,71.811,911.2623,61.16,8.164,27.327,33.143
2022-03-18,71.8,910.6484,61.12,4.4491,25.805,32.911
2022-03-19,71.82,911.7648,61.19,11.4753,46.041,33.12
2022-03-20,71.833,912.4909,61.24,0.0,41.434,33.03
2022-03-21,71.85,913.4409,61.3,0.0,43.253,32.257
2022-03-22,71.858,913.8882,61.33,0.0,37.497,32.32
2022-03-23,71.853,913.6087,61.32,0.0,28.997,32.233
2022-03-24,71.85,913.4409,61.3,0.0,30.294,32.235
2022-03-25,71.85,913.4409,61.3,11.1477,31.978,31.978
2022-03-26,71.89,915.6787,61.45,14.3222,57.937,32.037
2022-03-27,71.97,920.164,61.76,0.0,83.986,32.072
2022-03-28,72.034,923.7618,62.0,0.0,73.968,32.327
2022-03-29,72.078,926.2401,62.16,0.0,60.921,32.237
2022-03-30,72.092,927.0295,62.22,0.423,41.41,32.274
2022-03-31,72.11,928.045,62.28,0.1527,44.035,32.281
2022-04-01,72.11,928.045,62.28,0.0578,32.138,32.138
2022-04-02,72.11,928.045,62.28,0.0,32.144,32.144
2022-04-03,72.11,928.045,62.28,0.0,32.182,32.182
2022-04-04,72.09,926.9167,62.21,0.0,19.259,32.318
2022-04-05,72.08,926.3528,62.17,0.0,25.607,32.133
2022-04-06,72.07,925.7892,62.13,0.0,25.581,32.105
2022-04-07,72.05,924.6625,62.06,1.4116,19.213,32.253
2022-04-08,72.04,924.0995,62.02,0.0,25.536,32.053
2022-04-09,72.02,922.974,61.94,0.0,19.165,32.191
2022-04-10,72.002,921.9618,61.88,0.0,20.663,32.378
2022-04-11,71.984,920.9503,61.81,0.0,20.599,32.307
2022-04-12,71.97,920.164,61.76,0.0,23.312,32.413
2022-04-13,71.976,920.501,61.78,23.6124,35.611,31.711
2022-04-14,71.982,920.838,61.8,1.4685,35.971,32.07
2022-04-15,72.0,921.8494,61.87,0.0,43.97,32.263
2022-04-16,72.0,921.8494,61.87,0.0,36.851,36.851
2022-04-17,71.99,921.2874,61.83,0.0,30.677,37.182
2022-04-18,71.973,920.3325,61.77,0.0,24.889,35.941
2022-04-19,71.958,919.4904,61.71,0.0,26.068,35.814
2022-04-20,71.93,917.9197,61.61,0.0,17.885,36.064
2022-04-21,71.91,916.7988,61.53,0.0,22.885,35.859
2022-04-22,71.888,915.5667,61.45,0.0,21.577,35.837
2022-04-23,71.86,914.0001,61.34,0.0,17.598,35.73
2022-04-24,71.838,912.7703,61.26,0.0,21.519,35.753
2022-04-25,71.811,911.2623,61.16,5.7397,19.784,37.237
2022-04-26,71.83,912.3233,61.23,23.2648,49.549,37.269
2022-04-27,71.831,912.3792,61.23,0.0,40.436,39.789
2022-04-28,71.84,912.882,61.27,0.0,46.344,40.524
2022-04-29,71.847,913.2733,61.29,8.9236,45.031,40.503
2022-04-30,71.84,912.882,61.27,0.0,35.734,40.262
2022-05-01,71.81,911.2065,61.15,0.0,29.037,48.43
2022-05-02,71.78,909.5328,61.04,0.0,29.337,48.708
2022-05-03,71.737,907.1371,60.88,0.0,20.997,48.725
2022-05-04,71.7,905.0787,60.74,0.0,25.442,49.266
2022-05-05,71.65,902.3016,60.56,0.0,20.351,52.494
2022-05-06,71.6,899.5296,60.37,0.0,17.95,50.033
2022-05-07,71.55,896.7627,60.19,0.0,19.046,51.07
2022-05-08,71.49,893.4493,59.96,0.0948,12.568,50.918
2022-05-09,71.44,890.6938,59.78,1.2445,19.475,51.368
2022-05-10,71.383,887.5587,59.57,0.0,14.978,51.263
2022-05-11,71.324,884.3207,59.35,0.0,13.83,51.307
2022-05-12,71.27,881.3633,59.15,0.0,17.036,51.264
2022-05-13,71.214,878.3028,58.95,0.4423,16.36,51.783
2022-05-14,71.15,874.813,58.71,0.0,12.225,52.617
2022-05-15,71.09,871.5489,58.49,0.0,13.887,51.666
2022-05-16,71.03,868.2922,58.27,0.0,13.612,51.305
2022-05-17,70.97,865.0429,58.06,0.0,13.415,51.022
2022-05-18,70.91,861.8011,57.84,0.0,12.503,50.025
2022-05-19,70.85,858.5666,57.62,0.0,12.512,49.948
2022-05-20,70.79,855.3395,57.41,0.0,12.54,49.89
2022-05-21,70.724,851.7983,57.17,0.0,8.826,49.812
2022-05-22,70.67,848.9077,56.97,0.0,16.199,49.656
2022-05-23,70.61,845.7028,56.76,0.0,12.787,49.88
2022-05-24,70.55,842.5054,56.54,0.0,12.79,49.797
2022-05-25,70.48,838.7845,56.29,0.0,7.899,50.966
2022-05-26,70.42,835.6031,56.08,2.081,14.54,51.361
2022-05-27,70.35,831.9009,55.83,0.1042,8.047,50.897
2022-05-28,70.28,828.2088,55.58,0.0,8.071,50.804
2022-05-29,70.214,824.7368,55.35,0.0,10.758,50.942
2022-05-30,70.148,821.2739,55.12,0.5858,10.734,50.814
2022-05-31,70.08,817.7154,54.88,0.0663,9.528,50.714
2022-06-01,69.989,812.9682,54.56,0.0,8.421,63.365
2022-06-02,69.897,808.1862,54.24,0.0,8.358,63.706
2022-06-03,69.81,803.6801,53.94,0.0,11.319,63.473
2022-06-04,69.712,798.6229,53.6,0.0,5.273,63.805
2022-06-05,69.64,794.9201,53.35,11.1273,20.196,63.053
2022-06-06,69.55,790.3065,53.04,2.6411,9.272,62.669
2022-06-07,69.46,785.7097,52.73,9.7251,10.049,63.253
2022-06-08,69.39,782.1459,52.49,0.0,22.042,63.289
2022-06-09,69.31,778.0854,52.22,2.2934,16.289,63.286
2022-06-10,69.23,774.0381,51.95,0.2038,16.179,63.023
2022-06-11,69.155,770.2557,51.7,0.2757,19.848,63.626
2022-06-12,69.06,765.4813,51.37,0.105,7.939,63.198
2022-06-13,68.969,760.9254,51.07,0.0,10.269,62.999
2022-06-14,68.887,756.8347,50.79,7.3396,15.636,62.982
2022-06-15,68.83,753.9994,50.6,17.3557,29.465,62.282
2022-06-16,68.763,750.6752,50.38,0.0,24.128,62.603
2022-06-17,68.69,747.0638,50.14,0.0,21.382,63.18
2022-06-18,68.611,743.168,49.88,0.0,17.832,62.922
2022-06-19,68.523,738.8435,49.59,0.0,13.014,63.066
2022-06-20,68.44,734.7794,49.31,0.1988,16.024,63.062
2022-06-21,68.352,730.486,49.03,0.0,13.711,63.403
2022-06-22,68.26,726.0145,48.73,0.0,10.743,62.496
2022-06-23,68.219,724.0274,48.59,25.3272,34.903,57.902
2022-06-24,68.22,724.0759,48.6,30.8801,58.081,57.521
2022-06-25,68.301,728.0051,48.86,0.2915,103.303,57.826
2022-06-26,68.301,728.0051,48.86,1.0911,60.054,60.054
2022-06-27,68.271,726.5482,48.76,2.1126,42.755,59.617
2022-06-28,68.218,723.979,48.59,0.0,28.261,57.997
2022-06-29,68.167,721.5122,48.42,2.0229,29.262,57.813
2022-06-30,68.11,718.7616,48.24,4.2386,26.006,57.842
2022-07-01,68.09,717.798,48.17,0.0,24.319,35.471
2022-07-02,68.068,716.739,48.1,0.0,19.997,32.253
2022-07-03,68.058,716.258,48.07,10.2217,26.206,31.773
2022-07-04,68.03,714.9123,47.98,2.2919,19.841,35.417
2022-07-05,68.01,713.952,47.92,2.077,24.28,35.394
2022-07-06,67.99,712.9926,47.85,3.6315,24.65,35.754
2022-07-07,67.97,712.034,47.79,0.1662,28.391,39.486
2022-07-08,67.93,710.1193,47.66,2.3868,16.559,38.72
2022-07-09,67.889,708.1601,47.53,0.0,16.026,38.701
2022-07-10,67.847,706.1568,47.39,5.114,15.589,38.776
2022-07-11,67.815,704.6329,47.29,8.5172,20.956,38.594
2022-07-12,67.772,702.5885,47.15,1.7186,15.028,38.69
2022-07-13,67.75,701.544,47.08,14.9554,26.95,39.039
2022-07-14,67.72,700.1212,46.99,0.3263,22.015,38.482
2022-07-15,67.6912,698.7572,46.9,0.0,19.62,35.408
2022-07-16,67.67,697.7542,46.83,3.6568,21.033,32.642
2022-07-17,67.63,695.8642,46.7,0.0,13.972,35.846
2022-07-18,67.71,699.6474,46.96,68.643,82.656,38.869
2022-07-19,68.0172,714.2976,47.94,0.5754,205.37,35.807
2022-07-20,68.19,722.624,48.5,0.0,129.124,32.754
2022-07-21,68.2896,727.4513,48.82,13.8325,88.601,32.73
2022-07-22,68.34,729.9018,48.99,1.004,61.17,32.808
2022-07-23,68.398,732.7283,49.18,5.3492,65.151,32.437
2022-07-24,68.42,733.8022,49.25,8.9372,47.74,35.31
2022-07-25,68.4488,735.2096,49.34,0.3917,51.698,35.409
2022-07-26,68.46,735.7574,49.38,0.0,42.257,35.917
2022-07-27,68.44,734.7794,49.31,0.0,29.918,41.237
2022-07-28,68.41,733.314,49.22,0.0,24.32,41.281
2022-07-29,68.3644,731.09,49.07,0.0,18.13,43.87
2022-07-30,68.3148,728.6759,48.9,0.0,16.409,44.351
2022-07-31,68.29,727.4707,48.82,18.8289,28.337,42.286
2022-08-01,68.2452,725.2968,48.68,4.5771,31.848,57.008
2022-08-02,68.24,725.0448,48.66,2.8548,44.471,47.388
2022-08-03,68.2896,727.4513,48.82,0.5866,64.911,37.058
2022-08-04,68.31,728.4425,48.89,6.112,59.402,47.929
2022-08-05,68.2676,726.3833,48.75,1.6596,39.26,63.094
2022-08-06,68.21,723.5917,48.56,0.0,27.949,60.259
2022-08-07,68.15,720.6911,48.37,1.4703,26.336,59.907
2022-08-08,68.0804,717.3358,48.14,0.037,21.536,60.371
2022-08-09,68.0284,714.8354,47.98,1.9567,25.258,54.197
2022-08-10,68.3948,732.5722,49.17,59.115,255.974,50.688
2022-08-11,69.1364,769.3194,51.63,54.6007,466.627,41.311
2022-08-12,70.0028,813.687,54.61,4.9968,546.143,32.629
2022-08-13,70.3728,833.1056,55.91,9.8021,257.391,32.638
2022-08-14,70.62,846.2365,56.79,3.346,184.414,32.437
2022-08-15,70.812,856.5219,57.48,0.5192,151.611,32.566
2022-08-16,71.9708,920.2089,61.76,64.7708,770.059,32.941
2022-08-17,72.7784,966.226,64.85,7.8057,565.555,32.95
2022-08-18,73.08,983.7546,66.02,0.055,235.294,32.417
2022-08-19,73.2328,992.7064,66.62,0.0,138.671,35.062
2022-08-20,73.8084,1026.858,68.92,40.2401,461.417,66.145
2022-08-21,74.03,1040.1871,69.81,0.0,250.754,96.482
2022-08-22,74.07,1042.6038,69.97,0.0,124.785,96.814
2022-08-23,74.1076,1044.8784,70.13,18.5421,137.045,110.718
2022-08-24,74.12,1045.6292,70.18,1.9789,132.736,124.046
2022-08-25,74.09,1043.8133,70.05,0.146,100.995,122.012
2022-08-26,74.03,1040.1871,69.81,0.0,82.288,124.259
2022-08-27,73.95,1035.3635,69.49,0.0,68.076,123.904
2022-08-28,73.8428,1028.9205,69.06,0.0,49.167,123.739
2022-08-29,73.73,1022.1664,68.6,2.8297,46.336,124.509
2022-08-30,73.65,1017.392,68.28,13.019,69.364,124.623
2022-08-31,73.6,1014.4147,68.08,14.5221,90.206,124.666
2022-09-01,73.56,1012.0365,67.92,0.0,97.75,125.275
2022-09-02,73.5,1008.4755,67.68,0.0449,84.187,125.403
2022-09-03,73.2992,996.6114,66.89,0.5011,76.571,213.886
2022-09-04,72.6392,958.1989,64.31,0.5186,77.505,522.094
2022-09-05,71.734,906.9701,60.87,38.6906,193.618,786.544
2022-09-06,72.8372,969.6288,65.08,51.3108,999.8,274.584
2022-09-07,73.6,1014.4147,68.08,0.0,643.405,125.049
2022-09-08,73.7636,1024.1755,68.74,0.0,237.109,124.137
2022-09-09,73.78,1025.157,68.8,0.0,134.752,123.392
2022-09-10,73.75,1023.362,68.68,0.0,101.022,121.797
2022-09-11,73.68,1019.1808,68.4,0.0,73.734,122.127
2022-09-12,73.6,1014.4147,68.08,0.0,66.869,122.033
2022-09-13,73.58,1013.2252,68.0,0.1265,71.859,85.626
2022-09-14,73.5956,1014.1529,68.06,0.0,46.018,35.28
2022-09-15,73.61,1015.0097,68.12,0.0,40.825,30.908
2022-09-16,73.62,1015.605,68.16,0.0,42.237,35.347
2022-09-17,73.61,1015.0097,68.12,0.2114,32.453,39.343
2022-09-18,73.59,1013.8198,68.04,0.0755,25.26,39.032
2022-09-19,73.57,1012.6308,67.96,0.0,25.21,38.972
2022-09-20,73.5524,1011.5851,67.89,0.0,26.806,38.909
2022-09-21,73.536,1010.6112,67.83,0.0,27.809,39.08
2022-09-22,73.5068,1008.8787,67.71,0.0,19.235,39.288
2022-09-23,73.47,1006.6977,67.56,0.0,14.131,39.374
2022-09-24,73.45,1005.5135,67.48,0.0,25.192,38.898
2022-09-25,73.42,1003.7388,67.37,0.0,18.474,39.014
2022-09-26,73.4,1002.5567,67.29,0.0,25.515,39.197
2022-09-27,73.37,1000.7851,67.17,0.0,18.893,39.398
2022-09-28,73.3352,998.7323,67.03,0.0,16.714,40.473
2022-09-29,73.3,996.6585,66.89,0.0,16.723,40.726
2022-09-30,73.27,994.893,66.77,0.0,20.063,40.497
2022-10-01,73.2532,993.9052,66.71,0.0,21.118,32.551
2022-10-02,73.2388,993.0589,66.65,0.4914,22.546,32.341
2022-10-03,73.25,993.7171,66.69,17.4263,39.792,32.174
2022-10-04,73.34,999.0153,67.05,35.2082,93.514,32.192
2022-10-05,73.4132,1003.3368,67.34,0.1741,82.507,32.49
2022-10-06,73.4316,1004.4248,67.41,0.1472,45.188,32.595
2022-10-07,73.43,1004.3302,67.4,0.0634,33.45,34.545
2022-10-08,73.41,1003.1477,67.33,0.0,20.698,34.385
2022-10-09,73.42,1003.7388,67.37,11.7229,40.748,33.906
2022-10-10,73.41,1003.1477,67.33,3.5904,26.972,33.814
2022-10-11,73.3968,1002.3677,67.27,0.1055,25.335,34.363
2022-10-12,73.38,1001.3754,67.21,0.0,22.159,33.643
2022-10-13,73.3672,1000.6198,67.16,0.0,24.87,33.615
2022-10-14,73.35,999.6051,67.09,0.0,21.574,33.319
2022-10-15,73.34,999.0153,67.05,0.0,26.202,33.027
2022-10-16,73.316,997.6008,66.95,0.0,16.738,33.109
2022-10-17,73.2916,996.164,66.86,0.0,16.542,33.172
2022-10-18,73.268,994.7754,66.76,0.0,17.358,33.43
2022-10-19,73.2488,993.6466,66.69,0.0,17.995,31.06
2022-10-20,73.2252,992.2601,66.59,0.0,15.246,31.294
2022-10-21,73.2,990.7808,66.5,0.0,14.186,31.307
2022-10-22,73.18,989.6077,66.42,0.0,17.306,30.883
2022-10-23,73.15,987.8496,66.3,0.0,10.672,31.02
2022-10-24,73.13,986.6786,66.22,0.0,17.926,31.48
2022-10-25,73.1,984.9236,66.1,0.0,12.551,32.864
2022-10-26,73.07,983.1705,65.98,0.0,12.774,33.065
2022-10-27,73.04,981.4192,65.87,0.0,12.457,32.727
2022-10-28,73.0184,980.1594,65.78,0.0,18.731,33.312
2022-10-29,72.99,978.5044,65.67,0.0,14.045,33.199
2022-10-30,72.96,976.758,65.55,0.0,12.8,33.013
2022-10-31,72.93,975.0135,65.44,0.0,13.147,33.338
2022-11-01,72.91,973.8515,65.36,0.0,17.202,30.651
2022-11-02,72.88,972.11,65.24,0.0,10.856,31.012
2022-11-03,72.85,970.3704,65.13,0.0,11.346,31.48
2022-11-04,72.82,968.6327,65.01,0.0,11.009,31.122
2022-11-05,72.79,966.8968,64.89,0.0,11.64,31.732
2022-11-06,72.76,965.1627,64.78,0.0,11.128,31.198
2022-11-07,72.7316,963.5228,64.67,0.0,12.1,31.08
2022-11-08,72.71,962.2767,64.58,0.0,16.868,31.291
2022-11-09,72.68,960.5475,64.47,0.0,11.43,31.443
2022-11-10,72.6572,959.2346,64.38,0.0,16.29,31.486
2022-11-11,72.63,957.6697,64.27,0.0,13.355,31.467
2022-11-12,72.6044,956.1983,64.17,1.291,14.317,31.348
2022-11-13,72.58,954.7971,64.08,11.4324,15.278,31.496
2022-11-14,72.55,953.076,63.96,0.0,11.275,31.196
2022-11-15,72.5236,951.5629,63.86,0.2616,13.841,31.353
2022-11-16,72.5,950.2115,63.77,1.7495,15.71,31.351
2022-11-17,72.48,949.0672,63.7,0.0,18.228,31.473
2022-11-18,72.46,947.9236,63.62,0.0273,18.251,31.486
2022-11-19,72.43,946.2099,63.5,0.0,11.678,31.513
2022-11-20,72.4,944.498,63.39,0.0,11.483,31.297
2022-11-21,72.3732,942.9703,63.29,0.0,13.741,31.423
2022-11-22,72.34,941.0798,63.16,0.5328,9.481,31.362
2022-11-23,72.3104,939.3962,63.05,0.16,11.831,31.317
2022-11-24,72.28,937.6689,62.93,0.0,11.385,31.376
2022-11-25,72.2528,936.1251,62.83,0.0,13.809,31.677
2022-11-26,72.2192,934.2201,62.7,0.0,11.494,33.542
2022-11-27,72.19,932.5665,62.59,0.0,14.543,33.682
2022-11-28,72.1796,931.978,62.55,14.4172,26.438,33.25
2022-11-29,72.1796,931.978,62.55,17.5798,31.28,31.28
2022-11-30,72.18,932.0006,62.55,0.0505,31.969,31.707
2022-12-01,72.1812,932.0685,62.55,0.0,33.568,32.782
2022-12-02,72.17,931.4349,62.51,0.0,26.386,33.719
2022-12-03,72.14,929.739,62.4,0.0273,14.272,33.9
2022-12-04,72.11,928.045,62.28,0.0,15.817,35.424
2022-12-05,72.0876,926.7814,62.2,0.0,18.978,33.604
2022-12-06,72.0656,925.5413,62.12,0.0,18.894,33.247
2022-12-07,72.02,922.974,61.94,0.0,14.175,43.888
2022-12-08,71.99,921.2874,61.83,0.0,12.378,31.899
2022-12-09,71.95,919.0415,61.68,0.0,13.428,39.423
2022-12-10,71.93,917.9197,61.61,0.0,18.68,31.663
2022-12-11,71.91,916.7988,61.53,0.0,19.169,32.143
2022-12-12,71.913,916.9669,61.54,0.0,42.795,40.85
2022-12-13,71.8936,915.8802,61.47,1.5081,19.118,31.695
2022-12-14,71.864,914.2238,61.36,0.5284,12.465,31.637
2022-12-15,71.8484,913.3515,61.3,1.1988,21.468,31.564
2022-12-16,71.8136,911.4075,61.17,0.0525,9.148,31.648
2022-12-17,71.7768,909.3544,61.03,0.2195,7.842,31.604
2022-12-18,71.7528,908.017,60.94,0.0634,16.635,32.115
2022-12-19,71.725,906.4692,60.84,0.0778,13.877,31.791
2022-12-20,71.6908,904.5673,60.71,0.0,9.803,31.815
2022-12-21,71.6708,903.4563,60.63,3.7183,18.862,31.722
2022-12-22,71.6456,902.0574,60.54,0.4929,15.637,31.827
2022-12-23,71.6264,900.9926,60.47,0.0,19.418,31.743
2022-12-24,71.6104,900.1057,60.41,0.16,21.309,31.573
2022-12-25,71.5812,898.4887,60.3,0.3717,12.981,31.697
2022-12-26,71.549,896.7075,60.18,0.1159,11.198,31.814
2022-12-27,71.5204,895.1272,60.08,0.3182,13.486,31.776
2022-12-28,71.4852,893.1845,59.95,0.1103,14.003,36.487
2022-12-29,71.4604,891.8174,59.85,0.0,16.13,31.953
2022-12-30,71.4312,890.2093,59.75,0.0578,13.13,31.742
2022-12-31,71.4,888.493,59.63,0.057,11.835,31.699
2023-01-01,71.366,886.625,59.51,0.073,10.242,31.863
2023-01-02,71.3324,884.7813,59.38,0.0,10.34,31.679
2023-01-03,71.3104,883.5753,59.3,0.0,17.924,31.882
2023-01-04,71.28,881.9105,59.19,0.0,12.584,31.852
2023-01-05,71.2452,880.0072,59.06,0.0,9.723,31.753
2023-01-06,71.21,878.0845,58.93,0.3884,9.572,31.826
2023-01-07,71.1892,876.9495,58.9,1.5926,18.565,31.701
2023-01-08,71.1552,875.0962,58.73,0.0,10.419,31.869
2023-01-09,71.1456,874.5733,58.7,0.11,25.561,31.613
2023-01-10,71.1208,873.2235,58.61,0.0,16.083,31.706
2023-01-11,71.09,871.5489,58.49,0.0,12.259,31.641
2023-01-12,71.0652,870.2019,58.4,0.0,16.206,31.796
2023-01-13,71.06,869.9196,58.38,16.9132,28.417,31.684
2023-01-14,71.06,869.9196,58.38,3.2432,31.605,31.605
2023-01-15,71.0696,870.4408,58.42,2.0932,37.512,31.48
2023-01-16,71.0636,870.115,58.4,0.0,27.882,31.652
2023-01-17,71.06,869.9196,58.38,0.0,29.295,31.557
2023-01-18,71.0504,869.3986,58.35,0.073,25.804,31.834
2023-01-19,71.0456,869.1382,58.33,0.0,28.679,31.693
2023-01-20,71.0276,868.1621,58.27,0.1195,20.455,31.753
2023-01-21,71.0028,866.8183,58.18,0.0,16.514,32.067
2023-01-22,70.98,865.584,58.09,0.0,17.275,31.561
2023-01-23,70.9552,864.2426,58.0,0.0,15.027,30.552
2023-01-24,70.9252,862.6216,57.89,0.0,12.581,31.342
2023-01-25,70.9068,861.6284,57.83,0.0,20.158,31.654
2023-01-26,70.878,860.0751,57.72,0.0,13.661,31.639
2023-01-27,70.8528,858.7174,57.63,0.1105,16.05,31.764
2023-01-28,70.83,857.4901,57.55,0.0,17.601,31.806
2023-01-29,70.8,855.8769,57.44,0.0,13.136,31.808
2023-01-30,70.7756,854.5662,57.35,0.0,16.732,31.902
2023-01-31,70.75,853.1923,57.26,0.0,16.129,32.03
2023-02-01,70.7228,851.734,57.16,0.0,15.422,32.3
2023-02-02,70.694,850.1917,57.06,0.0,14.486,32.338
2023-02-03,70.67,848.9077,56.97,0.0,17.568,32.429
2023-02-04,70.6392,847.2616,56.86,0.0,12.785,31.837
2023-02-05,70.61,845.7028,56.76,0.0,14.454,32.495
2023-02-06,70.58,844.1032,56.65,0.0,13.584,32.098
2023-02-07,70.5556,842.8035,56.56,0.0,17.233,32.275
2023-02-08,70.526,841.2285,56.46,0.0,13.84,32.069
2023-02-09,70.4968,839.6766,56.35,0.6308,14.249,32.211
2023-02-10,70.47,838.2537,56.26,4.2204,15.539,32.007
2023-02-11,70.4424,836.7899,56.16,0.0,15.241,32.183
2023-02-12,70.4188,835.5396,56.08,0.0,17.578,32.05
2023-02-13,70.3908,834.0575,55.98,0.0,14.531,31.684
2023-02-14,70.3616,832.5137,55.87,0.0,14.121,31.989
2023-02-15,70.33,830.845,55.76,0.0,12.692,32.006
2023-02-16,70.3036,829.4524,55.67,0.0,15.978,32.096
2023-02-17,70.2728,827.8296,55.56,0.0,13.157,31.94
2023-02-18,70.2428,826.2508,55.45,0.6809,13.445,31.718
2023-02-19,70.2128,824.6738,55.35,1.2698,13.837,32.089
2023-02-20,70.1888,823.4136,55.26,0.0,17.21,31.796
2023-02-21,70.16,821.9029,55.16,0.0,14.415,31.9
2023-02-22,70.13,820.331,55.06,0.0,13.667,31.86
2023-02-23,70.11,819.2842,54.99,0.057,19.81,31.926
2023-02-24,70.0744,817.4228,54.86,0.0,10.343,31.887
2023-02-25,70.04,815.6266,54.74,0.0,11.015,31.804
2023-02-26,70.01,814.0622,54.64,0.0,13.978,32.085
2023-02-27,69.9784,812.4163,54.52,0.0,12.736,31.785
2023-02-28,69.9424,810.5438,54.4,0.0,10.306,31.979
2023-03-01,69.91,808.8608,54.29,0.0,12.704,32.183
2023-03-02,69.8728,806.9312,54.16,0.0,9.375,31.709
2023-03-03,69.84,805.2322,54.04,0.0,12.268,31.933
2023-03-04,69.81,803.6801,53.94,0.0,14.029,31.993
2023-03-05,69.778,802.0266,53.83,0.0,13.316,32.454
2023-03-06,69.7424,800.1896,53.7,0.0,10.5,31.762
2023-03-07,69.71,798.5199,53.59,0.0,12.69,32.014
2023-03-08,69.6768,796.8113,53.48,0.0,12.257,32.033
2023-03-09,69.647,795.2796,53.37,0.0,14.586,32.314
2023-03-10,69.61,793.3804,53.25,0.0,10.052,32.034
2023-03-11,69.5736,791.5147,53.12,0.0,10.4,31.994
2023-03-12,69.55,790.3065,53.04,10.1554,18.161,32.144
2023-03-13,69.52,788.7724,52.94,0.0,13.942,31.698
2023-03-14,69.49,787.2401,52.83,0.0,14.202,31.937
2023-03-15,69.4516,785.2815,52.7,0.0,7.51,30.179
2023-03-16,69.4208,783.7127,52.6,0.0,14.467,32.624
2023-03-17,69.3848,781.8816,52.48,0.0,11.821,33.015
2023-03-18,69.3552,780.378,52.37,0.0,15.584,32.987
2023-03-19,69.3164,778.4097,52.24,0.0,10.603,33.383
2023-03-20,69.28,776.5661,52.12,0.0,11.758,33.097
2023-03-21,69.2428,774.6847,51.99,0.0,11.327,33.102
2023-03-22,69.21,773.0283,51.88,0.2777,14.128,33.3
2023-03-23,69.2,772.5237,51.85,15.0745,27.44,33.28
2023-03-24,69.16,770.5075,51.71,0.0,9.871,33.207
2023-03-25,69.1312,769.0578,51.61,0.0,16.355,33.133
2023-03-26,69.1016,767.5697,51.51,0.057,16.339,33.563
2023-03-27,69.08,766.4849,51.44,0.0,20.582,33.138
2023-03-28,69.05,764.9798,51.34,0.0,15.987,33.407
2023-03-29,69.02,763.4766,51.24,0.0,16.046,33.444
2023-03-30,68.9892,761.9352,51.14,0.0,15.625,33.465
2023-03-31,68.95,759.9763,51.01,0.0,10.628,33.301
2023-04-01,68.9136,758.1602,50.88,0.0,12.126,33.146
2023-04-02,68.88,756.4862,50.77,0.0,14.192,33.567
2023-04-03,68.84,754.4963,50.64,0.0,10.2,33.231
2023-04-04,68.8064,752.8274,50.53,7.6884,14.046,33.362
2023-04-05,68.79,752.0136,50.47,10.2768,23.869,33.287
2023-04-06,68.7608,750.5662,50.37,4.5881,16.727,33.48
2023-04-07,68.7416,749.6153,50.31,1.8876,22.629,33.634
2023-04-08,68.724,748.7444,50.25,0.0,23.558,33.638
2023-04-09,68.71,748.0521,50.2,0.0,25.707,33.72
2023-04-10,68.69,747.0638,50.14,0.0,22.095,33.534
2023-04-11,68.67,746.0763,50.07,1.2187,22.246,33.675
2023-04-12,68.64,744.5966,49.97,0.0,16.385,33.511
2023-04-13,68.62,743.6112,49.91,0.0,22.14,33.545
2023-04-14,68.59,742.1346,49.81,0.0,16.433,33.523
2023-04-15,68.57,741.1512,49.74,4.2692,21.975,33.357
2023-04-16,68.5328,739.3243,49.62,0.0449,13.421,34.565
2023-04-17,68.506,738.01,49.53,0.0,19.211,34.424
2023-04-18,68.4732,736.4034,49.42,3.6357,15.716,34.311
2023-04-19,68.444,734.975,49.33,0.0,17.698,34.23
2023-04-20,68.406,733.1187,49.2,0.0,12.949,34.433
2023-04-21,68.3744,731.5774,49.1,0.0,16.595,34.435
2023-04-22,68.3352,729.6682,48.97,0.0,11.771,33.868
2023-04-23,68.29,727.4707,48.82,0.0,7.993,33.427
2023-04-24,68.25,725.5296,48.69,0.0,10.61,33.077
2023-04-25,68.2168,723.9209,48.59,3.2331,14.369,32.988
2023-04-26,68.1776,722.0245,48.46,0.1216,10.767,32.716
2023-04-27,68.14,720.2084,48.34,0.0,11.688,32.707
2023-04-28,68.1,718.2797,48.21,0.0,10.924,33.248
2023-04-29,68.0712,716.893,48.11,9.313,17.313,33.362
2023-04-30,68.04,715.3927,48.01,0.0,15.823,33.187
2023-05-01,67.9668,711.8807,47.78,0.0,12.941,53.589
2023-05-02,67.89,708.2079,47.53,0.0,11.863,54.373
2023-05-03,67.81,704.395,47.27,0.0,9.969,54.1
2023-05-04,67.73,700.5953,47.02,0.0923,9.605,53.583
2023-05-05,67.746,701.3542,47.07,49.3015,59.465,50.682
2023-05-06,67.8332,705.4994,47.35,24.6399,98.069,50.092
2023-05-07,68.2092,723.553,48.56,0.1894,249.85,40.896
2023-05-08,68.44,734.7794,49.31,0.0,164.645,34.71
2023-05-09,68.54,739.6777,49.64,0.0,92.38,35.687
2023-05-10,68.57,741.1512,49.74,0.0,62.458,45.404
2023-05-11,68.55,740.1687,49.68,0.0,43.452,54.824
2023-05-12,68.5192,738.6571,49.57,0.7401,38.153,55.647
2023-05-13,68.47,736.2467,49.41,0.0,28.4,56.298
2023-05-14,68.4144,733.5288,49.23,0.0,24.905,56.363
2023-05-15,68.35,730.3886,49.02,0.0,19.987,56.331
2023-05-16,68.2896,727.4513,48.82,0.0,22.396,56.393
2023-05-17,68.21,723.5917,48.56,0.0,11.723,56.394
2023-05-18,68.1376,720.0926,48.33,1.1774,16.298,56.797
2023-05-19,68.0668,716.6813,48.1,0.0,16.332,55.815
2023-05-20,67.99,712.9926,47.85,0.0,13.812,56.505
2023-05-21,67.914,709.3543,47.61,0.0,13.881,55.991
2023-05-22,67.8433,705.9805,47.38,1.2259,16.828,55.877
2023-05-23,67.77,702.4935,47.15,0.502,15.539,55.898
2023-05-24,67.6984,699.098,46.92,0.0,16.804,56.103
2023-05-25,67.6164,695.2224,46.66,0.0,11.115,55.972
2023-05-26,67.542,691.718,46.42,0.0,15.188,55.748
2023-05-27,67.4668,688.1876,46.19,0.1292,14.657,55.519
2023-05-28,67.4412,686.9884,46.11,32.2705,39.826,53.706
2023-05-29,67.7468,701.3921,47.07,67.1738,217.053,50.343
2023-05-30,68.6256,743.887,49.93,0.0,533.77,41.931
2023-05-31,68.882,756.5857,50.78,0.0,181.933,34.957
2023-06-01,68.99,761.9752,51.14,0.2148,98.238,35.859
2023-06-02,69.02,763.4766,51.24,0.7135,65.086,47.709
2023-06-03,69.0056,762.7557,51.19,0.0,51.331,59.675
2023-06-04,68.9696,760.9554,51.07,0.0,38.687,59.524
2023-06-05,68.9132,758.1402,50.88,0.0,27.144,59.727
2023-06-06,68.85,754.9935,50.67,0.0,23.921,60.342
2023-06-07,68.784,751.7161,50.45,0.0,22.553,60.486
2023-06-08,68.71,748.0521,50.2,0.0,18.418,60.825
2023-06-09,68.6356,744.3797,49.96,0.213,18.203,60.707
2023-06-10,68.568,741.0529,49.74,11.297,22.224,60.729
2023-06-11,68.502,737.8139,49.52,4.8175,23.234,60.722
2023-06-12,68.45,735.2683,49.35,0.037,30.931,60.394
2023-06-13,68.3996,732.8064,49.18,0.0,31.693,60.188
2023-06-14,68.3264,729.24,48.94,4.7477,19.023,60.3
2023-06-15,68.25,725.5296,48.69,0.4778,17.506,60.451
2023-06-16,68.1776,722.0245,48.46,0.0,19.833,60.401
2023-06-17,68.0996,718.2604,48.21,0.0,16.718,60.284
2023-06-18,68.0164,714.2592,47.94,0.0,13.49,59.8
2023-06-19,67.93,710.1193,47.66,0.0,12.238,60.154
2023-06-20,67.8452,706.071,47.39,0.4708,13.09,59.945
2023-06-21,67.77,702.4935,47.15,6.2331,16.3,57.707
2023-06-22,67.6908,698.7383,46.9,0.7213,14.012,57.475
2023-06-23,67.62,695.3923,46.67,0.0,20.042,58.769
2023-06-24,67.54,691.624,46.42,0.0,16.068,59.683
2023-06-25,67.46,687.8689,46.17,0.3358,15.232,58.694
2023-06-26,67.486,689.0879,46.25,54.8108,69.697,55.589
2023-06-27,67.58,693.5065,46.54,14.3247,94.322,43.181
2023-06-28,67.8508,706.3379,47.41,11.1819,180.453,31.941
2023-06-29,68.11,718.7616,48.24,47.6162,175.707,31.915
2023-06-30,69.01,762.9759,51.21,20.3984,554.985,43.244
2023-07-01,69.7004,798.0256,53.56,0.0,442.191,36.523
2023-07-02,69.96,811.459,54.46,0.0,187.449,31.971
2023-07-03,70.1,818.761,54.95,0.0,116.858,32.343
2023-07-04,70.3328,830.9927,55.77,50.9564,174.157,32.586
2023-07-05,71.4436,890.892,59.79,29.1489,725.464,32.186
2023-07-06,71.97,920.164,61.76,0.0,406.96,68.163
2023-07-07,72.3076,939.237,63.04,48.6535,349.147,128.395
2023-07-08,73.02,980.2526,65.79,2.1194,670.523,195.805
2023-07-09,73.145,987.5568,66.28,1.216,321.821,237.282
2023-07-10,73.0036,979.2967,65.72,13.5878,374.481,470.084
2023-07-11,72.3332,940.6928,63.13,25.5694,395.353,842.157
2023-07-12,71.59,898.9758,60.33,6.4961,503.135,985.971
2023-07-13,70.57,843.5704,56.62,11.1987,384.206,1025.472
2023-07-14,72.2724,937.2374,62.9,164.1677,2229.68,1145.571
2023-07-15,74.79,1086.6649,72.93,62.41,3829.855,2100.37
2023-07-16,73.645,1017.094,68.26,3.3895,1679.185,2484.403
2023-07-17,71.9,916.2386,61.49,25.8966,959.921,2127.229
2023-07-18,71.36,886.2956,59.48,64.903,1437.19,1783.753
2023-07-19,72.4,944.498,63.39,0.1204,2101.729,1428.09
2023-07-20,72.34,941.0798,63.16,0.0,943.313,982.876
2023-07-21,71.93,917.9197,61.61,2.201,716.726,984.782
2023-07-22,71.426,889.9231,59.73,0.037,660.428,984.463
2023-07-23,70.8872,860.5711,57.76,9.3097,618.576,958.299
2023-07-24,70.67,848.9077,56.97,18.0548,654.618,789.611
2023-07-25,70.5416,842.0584,56.51,16.2325,672.163,751.437
2023-07-26,70.888,860.6142,57.76,10.099,658.086,443.319
2023-07-27,71.16,875.3577,58.75,2.1161,416.623,245.981
2023-07-28,71.23,879.1766,59.01,0.8807,187.04,142.84
2023-07-29,71.3932,888.1192,59.61,1.4142,147.151,43.648
2023-07-30,71.49,893.4493,59.96,0.7253,105.52,43.829
2023-07-31,71.55,896.7627,60.19,0.2473,81.922,43.572
2023-08-01,71.59,898.9758,60.33,0.0,70.651,45.037
2023-08-02,71.6072,899.9284,60.4,2.2625,56.005,44.979
2023-08-03,71.6068,899.9063,60.4,0.9124,44.766,45.022
2023-08-04,71.6092,900.0393,60.41,0.0,46.985,45.446
2023-08-05,71.5992,899.4853,60.37,0.0,39.78,46.192
2023-08-06,71.58,898.4222,60.3,0.164,34.467,46.771
2023-08-07,71.5584,897.2272,60.22,0.8518,32.987,46.818
2023-08-08,71.4716,892.4347,59.89,0.39,31.862,87.331
2023-08-09,71.19,876.9931,58.86,45.6081,64.825,243.546
2023-08-10,73.1157,985.8418,66.16,125.5727,1502.682,242.859
2023-08-11,74.8976,1093.3408,73.38,1.3959,1473.352,229.151
2023-08-12,75.13,1107.8406,74.35,2.4577,393.774,225.952
2023-08-13,75.12,1107.2144,74.31,0.057,218.147,225.395
2023-08-14,75.0,1099.7161,73.81,0.0,139.671,226.457
2023-08-15,74.83,1089.1439,73.1,0.0,105.196,227.559
2023-08-16,74.6208,1076.2151,72.23,0.0,80.647,230.286
2023-08-17,74.4,1062.6666,71.32,0.4168,75.045,231.856
2023-08-18,74.16,1048.0533,70.34,0.2465,65.736,234.872
2023-08-19,73.9088,1032.8845,69.32,0.105,60.538,236.103
2023-08-20,73.7,1020.3744,68.48,15.0205,65.772,210.564
2023-08-21,73.7496,1023.3381,68.68,1.432,80.669,46.368
2023-08-22,73.7832,1025.3486,68.82,0.8455,69.396,46.126
2023-08-23,73.7356,1022.5011,68.62,12.6198,113.882,146.839
2023-08-24,73.66,1017.9881,68.32,12.1377,138.247,190.481
2023-08-25,73.72,1021.5688,68.56,0.0,83.398,41.954
2023-08-26,73.76,1023.9601,68.72,0.0,72.188,44.511
2023-08-27,73.78,1025.157,68.8,1.0642,57.001,43.148
2023-08-28,73.7932,1025.9474,68.86,0.0,52.095,42.947
2023-08-29,73.82,1027.5532,68.96,29.0973,61.73,43.144
2023-08-30,74.0516,1041.4917,69.9,48.0199,204.415,43.09
2023-08-31,74.618,1076.0427,72.22,0.2906,504.734,104.838
2023-09-01,74.6976,1080.951,72.55,0.0,244.39,187.58
2023-09-02,74.85,1090.3846,73.18,0.1102,140.547,31.362
2023-09-03,74.96,1097.2232,73.64,1.6639,110.747,31.597
2023-09-04,75.04,1102.2122,73.97,0.0,89.288,31.544
2023-09-05,75.1,1105.9626,74.23,0.0,75.106,31.699
2023-09-06,75.14,1108.467,74.39,0.0,60.443,31.457
2023-09-07,75.166,1110.0966,74.5,0.0,61.841,42.98
2023-09-08,75.1316,1107.9408,74.36,0.0,40.178,65.129
2023-09-09,75.1,1105.9626,74.23,0.0,41.996,64.892
2023-09-10,75.07,1104.0865,74.1,0.0,43.14,64.854
2023-09-11,75.0304,1101.6129,73.93,0.0,36.343,64.973
2023-09-12,74.9976,1099.5664,73.8,2.6434,39.849,63.535
2023-09-13,74.99,1099.0925,73.76,11.2231,55.385,60.87
2023-09-14,74.99,1099.0925,73.76,7.3439,60.309,60.309
2023-09-15,75.0092,1100.2899,73.84,13.9275,74.264,60.406
2023-09-16,75.14,1108.467,74.39,30.4248,155.197,60.555
2023-09-17,75.2824,1117.4091,74.99,5.1502,163.91,60.413
2023-09-18,75.4292,1126.6709,75.62,0.5403,167.843,60.646
2023-09-19,75.51,1131.7876,75.96,0.0,119.264,60.044
2023-09-20,75.9955,1162.8127,78.04,83.6042,418.943,59.855
2023-09-21,77.316,1249.6345,83.87,6.3737,1224.968,220.086
2023-09-22,77.66,1272.8369,85.43,0.0,486.902,218.356
2023-09-23,77.6728,1273.7049,85.48,0.0,227.872,217.826
2023-09-24,77.58,1267.4194,85.06,0.0,145.324,218.072
2023-09-25,77.4476,1258.4823,84.46,1.4729,115.218,218.658
2023-09-26,77.38,1253.933,84.16,27.1508,166.786,219.44
2023-09-27,77.35,1251.917,84.02,2.9987,196.615,219.948
2023-09-28,77.26,1245.8803,83.62,0.055,151.342,221.212
2023-09-29,77.1276,1237.0296,83.02,0.0,117.395,219.834
2023-09-30,76.97,1226.541,82.32,5.28,98.134,219.53
2023-10-01,76.7908,1214.6764,81.52,0.0,83.224,220.545
2023-10-02,76.6,1202.116,80.68,0.0,76.693,222.068
2023-10-03,76.3892,1188.3254,79.75,0.0,63.907,223.52
2023-10-04,76.16,1173.4342,78.75,0.0525,46.56,218.912
2023-10-05,75.9328,1158.7789,77.77,0.0,50.127,219.749
2023-10-06,75.69,1143.234,76.73,0.0,47.272,227.19
2023-10-07,75.44,1127.3541,75.66,0.0,44.422,228.217
2023-10-08,75.1812,1111.0499,74.57,0.0,39.827,228.533
2023-10-09,75.01,1100.3398,73.85,0.4791,36.229,160.189
2023-10-10,75.026,1101.3382,73.92,0.0,41.431,29.875
2023-10-11,75.03,1101.5879,73.93,0.0,33.017,30.127
2023-10-12,75.04,1102.2122,73.97,0.0,37.5,30.274
2023-10-13,75.04,1102.2122,73.97,0.0,30.386,30.386
2023-10-14,75.04,1102.2122,73.97,1.7361,30.285,30.285
2023-10-15,75.04,1102.2122,73.97,0.0,29.896,29.896
2023-10-16,75.03,1101.5879,73.93,0.0,22.882,30.108
2023-10-17,75.03,1101.5879,73.93,0.0,30.242,30.242
2023-10-18,75.02,1100.9637,73.89,0.0,22.978,30.202
2023-10-19,75.0236,1101.1884,73.91,5.9071,32.683,30.083
2023-10-20,75.01,1100.3398,73.85,3.2101,20.617,30.439
2023-10-21,75.0,1099.7161,73.81,0.0,23.095,30.314
2023-10-22,74.99,1099.0925,73.76,0.0,23.234,30.451
2023-10-23,74.98,1098.4692,73.72,0.0,23.216,30.43
2023-10-24,74.97,1097.8461,73.68,0.0,25.311,32.523
2023-10-25,74.95,1096.6005,73.6,0.0,17.884,32.301
2023-10-26,74.94,1095.978,73.56,0.0,25.224,32.429
2023-10-27,74.92,1094.7336,73.47,0.0,17.851,32.254
2023-10-28,74.9,1093.49,73.39,0.0,17.987,32.38
2023-10-29,74.88,1092.2472,73.31,0.0,17.729,32.113
2023-10-30,74.87,1091.6261,73.26,0.0,25.174,32.362
2023-10-31,74.85,1090.3846,73.18,0.0,18.383,32.753
2023-11-01,74.83,1089.1439,73.1,0.0,17.852,32.212
2023-11-02,74.82,1088.5238,73.06,0.0,25.189,32.366
2023-11-03,74.8,1087.2843,72.97,0.0,18.049,32.395
2023-11-04,74.78,1086.0457,72.89,0.2273,17.992,32.328
2023-11-05,74.7764,1085.8228,72.87,6.1102,29.596,32.176
2023-11-06,74.7672,1085.2534,72.84,12.2568,25.835,32.426
2023-11-07,74.76,1084.8078,72.81,0.057,26.921,32.078
2023-11-08,74.75,1084.1892,72.76,0.0,24.437,31.597
2023-11-09,74.7412,1083.645,72.73,12.3247,26.059,32.358
2023-11-10,74.73,1082.9526,72.68,3.7806,24.347,32.361
2023-11-11,74.73,1082.9526,72.68,0.0,32.387,32.387
2023-11-12,74.73,1082.9526,72.68,0.1042,32.443,32.443
2023-11-13,74.72,1082.3346,72.64,0.0,24.779,31.932
2023-11-14,74.7,1081.0992,72.56,0.0,18.053,32.352
2023-11-15,74.69,1080.4818,72.52,0.0,25.317,32.463
2023-11-16,74.6828,1080.0374,72.49,9.2227,27.309,32.452
2023-11-17,74.672,1079.371,72.44,0.8045,24.769,32.482
2023-11-18,74.66,1078.6309,72.39,1.3931,23.747,32.314
2023-11-19,74.65,1078.0143,72.35,0.531,25.466,32.602
2023-11-20,74.64,1077.3979,72.31,0.0,24.997,32.131
2023-11-21,74.63,1076.7818,72.27,0.0,25.259,32.39
2023-11-22,74.6144,1075.821,72.2,0.0,21.261,32.381
2023-11-23,74.5964,1074.713,72.13,0.0,19.587,32.411
2023-11-24,74.58,1073.704,72.06,0.0,20.764,32.441
2023-11-25,74.5596,1072.4498,71.98,0.0,17.844,32.361
2023-11-26,74.54,1071.2456,71.9,0.7122,18.561,32.499
2023-11-27,74.53,1070.6314,71.85,3.3888,25.073,32.181
2023-11-28,74.52,1070.0175,71.81,0.1567,25.105,32.21
2023-11-29,74.4976,1068.6431,71.72,0.092,16.453,32.361
2023-11-30,74.4836,1067.7846,71.66,0.0,22.647,32.583
2023-12-01,74.46,1066.3384,71.57,0.0,15.667,32.406
2023-12-02,74.4496,1065.7014,71.52,0.0,25.011,32.383
2023-12-03,74.4236,1064.11,71.42,0.0,14.112,32.532
2023-12-04,74.4124,1063.4249,71.37,0.0,24.171,32.101
2023-12-05,74.398,1062.5444,71.31,0.0,22.061,32.252
2023-12-06,74.3792,1061.3955,71.23,3.2287,19.188,32.485
2023-12-07,74.36,1060.2229,71.16,0.0,18.767,32.339
2023-12-08,74.34,1059.0022,71.07,0.0,18.336,32.464
2023-12-09,74.32,1057.7824,70.99,0.0,18.23,32.348
2023-12-10,74.31,1057.1728,70.95,0.0,25.46,32.516
2023-12-11,74.3216,1057.88,71.0,34.4989,40.275,32.09
2023-12-12,74.374,1061.0778,71.21,0.6528,69.351,32.339
2023-12-13,74.4604,1066.3629,71.57,0.1042,93.598,32.428
2023-12-14,74.5388,1071.1718,71.89,22.7302,88.036,32.377
2023-12-15,74.9556,1096.9492,73.62,44.5807,390.939,92.59
2023-12-16,75.46,1128.6198,75.75,3.7963,595.562,229.004
2023-12-17,75.48,1129.8863,75.83,0.0273,243.27,228.611
2023-12-18,75.36,1122.2995,75.32,0.103,140.779,228.589
2023-12-19,75.19,1111.6021,74.6,0.037,109.043,232.856
2023-12-20,74.98,1098.4692,73.72,0.2766,82.092,234.093
2023-12-21,74.87,1091.6261,73.26,0.0,65.281,144.483
2023-12-22,74.9072,1093.9376,73.42,0.0,59.174,32.421
2023-12-23,74.93,1095.3557,73.51,0.2271,48.9,32.487
2023-12-24,74.95,1096.6005,73.6,0.5105,47.097,32.689
2023-12-25,74.97,1097.8461,73.68,0.2741,46.884,32.467
2023-12-26,74.9864,1098.8681,73.75,0.1235,44.091,32.262
2023-12-27,75.0,1099.7161,73.81,0.0,42.401,32.587
2023-12-28,75.01,1100.3398,73.85,0.0,39.843,32.624
2023-12-29,75.01,1100.3398,73.85,0.0,32.62,32.62
2023-12-30,75.02,1100.9637,73.89,0.9837,39.808,32.586
2023-12-31,75.028,1101.463,73.92,3.9816,38.406,32.627
2024-01-01,75.04,1102.2122,73.97,0.0,40.87,32.199
2024-01-02,75.0444,1102.487,73.99,0.0,35.724,32.544
2024-01-03,75.05,1102.8368,74.02,1.5113,36.68,32.632
2024-01-04,75.06,1103.4616,74.06,0.214,39.657,32.426
2024-01-05,75.06,1103.4616,74.06,0.0,32.841,32.841
2024-01-06,75.06,1103.4616,74.06,0.1282,32.633,32.633
2024-01-07,75.0536,1103.0617,74.03,0.1131,28.504,33.132
2024-01-08,75.0532,1103.0367,74.03,0.0,31.935,32.224
2024-01-09,75.05,1102.8368,74.02,2.6831,30.399,32.713
2024-01-10,75.04,1102.2122,73.97,1.3612,25.314,32.543
2024-01-11,75.04,1102.2122,73.97,0.0,32.719,32.719
2024-01-12,75.0376,1102.0624,73.96,0.0,30.891,32.626
2024-01-13,75.03,1101.5879,73.93,0.0,27.117,32.609
2024-01-14,75.02,1100.9637,73.89,5.8224,25.261,32.485
2024-01-15,75.02,1100.9637,73.89,0.0,32.61,32.61
2024-01-16,75.0184,1100.8639,73.88,0.0,31.397,32.553
2024-01-17,75.03,1101.5879,73.93,7.9046,40.996,32.616
2024-01-18,75.058,1103.3366,74.05,9.181,52.696,32.456
2024-01-19,75.092,1105.4622,74.19,0.057,57.549,32.947
2024-01-20,75.15,1109.0936,74.44,15.486,74.767,32.736
2024-01-21,75.24,1114.7422,74.81,1.1956,97.58,32.202
2024-01-22,75.3336,1120.6344,75.21,0.0,101.193,32.997
2024-01-23,75.4,1124.8252,75.49,0.0,80.982,32.478
2024-01-24,75.45,1127.9868,75.7,0.0,69.428,32.835
2024-01-25,75.49,1130.5198,75.87,0.0,62.027,32.71
2024-01-26,75.52,1132.4217,76.0,0.0,54.747,32.734
2024-01-27,75.5404,1133.7161,76.09,0.0,47.844,32.863
2024-01-28,75.5604,1134.9859,76.17,0.0,47.516,32.819
2024-01-29,75.58,1136.2311,76.26,0.0,47.1,32.688
2024-01-30,75.59,1136.8667,76.3,0.0,40.178,32.821
2024-01-31,75.5932,1137.0701,76.31,0.0,34.946,32.591
2024-02-01,75.6,1137.5025,76.34,0.0,45.306,40.302
2024-02-02,75.59,1136.8667,76.3,0.0,32.849,40.208
2024-02-03,75.58,1136.2311,76.26,1.0255,32.82,40.177
2024-02-04,75.58,1136.2311,76.26,1.9973,40.746,40.746
2024-02-05,75.5996,1137.477,76.34,13.4313,55.133,40.712
2024-02-06,75.6084,1138.0367,76.38,0.9522,47.25,40.772
2024-02-07,75.63,1139.4111,76.47,0.146,56.693,40.785
2024-02-08,75.63,1139.4111,76.47,0.0663,41.027,41.027
2024-02-09,75.64,1140.0478,76.51,0.0,48.454,41.086
2024-02-10,75.64,1140.0478,76.51,0.0,40.347,40.347
2024-02-11,75.6456,1140.4044,76.54,0.0505,44.218,40.091
2024-02-12,75.65,1140.6846,76.56,0.0,43.886,40.643
2024-02-13,75.66,1141.3216,76.6,0.0,39.458,32.085
2024-02-14,75.6656,1141.6785,76.62,0.6055,35.947,31.817
2024-02-15,75.68,1142.5963,76.68,2.9248,42.178,31.555
2024-02-16,75.68,1142.5963,76.68,0.0552,40.115,40.115
2024-02-17,75.69,1143.234,76.73,0.0,47.401,40.021
2024-02-18,75.7196,1145.1226,76.85,17.1255,62.135,40.276
2024-02-19,75.84,1152.8233,77.37,20.1523,129.184,40.056
2024-02-20,76.1057,1169.922,78.52,5.5933,238.264,40.362
2024-02-21,76.36,1186.4223,79.63,14.5711,231.241,40.265
2024-02-22,76.6604,1206.0841,80.95,3.2382,267.863,40.296
2024-02-23,76.8928,1221.4216,81.97,0.5067,217.911,40.393
2024-02-24,77.02,1229.8631,82.54,1.5491,156.165,58.463
2024-02-25,77.05,1231.8588,82.68,2.1038,123.095,99.996
2024-02-26,77.0,1228.5336,82.45,0.0,105.586,144.072
2024-02-27,76.91,1222.5612,82.05,0.0,90.197,159.323
2024-02-28,76.81,1215.9445,81.61,0.0,82.494,159.076
2024-02-29,76.69,1208.0315,81.08,1.0433,67.468,159.054
2024-03-01,76.5668,1199.938,80.53,0.0,65.618,159.292
2024-03-02,76.44,1191.6405,79.98,0.0,63.538,159.574
2024-03-03,76.308,1183.0376,79.4,1.3456,59.866,159.437
2024-03-04,76.17,1174.0817,78.8,0.057,56.006,159.662
2024-03-05,76.03,1165.0358,78.19,5.4756,55.022,159.72
2024-03-06,75.89,1156.0299,77.59,0.057,55.287,159.521
2024-03-07,75.74,1146.4253,76.94,0.0,48.641,159.806
2024-03-08,75.59,1136.8667,76.3,0.0,49.017,159.649
2024-03-09,75.44,1127.3541,75.66,0.0,49.362,159.461
2024-03-10,75.282,1117.3839,74.99,0.0,44.147,159.542
2024-03-11,75.12,1107.2144,74.31,0.0,41.94,159.643
2024-03-12,74.9528,1096.7748,73.61,1.0716,38.333,159.162
2024-03-13,74.79,1086.6649,72.93,0.055,39.571,156.584
2024-03-14,74.7924,1086.8136,72.94,0.0,44.0,42.28
2024-03-15,74.7844,1086.3181,72.91,0.0,34.938,40.672
2024-03-16,74.78,1086.0457,72.89,0.0,37.564,40.717
2024-03-17,74.77,1085.4266,72.85,0.0,33.503,40.668
2024-03-18,74.76,1084.8078,72.81,0.0,33.836,40.998
2024-03-19,74.7492,1084.1397,72.76,0.0,33.138,40.871
2024-03-20,74.7348,1083.2493,72.7,0.0,30.397,40.703
2024-03-21,74.7224,1082.4829,72.65,0.0,31.941,40.812
2024-03-22,74.7112,1081.7909,72.6,1.6839,32.725,40.734
2024-03-23,74.7,1081.0992,72.56,0.2287,32.757,40.763
2024-03-24,74.6888,1080.4077,72.51,0.0,32.666,40.669
2024-03-25,74.6853,1080.1917,72.5,9.0732,38.321,40.821
2024-03-26,74.706,1081.4697,72.58,18.8232,55.476,40.684
2024-03-27,74.7444,1083.8429,72.74,0.0,82.81,55.343
2024-03-28,74.7864,1086.442,72.92,25.1402,109.668,79.586
2024-03-29,74.94,1095.978,73.56,0.212,206.327,95.957
2024-03-30,75.02,1100.9637,73.89,1.4558,180.186,122.48
2024-03-31,75.0144,1100.6143,73.87,0.0,118.432,122.476
2024-04-01,74.9868,1098.8931,73.75,0.0,95.649,115.571
2024-04-02,74.9172,1094.5594,73.46,1.8624,79.609,129.767
2024-04-03,74.86,1091.0053,73.22,17.2136,88.567,129.703
2024-04-04,74.7784,1085.9466,72.88,1.4732,119.761,178.31
2024-04-05,74.61,1075.5501,72.18,0.2034,109.474,229.804
2024-04-06,74.43,1064.5016,71.44,0.0,101.279,229.155
2024-04-07,74.2596,1054.1035,70.75,0.0,86.626,206.974
2024-04-08,74.04,1040.7909,69.85,0.0,75.822,229.903
2024-04-09,73.81,1026.9538,68.92,0.0,69.479,229.63
2024-04-10,73.8276,1028.0088,68.99,0.0,52.846,40.635
2024-04-11,73.852,1029.4725,69.09,0.0,57.57,40.629
2024-04-12,73.8639,1030.1868,69.14,0.0,48.428,40.161
2024-04-13,73.8639,1030.1868,69.14,0.0,41.107,41.107
2024-04-14,73.8668,1030.3609,69.15,0.0,43.379,41.364
2024-04-15,73.8739,1030.7873,69.18,10.0376,46.138,41.203
2024-04-16,73.8978,1032.2232,69.28,0.6541,48.467,31.847
2024-04-17,73.9179,1033.4317,69.36,0.0,46.376,32.388
2024-04-18,73.927,1033.9792,69.39,0.0,38.605,32.269
2024-04-19,73.9301,1034.1657,69.41,0.0,34.874,32.715
2024-04-20,73.9361,1034.5267,69.43,3.4401,36.489,32.31
2024-04-21,73.9438,1034.9902,69.46,0.3397,37.36,31.996
2024-04-22,73.9568,1035.773,69.51,0.0,42.117,33.057
2024-04-23,73.9422,1034.8939,69.46,0.0,23.237,33.412
2024-04-24,73.9401,1034.7675,69.45,5.2592,32.054,33.517
2024-04-25,73.943,1034.9421,69.46,0.0,35.264,33.244
2024-04-26,73.9407,1034.8036,69.45,0.0,31.635,33.237
2024-04-27,73.9329,1034.3342,69.42,0.0,28.035,33.468
2024-04-28,73.925,1033.8588,69.39,0.0,27.648,33.15
2024-04-29,73.916,1033.3175,69.35,2.5029,26.804,33.07
2024-04-30,73.9018,1032.4636,69.29,0.6614,26.133,36.015
2024-05-01,73.855,1029.6526,69.1,1.7242,25.802,58.338
2024-05-02,73.8112,1027.0258,68.93,0.0,28.067,58.47
2024-05-03,73.76,1023.9601,68.72,0.0,21.676,57.158
2024-05-04,73.718,1021.4494,68.55,0.0,24.903,53.963
2024-05-05,73.713,1021.1507,68.53,23.9023,51.943,55.4
2024-05-06,73.7081,1020.8581,68.51,7.2939,52.793,56.18
2024-05-07,73.7322,1022.2978,68.61,13.6896,73.171,56.507
2024-05-08,73.759,1023.9003,68.72,1.3255,76.856,58.309
2024-05-09,73.7771,1024.9834,68.79,0.0,71.732,59.196
2024-05-10,73.777,1024.9774,68.79,0.0,59.337,59.406
2024-05-11,73.7679,1024.4328,68.75,11.665,52.7,59.003
2024-05-12,73.7602,1023.9721,68.72,5.0529,53.296,58.628
2024-05-13,73.7602,1023.9721,68.72,0.0,59.06,59.06
2024-05-14,73.7423,1022.9016,68.65,0.0,46.487,58.877
2024-05-15,73.723,1021.7481,68.57,10.3477,45.486,58.837
2024-05-16,73.7082,1020.864,68.51,6.1533,48.683,58.915
2024-05-17,73.6974,1020.2192,68.47,0.0,50.874,58.337
2024-05-18,73.6861,1019.5448,68.43,0.0,51.103,58.909
2024-05-19,73.6518,1017.4993,68.29,0.0,35.099,58.774
2024-05-20,73.6192,1015.5574,68.16,0.0,36.243,58.719
2024-05-21,73.581,1013.2847,68.01,0.0,32.423,58.728
2024-05-22,73.5384,1010.7537,67.84,0.0,28.84,58.134
2024-05-23,73.4803,1007.3078,67.6,0.0,19.355,59.238
2024-05-24,73.4331,1004.5136,67.42,0.0,27.002,59.343
2024-05-25,73.3793,1001.3341,67.2,0.0,22.432,59.231
2024-05-26,73.376,1001.1393,67.19,19.5541,56.083,58.338
2024-05-27,73.353,999.782,67.1,0.1918,49.999,65.708
2024-05-28,73.4459,1005.2709,67.47,0.0,141.772,78.243
2024-05-29,73.795,1026.0552,68.86,0.0,319.307,78.748
2024-05-30,74.107,1044.8421,70.12,0.0,326.529,109.088
2024-05-31,74.4051,1062.9784,71.34,0.0,318.561,108.65
2024-06-01,74.4582,1066.2281,71.56,0.0,189.23,151.618
2024-06-02,74.31,1057.1728,70.95,0.0,46.489,151.296
2024-06-03,74.1222,1045.7625,70.19,0.0,19.628,151.692
2024-06-04,73.932,1034.28,69.41,0.0,18.468,151.367
2024-06-05,73.748,1023.2424,68.67,0.0,23.512,151.262
2024-06-06,73.5471,1011.2703,67.87,0.0,13.08,151.646
2024-06-07,73.3588,1000.1242,67.12,0.3141,16.576,145.582
2024-06-08,73.172,989.1387,66.39,4.3726,29.227,156.373
2024-06-09,72.9831,978.1026,65.64,0.073,23.275,151.008
2024-06-10,72.7901,966.9025,64.89,0.0,21.635,151.265
2024-06-11,72.598,955.8307,64.15,0.0,22.811,150.958
2024-06-12,72.3943,944.173,63.37,0.0,16.443,151.37
2024-06-13,72.1949,932.8439,62.61,0.0,20.037,151.16
2024-06-14,71.9896,921.2649,61.83,1.3673,17.262,151.278
2024-06-15,71.777,909.3656,61.03,3.8076,13.178,150.902
2024-06-16,71.573,898.0349,60.27,0.1159,19.779,150.921
2024-06-17,71.355,886.0211,59.46,0.0,11.853,150.901
2024-06-18,71.1418,874.3664,58.68,0.0,16.132,151.024
2024-06-19,70.922,862.4488,57.88,0.0,13.36,151.295
2024-06-20,70.7023,850.636,57.09,0.0,14.768,151.491
2024-06-21,70.626,846.5567,56.82,0.0,16.378,63.592
2024-06-22,70.5694,843.5384,56.61,12.929,26.182,61.116
2024-06-23,70.51,840.3779,56.4,3.4886,21.39,57.97
2024-06-24,70.4611,837.7815,56.23,0.0,28.316,58.367
2024-06-25,70.4001,834.5496,56.01,0.0,21.071,58.478
2024-06-26,70.3342,831.0666,55.78,0.0,18.092,58.404
2024-06-27,70.2652,827.4294,55.53,0.0,19.918,62.015
2024-06-28,70.1912,823.5395,55.27,0.0,14.651,59.673
2024-06-29,70.176,822.7419,55.22,35.641,48.9,58.132
2024-06-30,70.2422,826.2192,55.45,32.8859,98.097,57.851
2024-07-01,70.421,835.6561,56.08,0.0,152.142,42.919
2024-07-02,70.5924,844.7642,56.7,33.9859,148.431,43.013
2024-07-03,70.9361,863.2104,57.93,24.0619,256.336,42.838
2024-07-04,71.1658,875.6737,58.77,0.0,187.268,43.016
2024-07-05,71.257,880.6523,59.1,5.0485,100.46,42.838
2024-07-06,71.299,882.9508,59.26,0.037,69.559,42.956
2024-07-07,71.4138,889.2519,59.68,32.835,115.629,42.7
2024-07-08,73.7416,1022.8597,68.65,115.6252,1695.691,149.304
2024-07-09,75.081,1104.7742,74.15,42.2003,1377.586,429.502
2024-07-10,78.851,1355.0326,90.94,111.0349,3992.832,1096.323
2024-07-11,77.9979,1295.8628,86.97,0.9203,1092.783,1777.618
2024-07-12,76.3781,1187.6018,79.7,0.1042,527.029,1780.05
2024-07-13,74.4718,1067.0614,71.61,0.1093,380.56,1775.704
2024-07-14,72.2886,938.1574,62.96,0.0,282.359,1774.304
2024-07-15,70.309,829.7371,55.69,1.3326,193.933,1448.797
2024-07-16,69.887,807.6674,54.21,44.6404,225.545,480.981
2024-07-17,70.1583,821.8137,55.16,1.1236,648.305,484.575
2024-07-18,70.3832,833.6555,55.95,23.1182,631.806,494.748
2024-07-19,70.705,850.7806,57.1,2.5684,689.204,490.998
2024-07-20,70.639,847.2509,56.86,15.2224,438.223,479.075
2024-07-21,70.8432,858.2005,57.6,12.2056,484.956,358.225
2024-07-22,71.0352,868.5741,58.29,0.0,358.653,238.588
2024-07-23,71.3467,885.5656,59.43,1.0622,239.879,43.218
2024-07-24,71.496,893.7803,59.99,2.994,138.317,43.24
2024-07-25,71.6079,899.9672,60.4,4.1167,115.096,43.488
2024-07-26,71.6969,904.9064,60.73,0.9444,100.502,43.336
2024-07-27,71.7769,909.36,61.03,6.0151,94.838,43.292
2024-07-28,71.8489,913.3795,61.3,0.0,89.781,43.259
2024-07-29,71.898,916.1266,61.49,0.0,74.975,43.179
2024-07-30,71.922,917.4712,61.58,0.0,58.871,43.308
2024-07-31,71.93,917.9197,61.61,0.0,48.448,43.257
2024-08-01,71.9348,918.1889,61.62,0.0,47.82,44.705
2024-08-02,71.9287,917.8468,61.6,0.0,41.171,45.13
2024-08-03,71.9147,917.0621,61.55,0.105,36.276,45.358
2024-08-04,71.8977,916.1098,61.48,1.5222,34.807,45.829
2024-08-05,71.8816,915.2085,61.42,11.9,38.177,48.609
2024-08-06,71.8531,913.6143,61.32,0.0729,30.564,49.016
2024-08-07,71.8552,913.7317,61.32,0.0,50.791,49.432
2024-08-08,71.8349,912.5971,61.25,0.0,36.148,49.28
2024-08-09,71.8049,910.9218,61.14,0.0,29.966,49.355
2024-08-10,71.7728,909.1314,61.02,0.0,29.009,49.732
2024-08-11,71.7272,906.5916,60.85,0.0,19.994,49.39
2024-08-12,71.6748,903.6784,60.65,0.111,23.541,57.259
2024-08-13,71.6515,902.3848,60.56,0.037,34.035,49.007
2024-08-14,71.5979,899.4133,60.36,0.0,14.425,48.818
2024-08-15,71.5488,896.6964,60.18,0.0,17.42,48.865
2024-08-16,71.4969,893.83,59.99,0.0,15.528,48.704
2024-08-17,71.4429,890.8534,59.79,0.0,14.079,48.53
2024-08-18,71.385,887.6686,59.58,0.0,11.489,48.351
2024-08-19,71.3332,884.8251,59.38,0.0,15.503,48.413
2024-08-20,71.3046,883.2575,59.28,1.642,29.435,47.578
2024-08-21,71.281,881.9653,59.19,7.9312,28.987,43.944
2024-08-22,71.2639,881.0297,59.13,2.6423,26.054,36.883
2024-08-23,71.253,880.4336,59.09,0.0552,23.321,30.22
2024-08-24,71.241,879.7776,59.05,5.053,22.657,30.249
2024-08-25,71.2139,878.2974,58.95,0.0449,18.497,35.63
2024-08-26,71.1788,876.3824,58.82,4.1379,20.551,42.715
2024-08-27,71.13,873.7241,58.64,0.0525,15.05,45.817
2024-08-28,71.083,871.1685,58.47,0.0,16.769,46.347
2024-08-29,71.0379,868.7206,58.3,0.7092,19.287,47.62
2024-08-30,70.985,865.8545,58.11,0.0,14.07,47.242
2024-08-31,70.932,862.9889,57.92,0.0,14.165,47.332
2024-09-01,70.894,860.9378,57.78,0.0,11.507,35.246
2024-09-02,70.8602,859.1159,57.66,0.1019,12.853,33.94
2024-09-03,70.8342,857.7161,57.56,0.0,14.649,30.851
2024-09-04,70.8029,856.0327,57.45,0.0,15.109,34.592
2024-09-05,70.7599,853.7234,57.3,0.0525,9.829,36.557
2024-09-06,70.723,851.7448,57.16,0.6518,14.717,37.618
2024-09-07,70.6858,849.7528,57.03,1.3035,13.9,36.955
2024-09-08,70.6538,848.0416,56.92,0.0,16.382,36.188
2024-09-09,70.619,846.1831,56.79,0.0,10.332,31.843
2024-09-10,70.5926,844.7748,56.7,0.0,16.511,32.81
2024-09-11,70.555,842.7716,56.56,7.3509,10.289,33.475
2024-09-12,70.5391,841.9254,56.51,13.1994,25.098,34.892
2024-09-13,70.527,841.2817,56.46,0.0505,25.956,33.406
2024-09-14,70.509,840.3248,56.4,0.0,22.076,33.152
2024-09-15,70.4859,839.0977,56.32,0.0449,19.275,33.477
2024-09-16,70.4579,837.6118,56.22,0.0449,15.978,33.176
2024-09-17,70.4308,836.1752,56.12,0.0,16.236,32.863
2024-09-18,70.4352,836.4084,56.13,35.7486,35.763,33.065
2024-09-19,70.5012,839.9103,56.37,1.8068,73.944,33.412
2024-09-20,70.5809,844.1512,56.65,21.2737,82.397,33.313
2024-09-21,72.5617,953.747,64.01,150.6777,1301.068,32.598
2024-09-22,73.758,1023.8405,68.71,0.0663,846.021,34.754
2024-09-23,74.004,1038.618,69.71,0.0,204.251,33.215
2024-09-24,74.1228,1045.7988,70.19,0.0,114.977,31.865
2024-09-25,74.1839,1049.5033,70.44,0.0,74.979,32.103
2024-09-26,74.2269,1052.1149,70.61,0.0,62.742,32.515
2024-09-27,74.2468,1053.3248,70.69,0.0,46.358,32.354
2024-09-28,74.2569,1053.9392,70.73,0.0,39.479,32.368
2024-09-29,74.2658,1054.4808,70.77,0.0,39.54,33.272
2024-09-30,74.2501,1053.5256,70.71,0.0,23.286,34.342
2024-10-01,74.239,1052.8505,70.66,0.7719,24.442,32.255
2024-10-02,74.2378,1052.7775,70.66,0.0,31.22,32.064
2024-10-03,74.2358,1052.6559,70.65,6.1921,30.557,31.964
2024-10-04,74.228,1052.1818,70.62,0.0525,26.442,31.93
2024-10-05,74.2218,1051.805,70.59,0.0,27.65,32.011
2024-10-06,74.2109,1051.1427,70.55,0.3325,24.181,31.846
2024-10-07,74.2031,1050.6689,70.51,3.8581,26.569,32.052
2024-10-08,74.1889,1049.8068,70.46,0.0,22.506,32.485
2024-10-09,74.1739,1048.8965,70.4,0.0663,21.777,32.313
2024-10-10,74.1549,1047.7441,70.32,0.037,19.156,32.494
2024-10-11,74.1369,1046.653,70.25,0.0,19.569,32.197
2024-10-12,74.1169,1045.4415,70.16,0.0,18.349,32.371
2024-10-13,74.097,1044.2369,70.08,0.0,18.156,32.098
2024-10-14,74.0859,1043.5653,70.04,6.6849,24.5,32.273
2024-10-15,74.1008,1044.4668,70.1,11.8362,42.578,32.143
2024-10-16,74.097,1044.2369,70.08,0.1491,30.017,32.679
2024-10-17,74.086,1043.5714,70.04,0.0,24.763,32.466
2024-10-18,74.1348,1046.5258,70.24,17.9437,66.445,32.25
2024-10-19,74.1668,1048.4657,70.37,9.8289,54.667,32.214
2024-10-20,74.1918,1049.9828,70.47,0.0,49.644,32.085
2024-10-21,74.1988,1050.4078,70.5,2.5733,37.194,32.275
2024-10-22,74.2326,1052.4614,70.63,21.0488,56.05,32.282
2024-10-23,74.283,1055.5279,70.84,1.6346,68.787,33.295
2024-10-24,74.336,1058.7582,71.06,0.0,69.859,32.471
2024-10-25,74.361,1060.2839,71.16,0.0,49.826,32.167
2024-10-26,74.3781,1061.3283,71.23,0.0,43.857,31.77
2024-10-27,74.3859,1061.8048,71.26,1.5597,37.694,32.178
2024-10-28,74.388,1061.9332,71.27,0.3412,33.578,32.093
2024-10-29,74.379,1061.3832,71.23,0.0,25.741,32.106
2024-10-30,74.3782,1061.3344,71.23,0.0,31.862,32.428
2024-10-31,74.3669,1060.6442,71.18,0.0,24.44,32.428
2024-11-01,74.3608,1060.2717,71.16,3.2533,27.796,32.107
2024-11-02,74.3499,1059.6064,71.11,0.4799,24.382,32.083
2024-11-03,74.3388,1058.929,71.07,0.0,24.525,32.364
2024-11-04,74.3228,1057.9531,71.0,0.0,20.818,32.113
2024-11-05,74.305,1056.8681,70.93,0.0,19.484,32.043
2024-11-06,74.2869,1055.7654,70.86,0.0,19.406,32.168
2024-11-07,74.2768,1055.1504,70.82,0.0,24.641,31.759
2024-11-08,74.258,1054.0062,70.74,0.0,18.94,32.183
2024-11-09,74.2398,1052.8991,70.66,0.0,19.646,32.459
2024-11-10,74.2209,1051.7503,70.59,0.0,18.998,32.295
2024-11-11,74.2069,1050.8997,70.53,0.0,22.193,32.037
2024-11-12,74.183,1049.4486,70.43,0.0,15.497,32.292
2024-11-13,74.1648,1048.3444,70.36,0.0,19.046,31.826
2024-11-14,74.1389,1046.7742,70.25,0.0,14.346,32.52
2024-11-15,74.1209,1045.6837,70.18,2.2437,19.597,32.218
2024-11-16,74.097,1044.2369,70.08,0.4598,15.242,31.988
2024-11-17,74.077,1043.027,70.0,0.1477,17.901,31.904
2024-11-18,74.0519,1041.5098,69.9,0.0,14.144,31.704
2024-11-19,74.024,1039.8248,69.79,0.0,11.737,31.239
2024-11-20,74.004,1038.618,69.71,0.0,17.914,31.882
2024-11-21,73.9859,1037.5264,69.63,0.0,19.409,32.042
2024-11-22,73.9628,1036.1344,69.54,0.0,15.958,32.07
2024-11-23,73.9398,1034.7494,69.45,0.0,16.098,32.127
2024-11-24,73.9137,1033.1791,69.34,0.0,13.813,31.988
2024-11-25,73.89,1031.7544,69.25,0.2732,15.627,32.117
2024-11-26,73.8928,1031.9227,69.26,15.6692,33.965,32.018
2024-11-27,73.88,1031.1536,69.2,3.3274,21.978,30.879
2024-11-28,73.8751,1030.8593,69.19,6.217,27.534,30.94
2024-11-29,73.8748,1030.8413,69.18,0.7351,31.237,31.446
2024-11-30,73.864,1030.1928,69.14,0.2353,24.532,32.038
2024-12-01,73.852,1029.4725,69.09,0.1672,23.625,31.962
2024-12-02,73.8379,1028.6266,69.04,0.0,22.49,32.281
2024-12-03,73.8308,1028.2007,69.01,0.0547,27.157,32.086
2024-12-04,73.8129,1027.1276,68.93,0.0,18.998,31.418
2024-12-05,73.805,1026.6542,68.9,0.3219,27.736,33.215
2024-12-06,73.791,1025.8156,68.85,0.3316,22.58,32.286
2024-12-07,73.7732,1024.75,68.78,0.0,19.94,32.274
2024-12-08,73.763,1024.1396,68.73,0.0,25.047,32.111
2024-12-09,73.7422,1022.8956,68.65,0.0,17.973,32.371
2024-12-10,73.7338,1022.3935,68.62,0.0,26.443,32.255
2024-12-11,73.712,1021.091,68.53,0.0,16.591,31.666
2024-12-12,73.698,1020.255,68.47,0.0,22.602,32.277
2024-12-13,73.672,1018.7036,68.37,0.0,14.129,32.085
2024-12-14,73.6492,1017.3443,68.28,0.0663,16.251,31.984
2024-12-15,73.6289,1016.135,68.2,1.1022,17.953,31.95
2024-12-16,73.613,1015.1883,68.13,0.3145,21.108,32.065
2024-12-17,73.5859,1013.576,68.03,0.1645,13.314,31.975
2024-12-18,73.5658,1012.3812,67.95,0.0,18.228,32.057
2024-12-19,73.5539,1011.6742,67.9,0.0,24.128,32.311
2024-12-20,73.528,1010.1364,67.79,0.0,14.393,32.191
2024-12-21,73.5108,1009.1159,67.73,3.2455,20.102,31.913
2024-12-22,73.4888,1007.8115,67.64,0.0,16.929,32.026
2024-12-23,73.4641,1006.3483,67.54,0.2352,15.405,32.341
2024-12-24,73.4436,1005.1348,67.46,0.037,18.033,32.078
2024-12-25,73.42,1003.7388,67.37,0.0,16.089,32.246
2024-12-26,73.3941,1002.2082,67.26,0.0273,14.264,31.98
2024-12-27,73.371,1000.8441,67.17,0.1075,16.256,32.043
2024-12-28,73.351,999.664,67.09,0.3538,18.266,31.925
2024-12-29,73.3357,998.7618,67.03,0.0,21.421,31.863
2024-12-30,73.3056,996.9883,66.91,0.0,11.619,32.146
2024-12-31,73.2798,995.4696,66.81,0.0,14.545,32.123
2025-01-01,73.2569,994.1227,66.72,0.0,17.053,32.642
2025-01-02,73.2268,992.354,66.6,0.0,12.622,33.093
2025-01-03,73.202,990.8982,66.5,0.0,16.194,33.044
2025-01-04,73.1769,989.426,66.4,0.0,16.019,33.058
2025-01-05,73.161,988.4941,66.34,0.8377,22.11,32.896
2025-01-06,73.13,986.6786,66.22,3.4313,12.02,33.032
2025-01-07,73.1072,985.3447,66.13,0.0505,17.005,32.444
2025-01-08,73.0848,984.0351,66.04,0.9891,17.93,33.087
2025-01-09,73.062,982.7033,65.95,0.0,17.634,33.049
2025-01-10,73.0286,980.7541,65.82,0.0,10.441,33.0
2025-01-11,73.0099,979.6639,65.75,0.1393,20.499,33.118
2025-01-12,72.9759,977.6834,65.62,0.057,10.257,33.179
2025-01-13,72.9519,976.2868,65.52,0.073,17.135,33.299
2025-01-14,72.916,974.2,65.38,0.0663,9.168,33.321
2025-01-15,72.8939,972.9167,65.3,0.0,18.364,33.217
2025-01-16,72.8698,971.5184,65.2,0.0,17.074,33.258
2025-01-17,72.8479,970.2487,65.12,0.0,18.456,33.151
2025-01-18,72.8277,969.0785,65.04,0.0,19.705,33.249
2025-01-19,72.7989,967.4116,64.93,0.0,13.956,33.25
2025-01-20,72.7708,965.7867,64.82,0.0,14.376,33.182
2025-01-21,72.7419,964.1174,64.71,0.0,13.802,33.124
2025-01-22,72.7119,962.3863,64.59,0.0,12.961,32.997
2025-01-23,72.6822,960.6743,64.47,0.0,13.202,33.017
2025-01-24,72.6603,959.4131,64.39,0.0,18.424,33.021
2025-01-25,72.6369,958.0666,64.3,0.0,17.333,32.917
2025-01-26,72.6079,956.3994,64.19,0.0,13.721,33.017
2025-01-27,72.5832,954.9808,64.09,3.8805,16.354,32.773
2025-01-28,72.5556,953.3971,63.99,2.8645,14.303,32.633
2025-01-29,72.5389,952.4396,63.92,0.8117,21.363,32.445
2025-01-30,72.5168,951.1734,63.84,0.7154,17.705,32.36
2025-01-31,72.4909,949.6907,63.74,1.0128,15.628,32.788
2025-02-01,72.4681,948.3867,63.65,1.4552,17.837,32.93
2025-02-02,72.44,946.7809,63.54,0.0273,14.41,32.995
2025-02-03,72.4215,945.7247,63.47,0.1608,20.769,32.994
2025-02-04,72.388,943.8138,63.34,0.0,10.813,32.93
2025-02-05,72.361,942.2753,63.24,0.0,15.335,33.141
2025-02-06,72.3428,941.2391,63.17,0.0553,21.015,33.008
2025-02-07,72.317,939.7714,63.07,1.1814,15.847,32.834
2025-02-08,72.287,938.0665,62.96,0.2769,13.326,33.059
2025-02-09,72.2592,936.4882,62.85,0.2676,14.653,32.92
2025-02-10,72.2438,935.6146,62.79,0.0273,22.634,32.745
2025-02-11,72.22,934.2655,62.7,0.112,17.535,33.15
2025-02-12,72.1919,932.6741,62.6,7.3732,14.458,32.877
2025-02-13,72.169,931.3783,62.51,0.3268,18.19,33.187
2025-02-14,72.1518,930.4059,62.44,0.055,21.682,32.938
2025-02-15,72.125,928.8918,62.34,0.0,15.449,32.973
2025-02-16,72.0968,927.3002,62.23,0.0,14.664,33.085
2025-02-17,72.0696,925.7667,62.13,0.0663,15.294,33.044
2025-02-18,72.046,924.4373,62.04,0.0,17.67,33.056
2025-02-19,72.017,922.8053,61.93,0.0,14.253,33.142
2025-02-20,71.9921,921.4054,61.84,0.0,16.499,32.701
2025-02-21,71.966,919.9394,61.74,0.0,15.583,32.55
2025-02-22,71.941,918.5366,61.65,0.0,16.493,32.73
2025-02-23,71.9169,917.1854,61.56,0.0,17.054,32.692
2025-02-24,71.888,915.5667,61.45,0.0,13.868,32.603
2025-02-25,71.861,914.056,61.35,0.0,15.595,33.08
2025-02-26,71.833,912.4909,61.24,0.0,14.737,32.852
2025-02-27,71.8108,911.2512,61.16,0.0,18.706,33.055
2025-02-28,71.7809,909.583,61.05,0.0273,13.776,33.083
2025-03-01,71.751,907.9167,60.93,0.727,10.672,29.958
2025-03-02,71.738,907.1928,60.89,9.1232,23.851,32.23
2025-03-03,71.7623,908.5462,60.98,18.4345,48.522,32.857
2025-03-04,71.8099,911.2009,61.15,3.5201,63.691,32.965
2025-03-05,71.8649,914.2741,61.36,1.4312,68.535,32.966
2025-03-06,71.893,915.8467,61.47,0.615,51.306,33.105
2025-03-07,71.9159,917.1294,61.55,0.0,48.0,33.154
2025-03-08,71.924,917.5834,61.58,0.0,38.214,32.96
2025-03-09,71.9301,917.9253,61.61,0.0,37.163,33.205
2025-03-10,71.941,918.5366,61.65,0.0,40.15,33.075
2025-03-11,71.9429,918.6431,61.65,0.0,34.301,33.068
2025-03-12,71.935,918.2001,61.62,0.0,28.075,33.203
2025-03-13,71.9418,918.5814,61.65,0.0,36.942,32.528
2025-03-14,71.9342,918.1552,61.62,0.0,28.838,33.771
2025-03-15,71.9299,917.9141,61.6,0.429,29.487,32.278
2025-03-16,71.916,917.135,61.55,1.5997,23.751,32.769
2025-03-17,71.898,916.1266,61.49,0.0,21.301,32.972
2025-03-18,71.887,915.5107,61.44,2.2881,25.646,32.774
2025-03-19,71.875,914.8392,61.4,2.6494,24.97,32.743
2025-03-20,71.8608,914.0448,61.35,0.458,23.792,32.986
2025-03-21,71.841,912.9379,61.27,0.0,20.29,33.101
2025-03-22,71.8229,911.9268,61.2,0.0,21.258,32.961
2025-03-23,71.8088,911.1395,61.15,0.0,24.323,33.434
2025-03-24,71.7888,910.0236,61.08,0.0,22.14,35.056
2025-03-25,71.7731,909.1481,61.02,0.0,24.126,34.258
2025-03-26,71.7591,908.3679,60.96,0.0,24.146,33.176
2025-03-27,71.7468,907.6828,60.92,0.0,25.454,33.384
2025-03-28,71.722,906.3023,60.83,0.1363,17.394,33.372
2025-03-29,71.705,905.3567,60.76,0.3954,22.396,33.34
2025-03-30,71.68,903.9673,60.67,0.0,17.013,33.095
2025-03-31,71.6649,903.1286,60.61,0.0,23.621,33.327
2025-04-01,71.641,901.8022,60.52,0.0,17.824,33.176
2025-04-02,71.6159,900.4105,60.43,0.055,14.183,30.291
2025-04-03,71.5959,899.3025,60.36,0.0,16.524,29.348
2025-04-04,71.565,897.5923,60.24,0.0,13.319,33.114
2025-04-05,71.546,896.5416,60.17,7.3597,20.392,32.552
2025-04-06,71.5228,895.2597,60.08,0.0755,17.948,32.785
2025-04-07,71.5002,894.0121,60.0,0.0,18.579,33.02
2025-04-08,71.4762,892.6883,59.91,0.0,17.565,32.887
2025-04-09,71.4482,891.1453,59.81,0.0,15.014,32.872
2025-04-10,71.42,889.593,59.7,0.0,15.176,33.143
2025-04-11,71.391,887.9983,59.6,0.0,14.423,32.88
2025-04-12,71.367,886.6799,59.51,11.1489,17.673,32.932
2025-04-13,71.356,886.076,59.47,5.515,25.319,32.308
2025-04-14,71.347,885.5821,59.44,4.6288,26.864,32.58
2025-04-15,71.3329,884.8087,59.38,0.5904,23.585,32.537
2025-04-16,71.31,883.5534,59.3,0.0,18.77,33.299
2025-04-17,71.286,882.239,59.21,0.0,18.11,33.323
2025-04-18,71.2718,881.4618,59.16,0.0,24.385,33.38
2025-04-19,71.2461,880.0564,59.06,1.8204,17.405,33.672
2025-04-20,71.2338,879.3842,59.02,1.1645,25.618,33.398
2025-04-21,71.2099,878.079,58.93,0.0,16.79,31.896
2025-04-22,71.2128,878.2373,58.94,16.6997,34.961,33.129
2025-04-23,71.1969,877.3695,58.88,1.0046,23.27,33.313
2025-04-24,71.1821,876.5623,58.83,0.0,23.99,33.333
2025-04-25,71.175,876.1752,58.8,0.0,29.043,33.523
2025-04-26,71.1662,875.6955,58.77,0.0,27.893,33.444
2025-04-27,71.1516,874.9001,58.72,0.0,23.954,33.16
2025-04-28,71.125,873.452,58.62,0.0,16.5,33.26
2025-04-29,71.1008,872.1359,58.53,0.0,18.65,33.883
2025-04-30,71.0788,870.9404,58.45,0.0,19.956,33.792
2025-05-01,71.0538,869.5831,58.36,21.0774,39.471,55.18
2025-05-02,71.0072,867.0566,58.19,0.0,25.802,55.044
2025-05-03,71.0042,866.8941,58.18,18.9363,53.163,55.044
2025-05-04,71.01,867.2083,58.2,0.1042,58.586,54.95
2025-05-05,71.013,867.3708,58.21,1.2797,56.437,54.556
2025-05-06,71.0029,866.8237,58.18,0.0,48.383,54.715
2025-05-07,70.9846,865.8329,58.11,0.0,46.011,57.479
2025-05-08,70.9453,863.7075,57.97,0.0,32.554,57.154
2025-05-09,70.93,862.8809,57.91,12.1163,47.376,56.943
2025-05-10,70.899,861.2075,57.8,5.1267,37.252,56.619
2025-05-11,70.8868,860.5495,57.76,0.3856,49.078,56.694
2025-05-12,70.8789,860.1236,57.73,0.0,51.8,56.73
2025-05-13,70.8578,858.9867,57.65,0.0,43.746,56.905
2025-05-14,70.8143,856.6456,57.49,0.0,31.765,58.86
2025-05-15,70.7832,854.9743,57.38,6.5595,39.975,59.319
2025-05-16,70.774,854.4802,57.35,27.2487,52.969,58.687
2025-05-17,70.788,855.2321,57.4,3.2507,68.33,59.628
2025-05-18,70.8842,860.4093,57.75,0.0,118.894,58.972
2025-05-19,70.9251,862.6162,57.89,0.0,84.468,58.925
2025-05-20,70.9361,863.2104,57.93,0.0,65.823,58.947
2025-05-21,70.919,862.2869,57.87,0.0,48.398,59.087
2025-05-22,70.8948,860.981,57.78,0.1102,44.043,59.158
2025-05-23,70.8538,858.7712,57.64,0.0,33.508,59.084
2025-05-24,70.804,856.0919,57.46,1.4462,27.549,58.56
2025-05-25,70.752,853.2996,57.27,0.0525,26.036,58.354
2025-05-26,70.6985,850.4326,57.08,0.0,25.785,58.968
2025-05-27,70.644,847.518,56.88,0.0,25.127,58.86
2025-05-28,70.5917,844.7268,56.69,0.0,25.964,58.269
2025-05-29,70.5236,841.1009,56.45,2.9854,17.314,59.281
2025-05-30,70.4639,837.9301,56.24,0.0729,21.079,57.778
2025-05-31,70.412,835.1795,56.05,0.0,25.333,57.169
2025-06-01,70.32,830.3173,55.73,0.0,21.821,78.096
2025-06-02,70.2249,825.3096,55.39,0.0,19.725,77.684
2025-06-03,70.129,820.2787,55.05,0.0,19.378,77.607
2025-06-04,70.0232,814.7503,54.68,0.0,13.764,77.749
2025-06-05,69.9212,809.4424,54.32,0.0,16.392,77.827
2025-06-06,69.8191,804.1507,53.97,0.0,16.554,77.8
2025-06-07,69.717,798.8805,53.62,0.0,12.779,73.777
2025-06-08,69.6112,793.4419,53.25,0.0,18.209,81.155
2025-06-09,69.5052,788.0162,52.89,0.0,15.026,77.823
2025-06-10,69.3959,782.4459,52.51,0.0,13.492,77.964
2025-06-11,69.233,774.1896,51.96,0.0,8.043,103.602
2025-06-12,69.027,763.8272,51.26,0.0,14.528,134.463
2025-06-13,68.8629,755.6351,50.71,42.998,39.211,134.027
2025-06-14,69.272,776.1613,52.09,65.0839,357.66,120.089
2025-06-15,69.5829,791.9911,53.15,1.4569,369.723,186.507
2025-06-16,69.3958,782.4408,52.51,9.7324,151.038,261.574
2025-06-17,69.122,768.5951,51.58,3.9426,98.54,258.791
2025-06-18,68.8188,753.443,50.57,0.055,86.104,261.475
2025-06-19,68.468,736.1489,49.41,0.1106,63.908,264.072
2025-06-20,68.1206,719.2726,48.27,10.0914,73.509,268.836
2025-06-21,68.327,729.2692,48.94,97.6002,385.306,269.604
2025-06-22,69.7749,801.8665,53.82,0.3299,1088.794,248.547
2025-06-23,69.97,811.9792,54.5,0.0,369.403,252.358
2025-06-24,69.8579,806.1591,54.1,15.2869,187.083,254.445
2025-06-25,69.711,798.5714,53.6,0.637,164.766,252.586
2025-06-26,69.5307,789.3194,52.97,1.1381,141.151,248.235
2025-06-27,69.58,791.8425,53.14,0.0,105.259,76.056
2025-06-28,69.5842,792.0577,53.16,5.9478,78.711,76.22
2025-06-29,69.639,794.8687,53.35,0.073,108.191,75.656
2025-06-30,69.6511,795.4902,53.39,0.0,83.38,76.187
2025-07-01,69.6748,796.7085,53.47,0.1105,59.734,45.634
2025-07-02,69.6739,796.6622,53.47,0.0,44.874,45.41
2025-07-03,69.6679,796.3537,53.45,0.0,41.868,45.439
2025-07-04,69.6412,794.9817,53.35,0.0,29.721,45.6
2025-07-05,69.616,793.6882,53.27,0.0,31.543,46.514
2025-07-06,69.584,792.0475,53.16,0.0,27.2,46.19
2025-07-07,69.5452,790.061,53.02,0.3646,23.11,46.102
2025-07-08,69.5,787.7507,52.87,0.0,19.56,46.299
2025-07-09,69.448,785.098,52.69,0.0,15.654,46.356
2025-07-10,69.391,782.1968,52.5,0.0,12.673,46.253
2025-07-11,69.333,779.2514,52.3,0.0,12.037,46.126
2025-07-12,69.273,776.2119,52.09,0.0,10.886,46.066
2025-07-13,69.2162,773.3412,51.9,14.8052,12.73,45.955
2025-07-14,69.1723,771.1271,51.75,6.8218,20.209,45.835
2025-07-15,69.1739,771.2077,51.76,5.6765,46.76,45.827
2025-07-16,69.224,773.735,51.93,23.4079,75.063,45.812
2025-07-17,69.8395,805.2063,54.04,95.947,410.284,46.034
2025-07-18,71.038,868.726,58.3,14.93,781.521,46.339
2025-07-19,72.258,936.4201,62.85,43.1691,830.271,46.774
2025-07-20,73.2032,990.9686,66.51,1.5281,678.21,46.862
2025-07-21,73.56,1012.0365,67.92,1.5731,290.857,47.015
2025-07-22,73.731,1022.2261,68.61,0.255,164.975,47.04
2025-07-23,73.774,1024.7978,68.78,0.0,113.926,84.161
2025-07-24,73.6337,1016.4208,68.22,0.0,83.757,180.713
2025-07-25,73.3748,1001.0684,67.19,0.0,67.226,244.916
2025-07-26,73.0828,983.9183,66.03,0.0,46.401,244.899
2025-07-27,72.8229,968.8006,65.02,0.0,41.777,216.75
2025-07-28,72.516,951.1276,63.83,0.0,33.276,237.825
2025-07-29,72.4942,949.8796,63.75,0.0,32.598,47.043
2025-07-30,72.467,948.3238,63.65,0.0,30.376,48.383
2025-07-31,72.428,946.0957,63.5,0.0,22.597,48.385
2025-08-01,72.392,944.0418,63.36,0.0,25.802,49.574
2025-08-02,72.347,941.4782,63.19,1.2983,19.914,49.586
2025-08-03,72.3564,942.0134,63.22,39.3977,55.465,49.271
2025-08-04,72.4774,948.9185,63.69,19.7962,129.492,49.572
2025-08-05,72.5018,950.3145,63.78,1.5485,174.43,158.272
2025-08-06,72.347,941.4782,63.19,4.8475,147.443,249.716
2025-08-07,72.3657,942.543,63.26,0.0,261.862,249.538
2025-08-08,72.361,942.2753,63.24,0.0,247.974,251.072
2025-08-09,72.348,941.5351,63.19,1.1118,241.033,249.6
2025-08-10,72.3036,939.0096,63.02,3.0405,158.714,187.944
2025-08-11,72.1459,930.0724,62.42,4.9376,53.868,157.308
2025-08-12,72.1296,929.1516,62.36,1.0679,38.752,49.41
2025-08-13,72.1138,928.2595,62.3,1.7964,39.326,49.651
2025-08-14,72.0957,927.2382,62.23,0.057,37.986,49.807
2025-08-15,72.0629,925.3891,62.11,1.8643,28.461,49.862
2025-08-16,72.0289,923.4748,61.98,0.0,27.505,49.662
2025-08-17,71.994,921.5122,61.85,0.0,26.817,49.532
2025-08-18,71.95,919.0415,61.68,0.0,20.914,49.51
2025-08-19,71.9082,916.6979,61.52,0.0,22.598,49.722
2025-08-20,71.8592,913.9553,61.34,0.7358,17.071,48.814
2025-08-21,71.8169,911.5917,61.18,0.0,20.496,47.853
2025-08-22,71.7692,908.9307,61.0,0.3976,17.151,47.949
2025-08-23,71.7219,906.2967,60.83,0.0,17.179,47.665
2025-08-24,71.6739,903.6284,60.65,0.0,16.827,47.71
2025-08-25,71.6228,900.793,60.46,0.0,15.078,47.895
2025-08-26,71.6029,899.6902,60.38,17.7513,35.351,48.114
2025-08-27,71.5861,898.7599,60.32,0.0,37.362,48.13
2025-08-28,71.551,896.818,60.19,0.0525,25.39,47.865
2025-08-29,71.5089,894.4922,60.03,0.0,21.671,48.59
2025-08-30,71.458,891.6852,59.84,0.0,16.694,49.183
2025-08-31,71.411,889.0979,59.67,3.8219,19.246,49.191
2025-09-01,71.3987,888.4215,59.63,21.7629,29.285,37.113
2025-09-02,71.4222,889.714,59.71,6.5925,52.601,37.642
2025-09-03,71.468,892.2362,59.88,4.026,66.864,37.672
2025-09-04,71.488,893.339,59.96,1.0545,50.58,37.817
2025-09-05,71.486,893.2287,59.95,0.8555,36.667,37.944
2025-09-06,71.473,892.5118,59.9,4.6493,29.548,37.845
2025-09-07,71.605,899.8066,60.39,31.3739,122.195,37.765
2025-09-08,71.8292,912.2786,61.23,0.3021,182.35,37.997
2025-09-09,71.924,917.5834,61.58,7.3415,99.381,37.984
2025-09-10,71.9739,920.383,61.77,1.6846,69.869,37.465
2025-09-11,71.997,921.6808,61.86,0.0,52.826,37.805
2025-09-12,72.041,924.1558,62.02,15.4946,66.717,38.071
2025-09-13,72.1218,928.7111,62.33,21.2623,90.613,37.889
2025-09-14,72.2969,938.6289,63.0,0.1279,152.861,38.072
2025-09-15,72.3989,944.4353,63.38,0.0,105.194,37.991
2025-09-16,72.4798,949.0557,63.7,6.4699,91.562,38.085
2025-09-17,72.612,956.635,64.2,23.1892,125.127,37.404
2025-09-18,72.7258,963.1881,64.64,0.6739,114.122,38.276
2025-09-19,72.7912,966.9662,64.9,3.2211,81.46,37.733
2025-09-20,73.0846,984.0234,66.04,37.2366,235.496,38.074
2025-09-21,73.3619,1000.3071,67.13,0.0,226.239,37.771
2025-09-22,73.4918,1007.9893,67.65,0.0,125.07,36.155
2025-09-23,73.5668,1012.4406,67.95,0.0525,84.41,32.891
2025-09-24,73.63,1016.2005,68.2,5.8927,76.609,33.092
2025-09-25,73.652,1017.5112,68.29,17.2494,80.727,65.556
2025-09-26,73.6079,1014.8848,68.11,0.0578,84.541,114.94
2025-09-27,73.555,1011.7395,67.9,0.0,80.464,116.868
2025-09-28,73.5499,1011.4366,67.88,16.5885,101.596,105.102
2025-09-29,73.6409,1016.8497,68.24,0.1676,95.542,32.889
2025-09-30,73.7099,1020.9656,68.52,0.0,80.673,33.036
2025-10-01,73.7588,1023.8883,68.72,0.0,65.979,32.151
2025-10-02,73.7888,1025.6839,68.84,0.057,53.035,32.253
2025-10-03,73.831,1028.2127,69.01,19.4303,61.386,32.117
2025-10-04,73.879,1031.0936,69.2,2.6407,64.835,31.492
2025-10-05,73.9569,1035.779,69.52,2.9389,86.24,32.01
2025-10-06,74.0489,1041.3285,69.89,19.8639,95.463,31.232
2025-10-07,74.422,1064.0121,71.41,17.5244,293.277,30.736
2025-10-08,74.767,1085.241,72.83,0.4559,277.031,31.326
2025-10-09,74.9461,1096.3577,73.58,0.0663,160.581,31.916
2025-10-10,75.0551,1103.1554,74.04,0.0,110.185,31.507
2025-10-11,75.1369,1108.2728,74.38,0.0,90.893,31.664
2025-10-12,75.196,1111.9786,74.63,2.7793,74.438,31.547
2025-10-13,75.2474,1115.2074,74.85,32.6057,111.622,74.252
2025-10-14,75.3592,1122.249,75.32,14.3592,252.434,170.934
2025-10-15,75.4342,1126.9872,75.64,2.2539,279.074,224.234
2025-10-16,75.7111,1144.5801,76.82,29.7864,427.208,223.586
2025-10-17,75.9179,1157.8215,77.71,6.4833,358.724,205.467
2025-10-18,76.0561,1166.7191,78.3,15.6697,327.19,224.208
2025-10-19,76.133,1171.6871,78.64,0.0,267.917,210.418
2025-10-20,76.084,1168.5201,78.42,0.0,183.332,219.986
2025-10-21,75.9699,1161.1648,77.93,0.0,135.508,220.64
2025-10-22,75.8078,1150.7609,77.23,0.0,100.896,221.311
2025-10-23,75.64,1140.0478,76.51,0.0,83.154,207.148
2025-10-24,75.4309,1126.7785,75.62,0.0,72.159,225.739
2025-10-25,75.2219,1113.6049,74.74,0.0,61.452,213.924
2025-10-26,75.0491,1102.7806,74.01,0.055,48.428,173.709
2025-10-27,75.067,1103.899,74.09,0.0,45.109,32.164
2025-10-28,75.0861,1105.0931,74.17,0.0,45.817,31.996
2025-10-29,75.1058,1106.3256,74.25,0.0,46.401,32.137
2025-10-30,75.103,1106.1504,74.24,0.0,27.946,29.974
2025-10-31,75.106,1106.3381,74.25,0.0,33.944,31.771
2025-11-01,75.107,1106.4007,74.26,1.2242,32.9,32.176
2025-11-02,75.109,1106.5258,74.26,1.6358,32.962,31.513
2025-11-03,75.109,1106.5258,74.26,0.0,32.367,32.367
2025-11-04,75.0973,1105.7937,74.21,0.0,23.616,32.09
2025-11-05,75.0959,1105.7061,74.21,0.0,31.616,32.63
2025-11-06,75.089,1105.2745,74.18,0.0,28.121,33.117
2025-11-07,75.083,1104.8993,74.15,0.0,28.801,33.144
2025-11-08,75.072,1104.2115,74.11,1.9306,24.304,32.264
2025-11-09,75.0638,1103.699,74.07,2.3695,26.453,32.385
2025-11-10,75.047,1102.6494,74.0,0.0,20.99,33.138
2025-11-11,75.039,1102.1498,73.97,0.0,27.211,32.994
2025-11-12,75.027,1101.4006,73.92,0.0,23.634,32.305
2025-11-13,75.012,1100.4646,73.86,0.0,22.372,33.206
2025-11-14,74.9961,1099.4729,73.79,0.0,21.763,33.241
2025-11-15,74.983,1098.6562,73.74,0.0,23.678,33.13
2025-11-16,74.9661,1097.6031,73.66,0.037,20.427,32.615
2025-11-17,74.943,1096.1647,73.57,0.1855,16.066,32.715
2025-11-18,74.9269,1095.1628,73.5,0.0,21.402,32.998
2025-11-19,74.9081,1093.9935,73.42,0.0,19.466,32.999
2025-11-20,74.89,1092.8685,73.35,0.0,19.96,32.981
2025-11-21,74.8769,1092.0547,73.29,0.0,23.449,32.868
2025-11-22,74.8631,1091.1977,73.23,0.0,22.889,32.807
2025-11-23,74.851,1090.4467,73.18,0.0,24.14,32.833
2025-11-24,74.832,1089.2679,73.11,0.0,19.15,32.793
2025-11-25,74.8319,1089.2617,73.1,8.5084,32.781,32.853
2025-11-26,74.821,1088.5858,73.06,0.0,24.921,32.744
2025-11-27,74.811,1087.966,73.02,5.38,25.634,32.808
2025-11-28,74.803,1087.4702,72.98,0.0,27.124,32.862
2025-11-29,74.794,1086.9127,72.95,0.0,26.201,32.654
2025-11-30,74.7818,1086.1571,72.9,0.0,24.862,33.607
2025-12-01,74.7619,1084.9254,72.81,0.0,18.956,33.212
2025-12-02,74.739,1083.509,72.72,0.0,16.361,32.755
2025-12-03,74.719,1082.2728,72.64,0.0,18.105,32.413
2025-12-04,74.6973,1080.9325,72.55,0.0,15.824,31.337
2025-12-05,74.6828,1080.0374,72.49,0.2864,22.788,33.148
2025-12-06,74.666,1079.0009,72.42,0.1738,20.774,32.771
2025-12-07,74.6441,1077.6506,72.33,0.0,17.275,32.903
2025-12-08,74.629,1076.7202,72.26,0.0,21.705,32.474
2025-12-09,74.6119,1075.667,72.19,0.0,20.904,33.093
2025-12-10,74.595,1074.6268,72.12,0.0,21.143,33.183
2025-12-11,74.5799,1073.6979,72.06,2.5883,22.349,33.101
2025-12-12,74.5601,1072.4805,71.98,0.0,19.01,33.1
2025-12-13,74.5489,1071.7923,71.93,7.9798,25.051,33.017
2025-12-14,74.538,1071.1227,71.89,0.443,25.219,32.969
2025-12-15,74.5269,1070.4411,71.84,0.312,25.358,33.247
2025-12-16,74.5119,1069.5204,71.78,0.22,22.625,33.281
2025-12-17,74.487,1067.9931,71.68,0.426,15.406,33.083
2025-12-18,74.4699,1066.9449,71.61,0.0,21.092,33.223
2025-12-19,74.4519,1065.8423,71.53,0.0,20.751,33.513
2025-12-20,74.431,1064.5628,71.45,0.4353,18.202,33.011
2025-12-21,74.413,1063.4615,71.37,0.0,20.261,33.007
2025-12-22,74.392,1062.1776,71.29,0.0,18.432,33.292
2025-12-23,74.382,1061.5665,71.25,6.4592,25.913,32.986
2025-12-24,74.3689,1060.7663,71.19,3.075,23.821,33.083
2025-12-25,74.3469,1059.4233,71.1,0.0,17.473,33.018
2025-12-26,74.3298,1058.38,71.03,0.0,21.148,33.223
2025-12-27,74.308,1057.0509,70.94,0.0,17.85,33.233
2025-12-28,74.2969,1056.3745,70.9,0.1315,25.291,33.119
2025-12-29,74.28,1055.3452,70.83,1.7101,21.339,33.252
2025-12-30,74.2629,1054.3043,70.76,0.0273,21.172,33.219
2025-12-31,74.239,1052.8505,70.66,0.0,16.441,33.268
2026-01-01,74.2139,1051.3249,70.56,0.0,15.41,33.067
2026-01-02,74.194,1050.1164,70.48,0.0,19.133,33.121
2026-01-03,74.1759,1049.0178,70.4,0.0,20.28,32.995
2026-01-04,74.153,1047.6289,70.31,0.0,17.064,33.14
2026-01-05,74.133,1046.4167,70.23,0.0,19.354,33.384
2026-01-06,74.1139,1045.2599,70.15,0.0,19.904,33.293
2026-01-07,74.0888,1043.7407,70.05,0.0,15.7,33.282
2026-01-08,74.0691,1042.5493,69.97,0.0,19.599,33.388
2026-01-09,74.0547,1041.679,69.91,0.0,23.105,33.179
2026-01-10,74.0268,1039.9939,69.8,0.7481,13.741,33.245
2026-01-11,74.0069,1038.7929,69.72,0.0,19.239,33.139
2026-01-12,73.984,1037.4119,69.62,0.3237,17.198,33.182
2026-01-13,73.9581,1035.8513,69.52,0.5874,15.012,33.075
2026-01-14,73.9439,1034.9962,69.46,0.055,23.233,33.129
2026-01-15,73.9208,1033.6062,69.37,0.0,15.488,31.577
2026-01-16,73.8961,1032.121,69.27,0.0,15.981,33.17
2026-01-17,73.878,1031.0335,69.2,0.0,20.445,33.032
2026-01-18,73.8493,1029.3105,69.08,0.0,12.952,32.894
2026-01-19,73.8281,1028.0388,69.0,0.0273,18.342,33.06
2026-01-20,73.8052,1026.6662,68.9,0.0,17.376,33.263
2026-01-21,73.783,1025.3366,68.81,0.0,17.709,33.098
2026-01-22,73.7551,1023.667,68.7,0.0,14.019,33.343
2026-01-23,73.731,1022.2261,68.61,0.0,16.578,33.255
2026-01-24,73.709,1020.9118,68.52,0.2052,17.998,33.21
2026-01-25,73.685,1019.4792,68.42,0.0,16.666,33.248
2026-01-26,73.664,1018.2266,68.34,0.0,18.888,33.386
2026-01-27,73.639,1016.7366,68.24,0.0,16.068,33.314
2026-01-28,73.613,1015.1883,68.13,0.0,14.882,32.802
2026-01-29,73.587,1013.6414,68.03,0.0,15.209,33.113
2026-01-30,73.567,1012.4525,67.95,0.0,19.523,33.284
2026-01-31,73.541,1010.9081,67.85,0.0,15.377,33.252
2026-02-01,73.518,1009.543,67.75,0.0,16.397,32.196
2026-02-02,73.49,1007.8827,67.64,1.2274,13.265,32.482
2026-02-03,73.472,1006.8161,67.57,0.3091,19.904,32.248
2026-02-04,73.454,1005.7503,67.5,0.0,19.397,31.733
2026-02-05,73.434,1004.5668,67.42,0.0,18.001,31.699
2026-02-06,73.415,1003.4432,67.35,0.0,18.818,31.822
2026-02-07,73.388,1001.8479,67.24,0.0,12.937,31.402
2026-02-08,73.367,1000.608,67.15,0.0,17.064,31.414
2026-02-09,73.345,999.3102,67.07,0.0,16.574,31.596
2026-02-10,73.329,998.3669,67.0,0.0273,20.48,31.398
2026-02-11,73.308,997.1296,66.92,0.1705,17.077,31.397
2026-02-12,73.2821,995.6049,66.82,0.0,13.953,31.6
2026-02-13,73.267,994.7166,66.76,0.0,21.134,31.415
2026-02-14,73.253,993.8934,66.7,0.0,22.048,31.575
2026-02-15,73.228,992.4245,66.61,0.0,14.105,31.107
2026-02-16,73.205,991.0742,66.52,0.0,15.539,31.167
2026-02-17,73.184,989.8423,66.43,0.0,16.518,30.776
2026-02-18,73.166,988.7871,66.36,0.0,18.844,31.057
2026-02-19,73.143,987.4397,66.27,0.0,15.613,31.208
2026-02-20,73.112,985.6254,66.15,0.0,10.245,31.244
2026-02-21,73.1,984.9236,66.1,0.0,23.128,31.25
2026-02-22,73.073,983.3457,66.0,0.0,12.835,31.098
2026-02-23,73.053,982.1778,65.92,0.0,17.74,31.257
2026-02-24,73.0431,981.6,65.88,2.2835,24.579,31.266
2026-02-25,73.0347,981.11,65.85,5.2208,25.404,31.076
2026-02-26,73.008,979.5531,65.74,0.0,13.228,31.247
2026-02-27,72.986,978.2715,65.66,0.0525,16.482,31.316
2026-02-28,72.9683,977.241,65.59,0.0,19.22,31.146
2026-03-01,72.9452,975.8972,65.5,0.0,15.664,31.218
2026-03-02,72.957,976.5835,65.54,21.067,38.822,30.878
2026-03-03,72.94,975.5948,65.48,1.2027,19.73,31.173
2026-03-04,72.944,975.8274,65.49,0.0,33.962,31.27
2026-03-05,72.947,976.0018,65.5,4.781,33.31,31.291
2026-03-06,72.941,975.6529,65.48,4.2931,26.542,30.58
2026-03-07,72.9498,976.1647,65.51,0.0,36.831,30.908
2026-03-08,72.936,975.3623,65.46,0.0,21.734,31.021
2026-03-09,72.928,974.8973,65.43,0.0923,25.778,31.16
2026-03-10,72.916,974.2,65.38,0.0,23.079,31.149
2026-03-11,72.899,973.2128,65.32,0.0,19.567,30.994
2026-03-12,72.882,972.2261,65.25,0.057,19.194,30.614
2026-03-13,72.863,971.124,65.18,0.0,18.198,30.953
2026-03-14,72.842,969.9068,65.09,0.0,16.903,30.991
2026-03-15,72.817,968.459,65.0,0.0,14.262,31.02
2026-03-16,72.802,967.5909,64.94,0.0,20.939,30.986
2026-03-17,72.7828,966.4804,64.86,0.0,17.994,30.847
2026-03-18,72.763,965.336,64.79,6.3179,17.69,30.935
2026-03-19,72.749,964.5273,64.73,0.0,21.661,31.021
2026-03-20,72.728,963.3151,64.65,0.0,16.816,30.847
2026-03-21,72.709,962.219,64.58,0.0,18.2,30.886
2026-03-22,72.685,960.8356,64.49,0.0,14.941,30.953
2026-03-23,72.677,960.3747,64.45,0.0,25.762,31.096
2026-03-24,72.649,958.7627,64.35,0.0,12.481,31.139
2026-03-25,72.625,957.3822,64.25,0.0,15.107,31.084
2026-03-26,72.594,955.6009,64.13,0.0,10.401,31.018
2026-03-27,72.574,954.4527,64.06,0.0,17.739,31.028
2026-03-28,72.557,953.4774,63.99,0.0,19.61,30.898
2026-03-29,72.5298,951.9181,63.89,0.0,12.913,30.96
2026-03-30,72.509,950.7267,63.81,12.5493,17.416,31.205
2026-03-31,72.529,951.8723,63.88,14.9514,44.238,30.98
2026-04-01,72.54,952.5027,63.93,0.8922,38.35,31.054
2026-04-02,72.558,953.5347,64.0,0.0,42.977,31.032
2026-04-03,72.58,954.7971,64.08,0.1256,45.503,30.893
2026-04-04,72.694,961.3542,64.52,38.5837,106.76,30.867
2026-04-05,72.986,978.2715,65.66,0.0,226.577,30.776
2026-04-06,73.15,987.8496,66.3,11.1393,141.906,31.047
2026-04-07,73.2822,995.6108,66.82,0.0,120.735,30.907
2026-04-08,73.382,1001.4935,67.21,0.0,99.089,31.002
2026-04-09,73.464,1006.3423,67.54,12.6541,87.213,31.092
2026-04-10,73.551,1011.5019,67.89,3.0909,90.612,30.895
2026-04-11,73.655,1017.69,68.3,0.0,102.572,30.95
2026-04-12,73.73,1022.1664,68.6,0.0,82.882,31.072
2026-04-13,73.78,1025.157,68.8,0.0,65.393,30.779
2026-04-14,73.819,1027.4933,68.96,0.0,58.295,31.255
2026-04-15,73.839,1028.6925,69.04,0.0,44.947,31.066
2026-04-16,73.849,1029.2925,69.08,0.0,39.399,32.455
2026-04-17,73.861,1030.0127,69.13,0.5492,40.481,32.145
2026-04-18,73.864,1030.1928,69.14,0.1095,34.26,32.176
2026-04-19,73.862,1030.0727,69.13,0.0,31.13,32.52
2026-04-20,73.801,1026.4146,68.89,0.1555,31.413,73.753
2026-04-21,73.672,1018.7036,68.37,0.0,26.719,115.966
2026-04-22,73.531,1010.3144,67.81,0.0,24.213,121.31
2026-04-23,73.407,1002.9704,67.31,0.0,34.978,119.979
2026-04-24,73.2499,993.7112,66.69,0.0,14.272,121.438
2026-04-25,73.124,986.3275,66.2,0.0,23.206,108.666
2026-04-26,73.002,979.2035,65.72,0.0,18.317,100.771
2026-04-27,72.847,970.1966,65.11,0.0,16.368,120.615
2026-04-28,72.684,960.778,64.48,0.0,11.438,120.449
2026-04-29,72.54,952.5027,63.93,0.0,16.242,112.021
2026-04-30,72.381,943.4148,63.32,0.0,18.523,123.707
2026-05-01,72.315,939.6577,63.06,2.1836,12.569,56.054
2026-05-02,72.258,936.4201,62.85,0.0,18.106,55.578
2026-05-03,72.216,934.0388,62.69,16.1011,28.007,55.568
2026-05-04,72.171,931.4915,62.52,0.3727,26.657,56.14
2026-05-05,72.119,928.553,62.32,0.0,22.809,56.819
2026-05-06,72.0702,925.8005,62.13,0.0,25.583,57.441
2026-05-07,72.007,922.2429,61.9,0.0,16.61,57.785
2026-05-08,71.964,919.8272,61.73,0.0,21.991,49.951
