분류,지점명,채수위치,조사일,수온(℃),pH,DO(㎎/L),투명도,탁도,Chl-a (㎎/㎥),유해남조류 세포수 (cells/㎖),유해남조류 우점종 및 세포수(속별),유해남조류 우점종 및 세포수(속별).1,유해남조류 우점종 및 세포수(속별).2,유해남조류 우점종 및 세포수(속별).3,냄새물질 (ng/L),냄새물질 (ng/L).1,조류독소(㎍/L),조류독소(㎍/L).1,조류독소(㎍/L).2,조류독소(㎍/L).3,조류독소(㎍/L).4,조류독소(㎍/L).5
호소,대청호,문의,2015-01-05,,,,,,,0,0,0,0,0,,,,,,,,
호소,대청호,회남,2015-01-05,,,,,,,48,0,0,0,48,,,,,,,,
호소,대청호,추동,2015-01-05,,,,,,,0,0,0,0,0,,,,,,,,
호소,대청호,추동,2015-01-12,,,,,,,28,0,0,0,28,,,,,,,,
호소,대청호,문의,2015-01-12,,,,,,,0,0,0,0,0,,,,,,,,
호소,대청호,회남,2015-01-12,,,,,,,0,0,0,0,0,,,,,,,,
호소,대청호,회남,2015-01-19,,,,,,,0,0,0,0,0,,,,,,,,
호소,대청호,문의,2015-01-19,,,,,,,0,0,0,0,0,,,,,,,,
호소,대청호,추동,2015-01-19,,,,,,,0,0,0,0,0,,,,,,,,
호소,대청호,회남,2015-01-26,,,,,,,0,0,0,0,0,,,,,,,,
호소,대청호,추동,2015-01-26,,,,,,,0,0,0,0,0,,,,,,,,
호소,대청호,문의,2015-01-26,,,,,,,0,0,0,0,0,,,,,,,,
호소,대청호,회남,2015-02-02,,,,,,,0,0,0,0,0,,,,,,,,
호소,대청호,문의,2015-02-02,,,,,,,0,0,0,0,0,,,,,,,,
호소,대청호,추동,2015-02-02,,,,,,,0,0,0,0,0,,,,,,,,
호소,대청호,문의,2015-02-09,,,,,,,0,0,0,0,0,,,,,,,,
호소,대청호,추동,2015-02-09,,,,,,,16,0,0,0,16,,,,,,,,
호소,대청호,회남,2015-02-09,,,,,,,68,0,0,0,68,,,,,,,,
호소,대청호,문의,2015-02-16,,,,,,,0,0,0,0,0,,,,,,,,
호소,대청호,추동,2015-02-16,,,,,,,52,0,0,0,52,,,,,,,,
호소,대청호,회남,2015-02-16,,,,,,,56,0,56,0,0,,,,,,,,
호소,대청호,추동,2015-02-23,,,,,,,132,0,0,0,132,,,,,,,,
호소,대청호,문의,2015-02-23,,,,,,,0,0,0,0,0,,,,,,,,
호소,대청호,회남,2015-02-23,,,,,,,0,0,0,0,0,,,,,,,,
호소,대청호,회남,2015-03-02,,,,,,,0,0,0,0,0,정량한계미만,정량한계미만,정량한계미만,,,,,
호소,대청호,문의,2015-03-02,,,,,,,48,0,0,0,48,정량한계미만,정량한계미만,정량한계미만,,,,,
호소,대청호,추동,2015-03-02,,,,,,,100,0,0,0,100,정량한계미만,정량한계미만,정량한계미만,,,,,
호소,대청호,회남,2015-03-09,,,,,,,158,0,0,0,158,정량한계미만,정량한계미만,정량한계미만,,,,,
호소,대청호,추동,2015-03-09,,,,,,,0,0,0,0,0,정량한계미만,정량한계미만,정량한계미만,,,,,
호소,대청호,문의,2015-03-09,,,,,,,0,0,0,0,0,정량한계미만,정량한계미만,정량한계미만,,,,,
호소,대청호,회남,2015-03-16,,,,,,,0,0,0,0,0,정량한계미만,정량한계미만,정량한계미만,,,,,
호소,대청호,추동,2015-03-16,,,,,,,94,0,0,0,94,정량한계미만,정량한계미만,정량한계미만,,,,,
호소,대청호,문의,2015-03-16,,,,,,,0,0,0,0,0,정량한계미만,정량한계미만,정량한계미만,,,,,
호소,대청호,추동,2015-03-23,,,,,,,0,0,0,0,0,정량한계미만,정량한계미만,정량한계미만,,,,,
호소,대청호,문의,2015-03-23,,,,,,,0,0,0,0,0,정량한계미만,정량한계미만,정량한계미만,,,,,
호소,대청호,회남,2015-03-23,,,,,,,0,0,0,0,0,정량한계미만,정량한계미만,정량한계미만,,,,,
호소,대청호,회남,2015-03-30,,,,,,,14,0,0,0,14,정량한계미만,정량한계미만,정량한계미만,,,,,
호소,대청호,문의,2015-03-30,,,,,,,0,0,0,0,0,정량한계미만,정량한계미만,정량한계미만,,,,,
호소,대청호,추동,2015-03-30,,,,,,,0,0,0,0,0,정량한계미만,정량한계미만,정량한계미만,,,,,
호소,대청호,문의,2015-04-06,,,,,,,0,0,0,0,0,정량한계미만,정량한계미만,정량한계미만,,,,,
호소,대청호,회남,2015-04-06,,,,,,,0,0,0,0,0,정량한계미만,정량한계미만,정량한계미만,,,,,
호소,대청호,추동,2015-04-06,,,,,,,0,0,0,0,0,정량한계미만,정량한계미만,정량한계미만,,,,,
호소,대청호,회남,2015-04-13,,,,,,,0,0,0,0,0,정량한계미만,정량한계미만,정량한계미만,,,,,
호소,대청호,문의,2015-04-13,,,,,,,0,0,0,0,0,정량한계미만,정량한계미만,정량한계미만,,,,,
호소,대청호,추동,2015-04-13,,,,,,,0,0,0,0,0,정량한계미만,정량한계미만,정량한계미만,,,,,
호소,대청호,회남,2015-04-20,,,,,,,18,0,0,0,18,정량한계미만,정량한계미만,정량한계미만,,,,,
호소,대청호,문의,2015-04-20,,,,,,,0,0,0,0,0,정량한계미만,정량한계미만,정량한계미만,,,,,
호소,대청호,추동,2015-04-20,,,,,,,0,0,0,0,0,정량한계미만,정량한계미만,정량한계미만,,,,,
호소,대청호,문의,2015-04-27,,,,,,,0,0,0,0,0,정량한계미만,정량한계미만,,,,,,
호소,대청호,추동,2015-04-27,,,,,,,0,0,0,0,0,정량한계미만,정량한계미만,,,,,,
호소,대청호,회남,2015-04-27,,,,,,,0,0,0,0,0,정량한계미만,정량한계미만,,,,,,
호소,대청호,문의,2015-05-04,,,,,,,0,0,0,0,0,정량한계미만,정량한계미만,정량한계미만,,,,,
호소,대청호,회남,2015-05-04,,,,,,,184,18,0,0,166,정량한계미만,정량한계미만,정량한계미만,,,,,
호소,대청호,추동,2015-05-04,,,,,,,0,0,0,0,0,정량한계미만,정량한계미만,정량한계미만,,,,,
호소,대청호,추동,2015-05-11,,,,,,,0,0,0,0,0,정량한계미만,정량한계미만,정량한계미만,,,,,
호소,대청호,문의,2015-05-11,,,,,,,0,0,0,0,0,정량한계미만,정량한계미만,정량한계미만,,,,,
호소,대청호,회남,2015-05-11,,,,,,,22,0,0,0,22,정량한계미만,정량한계미만,정량한계미만,,,,,
호소,대청호,추동,2015-05-18,,,,,,,44,0,44,0,0,정량한계미만,정량한계미만,정량한계미만,,,,,
호소,대청호,문의,2015-05-18,,,,,,,28,0,0,0,28,정량한계미만,정량한계미만,정량한계미만,,,,,
호소,대청호,회남,2015-05-18,,,,,,,540,280,86,0,174,10,정량한계미만,정량한계미만,,,,,
호소,대청호,추동,2015-05-26,,,,,,,486,486,0,0,0,정량한계미만,정량한계미만,정량한계미만,,,,,
호소,대청호,회남,2015-05-26,,,,,,,16,0,0,0,16,8,정량한계미만,정량한계미만,,,,,
호소,대청호,문의,2015-05-26,,,,,,,28,0,0,0,28,정량한계미만,정량한계미만,정량한계미만,,,,,
호소,대청호,문의,2015-06-01,,,,,,,0,0,0,0,0,정량한계미만,정량한계미만,정량한계미만,,,,,
호소,대청호,추동,2015-06-01,,,,,,,0,0,0,0,0,정량한계미만,정량한계미만,정량한계미만,,,,,
호소,대청호,회남,2015-06-01,,,,,,,0,0,0,0,0,정량한계미만,정량한계미만,정량한계미만,,,,,
호소,대청호,회남,2015-06-08,,,,,,,0,0,0,0,0,정량한계미만,정량한계미만,정량한계미만,,,,,
호소,대청호,문의,2015-06-08,,,,,,,120,86,0,0,34,정량한계미만,정량한계미만,정량한계미만,,,,,
호소,대청호,추동,2015-06-08,,,,,,,0,0,0,0,0,정량한계미만,정량한계미만,정량한계미만,,,,,
호소,대청호,추동,2015-06-15,,,,,,,540,540,0,0,0,정량한계미만,정량한계미만,정량한계미만,,,,,
호소,대청호,회남,2015-06-15,,,,,,,656,620,36,0,0,정량한계미만,정량한계미만,정량한계미만,,,,,
호소,대청호,문의,2015-06-15,,,,,,,0,0,0,0,0,정량한계미만,정량한계미만,정량한계미만,,,,,
호소,대청호,문의,2015-06-22,,,,,,,0,0,0,0,0,정량한계미만,정량한계미만,정량한계미만,,,,,
호소,대청호,회남,2015-06-22,,,,,,,644,420,224,0,0,정량한계미만,정량한계미만,정량한계미만,,,,,
호소,대청호,추동,2015-06-22,,,,,,,0,0,0,0,0,정량한계미만,정량한계미만,정량한계미만,,,,,
호소,대청호,추동,2015-06-29,,,,,,,2232,2064,0,36,132,정량한계미만,정량한계미만,정량한계미만,,,,,
호소,대청호,문의,2015-06-29,,,,,,,142,74,0,0,68,정량한계미만,정량한계미만,정량한계미만,,,,,
호소,대청호,회남,2015-06-29,,,,,,,78,0,78,0,0,정량한계미만,정량한계미만,정량한계미만,,,,,
호소,대청호,문의,2015-07-06,,,,,,,548,156,0,0,392,정량한계미만,정량한계미만,정량한계미만,,,,,
호소,대청호,회남,2015-07-06,,,,,,,292,220,8,0,64,6,정량한계미만,정량한계미만,,,,,
호소,대청호,추동,2015-07-06,,,,,,,1502,1262,0,0,240,정량한계미만,정량한계미만,정량한계미만,,,,,
호소,대청호,회남,2015-07-13,,,,,,,260,220,0,0,40,18,11,정량한계미만,,,,,
호소,대청호,문의,2015-07-13,,,,,,,140,0,126,0,14,정량한계미만,정량한계미만,정량한계미만,,,,,
호소,대청호,추동,2015-07-13,,,,,,,422,240,0,0,182,정량한계미만,정량한계미만,정량한계미만,,,,,
호소,대청호,회남,2015-07-20,,,,,,,1406,934,346,0,126,12,정량한계미만,정량한계미만,,,,,
호소,대청호,추동,2015-07-20,,,,,,,532,400,18,0,114,6,정량한계미만,정량한계미만,,,,,
호소,대청호,문의,2015-07-20,,,,,,,366,0,98,0,268,11,정량한계미만,정량한계미만,,,,,
호소,대청호,문의,2015-07-27,,,,,,,64,64,0,0,0,정량한계미만,정량한계미만,정량한계미만,,,,,
호소,대청호,추동,2015-07-27,,,,,,,68,0,0,0,68,9,정량한계미만,정량한계미만,,,,,
호소,대청호,회남,2015-07-27,,,,,,,1044,836,164,0,44,18,정량한계미만,정량한계미만,,,,,
호소,대청호,회남,2015-08-03,,,,,,,914,720,0,0,194,19,40,정량한계미만,,,,,
호소,대청호,문의,2015-08-03,,,,,,,502,270,146,0,86,정량한계미만,정량한계미만,정량한계미만,,,,,
호소,대청호,추동,2015-08-03,,,,,,,70,42,0,0,28,11,정량한계미만,정량한계미만,,,,,
호소,대청호,문의,2015-08-10,,,,,,,28,0,28,0,0,정량한계미만,정량한계미만,정량한계미만,,,,,
호소,대청호,추동,2015-08-10,,,,,,,58,0,32,0,26,14,정량한계미만,정량한계미만,,,,,
호소,대청호,회남,2015-08-10,,,,,,,1020,884,0,14,122,12,48,정량한계미만,,,,,
호소,대청호,문의,2015-08-17,,,,,,,486,60,0,0,426,40,정량한계미만,정량한계미만,,,,,
호소,대청호,추동,2015-08-17,,,,,,,84,0,0,0,84,10,정량한계미만,정량한계미만,,,,,
호소,대청호,회남,2015-08-17,,,,,,,336,318,0,18,0,정량한계미만,29,정량한계미만,,,,,
호소,대청호,문의,2015-08-24,,,,,,,374,220,0,0,154,26,정량한계미만,정량한계미만,,,,,
호소,대청호,회남,2015-08-24,,,,,,,922,120,0,610,192,10,24,정량한계미만,,,,,
호소,대청호,추동,2015-08-24,,,,,,,504,140,0,48,316,77,정량한계미만,정량한계미만,,,,,
호소,대청호,문의,2015-08-31,,,,,,,532,0,268,0,264,11,정량한계미만,정량한계미만,,,,,
호소,대청호,추동,2015-08-31,,,,,,,478,264,46,26,142,12,정량한계미만,정량한계미만,,,,,
호소,대청호,회남,2015-08-31,,,,,,,1702,1280,42,220,160,정량한계미만,정량한계미만,정량한계미만,,,,,
호소,대청호,문의,2015-09-07,,,,,,,288,0,24,0,264,15,정량한계미만,정량한계미만,,,,,
호소,대청호,추동,2015-09-07,,,,,,,2044,0,56,1446,542,4,정량한계미만,정량한계미만,,,,,
호소,대청호,회남,2015-09-07,,,,,,,814,0,266,212,336,12,정량한계미만,정량한계미만,,,,,
호소,대청호,문의,2015-09-14,,,,,,,1008,356,338,0,314,41,정량한계미만,정량한계미만,,,,,
호소,대청호,추동,2015-09-14,,,,,,,1540,780,274,0,486,39,정량한계미만,정량한계미만,,,,,
호소,대청호,회남,2015-09-14,,,,,,,600,0,172,86,342,16,정량한계미만,정량한계미만,,,,,
호소,대청호,추동,2015-09-21,,,,,,,1566,880,74,152,460,12,정량한계미만,정량한계미만,,,,,
호소,대청호,문의,2015-09-21,,,,,,,2294,1020,116,882,276,24,정량한계미만,정량한계미만,,,,,
호소,대청호,회남,2015-09-21,,,,,,,990,520,36,24,410,5,정량한계미만,정량한계미만,,,,,
호소,대청호,문의,2015-09-30,,,,,,,942,0,106,0,836,26,정량한계미만,정량한계미만,,,,,
호소,대청호,추동,2015-09-30,,,,,,,2014,320,36,350,1308,14,정량한계미만,정량한계미만,,,,,
호소,대청호,회남,2015-09-30,,,,,,,1770,720,62,44,944,정량한계미만,정량한계미만,정량한계미만,,,,,
호소,대청호,문의,2015-10-05,,,,,,,676,0,138,102,436,16,정량한계미만,정량한계미만,,,,,
호소,대청호,회남,2015-10-05,,,,,,,788,324,64,44,356,정량한계미만,9,정량한계미만,,,,,
호소,대청호,추동,2015-10-05,,,,,,,1074,516,0,22,536,21,10,정량한계미만,,,,,
호소,대청호,문의,2015-10-12,,,,,,,726,320,100,0,306,22,11,정량한계미만,,,,,
호소,대청호,회남,2015-10-12,,,,,,,886,0,58,48,780,5,31,정량한계미만,,,,,
호소,대청호,추동,2015-10-12,,,,,,,1592,0,320,372,900,14,19,정량한계미만,,,,,
호소,대청호,추동,2015-10-19,,,,,,,2048,80,484,426,1058,39,36,정량한계미만,,,,,
호소,대청호,문의,2015-10-19,,,,,,,732,0,236,0,496,16,20,정량한계미만,,,,,
호소,대청호,회남,2015-10-19,,,,,,,2346,660,354,192,1140,정량한계미만,정량한계미만,정량한계미만,,,,,
호소,대청호,회남,2015-10-26,,,,,,,2456,660,630,16,1150,16,47,정량한계미만,,,,,
호소,대청호,추동,2015-10-26,,,,,,,2000,80,122,68,1730,26,43,정량한계미만,,,,,
호소,대청호,문의,2015-10-26,,,,,,,1358,720,196,108,334,19,30,정량한계미만,,,,,
호소,대청호,추동,2015-11-02,,,,,,,1146,70,166,12,898,24,41,정량한계미만,,,,,
호소,대청호,문의,2015-11-02,,,,,,,410,120,96,0,194,17,48,정량한계미만,,,,,
호소,대청호,회남,2015-11-02,,,,,,,2136,388,492,0,1256,19,48,정량한계미만,,,,,
호소,대청호,회남,2015-11-09,,,,,,,1474,0,200,48,1226,17,35,정량한계미만,,,,,
호소,대청호,추동,2015-11-09,,,,,,,1306,60,286,0,960,23,23,정량한계미만,,,,,
호소,대청호,문의,2015-11-09,,,,,,,212,0,90,0,122,25,38,정량한계미만,,,,,
호소,대청호,추동,2015-11-16,,,,,,,1870,0,42,0,1828,45,정량한계미만,정량한계미만,,,,,
호소,대청호,회남,2015-11-16,,,,,,,1606,120,508,0,978,28,28,정량한계미만,,,,,
호소,대청호,문의,2015-11-16,,,,,,,332,0,64,0,268,46,정량한계미만,정량한계미만,,,,,
호소,대청호,문의,2015-11-25,,,,,,,374,0,118,0,256,26,정량한계미만,정량한계미만,,,,,
호소,대청호,추동,2015-11-25,,,,,,,1762,220,62,0,1480,24,12,정량한계미만,,,,,
호소,대청호,회남,2015-11-25,,,,,,,1078,0,272,0,806,28,정량한계미만,정량한계미만,,,,,
호소,대청호,문의,2015-11-30,,,,,,,308,0,0,0,308,정량한계미만,정량한계미만,정량한계미만,,,,,
호소,대청호,회남,2015-11-30,,,,,,,1052,0,110,0,942,18,정량한계미만,정량한계미만,,,,,
호소,대청호,추동,2015-11-30,,,,,,,1286,0,62,0,1224,10,정량한계미만,정량한계미만,,,,,
호소,대청호,문의,2015-12-07,,,,,,,58,0,0,0,58,정량한계미만,정량한계미만,정량한계미만,,,,,
호소,대청호,추동,2015-12-07,,,,,,,782,0,42,0,740,정량한계미만,정량한계미만,정량한계미만,,,,,
호소,대청호,회남,2015-12-07,,,,,,,728,60,66,0,602,정량한계미만,정량한계미만,정량한계미만,,,,,
호소,대청호,문의,2015-12-14,,,,,,,250,0,0,0,250,정량한계미만,정량한계미만,정량한계미만,,,,,
호소,대청호,추동,2015-12-14,,,,,,,222,0,0,0,222,정량한계미만,정량한계미만,정량한계미만,,,,,
호소,대청호,회남,2015-12-14,,,,,,,242,0,0,0,242,정량한계미만,정량한계미만,정량한계미만,,,,,
호소,대청호,회남,2015-12-21,,,,,,,448,0,0,0,448,정량한계미만,정량한계미만,정량한계미만,,,,,
호소,대청호,추동,2015-12-21,,,,,,,304,0,0,0,304,정량한계미만,정량한계미만,정량한계미만,,,,,
호소,대청호,문의,2015-12-21,,,,,,,176,0,0,0,176,정량한계미만,정량한계미만,정량한계미만,,,,,
호소,대청호,추동,2015-12-28,,,,,,,388,0,0,0,388,정량한계미만,정량한계미만,정량한계미만,,,,,
호소,대청호,문의,2015-12-28,,,,,,,406,0,22,0,384,정량한계미만,정량한계미만,정량한계미만,,,,,
호소,대청호,회남,2015-12-28,,,,,,,368,0,0,0,368,정량한계미만,정량한계미만,정량한계미만,,,,,
호소,대청호,추동,2016-01-05,,,,,,,100,0,0,0,100,정량한계미만,정량한계미만,정량한계미만,,,,,
호소,대청호,문의,2016-01-05,,,,,,,108,0,0,0,108,정량한계미만,정량한계미만,정량한계미만,,,,,
호소,대청호,회남,2016-01-05,,,,,,,176,0,0,0,176,정량한계미만,정량한계미만,정량한계미만,,,,,
호소,대청호,문의,2016-01-11,,,,,,,134,0,0,0,134,정량한계미만,정량한계미만,정량한계미만,,,,,
호소,대청호,회남,2016-01-11,,,,,,,42,0,0,0,42,정량한계미만,정량한계미만,정량한계미만,,,,,
호소,대청호,추동,2016-01-11,,,,,,,186,0,0,0,186,정량한계미만,정량한계미만,정량한계미만,,,,,
호소,대청호,추동,2016-01-18,,,,,,,32,0,0,0,32,정량한계미만,정량한계미만,정량한계미만,,,,,
호소,대청호,문의,2016-01-18,,,,,,,26,0,0,0,26,정량한계미만,정량한계미만,정량한계미만,,,,,
호소,대청호,회남,2016-01-18,,,,,,,84,0,0,0,84,정량한계미만,정량한계미만,정량한계미만,,,,,
호소,대청호,추동,2016-01-25,,,,,,,0,0,0,0,0,정량한계미만,정량한계미만,정량한계미만,,,,,
호소,대청호,문의,2016-01-25,,,,,,,0,0,0,0,0,정량한계미만,정량한계미만,정량한계미만,,,,,
호소,대청호,회남,2016-01-25,,,,,,,0,0,0,0,0,정량한계미만,정량한계미만,정량한계미만,,,,,
호소,대청호,추동,2016-02-01,,,,,,,0,0,0,0,0,정량한계미만,정량한계미만,정량한계미만,,,,,
호소,대청호,문의,2016-02-01,,,,,,,0,0,0,0,0,정량한계미만,정량한계미만,정량한계미만,,,,,
호소,대청호,회남,2016-02-01,,,,,,,142,0,0,0,142,정량한계미만,정량한계미만,정량한계미만,,,,,
호소,대청호,회남,2016-02-11,,,,,,,0,0,0,0,0,정량한계미만,정량한계미만,정량한계미만,,,,,
호소,대청호,추동,2016-02-11,,,,,,,0,0,0,0,0,정량한계미만,정량한계미만,정량한계미만,,,,,
호소,대청호,문의,2016-02-11,,,,,,,0,0,0,0,0,정량한계미만,정량한계미만,정량한계미만,,,,,
호소,대청호,회남,2016-02-15,,,,,,,0,0,0,0,0,정량한계미만,정량한계미만,정량한계미만,,,,,
호소,대청호,추동,2016-02-15,,,,,,,0,0,0,0,0,정량한계미만,정량한계미만,정량한계미만,,,,,
호소,대청호,문의,2016-02-15,,,,,,,0,0,0,0,0,정량한계미만,정량한계미만,정량한계미만,,,,,
호소,대청호,회남,2016-02-22,,,,,,,0,0,0,0,0,정량한계미만,정량한계미만,정량한계미만,,,,,
호소,대청호,추동,2016-02-22,,,,,,,0,0,0,0,0,정량한계미만,정량한계미만,정량한계미만,,,,,
호소,대청호,문의,2016-02-22,,,,,,,0,0,0,0,0,정량한계미만,정량한계미만,정량한계미만,,,,,
호소,대청호,추동,2016-03-02,,,,,,,0,0,0,0,0,정량한계미만,정량한계미만,정량한계미만,,,,,
호소,대청호,문의,2016-03-02,,,,,,,0,0,0,0,0,정량한계미만,정량한계미만,정량한계미만,,,,,
호소,대청호,회남,2016-03-02,,,,,,,0,0,0,0,0,정량한계미만,정량한계미만,정량한계미만,,,,,
호소,대청호,문의,2016-03-07,,,,,,,0,0,0,0,0,정량한계미만,정량한계미만,정량한계미만,,,,,
호소,대청호,회남,2016-03-07,,,,,,,0,0,0,0,0,정량한계미만,정량한계미만,정량한계미만,,,,,
호소,대청호,추동,2016-03-07,,,,,,,0,0,0,0,0,정량한계미만,정량한계미만,정량한계미만,,,,,
호소,대청호,추동,2016-03-14,,,,,,,0,0,0,0,0,정량한계미만,정량한계미만,정량한계미만,,,,,
호소,대청호,문의,2016-03-14,,,,,,,0,0,0,0,0,정량한계미만,정량한계미만,정량한계미만,,,,,
호소,대청호,회남,2016-03-14,,,,,,,0,0,0,0,0,정량한계미만,정량한계미만,정량한계미만,,,,,
호소,대청호,회남,2016-03-21,,,,,,,0,0,0,0,0,정량한계미만,정량한계미만,정량한계미만,,,,,
호소,대청호,문의,2016-03-21,,,,,,,0,0,0,0,0,정량한계미만,정량한계미만,정량한계미만,,,,,
호소,대청호,추동,2016-03-21,,,,,,,0,0,0,0,0,정량한계미만,정량한계미만,정량한계미만,,,,,
호소,대청호,문의,2016-03-28,,,,,,,0,0,0,0,0,정량한계미만,정량한계미만,정량한계미만,,,,,
호소,대청호,회남,2016-03-28,,,,,,,0,0,0,0,0,정량한계미만,정량한계미만,정량한계미만,,,,,
호소,대청호,추동,2016-03-28,,,,,,,0,0,0,0,0,정량한계미만,정량한계미만,정량한계미만,,,,,
호소,대청호,문의,2016-04-04,8.8,8.2,13.3,2.9,1.7,4.5,0,0,0,0,0,정량한계미만,정량한계미만,정량한계미만,,,,,
호소,대청호,회남,2016-04-04,7.9,8,12.5,2.5,1.2,5.2,0,0,0,0,0,정량한계미만,정량한계미만,정량한계미만,,,,,
호소,대청호,추동,2016-04-04,8.7,8.2,12.8,2.2,2,5.8,0,0,0,0,0,정량한계미만,정량한계미만,정량한계미만,,,,,
호소,대청호,회남,2016-04-11,8.6,8,11,2.5,1.3,6.2,0,0,0,0,0,정량한계미만,정량한계미만,정량한계미만,,,,,
호소,대청호,추동,2016-04-11,10,8.2,11.5,2.3,2.3,4,0,0,0,0,0,정량한계미만,정량한계미만,정량한계미만,,,,,
호소,대청호,문의,2016-04-11,9.1,7.7,12.1,3.2,1.1,4.4,0,0,0,0,0,정량한계미만,정량한계미만,정량한계미만,,,,,
호소,대청호,추동,2016-04-18,10.2,7.8,11.2,1.8,3.1,5,0,0,0,0,0,정량한계미만,정량한계미만,정량한계미만,,,,,
호소,대청호,회남,2016-04-18,8.9,7.4,11.4,2.8,1.5,5.3,0,0,0,0,0,정량한계미만,정량한계미만,정량한계미만,,,,,
호소,대청호,문의,2016-04-18,12.1,8.2,11.3,2,2.5,5.1,0,0,0,0,0,정량한계미만,정량한계미만,정량한계미만,,,,,
호소,대청호,문의,2016-04-25,14.7,8.3,11.4,2.7,1.8,4.5,0,0,0,0,0,2,정량한계미만,정량한계미만,,,,,
호소,대청호,추동,2016-04-25,12.1,7.9,11.3,2.7,2,4.2,0,0,0,0,0,정량한계미만,정량한계미만,정량한계미만,,,,,
호소,대청호,회남,2016-04-25,10.1,7.3,10.7,2.8,1.3,4.3,0,0,0,0,0,정량한계미만,정량한계미만,정량한계미만,,,,,
호소,대청호,추동,2016-05-02,13.9,8,11.8,3,1.8,5.8,0,0,0,0,0,정량한계미만,정량한계미만,정량한계미만,,,,,
호소,대청호,문의,2016-05-02,14.4,8.2,11.5,2.2,1.7,6.9,0,0,0,0,0,정량한계미만,정량한계미만,정량한계미만,,,,,
호소,대청호,회남,2016-05-02,11.1,7.8,11.8,2,1.7,6,0,0,0,0,0,정량한계미만,정량한계미만,정량한계미만,,,,,
호소,대청호,문의,2016-05-09,16.1,8.1,12.2,2.4,1.5,8.8,0,0,0,0,0,정량한계미만,정량한계미만,정량한계미만,,,,,
호소,대청호,추동,2016-05-09,14.5,7.8,11.2,3.6,1.1,5.9,0,0,0,0,0,정량한계미만,정량한계미만,정량한계미만,,,,,
호소,대청호,회남,2016-05-09,11.4,7.8,11.3,1.5,1.6,6.8,38,0,0,0,38,정량한계미만,정량한계미만,정량한계미만,,,,,
호소,대청호,추동,2016-05-16,15.2,7.8,10.4,4.4,1.3,3.6,12,0,0,0,12,정량한계미만,정량한계미만,정량한계미만,,,,,
호소,대청호,회남,2016-05-16,12.2,7.9,10.3,2.5,1.4,6.4,0,0,0,0,0,정량한계미만,정량한계미만,정량한계미만,,,,,
호소,대청호,문의,2016-05-16,17,8.4,11.4,4.3,1.4,7.4,0,0,0,0,0,정량한계미만,정량한계미만,정량한계미만,,,,,
호소,대청호,문의,2016-05-23,19.9,8.2,11.9,4.9,1.2,3.3,0,0,0,0,0,정량한계미만,정량한계미만,정량한계미만,,,,,
호소,대청호,추동,2016-05-23,16.9,7.8,9.9,4,1.3,3.3,0,0,0,0,0,정량한계미만,정량한계미만,정량한계미만,,,,,
호소,대청호,회남,2016-05-23,13.6,7.9,10.2,2.5,1.4,4.4,12,0,0,0,12,정량한계미만,정량한계미만,정량한계미만,,,,,
호소,대청호,추동,2016-05-30,17.9,7.7,8.6,3.9,1.7,7.3,0,0,0,0,0,정량한계미만,정량한계미만,정량한계미만,,,,,
호소,대청호,회남,2016-05-30,14.2,7.7,8.5,4.2,1,3.8,0,0,0,0,0,정량한계미만,정량한계미만,정량한계미만,,,,,
호소,대청호,문의,2016-05-30,20.5,8.1,10.6,5.1,2,3.2,0,0,0,0,0,정량한계미만,정량한계미만,정량한계미만,,,,,
호소,대청호,문의,2016-06-07,21.9,8.2,9.6,4.3,2,6.7,0,0,0,0,0,,,,,,,,
호소,대청호,회남,2016-06-07,15.5,7.7,6.8,4.9,1.1,2.5,260,0,182,0,78,,,,,,,,
호소,대청호,추동,2016-06-07,20.1,8,8.2,2.7,2.7,7.8,0,0,0,0,0,,,,,,,,
호소,대청호,추동,2016-06-13,22.1,8.2,9.7,2.7,2.5,7.3,0,0,0,0,0,4,정량한계미만,정량한계미만,,,,,
호소,대청호,회남,2016-06-13,16.6,7.4,6.2,4.8,1.2,2.3,442,340,70,0,32,3,6,정량한계미만,,,,,
호소,대청호,문의,2016-06-13,23.2,8.3,10.1,4.4,1.9,4.7,0,0,0,0,0,정량한계미만,정량한계미만,정량한계미만,,,,,
호소,대청호,추동,2016-06-20,23.1,8.3,8.6,2.3,3,8,0,0,0,0,0,정량한계미만,정량한계미만,정량한계미만,,,,,
호소,대청호,회남,2016-06-20,16.7,7.5,5.4,4.3,1.7,2.8,90,0,68,0,22,정량한계미만,정량한계미만,정량한계미만,,,,,
호소,대청호,문의,2016-06-20,24.6,8.6,10.4,3.7,1.5,6.6,0,0,0,0,0,정량한계미만,정량한계미만,정량한계미만,,,,,
호소,대청호,추동,2016-06-27,23.3,8.4,8.2,2.1,3.1,12.2,166,0,166,0,0,정량한계미만,정량한계미만,정량한계미만,,,,,
호소,대청호,회남,2016-06-27,16.6,7.5,5,6.7,1.3,3.2,264,26,174,0,64,정량한계미만,정량한계미만,정량한계미만,,,,,
호소,대청호,문의,2016-06-27,25.1,8.6,10,3.7,2.1,7.5,0,0,0,0,0,정량한계미만,정량한계미만,정량한계미만,,,,,
호소,대청호,추동,2016-07-04,23.3,8.3,6.3,2.2,8.5,13.1,596,540,30,0,26,정량한계미만,정량한계미만,정량한계미만,,,,,
호소,대청호,회남,2016-07-04,17.3,7.4,3.6,3.9,1.9,6,582,560,0,0,22,정량한계미만,정량한계미만,정량한계미만,,,,,
호소,대청호,문의,2016-07-04,25,8.5,8.7,2.4,27.6,5.7,0,0,0,0,0,정량한계미만,정량한계미만,정량한계미만,,,,,
호소,대청호,회남,2016-07-11,20,7.7,7.8,2.4,38.3,4.4,272,272,0,0,0,정량한계미만,정량한계미만,정량한계미만,,,,,
호소,대청호,추동,2016-07-11,23.7,8,7.7,1.3,20.3,7.7,0,0,0,0,0,정량한계미만,정량한계미만,정량한계미만,,,,,
호소,대청호,문의,2016-07-11,24.2,8,7.1,3,7.8,3.4,0,0,0,0,0,정량한계미만,정량한계미만,정량한계미만,,,,,
호소,대청호,추동,2016-07-18,23,7.8,5.8,2.1,14.2,5.9,298,160,94,0,44,정량한계미만,정량한계미만,정량한계미만,,,,,
호소,대청호,회남,2016-07-18,20.8,7.7,6.2,3.2,21,3.4,338,0,56,0,282,5,정량한계미만,정량한계미만,,,,,
호소,대청호,문의,2016-07-18,23.1,7.9,5.7,2.5,9.6,6.7,180,54,0,0,126,정량한계미만,정량한계미만,정량한계미만,,,,,
호소,대청호,문의,2016-07-25,24.9,8.3,6.8,1.7,5.6,15.1,8170,6998,736,0,436,,,,,,,,
호소,대청호,회남,2016-07-25,22.9,8,7.2,2.1,18.3,3.7,3146,3020,126,0,0,,,,,,,,
호소,대청호,추동,2016-07-25,24.3,8.1,5.8,1.8,8,7.6,1896,1380,286,0,230,,,,,,,,
호소,대청호,문의,2016-08-01,25.1,8.3,5.8,2,4.9,8.7,7724,5890,42,1280,512,,,,,,,,
호소,대청호,추동,2016-08-01,24.7,8.4,5.8,1.9,8.6,5.7,7470,3000,536,458,3476,,,,,,,,
호소,대청호,회남,2016-08-01,22.3,8.2,5.9,2.4,11.3,3.2,5588,5268,108,212,0,,,,,,,,
호소,대청호,추동,2016-08-08,25.6,8.1,4.1,1.9,7,3.3,372,80,0,246,46,,,,,,,,
호소,대청호,문의,2016-08-08,26.2,8.5,5.8,2,3.2,7.8,5282,3568,12,318,1384,,,,,,,,
호소,대청호,회남,2016-08-08,23.4,8.2,5.6,1.6,12.5,5.4,8598,8152,54,392,0,,,,,,,,
호소,대청호,추동,2016-08-16,26.1,8.4,4,2.6,5,3.9,3414,3236,0,72,106,,,,,,,,
호소,대청호,문의,2016-08-16,27,8.7,5.5,1.4,3.3,9.8,8630,7564,0,328,738,,,,,,,,
호소,대청호,회남,2016-08-16,24.2,8.4,5.1,2,9.2,5.7,3422,2700,274,176,272,,,,,,,,
호소,대청호,추동,2016-08-22,25.6,8.3,4.7,1.9,5.1,4.5,2056,1760,0,26,270,,,,,,,,
호소,대청호,문의,2016-08-22,27.1,8.5,5.3,1.5,3.1,9.2,6466,6216,0,176,74,,,,,,,,
호소,대청호,회남,2016-08-22,23.4,8.3,5,1.6,9.7,6.2,8064,7956,86,0,22,,,,,,,,
호소,대청호,회남,2016-08-29,22.5,7.8,4.8,1.8,8.3,7.3,2324,2322,0,2,0,,,,,,,,
호소,대청호,추동,2016-08-29,25,7.7,5.6,1.8,5.3,7.2,182,42,0,96,44,,,,,,,,
호소,대청호,문의,2016-08-29,25.5,8.7,4.8,1.3,3.5,13.5,2542,2488,0,0,54,,,,,,,,
호소,대청호,문의,2016-09-05,25.1,8.8,6.1,1.5,7.1,27.5,8496,8400,0,0,96,,,,,,,,
호소,대청호,추동,2016-09-05,24.6,8.3,5.5,1.8,7.9,7.2,5008,4308,142,254,304,,,,,,,,
호소,대청호,회남,2016-09-05,22,8.2,3.5,1.9,7.6,5.7,5946,4600,138,1208,0,,,,,,,,
호소,대청호,회남,2016-09-12,21.8,7.9,3.3,3,5.1,2.7,2828,2740,0,66,22,,,,,,,,
호소,대청호,추동,2016-09-12,24.6,8.1,5.6,1.8,4.1,8.3,8258,7700,0,140,418,,,,,,,,
호소,대청호,문의,2016-09-12,25.5,8.7,5.1,1.6,3.5,16.7,8540,8540,0,0,0,,,,,,,,
호소,대청호,회남,2016-09-19,22.4,7.4,2.1,2.5,7.1,2.7,1700,1600,0,84,16,,,,,,,,
호소,대청호,추동,2016-09-19,23.5,7.8,4.9,2.9,5.1,7.3,4648,4514,0,88,46,,,,,,,,
호소,대청호,문의,2016-09-19,25.2,8.1,6.2,1.9,4.8,10.3,5638,5490,0,90,58,,,,,,,,
호소,대청호,추동,2016-09-26,23.2,7.7,5.6,2.3,4.4,10.4,5108,4820,86,0,202,,,,,,,,
호소,대청호,문의,2016-09-26,24,8,4.6,2.1,3.8,7.7,8418,8310,52,0,56,,,,,,,,
호소,대청호,회남,2016-09-26,20.9,7.5,3.5,2.8,6,5.3,300,220,54,0,26,,,,,,,,
호소,대청호,문의,2016-10-04,23.8,8,7,2.7,3.5,10.5,3862,3364,0,436,62,,,,,,,,
호소,대청호,추동,2016-10-04,22.8,7.8,5.5,1.9,3.9,11.5,2614,2360,160,0,94,,,,,,,,
호소,대청호,회남,2016-10-04,21.7,7.6,4.6,2.8,4.7,4.8,868,810,58,0,0,,,,,,,,
호소,대청호,추동,2016-10-10,22.2,7.6,7.3,2.5,4.4,9.9,1374,700,450,0,224,,,,,,,,
호소,대청호,회남,2016-10-10,20.8,7.6,5.4,2.4,7.3,11.8,736,640,82,0,14,,,,,,,,
호소,대청호,문의,2016-10-10,22.3,7.6,7.3,2.9,4,7.1,3898,3660,0,0,238,,,,,,,,
호소,대청호,추동,2016-10-17,21.4,8.3,5.4,2.1,4,6.1,820,820,0,0,0,,,,,,,,
호소,대청호,회남,2016-10-17,20.4,8.4,7.4,2.9,5.1,13.8,126,80,46,0,0,,,,,,,,
호소,대청호,문의,2016-10-17,21.4,8.6,6.7,3.3,2.5,6.8,3448,3260,24,36,128,,,,,,,,
호소,대청호,회남,2016-10-24,19.6,7.2,7.5,3.2,2.5,8.2,316,316,0,0,0,,,,,,,,
호소,대청호,문의,2016-10-24,20.5,7.4,7.2,2.7,2.7,7,860,860,0,0,0,,,,,,,,
호소,대청호,추동,2016-10-24,20.4,7.2,6.5,1.5,5.7,5.7,0,0,0,0,0,,,,,,,,
호소,대청호,문의,2016-10-31,18.9,7.5,6.5,2.9,2.2,5.7,180,180,0,0,0,,,,,,,,
호소,대청호,회남,2016-10-31,18.3,7.5,5.5,3.1,3,7.7,0,0,0,0,0,,,,,,,,
호소,대청호,추동,2016-10-31,18.8,7.4,6.3,1.8,3.9,4.3,0,0,0,0,0,,,,,,,,
호소,대청호,회남,2016-11-07,17.4,7.6,7.2,2.9,4.3,7.4,16,0,0,16,0,,,,,,,,
호소,대청호,추동,2016-11-07,17.5,7.6,7.4,2.4,4.7,5.6,0,0,0,0,0,,,,,,,,
호소,대청호,문의,2016-11-07,17.7,7.5,6.9,2.8,2.6,5.9,0,0,0,0,0,,,,,,,,
호소,대청호,회남,2016-11-14,16.5,7.4,8.2,3.6,3.8,5.8,0,0,0,0,0,,,,,,,,
호소,대청호,추동,2016-11-14,16.4,7.3,8.5,2.9,3.4,7.8,80,80,0,0,0,,,,,,,,
호소,대청호,문의,2016-11-14,16.8,7.2,7.5,3.5,2.3,7.8,0,0,0,0,0,,,,,,,,
호소,대청호,문의,2016-11-21,15.7,7.6,8.6,3.1,2.3,15.2,0,0,0,0,0,,,,,,,,
호소,대청호,회남,2016-11-21,15.1,7.6,8.8,3,3.1,5,0,0,0,0,0,,,,,,,,
호소,대청호,추동,2016-11-21,15.5,7.6,9.1,3,2.9,13.2,0,0,0,0,0,,,,,,,,
호소,대청호,추동,2016-11-28,13.4,7.6,12,3.4,3.4,18.1,48,0,0,0,48,,,,,,,,
호소,대청호,회남,2016-11-28,14,7.5,7.5,3.3,2.4,6.2,0,0,0,0,0,,,,,,,,
호소,대청호,문의,2016-11-28,13.8,7.5,9.5,3.2,2.2,15.9,0,0,0,0,0,,,,,,,,
호소,대청호,추동,2016-12-05,12.4,7.5,10.1,3.2,2.3,17.6,0,0,0,0,0,,,,,,,,
호소,대청호,문의,2016-12-05,12.8,7.4,9,3,1.8,16.6,0,0,0,0,0,,,,,,,,
호소,대청호,회남,2016-12-05,12.7,7.4,8.9,3.2,1.9,6,66,0,28,0,38,,,,,,,,
호소,대청호,회남,2016-12-12,11.3,7.5,9.1,3.8,1.8,4.6,0,0,0,0,0,,,,,,,,
호소,대청호,추동,2016-12-12,11.1,7.6,10,4.4,2.4,7.6,0,0,0,0,0,,,,,,,,
호소,대청호,문의,2016-12-12,11.5,7.5,9.4,4,1.9,10.3,0,0,0,0,0,,,,,,,,
호소,대청호,회남,2016-12-19,10.4,8.4,9.6,4.4,1.6,3.5,84,0,0,0,84,,,,,,,,
호소,대청호,추동,2016-12-19,10.1,8.5,10.2,3.8,1.5,2.8,0,0,0,0,0,,,,,,,,
호소,대청호,문의,2016-12-19,10.6,8.4,9.4,3,2,5.5,38,0,0,0,38,,,,,,,,
호소,대청호,추동,2016-12-26,9.5,8.4,10.1,3,1.9,2.4,0,0,0,0,0,,,,,,,,
호소,대청호,문의,2016-12-26,9.8,8.4,9.4,3.3,2,2.4,0,0,0,0,0,,,,,,,,
호소,대청호,회남,2016-12-26,9.5,8.4,9.9,1.3,3.1,2.5,140,0,0,0,140,,,,,,,,
호소,대청호,추동,2017-01-02,8.5,8.3,10.3,3.2,2.6,2,14,0,0,0,14,,,,,,,,
호소,대청호,문의,2017-01-02,8.9,8.2,9.2,3.8,1.5,1.6,0,0,0,0,0,,,,,,,,
호소,대청호,회남,2017-01-02,8.7,8.4,10.2,4.2,1.8,2.1,32,0,0,0,32,,,,,,,,
호소,대청호,문의,2017-01-09,8.7,8.3,10.1,4.2,1.8,1.8,0,0,0,0,0,,,,,,,,
호소,대청호,추동,2017-01-09,8.4,8.6,11.1,3,2,3.3,0,0,0,0,0,,,,,,,,
호소,대청호,회남,2017-01-09,7.9,8.4,11,4.2,1.9,1.9,28,0,0,0,28,,,,,,,,
호소,대청호,회남,2017-01-16,7.2,7.7,11.1,4.2,1.3,2.1,178,0,0,0,178,,,,,,,,
호소,대청호,추동,2017-01-16,6.7,7.7,11.5,4.2,1.7,3.4,104,0,0,0,104,,,,,,,,
호소,대청호,문의,2017-01-16,7.1,7.6,9.8,3.5,1.5,2,0,0,0,0,0,,,,,,,,
호소,대청호,추동,2017-01-23,5.7,7.7,11.2,4.7,1.8,2.8,36,0,0,0,36,,,,,,,,
호소,대청호,회남,2017-01-23,6.3,7.7,10.8,5.7,1.5,2.9,34,0,0,0,34,,,,,,,,
호소,대청호,문의,2017-01-23,6.1,7.6,9.5,3.3,1.5,1.8,0,0,0,0,0,,,,,,,,
호소,대청호,문의,2017-01-31,5.9,8.1,10,4.5,1.3,1.6,0,0,0,0,0,,,,,,,,
호소,대청호,추동,2017-01-31,5.1,8,11.3,4.9,1.3,2,64,0,0,0,64,,,,,,,,
호소,대청호,회남,2017-01-31,5.6,8.6,10.5,5.7,1.2,2.2,98,0,0,0,98,,,,,,,,
호소,대청호,추동,2017-02-06,5,8.7,13.2,3.7,2.2,1.9,152,0,0,0,152,,,,,,,,
호소,대청호,문의,2017-02-06,5.7,8.6,11.2,3.4,2,1.6,0,0,0,0,0,,,,,,,,
호소,대청호,회남,2017-02-06,5.4,8.7,12.8,3.8,1.7,2.4,492,0,0,0,492,,,,,,,,
호소,대청호,회남,2017-02-13,4.9,7.1,11.9,6.3,1.1,2.1,176,0,0,0,176,,,,,,,,
호소,대청호,문의,2017-02-13,5.1,7,11,4,1.4,1.9,0,0,0,0,0,,,,,,,,
호소,대청호,추동,2017-02-13,4.6,7.1,12.4,3.8,2,1.9,84,0,0,0,84,,,,,,,,
호소,대청호,회남,2017-02-20,5.1,7.8,12.2,3.5,2.8,2.1,142,0,0,0,142,,,,,,,,
호소,대청호,추동,2017-02-20,5.2,7.8,12.5,2.8,3.4,1.5,78,0,0,0,78,,,,,,,,
호소,대청호,문의,2017-02-20,5.6,7.7,11.4,3.6,3.2,2.1,0,0,0,0,0,,,,,,,,
호소,대청호,회남,2017-02-27,5.2,7.7,12.6,5.3,1.4,2.3,130,0,0,0,130,,,,,,,,
호소,대청호,문의,2017-02-27,5.9,7.6,11.9,4.3,1.3,2.5,120,0,0,0,120,,,,,,,,
호소,대청호,추동,2017-02-27,5.4,7.7,12.7,4.3,2,1.5,42,0,0,0,42,,,,,,,,
호소,대청호,문의,2017-03-06,6.1,7.9,11.8,2.1,1.7,2.3,0,0,0,0,0,,,,,,,,
호소,대청호,회남,2017-03-06,5.4,7.9,12.4,2.9,2.4,2.3,36,0,0,0,36,,,,,,,,
호소,대청호,추동,2017-03-06,5.9,7.9,12.3,2.1,2.5,1.5,72,0,0,0,72,,,,,,,,
호소,대청호,문의,2017-03-13,6.3,7.5,12.2,4.3,1.3,2.3,0,0,0,0,0,,,,,,,,
호소,대청호,추동,2017-03-13,6.5,7.6,12.5,4.5,1.6,1.9,100,0,0,0,100,,,,,,,,
호소,대청호,회남,2017-03-13,6.2,7.6,12.7,4.3,1.6,2.4,248,0,0,0,248,,,,,,,,
호소,대청호,추동,2017-03-20,7,7.5,12.6,4.9,2.3,2.1,94,0,0,0,94,,,,,,,,
호소,대청호,회남,2017-03-20,6.6,7.5,12.7,4.1,3.2,2,256,0,0,0,256,,,,,,,,
호소,대청호,문의,2017-03-20,6.5,7.5,12.3,3.9,1.8,2.4,0,0,0,0,0,,,,,,,,
호소,대청호,문의,2017-03-27,8.1,7.8,12.5,3.5,1.7,2.3,36,0,0,0,36,,,,,,,,
호소,대청호,추동,2017-03-27,7.2,7.6,12.2,2.8,1.6,2.1,0,0,0,0,0,,,,,,,,
호소,대청호,회남,2017-03-27,6.7,7.7,12.5,2.9,1.4,1.8,68,0,0,0,68,,,,,,,,
호소,대청호,문의,2017-04-03,7.8,7.7,12.6,4.6,1.6,1.9,130,0,0,0,130,,,,,,,,
호소,대청호,추동,2017-04-03,8.2,7.7,12.4,5.3,1.7,1.9,76,0,0,0,76,,,,,,,,
호소,대청호,회남,2017-04-03,7.7,7.6,12.6,5.9,1.1,1.4,172,0,0,0,172,,,,,,,,
호소,대청호,문의,2017-04-10,10.2,7.7,13.3,5.2,1.2,1.8,0,0,0,0,0,,,,,,,,
호소,대청호,회남,2017-04-10,8.2,7.6,13.2,3,1.4,1.7,32,0,0,0,32,,,,,,,,
호소,대청호,추동,2017-04-10,9.2,7.7,13,5.4,1.6,2,14,0,0,0,14,,,,,,,,
호소,대청호,문의,2017-04-17,11.2,8,12.2,3.9,2.2,1.7,22,0,0,0,22,,,,,,,,
호소,대청호,추동,2017-04-17,10.2,7.9,12.1,3.2,2.5,2,0,0,0,0,0,,,,,,,,
호소,대청호,회남,2017-04-17,8.9,7.9,12,5.2,3.2,2.1,0,0,0,0,0,,,,,,,,
호소,대청호,문의,2017-04-24,12.7,8.2,11.7,5.9,2,1.9,0,0,0,0,0,,,,,,,,
호소,대청호,추동,2017-04-24,11,8,11.4,6.7,1.5,2.1,0,0,0,0,0,,,,,,,,
호소,대청호,회남,2017-04-24,9.9,8,11.3,8.3,1.3,1.9,0,0,0,0,0,,,,,,,,
호소,대청호,문의,2017-05-02,14.3,8.3,11.2,6.4,1.3,3.2,0,0,0,0,0,,,,,,,,
호소,대청호,회남,2017-05-02,10.9,8.4,10.3,8.1,1.6,1.4,0,0,0,0,0,,,,,,,,
호소,대청호,추동,2017-05-02,12.6,8.4,10.8,6,1.7,2.2,6,0,6,0,0,,,,,,,,
호소,대청호,문의,2017-05-08,14.2,7.7,11.5,2.4,1.2,3.2,0,0,0,0,0,,,,,,,,
호소,대청호,회남,2017-05-08,10.8,8.2,10.5,5.5,1.4,1.8,0,0,0,0,0,,,,,,,,
호소,대청호,추동,2017-05-08,13.2,8.2,11.1,3.4,2.1,3.5,0,0,0,0,0,,,,,,,,
호소,대청호,추동,2017-05-15,13.2,7.8,10.5,3.7,1.9,2.6,0,0,0,0,0,,,,,,,,
호소,대청호,문의,2017-05-15,16.6,8.2,10.5,3.4,1.6,3.4,34,0,0,0,34,,,,,,,,
호소,대청호,회남,2017-05-15,11.6,7.8,10.1,6.7,1.2,1.6,0,0,0,0,0,,,,,,,,
호소,대청호,문의,2017-05-22,17.8,8.8,8.7,4.1,1.5,3.1,0,0,0,0,0,,,,,,,,
호소,대청호,추동,2017-05-22,15,8.6,10.2,4.2,2.1,4.7,0,0,0,0,0,,,,,,,,
호소,대청호,회남,2017-05-22,12.5,8.5,9,6.4,1.8,2.5,0,0,0,0,0,,,,,,,,
호소,대청호,회남,2017-05-29,12.9,7.9,9.2,6.8,1.3,2.5,0,0,0,0,0,,,,,,,,
호소,대청호,문의,2017-05-29,18.8,8.3,11.7,3.9,1.5,3.7,0,0,0,0,0,,,,,,,,
호소,대청호,추동,2017-05-29,16.2,8.1,11.3,2.9,2,4,0,0,0,0,0,,,,,,,,
호소,대청호,추동,2017-06-05,17.4,8.3,10.4,2.8,2.3,4.8,0,0,0,0,0,,,,,,,,
호소,대청호,회남,2017-06-05,13.5,7.8,8.7,4.2,1.8,2.7,0,0,0,0,0,,,,,,,,
호소,대청호,문의,2017-06-05,20.4,8.9,11.8,2.3,2,6.7,0,0,0,0,0,,,,,,,,
호소,대청호,추동,2017-06-12,18.1,8.3,10.4,2.2,2.4,4.8,0,0,0,0,0,,,,,,,,
호소,대청호,회남,2017-06-12,13.4,8,8.8,2.6,1.8,3.6,0,0,0,0,0,,,,,,,,
호소,대청호,문의,2017-06-12,21.4,9,11.8,1.9,2.4,11,0,0,0,0,0,,,,,,,,
호소,대청호,추동,2017-06-19,20.1,8.6,10.4,2.4,3.2,7.2,0,0,0,0,0,,,,,,,,
호소,대청호,회남,2017-06-19,14.4,8.3,8.2,3.1,1.7,2,0,0,0,0,0,,,,,,,,
호소,대청호,문의,2017-06-19,22.4,9.2,12.8,1.9,2.7,13.4,48,0,0,0,48,,,,,,,,
호소,대청호,추동,2017-06-26,20.8,8.7,10.1,1.7,2.6,8.8,0,0,0,0,0,,,,,,,,
호소,대청호,문의,2017-06-26,23.4,9.3,12.3,2.7,2.3,4.8,0,0,0,0,0,,,,,,,,
호소,대청호,회남,2017-06-26,15,8.4,7.9,2.2,1.7,3,0,0,0,0,0,,,,,,,,
호소,대청호,문의,2017-07-03,25.5,9,9.6,1.1,13.2,2.9,0,0,0,0,0,,,,,,,,
호소,대청호,추동,2017-07-03,21.8,8.4,9.1,1.5,3,9.7,0,0,0,0,0,,,,,,,,
호소,대청호,회남,2017-07-03,16.1,7.9,5.8,3.9,1.6,2.4,0,0,0,0,0,,,,,,,,
호소,대청호,문의,2017-07-10,26.3,8.9,10.1,0.8,6,6.3,0,0,0,0,0,,,,,,,,
호소,대청호,추동,2017-07-10,22.5,8.5,9.3,0.9,4.1,10.7,0,0,0,0,0,,,,,,,,
호소,대청호,회남,2017-07-10,16.8,8.1,6.2,2.6,4,3.3,964,0,964,0,0,,,,,,,,
호소,대청호,문의,2017-07-17,26.3,8.5,9,1.7,6.4,2.1,0,0,0,0,0,,,,,,,,
호소,대청호,추동,2017-07-17,23.2,8.4,8.5,1.7,3.3,6.1,68,0,0,0,68,,,,,,,,
호소,대청호,회남,2017-07-17,19.8,8.3,6.3,2.5,10.6,7.9,4402,3620,782,0,0,,,,,,,,
호소,대청호,문의,2017-07-24,26.6,8.4,8.4,2.8,3.4,2.4,980,980,0,0,0,,,,,,,,
호소,대청호,추동,2017-07-24,24,8.1,6.3,2.1,3.1,4.8,0,0,0,0,0,,,,,,,,
호소,대청호,회남,2017-07-24,18.8,8.3,6.8,1.9,6.4,6.4,4594,2540,1318,736,0,,,,,,,,
호소,대청호,추동,2017-07-31,24.5,7.8,5.4,2.2,3.2,3.1,0,0,0,0,0,,,,,,,,
호소,대청호,회남,2017-07-31,19.8,8.2,5.2,0.9,7.2,13.2,38964,37906,102,834,122,,,,,,,,
호소,대청호,문의,2017-07-31,26.5,8.3,7.2,0.9,3,3.7,1960,1960,0,0,0,,,,,,,,
호소,대청호,추동,2017-08-07,25.2,8.2,5.3,3.2,3.2,4.6,0,0,0,0,0,,,,,,,,
호소,대청호,문의,2017-08-07,27.8,8.2,5.3,4.5,2,4.2,2660,1600,0,1060,0,,,,,,,,
호소,대청호,회남,2017-08-07,21.2,8.5,5.6,1.3,6.4,6,20724,20026,0,620,78,,,,,,,,
호소,대청호,회남,2017-08-10,20.8,8.1,4.6,1.5,6.6,7.2,18724,17080,286,850,508,4,정량한계미만,정량한계미만,,,,,
호소,대청호,문의,2017-08-14,27.2,8.3,5.4,2.8,3.4,6,5224,2882,146,2000,196,,,,,,,,
호소,대청호,추동,2017-08-14,25.5,8,5.2,1.9,2.9,4,1088,0,0,1054,34,,,,,,,,
호소,대청호,회남,2017-08-14,20.1,8.5,4.6,0.5,17.2,25.4,85734,85560,0,174,0,정량한계미만,정량한계미만,정량한계미만,,,,,
호소,대청호,회남,2017-08-17,19.4,7.8,3.9,1,10.3,19.4,63944,63540,0,214,190,정량한계미만,정량한계미만,정량한계미만,,,,,
호소,대청호,추동,2017-08-21,25.3,7.9,4,1.9,4.4,9.8,14422,13580,78,632,132,,,,,,,,
호소,대청호,문의,2017-08-21,26.9,8.3,5.3,2.5,2.5,5,9540,8340,72,488,640,,,,,,,,
호소,대청호,회남,2017-08-21,20.1,8.2,6.5,0.4,26.6,38.7,206126,205340,0,786,0,정량한계미만,정량한계미만,정량한계미만,,,,,
호소,대청호,회남,2017-08-24,20.7,8.1,5.5,0.8,32.1,13.9,77554,76200,116,1180,58,정량한계미만,정량한계미만,정량한계미만,,,,,
호소,대청호,추동,2017-08-28,26.1,8.2,4.6,1.8,3.8,8.2,3202,3056,0,116,30,,,,,,,,
호소,대청호,문의,2017-08-28,26.6,8.4,4.3,1.8,3.6,7.3,918,420,168,268,62,,,,,,,,
호소,대청호,회남,2017-08-28,21.4,8.5,5.1,1,8.7,9.4,31940,31400,0,540,0,정량한계미만,정량한계미만,정량한계미만,,,,,
호소,대청호,회남,2017-08-31,20.9,8.1,3.9,1.8,6,7.5,16282,11684,0,4420,178,정량한계미만,정량한계미만,정량한계미만,,,,,
호소,대청호,추동,2017-09-04,26.1,8.3,6.4,1.6,4,10.2,8500,7340,156,582,422,,,,,,,,
호소,대청호,문의,2017-09-04,26.3,8.6,5.9,1.8,5.8,8.5,4724,2760,10,1798,156,,,,,,,,
호소,대청호,회남,2017-09-04,23.5,8.4,5,1,6.7,11,11024,9286,36,1658,44,정량한계미만,정량한계미만,정량한계미만,,,,,
호소,대청호,회남,2017-09-07,21,8.3,4.3,2.2,4.8,7.1,5476,4964,0,212,300,정량한계미만,정량한계미만,정량한계미만,,,,,
호소,대청호,추동,2017-09-11,25.3,7.8,5.7,2.1,4.1,11,3302,2160,0,1028,114,,,,,,,,
호소,대청호,회남,2017-09-11,22.2,8,4.5,2.6,5.5,5.1,2854,2344,0,166,344,정량한계미만,정량한계미만,정량한계미만,,,,,
호소,대청호,문의,2017-09-11,25.6,8.1,5.3,2.7,3.3,9.3,1242,660,0,474,108,,,,,,,,
호소,대청호,문의,2017-09-18,25.1,7.8,6.8,2.6,2.7,7.6,1444,500,0,944,0,,,,,,,,
호소,대청호,회남,2017-09-18,20.5,7.7,4.7,2.1,6.6,6.1,4068,1916,0,1958,194,,,,,,,,
호소,대청호,추동,2017-09-18,25,7.9,8.7,1.6,4.5,12.6,5440,2420,84,2434,502,,,,,,,,
호소,대청호,문의,2017-09-25,24.7,8.1,7.4,2.1,2.8,9.2,1618,1340,6,272,0,,,,,,,,
호소,대청호,회남,2017-09-25,21.6,8,6.5,1.8,4.1,5.5,598,300,0,246,52,,,,,,,,
호소,대청호,추동,2017-09-25,24.6,8.2,9.5,1.6,6.4,13.2,3242,2060,0,1040,142,,,,,,,,
호소,대청호,문의,2017-09-29,22.2,8.1,7.6,2.9,1.8,8.3,506,180,0,326,0,,,,,,,,
호소,대청호,추동,2017-09-29,23.4,8.2,8.3,1.9,3.7,10.8,5190,3800,0,1230,160,,,,,,,,
호소,대청호,회남,2017-09-29,23.9,8.2,8.4,3.1,2.6,5.8,1368,360,0,914,94,,,,,,,,
호소,대청호,문의,2017-10-10,23.5,8.4,10.3,2,2.6,15.9,604,280,0,286,38,,,,,,,,
호소,대청호,회남,2017-10-10,20.7,8.3,8.1,2.8,5.2,7.1,862,460,0,402,0,,,,,,,,
호소,대청호,추동,2017-10-10,23.3,8.4,12.3,1.9,3.5,17.7,2448,1580,0,868,0,,,,,,,,
호소,대청호,문의,2017-10-16,22,7.2,7,2.6,2.3,18.5,392,260,0,132,0,,,,,,,,
호소,대청호,회남,2017-10-16,18.5,7.3,4.7,3,4.2,5.3,402,180,0,222,0,,,,,,,,
호소,대청호,추동,2017-10-16,21.9,7.6,8.2,2.3,3.8,11.8,2080,1340,0,740,0,,,,,,,,
호소,대청호,문의,2017-10-23,21,8.3,7.4,2.8,2.1,9,1768,1220,0,522,26,,,,,,,,
호소,대청호,회남,2017-10-23,18.8,7.4,4.8,3.3,4.9,3.4,674,160,0,428,86,,,,,,,,
호소,대청호,추동,2017-10-23,21,7.6,8.2,2.9,4.7,8.7,1432,656,0,748,28,,,,,,,,
호소,대청호,문의,2017-10-30,19.8,7.5,7.1,4.2,1.7,6.3,660,88,0,522,50,,,,,,,,
호소,대청호,회남,2017-10-30,17.3,7.5,5.2,3.8,2.9,4.3,360,0,0,360,0,,,,,,,,
호소,대청호,추동,2017-10-30,19.8,7.6,8.2,3,4.6,9.5,5614,2776,0,2748,90,,,,,,,,
호소,대청호,추동,2017-11-06,18.6,7.7,8.6,2.8,5.7,10.7,3832,1066,0,2616,150,,,,,,,,
호소,대청호,회남,2017-11-06,17.9,7.6,6.5,3.8,2.8,4,368,62,0,306,0,,,,,,,,
호소,대청호,문의,2017-11-06,18.7,7.8,7.8,4,1.7,7.6,496,200,0,150,146,,,,,,,,
호소,대청호,회남,2017-11-13,17.2,7.7,8,3,2.2,6.7,38,0,0,38,0,,,,,,,,
호소,대청호,추동,2017-11-13,17.1,7.7,8.8,2.6,2.8,10.1,208,80,0,90,38,,,,,,,,
호소,대청호,문의,2017-11-13,17.4,7.8,8.4,3.8,1.3,7.6,434,380,0,28,26,,,,,,,,
호소,대청호,문의,2017-11-20,15.3,7.8,8.6,2.9,1.5,7.1,488,440,0,0,48,,,,,,,,
호소,대청호,추동,2017-11-20,14.9,7.8,9.1,3,3.2,9.5,176,0,0,0,176,,,,,,,,
호소,대청호,회남,2017-11-20,15.5,7.7,8.4,3.1,2.6,6.6,132,0,0,94,38,,,,,,,,
호소,대청호,문의,2017-11-27,13.9,7.6,9,3.4,2.1,5,34,34,0,0,0,,,,,,,,
호소,대청호,추동,2017-11-27,13.4,7.8,9.4,2.3,1.9,6.9,886,820,0,0,66,,,,,,,,
호소,대청호,회남,2017-11-27,13.9,7.6,8.5,2.6,2,3.5,0,0,0,0,0,,,,,,,,
호소,대청호,문의,2017-12-04,12.6,7.9,9.2,3.8,1.7,3.8,0,0,0,0,0,,,,,,,,
호소,대청호,추동,2017-12-04,12.1,7.8,9.8,3,2.3,5.6,0,0,0,0,0,,,,,,,,
호소,대청호,회남,2017-12-04,12.4,7.7,9.1,2.9,2.2,3.5,0,0,0,0,0,,,,,,,,
호소,대청호,추동,2017-12-11,10.5,7.8,10.1,3,2.1,6,0,0,0,0,0,,,,,,,,
호소,대청호,회남,2017-12-11,10.9,7.7,9.4,3.5,2,3.9,0,0,0,0,0,,,,,,,,
호소,대청호,문의,2017-12-11,10.9,7.7,9.4,3.2,1.7,4,0,0,0,0,0,,,,,,,,
호소,대청호,회남,2017-12-18,9.2,7.8,10.1,2.9,1.6,4.1,0,0,0,0,0,,,,,,,,
호소,대청호,문의,2017-12-18,9.1,7.7,9.8,3,1.5,5.1,0,0,0,0,0,,,,,,,,
호소,대청호,추동,2017-12-18,8.5,7.9,10.9,2.8,1.7,6.7,0,0,0,0,0,,,,,,,,
호소,대청호,회남,2017-12-26,7.9,7.8,11.2,4.1,1.4,7.3,0,0,0,0,0,,,,,,,,
호소,대청호,문의,2017-12-26,8.4,7.7,10.5,3.4,1.6,5.6,0,0,0,0,0,,,,,,,,
호소,대청호,추동,2017-12-26,7.9,7.8,11.7,3.4,1.4,6.8,0,0,0,0,0,,,,,,,,
호소,대청호,추동,2018-01-02,7,7.9,12,3.7,2.5,6.8,0,0,0,0,0,,,,,,,,
호소,대청호,회남,2018-01-02,7.3,7.8,11.5,4,2.8,4.1,240,240,0,0,0,,,,,,,,
호소,대청호,문의,2018-01-02,7.5,7.7,10.5,3.1,2.7,5.7,0,0,0,0,0,,,,,,,,
호소,대청호,문의,2018-01-08,6.8,7.5,10.9,3.7,1.7,4.6,0,0,0,0,0,,,,,,,,
호소,대청호,추동,2018-01-08,6.4,7.7,12.4,3.1,1.6,5,0,0,0,0,0,,,,,,,,
호소,대청호,회남,2018-01-08,6.6,7.7,12.3,4.6,2,4.9,0,0,0,0,0,,,,,,,,
호소,대청호,추동,2018-01-15,5.3,7.7,13.7,3.7,1.4,4.7,0,0,0,0,0,,,,,,,,
호소,대청호,회남,2018-01-15,5.8,7.7,13.3,4.5,1.2,5.4,0,0,0,0,0,,,,,,,,
호소,대청호,문의,2018-01-15,6.2,7.6,11.9,3.4,1.9,4.1,0,0,0,0,0,,,,,,,,
호소,대청호,문의,2018-01-22,6,7.2,9.3,3.7,1.7,9.8,0,0,0,0,0,,,,,,,,
호소,대청호,추동,2018-01-22,5.7,7.5,11.4,4.7,1.6,3.3,0,0,0,0,0,,,,,,,,
호소,대청호,회남,2018-01-22,5.6,7.5,11.4,5.6,1.2,3.5,0,0,0,0,0,,,,,,,,
호소,대청호,문의,2018-01-29,,,,,,,,,,,,,,,,,,,
호소,대청호,추동,2018-01-29,,,,,,,,,,,,,,,,,,,
호소,대청호,회남,2018-01-29,,,,,,,,,,,,,,,,,,,
호소,대청호,회남,2018-02-05,3.7,7.6,12.4,4.5,1.4,4.2,0,0,0,0,0,,,,,,,,
호소,대청호,추동,2018-02-05,3.3,7.5,12.8,4.1,2.4,3.4,0,0,0,0,0,,,,,,,,
호소,대청호,문의,2018-02-05,3.4,7.1,12.3,4.3,1.5,3.3,0,0,0,0,0,,,,,,,,
호소,대청호,회남,2018-02-12,,,,,,,,,,,,,,,,,,,
호소,대청호,추동,2018-02-12,,,,,,,,,,,,,,,,,,,
호소,대청호,문의,2018-02-12,,,,,,,,,,,,,,,,,,,
호소,대청호,문의,2018-02-19,,,,,,,,,,,,,,,,,,,
호소,대청호,추동,2018-02-19,,,,,,,,,,,,,,,,,,,
호소,대청호,회남,2018-02-19,,,,,,,,,,,,,,,,,,,
호소,대청호,추동,2018-02-26,,,,,,,,,,,,,,,,,,,
호소,대청호,문의,2018-02-26,,,,,,,,,,,,,,,,,,,
호소,대청호,회남,2018-02-26,,,,,,,,,,,,,,,,,,,
호소,대청호,회남,2018-03-05,4.5,7.7,13.1,4.5,2,4.4,0,0,0,0,0,,,,,,,,
호소,대청호,문의,2018-03-05,5.1,7.6,12.7,4.1,2.5,3.4,0,0,0,0,0,,,,,,,,
호소,대청호,추동,2018-03-05,4.4,7.6,13.2,3.1,2.9,3.1,0,0,0,0,0,,,,,,,,
호소,대청호,회남,2018-03-12,5.5,7.8,13.4,4.2,2.2,3.9,0,0,0,0,0,,,,,,,,
호소,대청호,추동,2018-03-12,5.7,7.8,13.5,1.9,2.4,2.5,0,0,0,0,0,,,,,,,,
호소,대청호,문의,2018-03-12,5.7,7.8,13,3.6,1.4,3.9,0,0,0,0,0,,,,,,,,
호소,대청호,문의,2018-03-19,6.3,8.3,12.6,3.9,2.2,2.5,0,0,0,0,0,,,,,,,,
호소,대청호,추동,2018-03-19,5.9,8.3,13.2,2.9,2.1,2.6,0,0,0,0,0,,,,,,,,
호소,대청호,회남,2018-03-19,5.8,8.3,13.2,2.9,4,4.9,0,0,0,0,0,,,,,,,,
호소,대청호,회남,2018-03-26,6.7,7.6,13.1,2.5,1.6,5,0,0,0,0,0,,,,,,,,
호소,대청호,추동,2018-03-26,7.1,7.6,13,2.2,2.9,2.2,0,0,0,0,0,,,,,,,,
호소,대청호,문의,2018-03-26,7.3,7.4,12.5,4.2,1.8,2.3,0,0,0,0,0,,,,,,,,
호소,대청호,추동,2018-04-02,8.5,7.9,12.9,2,3.8,2.3,0,0,0,0,0,,,,,,,,
호소,대청호,회남,2018-04-02,8.6,7.9,12.5,2.8,2.6,5.6,0,0,0,0,0,,,,,,,,
호소,대청호,문의,2018-04-02,8.8,7.7,12.6,2.6,2.3,2.8,0,0,0,0,0,,,,,,,,
호소,대청호,회남,2018-04-09,8.3,8.1,12.5,3.2,2.3,3.8,0,0,0,0,0,,,,,,,,
호소,대청호,추동,2018-04-09,8,8,12.7,1.8,3.5,2.6,0,0,0,0,0,,,,,,,,
호소,대청호,문의,2018-04-09,9.2,7.9,12.1,2.7,2.2,2.9,0,0,0,0,0,,,,,,,,
호소,대청호,회남,2018-04-16,9.2,8,12.1,4.3,2.2,2.8,0,0,0,0,0,,,,,,,,
호소,대청호,추동,2018-04-16,9.4,8,12.7,2.5,2.8,2.7,0,0,0,0,0,,,,,,,,
호소,대청호,문의,2018-04-16,9.7,8.1,12.3,3,2.5,2.5,0,0,0,0,0,,,,,,,,
호소,대청호,문의,2018-04-23,11.9,7.4,11.2,2.4,2.7,4.6,0,0,0,0,0,,,,,,,,
호소,대청호,추동,2018-04-23,10.8,7.2,10.7,2.7,3.3,4.3,0,0,0,0,0,,,,,,,,
호소,대청호,회남,2018-04-23,9.2,7.3,10.5,3,3.5,6.1,0,0,0,0,0,,,,,,,,
호소,대청호,추동,2018-04-30,12,7.4,10.2,3.4,3.4,3.9,0,0,0,0,0,,,,,,,,
호소,대청호,회남,2018-04-30,11.4,7.6,10,2.5,2.2,4.1,0,0,0,0,0,,,,,,,,
호소,대청호,문의,2018-04-30,12.7,7.7,10.6,4.5,2.2,3.2,0,0,0,0,0,,,,,,,,
호소,대청호,문의,2018-05-08,13.6,8.1,10.4,3.1,2.4,5.5,0,0,0,0,0,,,,,,,,
호소,대청호,회남,2018-05-08,10.8,7.7,9.3,2.3,2.9,4.1,0,0,0,0,0,,,,,,,,
호소,대청호,추동,2018-05-08,11.9,7.9,10,3.7,2.5,5.1,0,0,0,0,0,,,,,,,,
호소,대청호,문의,2018-05-14,15.2,8.1,10.6,3.2,1.5,4.2,0,0,0,0,0,,,,,,,,
호소,대청호,회남,2018-05-14,12.9,7.8,9,3,2.4,2.7,0,0,0,0,0,,,,,,,,
호소,대청호,추동,2018-05-14,13.9,7.8,10.5,5,1.9,2.7,0,0,0,0,0,,,,,,,,
호소,대청호,문의,2018-05-21,16.1,8.3,11.4,3.4,1.8,11.8,68,0,0,0,68,,,,,,,,
호소,대청호,추동,2018-05-21,15.1,7.9,10.2,3.4,1.9,4.5,0,0,0,0,0,,,,,,,,
호소,대청호,회남,2018-05-21,11.9,7.8,9.4,2,4.3,4.2,0,0,0,0,0,,,,,,,,
호소,대청호,회남,2018-05-28,13.2,7.8,8.9,2.7,1.8,3.6,998,860,138,0,0,,,,,,,,
호소,대청호,추동,2018-05-28,16.1,8,10.4,3.8,2.1,8.4,86,0,0,0,86,,,,,,,,
호소,대청호,문의,2018-05-28,17.7,8.6,12.4,2.4,1.8,16.8,164,0,164,0,0,,,,,,,,
호소,대청호,회남,2018-06-04,14.5,7.9,8,3.7,1.6,3.4,284,0,284,0,0,,,,,,,,
호소,대청호,문의,2018-06-04,19,8.7,13.1,2.7,2,16.5,0,0,0,0,0,,,,,,,,
호소,대청호,추동,2018-06-04,17.4,8.3,10.5,2.7,1.9,11.4,342,150,192,0,0,,,,,,,,
호소,대청호,추동,2018-06-11,17.4,8.4,10.5,1.8,1.9,11.7,712,660,0,0,52,,,,,,,,
호소,대청호,문의,2018-06-11,21.6,9,12.1,2.8,2.1,19.7,96,0,96,0,0,,,,,,,,
호소,대청호,회남,2018-06-11,15.1,8.2,9.2,1.4,2.6,11.2,772,220,148,0,404,,,,,,,,
호소,대청호,추동,2018-06-18,20.2,8.4,10.2,2,2.4,9.1,0,0,0,0,0,,,,,,,,
호소,대청호,회남,2018-06-18,14.9,8,6.8,1.5,1.6,5,602,500,0,0,102,,,,,,,,
호소,대청호,문의,2018-06-18,20.8,8.8,11.1,2.8,1.9,17.4,76,0,76,0,0,,,,,,,,
호소,대청호,문의,2018-06-25,22.7,9,11.6,3.1,2.2,11.2,0,0,0,0,0,,,,,,,,
호소,대청호,추동,2018-06-25,19.8,8.4,9,2.8,1.7,7.6,208,0,208,0,0,,,,,,,,
호소,대청호,회남,2018-06-25,15.7,8,6.2,3.2,1.4,4.1,0,0,0,0,0,,,,,,,,
호소,대청호,추동,2018-07-02,21.1,8.2,9.5,1.6,5.1,9.7,128,0,0,0,128,,,,,,,,
호소,대청호,문의,2018-07-02,23.7,8.9,12.1,2.2,11,9.6,840,840,0,0,0,,,,,,,,
호소,대청호,회남,2018-07-02,16.1,7.8,5.3,2,15.2,6.7,398,0,0,58,340,,,,,,,,
호소,대청호,문의,2018-07-09,24.2,8.8,9.5,1.8,3.1,8.6,832,800,32,0,0,,,,,,,,
호소,대청호,회남,2018-07-09,18.6,8,5.9,2,7.1,9.9,208,80,0,0,128,,,,,,,,
호소,대청호,추동,2018-07-09,22.5,8.4,7.4,2.1,3.6,9.2,108,0,74,0,34,,,,,,,,
호소,대청호,추동,2018-07-16,28.3,7.9,8.6,2.9,3.7,6.8,178,80,0,0,98,,,,,,,,
호소,대청호,문의,2018-07-16,26.7,8,9.8,1.5,3.4,8,866,660,152,0,54,,,,,,,,
호소,대청호,회남,2018-07-16,20.1,8.1,7.8,1.8,5.2,6.9,322,120,202,0,0,,,,,,,,
호소,대청호,회남,2018-07-23,21.4,8.3,7.5,1.5,8,13.4,940,940,0,0,0,,,,,,,,
호소,대청호,추동,2018-07-23,24.6,8.1,5.6,1.8,3.3,7.9,874,820,0,0,54,,,,,,,,
호소,대청호,문의,2018-07-23,26.1,8.5,7.3,2.5,2.7,8.1,840,840,0,0,0,,,,,,,,
호소,대청호,회남,2018-07-30,21.3,8.4,6,2.5,4.4,4.1,740,740,0,0,0,,,,,,,,
호소,대청호,추동,2018-07-30,25.1,8.5,6.7,1.4,7.3,6.5,970,840,0,96,34,,,,,,,,
호소,대청호,문의,2018-07-30,25.8,8.6,7.8,1.5,4.3,9.5,5874,4840,0,880,154,,,,,,,,
호소,대청호,회남,2018-08-06,21.9,8.3,6.2,1.7,4,6.3,4600,3820,220,468,92,,,,,,,,
호소,대청호,추동,2018-08-06,25.5,8.2,4.1,1.8,3.6,5.2,974,656,0,318,0,,,,,,,,
호소,대청호,문의,2018-08-06,27,9.1,9.8,1.2,6.8,14,8036,7040,0,864,132,,,,,,,,
호소,대청호,문의,2018-08-13,27.3,9.1,7,1.8,4.4,12.5,2076,700,0,1188,188,,,,,,,,
호소,대청호,회남,2018-08-13,22,8.4,4.5,1.5,5.3,7.1,6190,4440,1538,212,0,,,,,,,,
호소,대청호,추동,2018-08-13,25,8.4,3.7,1.4,4.2,8.8,7716,7580,0,136,0,,,,,,,,
호소,대청호,추동,2018-08-20,26.6,8.4,4.7,1.9,5,5.4,6852,6260,0,504,88,,,,,,,,
호소,대청호,회남,2018-08-20,21.6,8.5,3.9,1.5,4.8,7.5,8322,8000,46,134,142,,,,,,,,
호소,대청호,문의,2018-08-20,27.3,9.2,7,1.5,5,11.9,7836,5960,206,1500,170,,,,,,,,
호소,대청호,추동,2018-08-27,25.3,8.5,5.3,2,4.6,8.4,1910,1600,0,210,100,,,,,,,,
호소,대청호,회남,2018-08-27,22.2,8,3.4,1.4,10,12.3,4896,4086,0,810,0,,,,,,,,
호소,대청호,문의,2018-08-27,26.7,9.5,7.3,1.7,4.6,12.9,7060,4220,0,0,2840,,,,,,,,
호소,대청호,문의,2018-09-03,25,8.7,4.1,2.1,2.7,7.1,844,780,0,0,64,,,,,,,,
호소,대청호,추동,2018-09-03,24.5,8.3,4.9,1.7,6.3,6.9,3080,800,164,2116,0,,,,,,,,
호소,대청호,회남,2018-09-03,20.3,8.1,5.9,0.5,20,20.9,47190,41840,38,5312,0,,,,,,,,
호소,대청호,회남,2018-09-10,23.4,8.2,8,2,12.8,12.3,35568,23320,34,12112,102,,,,,,,,
호소,대청호,추동,2018-09-10,23.7,8,6.5,2.5,4.5,12.6,2530,1040,18,1284,188,,,,,,,,
호소,대청호,문의,2018-09-10,24,8.4,4.2,2.1,4.7,4.6,4848,2500,0,2220,128,,,,,,,,
호소,대청호,회남,2018-09-13,21.6,7.7,6.1,0.8,17.3,12.7,22230,13360,56,8712,102,정량한계미만,3,정량한계미만,,,,,
호소,대청호,문의,2018-09-17,23.6,7.8,4.7,2.5,3.8,4.9,4140,2580,0,1560,0,,,,,,,,
호소,대청호,추동,2018-09-17,23.9,7.7,6,1.2,6.6,24.9,8574,7572,938,64,0,,,,,,,,
호소,대청호,회남,2018-09-17,21.5,7.8,5,1.7,8.1,5.9,3212,2034,14,1088,76,정량한계미만,정량한계미만,0.1,,,,,
호소,대청호,회남,2018-09-19,23,8.1,6.6,1.6,8.8,14,8956,7280,316,1060,300,정량한계미만,1,0.2,,,,,
호소,대청호,문의,2018-09-27,23.1,7,5.4,2.1,3.4,8.2,2640,2640,0,0,0,,,,,,,,
호소,대청호,회남,2018-09-27,22.3,7.3,5.2,1.5,6.4,14.5,6788,6540,192,0,56,,,,,,,,
호소,대청호,추동,2018-09-27,23,7.6,8.2,1.3,5.7,33.7,4142,2640,750,752,0,,,,,,,,
호소,대청호,문의,2018-10-01,22.6,7.2,6.6,2.7,3.4,8.6,640,640,0,0,0,,,,,,,,
호소,대청호,추동,2018-10-01,22.5,7.2,8.1,1.5,5.6,35.3,2870,2440,324,24,82,,,,,,,,
호소,대청호,회남,2018-10-01,21.3,6.9,4.9,1.6,5.7,16.8,658,394,124,140,0,,,,,,,,
호소,대청호,문의,2018-10-08,21.9,7.1,6.7,2.3,3.6,10.4,1886,1886,0,0,0,,,,,,,,
호소,대청호,회남,2018-10-08,21.6,7.1,6.1,2.1,4.9,21.2,2506,2480,0,0,26,,,,,,,,
호소,대청호,추동,2018-10-08,21.8,7.2,8.3,2.4,3,17.5,2272,1820,0,288,164,,,,,,,,
호소,대청호,문의,2018-10-15,20.9,7,7.2,2,3,17.6,880,844,0,36,0,,,,,,,,
호소,대청호,추동,2018-10-15,20.6,7.1,8.2,2.4,2.4,14.3,570,424,0,0,146,,,,,,,,
호소,대청호,회남,2018-10-15,20.2,7,7.1,2.3,4.8,10.2,394,158,0,0,236,,,,,,,,
호소,대청호,회남,2018-10-22,19.1,7.2,7.6,2.7,3,9.3,182,44,0,0,138,,,,,,,,
호소,대청호,추동,2018-10-22,19.9,7.3,8.4,2.7,2.5,16.5,892,516,54,124,198,,,,,,,,
호소,대청호,문의,2018-10-22,19.8,7.3,8.2,2.1,2.4,25.2,734,660,0,0,74,,,,,,,,
호소,대청호,회남,2018-10-29,18.2,7.1,7.4,2.6,2.7,10.1,402,260,0,0,142,,,,,,,,
호소,대청호,추동,2018-10-29,18.3,7.2,8.4,2.2,3,20.3,822,480,106,136,100,,,,,,,,
호소,대청호,문의,2018-10-29,18.4,7.2,8.3,2.7,2.3,14.6,828,440,0,204,184,,,,,,,,
호소,대청호,회남,2018-11-05,17.5,7.3,8.4,2.5,3.3,11.8,278,0,0,0,278,,,,,,,,
호소,대청호,추동,2018-11-05,17.3,7.3,9.3,2.6,2.6,23.3,600,0,62,0,538,,,,,,,,
호소,대청호,문의,2018-11-05,17.5,7.2,8.3,3.6,2.1,8.7,444,0,38,0,406,,,,,,,,
호소,대청호,추동,2018-11-12,16.7,7.3,9.6,2.5,2.9,25.5,958,108,0,0,850,,,,,,,,
호소,대청호,문의,2018-11-12,16.8,7.4,8.4,3.5,1.9,10.2,684,440,0,0,244,,,,,,,,
호소,대청호,회남,2018-11-12,16.6,7.3,8.8,3.1,2.3,13.5,278,0,0,0,278,,,,,,,,
호소,대청호,추동,2018-11-19,15.8,7.4,10.2,2.8,2.8,28.8,86,0,0,0,86,,,,,,,,
호소,대청호,문의,2018-11-19,15.8,7.4,8.8,3.5,1.9,17.4,74,0,0,0,74,,,,,,,,
호소,대청호,회남,2018-11-19,15.4,7.3,9.4,2.8,2.6,23.2,512,320,0,84,108,,,,,,,,
호소,대청호,추동,2018-11-26,14.4,7.4,10.3,3.1,2.7,21.4,476,0,0,0,476,,,,,,,,
호소,대청호,회남,2018-11-26,14.6,7.4,9.8,2.9,2.9,19.6,52,0,0,24,28,,,,,,,,
호소,대청호,문의,2018-11-26,14.6,7.3,9.1,3.2,2,17.5,86,0,0,0,86,,,,,,,,
호소,대청호,문의,2018-12-03,13.8,7.4,9.6,3.4,2,17.9,74,0,74,0,0,,,,,,,,
호소,대청호,회남,2018-12-03,13.3,7.5,9.9,3.9,1.3,10.2,170,0,0,0,170,,,,,,,,
호소,대청호,추동,2018-12-03,13.6,7.6,10.3,3.9,1.8,10.4,372,0,0,0,372,,,,,,,,
호소,대청호,회남,2018-12-10,12,7.2,10.6,3.7,2.3,5.3,214,0,0,0,214,,,,,,,,
호소,대청호,추동,2018-12-10,11.6,7.2,10.7,4.2,1.6,6.2,392,0,0,0,392,,,,,,,,
호소,대청호,문의,2018-12-10,11.9,7.1,9.5,3.3,1.8,11.8,32,0,0,0,32,,,,,,,,
호소,대청호,추동,2018-12-17,9.6,7.3,10.3,3.4,1.4,5.8,314,0,0,0,314,,,,,,,,
호소,대청호,회남,2018-12-17,10.1,7.3,10.1,3.9,1.6,4.8,676,0,0,0,676,,,,,,,,
호소,대청호,문의,2018-12-17,10.2,7.1,9.2,3.7,1.5,5.8,14,0,0,0,14,,,,,,,,
호소,대청호,회남,2018-12-24,8.9,7.2,10.5,4.9,1.7,4.6,34,0,0,0,34,,,,,,,,
호소,대청호,문의,2018-12-24,9.6,7.1,9.5,4.5,1.3,4.5,0,0,0,0,0,,,,,,,,
호소,대청호,추동,2018-12-24,9.4,7.2,10.4,4.1,1.4,5.5,202,0,0,0,202,,,,,,,,
호소,대청호,추동,2019-01-02,7.2,7.6,11.5,3.9,1.5,6.1,414,0,0,0,414,,,,,,,,
호소,대청호,회남,2019-01-02,7.5,7.6,11.2,4.5,2.1,5.3,62,0,0,0,62,,,,,,,,
호소,대청호,문의,2019-01-02,7.5,7.5,10.3,4.8,1.7,4.7,0,0,0,0,0,,,,,,,,
호소,대청호,추동,2019-01-07,6.7,7.6,12.5,4,2,6,264,0,0,0,264,,,,,,,,
호소,대청호,회남,2019-01-07,7,7.6,12.2,4.4,1.9,5.1,302,0,0,0,302,,,,,,,,
호소,대청호,문의,2019-01-07,7,7.5,11.3,3.3,2,5.1,0,0,0,0,0,,,,,,,,
호소,대청호,문의,2019-01-14,6.7,7.5,11.5,4.1,1.7,3.2,0,0,0,0,0,,,,,,,,
호소,대청호,추동,2019-01-14,6.3,7.7,12.9,4.2,1.8,5.2,600,0,0,0,600,,,,,,,,
호소,대청호,회남,2019-01-14,6.3,7.6,12.6,4.8,2.6,4,64,0,0,0,64,,,,,,,,
호소,대청호,회남,2019-01-21,5.6,7.6,12.7,4.1,1.2,4.3,82,0,0,0,82,,,,,,,,
호소,대청호,추동,2019-01-21,5.6,7.7,12.6,3.9,1.3,4.6,112,0,0,0,112,,,,,,,,
호소,대청호,문의,2019-01-21,6,7.5,11.1,4.5,1.3,5.2,0,0,0,0,0,,,,,,,,
호소,대청호,추동,2019-01-28,5.2,7.6,12,3.9,1.6,3.6,642,0,0,0,642,,,,,,,,
호소,대청호,회남,2019-01-28,5.4,7.6,11.6,4.5,1.3,3.9,144,0,0,0,144,,,,,,,,
호소,대청호,문의,2019-01-28,5.6,7.4,10.8,4.7,1.8,3.8,0,0,0,0,0,,,,,,,,
호소,대청호,추동,2019-02-07,5,7.7,12.7,3.4,2.2,4.3,390,0,0,0,390,,,,,,,,
호소,대청호,회남,2019-02-07,4.7,7.7,12.2,4.3,1.5,3.7,44,0,0,0,44,,,,,,,,
호소,대청호,문의,2019-02-07,5.5,7.4,11.1,4.1,1.7,4.3,0,0,0,0,0,,,,,,,,
호소,대청호,문의,2019-02-11,5,7.6,12,3.9,2,5.2,0,0,0,0,0,,,,,,,,
호소,대청호,회남,2019-02-11,4.8,7.6,11.9,4.3,1.5,4.3,26,0,0,0,26,,,,,,,,
호소,대청호,추동,2019-02-11,4.7,7.7,12.3,3.8,1.8,4.6,156,0,0,0,156,,,,,,,,
호소,대청호,문의,2019-02-18,5,7.6,10.4,4.5,1.8,5.3,0,0,0,0,0,,,,,,,,
호소,대청호,회남,2019-02-18,4.7,7.8,11.1,4.1,1.7,4.6,94,0,0,0,94,,,,,,,,
호소,대청호,추동,2019-02-18,4.6,7.8,11.4,4.6,2.2,4.5,324,0,0,0,324,,,,,,,,
호소,대청호,추동,2019-02-25,5,7.7,13.6,4,4.1,5.3,36,0,0,0,36,,,,,,,,
호소,대청호,회남,2019-02-25,4.8,7.6,13,4,5.9,4.6,0,0,0,0,0,,,,,,,,
호소,대청호,문의,2019-02-25,5.2,7.6,12.7,4.7,3.6,5.7,44,0,0,0,44,,,,,,,,
호소,대청호,문의,2019-03-04,5.6,7.7,12.4,3.2,2,4.6,0,0,0,0,0,,,,,,,,
호소,대청호,추동,2019-03-04,6.3,7.8,13,3.3,1.4,5.2,168,0,0,0,168,,,,,,,,
호소,대청호,회남,2019-03-04,5.3,7.6,12.5,3.5,2.9,1.7,0,0,0,0,0,,,,,,,,
호소,대청호,회남,2019-03-11,5.3,7.8,12.7,3.4,2.6,5,68,0,0,0,68,,,,,,,,
호소,대청호,추동,2019-03-11,6.1,7.9,12.9,3.2,2.3,6,76,0,0,0,76,,,,,,,,
호소,대청호,문의,2019-03-11,5.6,7.7,11.7,3.1,1.9,4.6,0,0,0,0,0,,,,,,,,
호소,대청호,회남,2019-03-18,5.8,7.8,12.6,3.1,1.6,4.6,0,0,0,0,0,,,,,,,,
호소,대청호,문의,2019-03-18,5.8,7.7,12.1,3.1,1.9,5.4,0,0,0,0,0,,,,,,,,
호소,대청호,추동,2019-03-18,6,7.8,12.2,3.6,1.7,3.8,74,0,0,0,74,,,,,,,,
호소,대청호,추동,2019-03-25,6.1,7.8,12.7,2.8,2.4,4,0,0,0,0,0,,,,,,,,
호소,대청호,회남,2019-03-25,5.9,7.9,12.8,3.9,2.4,4,0,0,0,0,0,,,,,,,,
호소,대청호,문의,2019-03-25,6.5,7.9,12.8,3.1,1.9,4,0,0,0,0,0,,,,,,,,
호소,대청호,문의,2019-04-01,6.6,7.8,11.9,3,2.3,3.7,0,0,0,0,0,,,,,,,,
호소,대청호,회남,2019-04-01,6.5,7.8,12.4,3.2,2.5,4.1,0,0,0,0,0,,,,,,,,
호소,대청호,추동,2019-04-01,6.4,7.8,12.3,3.1,2.5,4.3,0,0,0,0,0,,,,,,,,
호소,대청호,회남,2019-04-08,7,7.8,11.9,3.2,2,4.7,0,0,0,0,0,,,,,,,,
호소,대청호,문의,2019-04-08,7.8,7.8,12.3,3.5,1.5,3.6,0,0,0,0,0,,,,,,,,
호소,대청호,추동,2019-04-08,7.4,7.8,12.4,2.9,1.5,5,0,0,0,0,0,,,,,,,,
호소,대청호,회남,2019-04-15,7.7,7.8,11.7,3.2,1.8,4.4,0,0,0,0,0,,,,,,,,
호소,대청호,문의,2019-04-15,8,7.8,11.6,3.5,1.8,3.5,0,0,0,0,0,,,,,,,,
호소,대청호,추동,2019-04-15,8.5,8,12.1,2.7,2.3,4.4,0,0,0,0,0,,,,,,,,
호소,대청호,회남,2019-04-22,9.3,8.2,12.3,2.6,3.4,9.4,0,0,0,0,0,,,,,,,,
호소,대청호,추동,2019-04-22,9.8,8.2,12.5,3,2.2,5.6,0,0,0,0,0,,,,,,,,
호소,대청호,문의,2019-04-22,10.2,8.3,12.7,3.5,2,5.4,0,0,0,0,0,,,,,,,,
호소,대청호,추동,2019-04-29,9.7,8.3,11.7,2.5,2.5,8.3,0,0,0,0,0,,,,,,,,
호소,대청호,문의,2019-04-29,9.9,8.2,12.1,3.3,2.3,6.4,0,0,0,0,0,,,,,,,,
호소,대청호,회남,2019-04-29,8.8,8.3,11.3,2.2,2.9,6.7,0,0,0,0,0,,,,,,,,
호소,대청호,회남,2019-05-07,10.1,7.9,10.1,2.1,2,4.4,0,0,0,0,0,,,,,,,,
호소,대청호,추동,2019-05-07,10.9,8.2,10.9,3.3,2.2,6.4,0,0,0,0,0,,,,,,,,
호소,대청호,문의,2019-05-07,10.9,8.3,11.9,1.9,2.1,7.6,0,0,0,0,0,,,,,,,,
호소,대청호,회남,2019-05-13,10.8,8.4,11.3,2,3.1,6.1,0,0,0,0,0,,,,,,,,
호소,대청호,추동,2019-05-13,12.4,8.3,11.8,3.2,2.7,5,0,0,0,0,0,,,,,,,,
호소,대청호,문의,2019-05-13,12.7,8.7,13.3,2.8,2.9,6.5,38,0,0,0,38,,,,,,,,
호소,대청호,회남,2019-05-20,11.1,8.3,10.4,1.8,2.5,6.3,0,0,0,0,0,,,,,,,,
호소,대청호,추동,2019-05-20,11.5,8,11.1,2.6,2.3,4.1,0,0,0,0,0,,,,,,,,
호소,대청호,문의,2019-05-20,12.5,8.6,12.4,2.8,2.5,7.2,0,0,0,0,0,,,,,,,,
호소,대청호,문의,2019-05-27,14.8,8.5,12.9,2.7,3,6.8,0,0,0,0,0,,,,,,,,
호소,대청호,회남,2019-05-27,11.2,8.3,9.9,2.5,4.5,6.4,508,508,0,0,0,,,,,,,,
호소,대청호,추동,2019-05-27,11.6,7.9,10.6,1.9,4.1,5.7,0,0,0,0,0,,,,,,,,
호소,대청호,추동,2019-06-03,12.9,8,10.2,3.4,2.7,4.3,0,0,0,0,0,,,,,,,,
호소,대청호,문의,2019-06-03,15.4,8.5,12.3,2.3,2.3,6.3,616,592,0,0,24,,,,,,,,
호소,대청호,회남,2019-06-03,11.7,8,8.4,2.5,2.1,4.8,0,0,0,0,0,,,,,,,,
호소,대청호,문의,2019-06-10,16.6,8.5,13,3.9,2.2,3.6,0,0,0,0,0,,,,,,,,
호소,대청호,회남,2019-06-10,11.9,8.6,10.5,3,2.8,4.4,56,0,42,0,14,,,,,,,,
호소,대청호,추동,2019-06-10,13.7,8.3,11.9,2.9,3.1,5.5,0,0,0,0,0,,,,,,,,
호소,대청호,추동,2019-06-17,14.8,8.3,10.8,2.4,2.3,6.4,0,0,0,0,0,,,,,,,,
호소,대청호,회남,2019-06-17,12.4,8,8,5.1,3.6,2.5,18,0,18,0,0,,,,,,,,
호소,대청호,문의,2019-06-17,17.7,8.6,13,4.2,1.9,6.4,0,0,0,0,0,,,,,,,,
호소,대청호,문의,2019-06-24,19,8.6,11.9,5.5,1.4,3.9,0,0,0,0,0,,,,,,,,
호소,대청호,회남,2019-06-24,13,8.4,6.1,4.8,1.8,2.4,0,0,0,0,0,,,,,,,,
호소,대청호,추동,2019-06-24,16.4,8.5,10.4,2,2.2,4.7,0,0,0,0,0,,,,,,,,
호소,대청호,문의,2019-07-01,18.5,8.3,10.1,5,1.8,6.2,0,0,0,0,0,,,,,,,,
호소,대청호,회남,2019-07-01,12.5,8.3,5.7,4.7,2.5,2.8,160,160,0,0,0,,,,,,,,
호소,대청호,추동,2019-07-01,16,8.3,8.4,1.6,2.3,3.6,0,0,0,0,0,,,,,,,,
호소,대청호,회남,2019-07-08,13.6,8.5,6.2,3.1,2.3,3.8,74,0,0,0,74,,,,,,,,
호소,대청호,문의,2019-07-08,20.5,8.6,11.1,4.7,2.4,9.6,98,0,0,0,98,,,,,,,,
호소,대청호,추동,2019-07-08,17.8,8.3,9.2,1.5,2.7,7.1,234,0,178,0,56,,,,,,,,
호소,대청호,문의,2019-07-15,22.9,8.9,9.4,6.2,2.5,8,0,0,0,0,0,,,,,,,,
호소,대청호,회남,2019-07-15,15.3,8.8,3.9,3.5,4.3,2.4,0,0,0,0,0,,,,,,,,
호소,대청호,추동,2019-07-15,21.2,8.8,7.5,2.1,3.3,5.8,0,0,0,0,0,,,,,,,,
호소,대청호,추동,2019-07-22,21.7,8.3,7.2,2.3,3.2,7.6,84,0,84,0,0,,,,,,,,
호소,대청호,문의,2019-07-22,22.6,8.6,8.5,3.8,2.2,4.2,82,0,0,0,82,,,,,,,,
호소,대청호,회남,2019-07-22,16.6,8.2,3.1,2.7,6.1,3.9,850,716,0,0,134,,,,,,,,
호소,대청호,회남,2019-07-29,17.1,8.4,4,2.6,4.6,2.8,784,660,0,0,124,,,,,,,,
호소,대청호,추동,2019-07-29,22.5,8.3,5.8,2.8,3.4,7.3,224,140,84,0,0,,,,,,,,
호소,대청호,문의,2019-07-29,25.2,8.4,8.2,1.5,2.9,3.8,124,0,0,0,124,,,,,,,,
호소,대청호,문의,2019-08-05,26.6,8.3,7,4.9,2,4.9,1566,0,0,0,1566,,,,,,,,
호소,대청호,회남,2019-08-05,19.6,8.4,4.1,3.4,3.7,4.3,0,0,0,0,0,,,,,,,,
호소,대청호,추동,2019-08-05,23.1,8.1,4.3,2.8,2.8,3.9,0,0,0,0,0,,,,,,,,
호소,대청호,추동,2019-08-12,23.7,8.3,3.7,2.4,3,5.1,28,0,0,0,28,,,,,,,,
호소,대청호,문의,2019-08-12,27.5,8.6,7,4.1,2.6,4.8,734,0,112,0,622,,,,,,,,
호소,대청호,회남,2019-08-12,19.8,8.6,3.9,1.8,4.2,6.9,744,0,0,510,234,,,,,,,,
호소,대청호,문의,2019-08-19,26.7,8,5.3,4.1,3.2,6.2,3610,340,0,0,3270,,,,,,,,
호소,대청호,회남,2019-08-19,20.1,8.2,4.1,1.6,3,3.7,734,240,118,44,332,,,,,,,,
호소,대청호,추동,2019-08-19,24.8,8,5.6,2.7,2.9,4.7,466,240,0,0,226,,,,,,,,
호소,대청호,추동,2019-08-26,25,8.3,5.3,3.4,3.4,4.1,700,700,0,0,0,,,,,,,,
호소,대청호,문의,2019-08-26,27.7,8.6,5.9,4.1,2.6,5.7,2154,0,74,0,2080,,,,,,,,
호소,대청호,회남,2019-08-26,20,8.6,3.7,2,4.1,4.6,982,0,84,836,62,,,,,,,,
호소,대청호,문의,2019-09-02,26.7,9.7,5.7,2.6,2.7,5.6,578,220,0,88,270,,,,,,,,
호소,대청호,추동,2019-09-02,24.3,9.5,5.4,2.5,3.5,6.8,948,760,0,72,116,,,,,,,,
호소,대청호,회남,2019-09-02,19.6,10,3.6,1.8,4.8,6.2,2240,0,58,1652,530,,,,,,,,
호소,대청호,회남,2019-09-09,19.4,9.4,3.3,1.7,9.9,7.9,3328,2460,38,620,210,,,,,,,,
호소,대청호,추동,2019-09-09,24.8,9.1,5.3,2.5,5.8,6.3,982,0,32,504,446,,,,,,,,
호소,대청호,문의,2019-09-09,25.9,9,5.3,2.2,5.3,5.1,510,440,0,0,70,,,,,,,,
호소,대청호,문의,2019-09-16,26.3,8.3,5.8,2.6,2.5,5.2,980,760,0,84,136,,,,,,,,
호소,대청호,회남,2019-09-16,20.8,9.9,4.2,2.1,6.1,4.5,1838,1340,14,352,132,,,,,,,,
호소,대청호,추동,2019-09-16,25,8.4,5.4,2.8,3.1,4.9,924,640,24,96,164,,,,,,,,
호소,대청호,회남,2019-09-23,19.3,7.4,4.1,2.8,8.8,4.5,2614,2320,0,64,230,,,,,,,,
호소,대청호,문의,2019-09-23,24.4,7.5,6.4,3.5,2.7,5.5,530,140,0,84,306,,,,,,,,
호소,대청호,추동,2019-09-23,24.2,7.6,7.1,2.7,4.4,5.6,2372,1440,158,524,250,,,,,,,,
호소,대청호,회남,2019-09-30,18.8,7.7,5.6,2.7,5.8,3.9,1744,1460,168,16,100,,,,,,,,
호소,대청호,문의,2019-09-30,23.3,7.7,5,2.9,2.5,5.5,486,0,146,92,248,,,,,,,,
호소,대청호,추동,2019-09-30,23.2,7.9,6.7,2.7,4.2,5.4,2106,1140,512,220,234,,,,,,,,
호소,대청호,추동,2019-10-07,22.1,7.4,5.7,2.7,3.8,8.2,2654,2200,0,32,422,,,,,,,,
호소,대청호,문의,2019-10-07,23.2,7.3,4.6,3.2,3,4.4,760,240,96,188,236,,,,,,,,
호소,대청호,회남,2019-10-07,19.4,7.4,4.8,2.5,7.3,5.4,2024,1740,26,0,258,,,,,,,,
호소,대청호,추동,2019-10-14,21.4,7.7,7.2,2.3,4.5,12.9,2352,1900,0,0,452,,,,,,,,
호소,대청호,회남,2019-10-14,19.1,7.4,5.2,3,4.8,5.6,220,132,0,0,88,,,,,,,,
호소,대청호,문의,2019-10-14,21.8,7.5,6.1,2.3,3.8,11.1,954,0,0,92,862,,,,,,,,
호소,대청호,회남,2019-10-21,18.7,7.8,5.8,2.9,3.7,7.5,888,780,0,0,108,,,,,,,,
호소,대청호,문의,2019-10-21,21,7.6,6.4,3.3,2.1,13.7,338,160,0,104,74,,,,,,,,
호소,대청호,추동,2019-10-21,20.7,8.1,8.3,2.1,3.7,25.9,2148,1140,0,36,972,,,,,,,,
호소,대청호,문의,2019-10-28,20,7.9,9,3.4,2.8,26.5,368,0,182,0,186,,,,,,,,
호소,대청호,회남,2019-10-28,19.1,7.7,7,2.6,4.2,13.9,930,636,52,0,242,,,,,,,,
호소,대청호,추동,2019-10-28,20.1,8.1,9.8,1.4,4.9,39.2,4484,2040,0,260,2184,,,,,,,,
호소,대청호,추동,2019-11-04,19.3,7.6,9.9,2.6,3.2,24.5,4154,1240,0,44,2870,,,,,,,,
호소,대청호,문의,2019-11-04,19.4,7.7,9.5,2.4,2.9,38,342,0,26,0,316,,,,,,,,
호소,대청호,회남,2019-11-04,17.5,7.6,6.5,3,3.5,8.8,518,248,0,44,226,,,,,,,,
호소,대청호,추동,2019-11-11,17.8,8,9.5,2.3,3.3,15.3,3382,1100,0,108,2174,,,,,,,,
호소,대청호,회남,2019-11-11,18,7.8,8.7,2.7,3.9,12.1,954,360,0,48,546,,,,,,,,
호소,대청호,문의,2019-11-11,18,8.2,10,2.5,4.2,45.9,398,0,128,0,270,,,,,,,,
호소,대청호,회남,2019-11-18,16.7,7.7,8.2,2.8,3.6,7.8,928,460,0,0,468,,,,,,,,
호소,대청호,추동,2019-11-18,16.5,7.8,9,2.5,2.8,10.6,3528,1520,32,0,1976,,,,,,,,
호소,대청호,문의,2019-11-18,16.8,7.8,8.9,2.8,2.6,13.4,134,0,0,0,134,,,,,,,,
호소,대청호,추동,2019-11-25,15.4,7.8,9,3.6,4.6,9.1,3504,440,0,0,3064,,,,,,,,
호소,대청호,문의,2019-11-25,15.7,7.7,8.7,4.2,2,7.6,406,120,36,0,250,,,,,,,,
호소,대청호,회남,2019-11-25,15.3,7.6,8.3,3.1,3.6,5.7,596,260,0,0,336,,,,,,,,
호소,대청호,회남,2019-12-02,13.7,7.6,8.7,3.4,2.1,5.2,532,0,0,0,532,,,,,,,,
호소,대청호,추동,2019-12-02,14.1,7.8,9.3,3.9,2.9,9.7,3518,520,28,0,2970,,,,,,,,
호소,대청호,문의,2019-12-02,14.3,7.6,8.6,4.8,2,5.8,696,0,58,0,638,,,,,,,,
호소,대청호,추동,2019-12-09,12.3,7.7,9.5,4.5,2.7,6.8,1706,0,58,0,1648,,,,,,,,
호소,대청호,문의,2019-12-09,12.6,7.6,8.6,4.7,2.9,6.1,656,0,0,0,656,,,,,,,,
호소,대청호,회남,2019-12-09,12.7,7.7,8.9,4.3,3.5,4.1,342,180,0,0,162,,,,,,,,
호소,대청호,회남,2019-12-16,11.5,7.6,9.1,4.7,2.3,3.5,310,80,0,0,230,,,,,,,,
호소,대청호,문의,2019-12-16,11.8,7.5,8.7,3.6,2.4,5,524,0,0,0,524,,,,,,,,
호소,대청호,추동,2019-12-16,11.5,7.7,9.5,4,1.9,4.3,486,0,0,0,486,,,,,,,,
호소,대청호,회남,2019-12-23,10.4,7.6,9.5,3.8,2,3.1,598,220,0,56,322,,,,,,,,
호소,대청호,추동,2019-12-23,10.5,7.6,9.7,3.8,1.9,4.9,488,160,0,0,328,,,,,,,,
호소,대청호,문의,2019-12-23,10.8,7.6,8.9,3.1,2.3,4.9,832,0,0,0,832,,,,,,,,
호소,대청호,문의,2019-12-30,9.9,7.6,9.2,3.2,2.8,7,782,0,0,0,782,,,,,,,,
호소,대청호,회남,2019-12-30,9.8,7.6,9.7,4.5,2.1,3.9,160,0,0,0,160,,,,,,,,
호소,대청호,추동,2019-12-30,9.6,7.7,9.9,3.2,2.6,6,376,0,0,0,376,,,,,,,,
호소,대청호,회남,2020-01-06,8.9,7.7,9.9,5,2.2,3.7,88,0,0,0,88,,,,,,,,
호소,대청호,추동,2020-01-06,8.6,7.7,10.1,3.5,2.3,5.7,592,0,0,0,592,,,,,,,,
호소,대청호,문의,2020-01-06,8.9,7.6,9,3.5,2.1,5.4,406,0,0,0,406,,,,,,,,
호소,대청호,회남,2020-01-13,8.1,7.7,10.3,4.2,2.9,3.4,338,0,0,0,338,,,,,,,,
호소,대청호,추동,2020-01-13,8,7.7,10.9,3.5,2.4,5.4,612,0,0,0,612,,,,,,,,
호소,대청호,문의,2020-01-13,8.4,7.5,9.5,3.5,2.4,5.1,770,0,0,0,770,,,,,,,,
호소,대청호,추동,2020-01-20,7.4,7.4,10.7,3.2,2.3,5.6,516,0,0,0,516,,,,,,,,
호소,대청호,문의,2020-01-20,7.7,7.2,9,3.1,2.2,3.7,508,0,0,0,508,,,,,,,,
호소,대청호,회남,2020-01-20,7.1,7.4,10.5,4.2,3,3.6,122,0,0,0,122,,,,,,,,
호소,대청호,문의,2020-01-28,7.7,7.4,9.4,4.2,2,2.6,334,0,0,0,334,,,,,,,,
호소,대청호,추동,2020-01-28,7.5,7.5,11.1,3.5,2.7,4.5,426,0,0,0,426,,,,,,,,
호소,대청호,회남,2020-01-28,7,7.5,11,3.6,2.3,3.4,244,0,0,0,244,,,,,,,,
호소,대청호,문의,2020-02-03,7.4,7.2,9.6,3.2,2.4,4,332,0,0,0,332,,,,,,,,
호소,대청호,회남,2020-02-03,6.8,7.4,10.9,5,3.6,3.1,258,0,0,0,258,,,,,,,,
호소,대청호,추동,2020-02-03,7.3,7.4,10.8,4.5,3,3.8,188,0,0,0,188,,,,,,,,
호소,대청호,문의,2020-02-10,6.8,7.3,10.5,4.1,1.9,4.1,48,0,32,0,16,,,,,,,,
호소,대청호,회남,2020-02-10,6.6,7.4,11,4.5,2.7,2.7,224,0,0,0,224,,,,,,,,
호소,대청호,추동,2020-02-10,6.8,7.5,11.3,4.2,1.9,3.2,214,0,0,0,214,,,,,,,,
호소,대청호,회남,2020-02-17,6.6,7.5,11.3,3.8,11.8,7.1,92,0,0,0,92,,,,,,,,
호소,대청호,추동,2020-02-17,6.5,7.5,11.3,4.1,5.9,2.9,14,0,0,0,14,,,,,,,,
호소,대청호,문의,2020-02-17,6.9,7.5,10.8,3.9,3.6,4.6,68,0,0,0,68,,,,,,,,
호소,대청호,추동,2020-02-24,6.9,7.6,11.6,3.8,3.1,3.2,0,0,0,0,0,,,,,,,,
호소,대청호,문의,2020-02-24,7.1,7.6,11.2,3.8,2.5,4,0,0,0,0,0,,,,,,,,
호소,대청호,회남,2020-02-24,6.8,7.6,11.4,4.8,4.6,2.9,32,0,0,0,32,,,,,,,,
호소,대청호,추동,2020-03-02,7.1,7.6,11.3,3,2.6,4.2,0,0,0,0,0,,,,,,,,
호소,대청호,회남,2020-03-02,6.7,7.5,11.5,4.2,2.5,3.1,0,0,0,0,0,,,,,,,,
호소,대청호,문의,2020-03-02,7.6,7.5,11.4,4.3,2.1,3.8,0,0,0,0,0,,,,,,,,
호소,대청호,문의,2020-03-09,7.5,7.4,10.6,4.3,1.7,3.1,0,0,0,0,0,,,,,,,,
호소,대청호,회남,2020-03-09,7.3,7.6,11.8,3.9,2.4,3.2,0,0,0,0,0,,,,,,,,
호소,대청호,추동,2020-03-09,7.7,7.6,11.7,2.5,2.3,4,0,0,0,0,0,,,,,,,,
호소,대청호,문의,2020-03-16,7.4,7.5,10.9,4.1,2.4,2.9,0,0,0,0,0,,,,,,,,
호소,대청호,회남,2020-03-16,7.5,7.6,11.9,4.2,2.6,4.1,0,0,0,0,0,,,,,,,,
호소,대청호,추동,2020-03-16,7.9,7.6,11.9,2.9,4.4,3.8,0,0,0,0,0,,,,,,,,
호소,대청호,추동,2020-03-23,8.1,7.6,11.7,2.9,2.9,4.1,0,0,0,0,0,,,,,,,,
호소,대청호,회남,2020-03-23,8.1,7.6,11.7,3.3,2.7,3.5,0,0,0,0,0,,,,,,,,
호소,대청호,문의,2020-03-23,8.1,7.6,11.3,3.2,2.4,3.1,0,0,0,0,0,,,,,,,,
호소,대청호,추동,2020-03-30,9.2,7.7,10.8,3,2.8,3.5,0,0,0,0,0,,,,,,,,
호소,대청호,문의,2020-03-30,9.4,7.7,10.8,3.7,2.5,3.5,0,0,0,0,0,,,,,,,,
호소,대청호,회남,2020-03-30,9,7.6,10.8,3.2,2.9,3.2,0,0,0,0,0,,,,,,,,
호소,대청호,문의,2020-04-06,9.3,7.8,10.7,3,1.7,3.5,0,0,0,0,0,,,,,,,,
호소,대청호,추동,2020-04-06,9.7,7.9,10.7,3.4,2.2,3.3,0,0,0,0,0,,,,,,,,
호소,대청호,회남,2020-04-06,9.1,7.8,10.4,3.2,2.2,2.7,0,0,0,0,0,,,,,,,,
호소,대청호,문의,2020-04-13,9.5,7.8,10.8,2.4,2.9,3.7,0,0,0,0,0,,,,,,,,
호소,대청호,추동,2020-04-13,10.6,7.8,10.4,3.1,3,2.8,0,0,0,0,0,,,,,,,,
호소,대청호,회남,2020-04-13,9.2,7.7,10.3,2.8,3.1,2.3,0,0,0,0,0,,,,,,,,
호소,대청호,문의,2020-04-20,10.6,7.9,10.6,3.3,2.7,3.5,0,0,0,0,0,,,,,,,,
호소,대청호,추동,2020-04-20,10.6,7.7,9.8,3.2,3.2,3.3,0,0,0,0,0,,,,,,,,
호소,대청호,회남,2020-04-20,9.4,7.5,9.3,4.2,2.7,2.9,0,0,0,0,0,,,,,,,,
호소,대청호,추동,2020-04-27,10.6,7.7,10.4,2.1,3.4,2.9,0,0,0,0,0,,,,,,,,
호소,대청호,문의,2020-04-27,10.8,7.8,10.8,2.2,3.4,2.9,0,0,0,0,0,,,,,,,,
호소,대청호,회남,2020-04-27,9.9,7.6,9.5,4,2.9,1.8,0,0,0,0,0,,,,,,,,
호소,대청호,추동,2020-05-04,13.2,8,10.3,2.6,3.8,2.8,0,0,0,0,0,,,,,,,,
호소,대청호,회남,2020-05-04,12.1,7.7,9.7,5.1,5.2,1.4,0,0,0,0,0,,,,,,,,
호소,대청호,문의,2020-05-04,14,7.9,10.7,3.1,3.5,2.7,0,0,0,0,0,,,,,,,,
호소,대청호,추동,2020-05-11,13.3,7.9,10.1,3.1,3.9,2.6,0,0,0,0,0,,,,,,,,
호소,대청호,회남,2020-05-11,11.6,7.5,8.6,5.2,3,1.5,0,0,0,0,0,,,,,,,,
호소,대청호,문의,2020-05-11,14.5,7.9,10.2,3.5,4.4,3.8,0,0,0,0,0,,,,,,,,
호소,대청호,추동,2020-05-18,14.2,7.9,9.5,4,3.4,3,0,0,0,0,0,,,,,,,,
호소,대청호,문의,2020-05-18,15.4,8,10.3,4.2,3.1,4.7,0,0,0,0,0,,,,,,,,
호소,대청호,회남,2020-05-18,12.7,7.8,8.5,4.3,4.7,2,0,0,0,0,0,,,,,,,,
호소,대청호,문의,2020-05-25,16,8.2,10.4,4.9,3.4,10.1,0,0,0,0,0,,,,,,,,
호소,대청호,추동,2020-05-25,13.9,8.1,9.6,3.7,3.2,7.1,0,0,0,0,0,,,,,,,,
호소,대청호,회남,2020-05-25,12.5,7.9,8.1,4.4,3.7,3.1,0,0,0,0,0,,,,,,,,
호소,대청호,문의,2020-06-01,17.4,8.1,10,5.5,3.2,4.5,0,0,0,0,0,,,,,,,,
호소,대청호,추동,2020-06-01,15.3,8,9.1,4.8,3,5.7,0,0,0,0,0,,,,,,,,
호소,대청호,회남,2020-06-01,14.2,8,8.2,3.6,4.3,8.1,70,0,70,0,0,,,,,,,,
호소,대청호,추동,2020-06-08,17.1,8.2,9.1,2.9,2.7,4.5,0,0,0,0,0,,,,,,,,
호소,대청호,회남,2020-06-08,15.9,8.2,7.6,2.7,5,3,366,0,366,0,0,,,,,,,,
호소,대청호,문의,2020-06-08,19.4,8.3,10,7.2,1.9,1.8,0,0,0,0,0,,,,,,,,
호소,대청호,회남,2020-06-15,15.9,8.2,6,2.4,7.6,3,348,280,0,68,0,,,,,,,,
호소,대청호,문의,2020-06-15,20,8.2,9.7,6.4,2.1,2.2,0,0,0,0,0,,,,,,,,
호소,대청호,추동,2020-06-15,17.6,8.3,9.2,1.5,4.1,6.8,0,0,0,0,0,,,,,,,,
호소,대청호,회남,2020-06-22,16.9,8.1,6.5,1.9,3.8,2.3,206,160,46,0,0,,,,,,,,
호소,대청호,문의,2020-06-22,22.4,8.7,10,5.5,2.2,5.3,0,0,0,0,0,,,,,,,,
호소,대청호,추동,2020-06-22,19.9,8.3,8.4,3.6,2.8,4.7,180,180,0,0,0,,,,,,,,
호소,대청호,추동,2020-06-29,20.1,8.2,7.6,2.8,2.9,5,344,280,64,0,0,,,,,,,,
호소,대청호,회남,2020-06-29,16,8.4,6.9,1.3,4.6,10.7,460,460,0,0,0,,,,,,,,
호소,대청호,문의,2020-06-29,22,8.5,9.6,4.6,2.4,6,0,0,0,0,0,,,,,,,,
호소,대청호,회남,2020-07-06,16.7,7.7,3.5,1.6,4.9,7,72,36,0,0,36,,,,,,,,
호소,대청호,추동,2020-07-06,21,8.4,7.9,2.6,5,8.5,236,160,76,0,0,,,,,,,,
호소,대청호,문의,2020-07-06,23.5,8.3,9.4,3.9,2.7,6.6,198,0,72,0,126,,,,,,,,
호소,대청호,회남,2020-07-13,18.7,7.4,2.6,2.1,4.7,6.5,438,80,0,0,358,,,,,,,,
호소,대청호,추동,2020-07-13,23.3,8.1,6.2,1.4,4.6,7.7,170,0,118,0,52,,,,,,,,
호소,대청호,문의,2020-07-13,24.7,8.4,8.5,3.3,2.7,9.7,420,420,0,0,0,,,,,,,,
호소,대청호,문의,2020-07-20,24.3,8.5,7,3.1,4.1,9.8,814,120,282,0,412,,,,,,,,
호소,대청호,회남,2020-07-20,18.4,7.5,6.4,1.3,14,10.1,976,380,92,0,504,,,,,,,,
호소,대청호,추동,2020-07-20,22.7,7.8,6.1,1.7,13.5,7.5,214,0,64,0,150,,,,,,,,
호소,대청호,회남,2020-07-27,20.3,8.1,8.1,1.4,17.9,17.4,3134,2720,240,0,174,,,,,,,,
호소,대청호,문의,2020-07-27,23.6,8.1,5.3,2.9,6.4,9.9,580,580,0,0,0,,,,,,,,
호소,대청호,추동,2020-07-27,22.8,8,5.9,1.6,8,7.4,674,360,170,0,144,,,,,,,,
호소,대청호,회남,2020-08-04,22.6,8,8.9,1.1,106,21.5,8934,8100,786,0,48,,,,,,,,
호소,대청호,문의,2020-08-04,22.7,8.3,6.8,1.5,14.1,12.9,2392,1940,416,0,36,,,,,,,,
호소,대청호,추동,2020-08-04,21.8,8,6.3,0.5,38.7,11.5,0,0,0,0,0,,,,,,,,
호소,대청호,추동,2020-08-11,21.2,8.3,6.6,0.3,82.7,9.6,148,140,8,0,0,,,,,,,,
호소,대청호,회남,2020-08-12,21.4,8.4,8.9,0.2,104,2.3,0,0,0,0,0,,,,,,,,
호소,대청호,문의,2020-08-12,24.1,8.8,8.2,0.4,46.6,13.5,5068,3680,1166,56,166,,,,,,,,
호소,대청호,문의,2020-08-18,23.7,9.2,9.3,0.4,28.3,37.7,9870,5400,4298,136,36,,,,,,,,
호소,대청호,추동,2020-08-18,22,9.4,8.3,0.6,29.8,7.1,190,120,18,0,52,,,,,,,,
호소,대청호,회남,2020-08-18,23.3,9,8.8,0.6,28.6,20.8,4004,3040,964,0,0,,,,,,,,
호소,대청호,추동,2020-08-24,23.4,8.9,8.3,1,17.6,13.6,2376,2000,376,0,0,,,,,,,,
호소,대청호,문의,2020-08-24,24.1,9,8.9,1.2,14.3,15.9,8706,5660,2694,352,0,,,,,,,,
호소,대청호,회남,2020-08-24,23.2,8.6,10.1,1.6,24.5,13.5,1510,1280,230,0,0,,,,,,,,
호소,대청호,추동,2020-08-31,23.3,8.3,6.1,1,15.8,10.3,3692,3520,108,64,0,,,,,,,,
호소,대청호,회남,2020-08-31,23.2,8.1,6.7,1.7,28.1,9.3,5238,5080,158,0,0,,,,,,,,
호소,대청호,문의,2020-08-31,24.4,8.4,5.7,0.6,22.9,22.5,15276,14780,0,496,0,,,,,,,,
호소,대청호,회남,2020-09-08,23.1,6.9,6.8,0.5,43.6,9.3,2534,2500,34,0,0,,,,,,,,
호소,대청호,추동,2020-09-08,23.4,7.1,5.9,0.7,23.7,6,3980,3920,36,24,0,,,,,,,,
호소,대청호,문의,2020-09-08,23.6,6.9,6.6,0.5,17.9,9.7,7796,7720,0,76,0,,,,,,,,
호소,대청호,추동,2020-09-14,23.5,8.1,6.7,0.8,20.2,14.9,3710,3520,190,0,0,,,,,,,,
호소,대청호,문의,2020-09-14,23.6,8.2,6.8,0.8,20.6,14.5,9038,8480,242,316,0,,,,,,,,
호소,대청호,회남,2020-09-14,22.5,8,8.5,0.8,26.4,16.7,7402,7080,322,0,0,,,,,,,,
호소,대청호,추동,2020-09-21,22.9,8.3,7.8,0.9,16.8,16.8,8064,7520,544,0,0,,,,,,,,
호소,대청호,문의,2020-09-21,23,8.9,8,0.8,30.4,31.1,21174,19600,758,648,168,,,,,,,,
호소,대청호,회남,2020-09-21,22.4,8.3,7.9,1,15.9,13.8,4998,4660,338,0,0,,,,,,,,
호소,대청호,회남,2020-09-28,22.2,8.6,7,1.1,14.5,10.8,3876,3760,116,0,0,,,,,,,,
호소,대청호,문의,2020-09-28,22.4,9,8.5,1,16.1,22,17258,16480,234,544,0,,,,,,,,
호소,대청호,추동,2020-09-28,22.3,8.9,8.1,0.9,15,21.8,9138,8140,762,236,0,,,,,,,,
호소,대청호,문의,2020-10-05,22.1,8.7,7.6,0.9,16.5,11.5,22976,22700,0,276,0,정량한계미만,정량한계미만,0.4,,,,,
호소,대청호,회남,2020-10-05,21.8,8.3,5.9,1.6,10.6,6.8,3866,3600,122,144,0,,,,,,,,
호소,대청호,추동,2020-10-05,22.1,8.1,8.3,1.1,11,17.9,5550,5260,138,152,0,,,,,,,,
호소,대청호,문의,2020-10-07,21.9,9,9.7,0.8,22.8,14.7,31780,31680,0,100,0,정량한계미만,정량한계미만,0.6,,,,,
호소,대청호,문의,2020-10-12,21.3,8.3,7.5,1.3,16.7,10,6604,6540,0,64,0,정량한계미만,정량한계미만,0.2,,,,,
호소,대청호,회남,2020-10-12,21.3,8.1,5.8,1.5,10.3,8.3,2828,2666,138,24,0,,,,,,,,
호소,대청호,추동,2020-10-12,21.4,8.3,8.6,1.2,10.6,13.1,4798,3960,662,176,0,,,,,,,,
호소,대청호,문의,2020-10-15,20.7,8,7.3,1.2,10.5,8.1,3966,3880,50,36,0,정량한계미만,정량한계미만,0.2,,,,,
호소,대청호,문의,2020-10-19,20.2,7.8,6.8,1.3,7.4,6.3,2884,2860,0,24,0,,,,,,,,
호소,대청호,회남,2020-10-19,20.5,7.9,7.4,1.8,6.3,5.4,212,120,0,92,0,,,,,,,,
호소,대청호,추동,2020-10-19,20.3,7.8,7.9,1.6,7.3,8.9,2454,2340,114,0,0,,,,,,,,
호소,대청호,추동,2020-10-26,19,7.8,8.3,1.9,6.1,11.8,934,882,52,0,0,,,,,,,,
호소,대청호,문의,2020-10-26,19.4,7.8,7,1.8,4.4,5,680,680,0,0,0,,,,,,,,
호소,대청호,회남,2020-10-26,19.5,7.7,7,1.4,5.5,4.6,0,0,0,0,0,,,,,,,,
호소,대청호,추동,2020-11-02,18.3,7.7,8.3,1.6,5.7,13.3,898,540,342,16,0,,,,,,,,
호소,대청호,문의,2020-11-02,18.6,7.7,6.9,2.2,4.4,8,272,272,0,0,0,,,,,,,,
호소,대청호,회남,2020-11-02,18.4,7.5,6.9,1.8,5.3,4,0,0,0,0,0,,,,,,,,
호소,대청호,추동,2020-11-09,16.8,8.1,8.5,1.8,5.5,11.3,588,440,148,0,0,,,,,,,,
호소,대청호,회남,2020-11-09,16.9,8,7.5,2.1,10.3,7.1,0,0,0,0,0,,,,,,,,
호소,대청호,문의,2020-11-09,17.1,8.2,7.2,2.2,4.6,10.3,80,80,0,0,0,,,,,,,,
호소,대청호,회남,2020-11-16,16.3,8.1,7.9,2.2,4.2,5.1,160,160,0,0,0,,,,,,,,
호소,대청호,추동,2020-11-16,16.4,8.2,8.4,1.9,4,9.2,722,620,102,0,0,,,,,,,,
호소,대청호,문의,2020-11-16,16.5,7.7,7.1,1.9,3.9,9.9,56,56,0,0,0,,,,,,,,
호소,대청호,회남,2020-11-23,15.5,7.9,8.1,2.4,7.5,3.3,0,0,0,0,0,,,,,,,,
호소,대청호,문의,2020-11-23,15.5,8,7.6,1.9,4.7,7.7,0,0,0,0,0,,,,,,,,
호소,대청호,추동,2020-11-23,15.1,7.8,8.6,1.8,6.3,6.5,734,680,54,0,0,,,,,,,,
호소,대청호,회남,2020-11-30,14,8,8.4,2.2,5.8,4.5,0,0,0,0,0,,,,,,,,
호소,대청호,문의,2020-11-30,13.9,8.3,8,2.3,4,6,0,0,0,0,0,,,,,,,,
호소,대청호,추동,2020-11-30,13.5,8.2,9.1,2.4,4.8,8,0,0,0,0,0,,,,,,,,
호소,대청호,회남,2020-12-07,12.5,7.6,8.7,1.9,5.3,4.7,0,0,0,0,0,,,,,,,,
호소,대청호,문의,2020-12-07,12.9,7.6,8.1,2.6,3.4,4.4,0,0,0,0,0,,,,,,,,
호소,대청호,추동,2020-12-07,12.2,7.7,9.3,2.7,3.5,7.2,0,0,0,0,0,,,,,,,,
호소,대청호,회남,2020-12-14,11,7.8,9.1,2.5,5.2,4,0,0,0,0,0,,,,,,,,
호소,대청호,추동,2020-12-14,11,7.9,9.6,2.6,3.3,6.5,0,0,0,0,0,,,,,,,,
호소,대청호,문의,2020-12-14,11.4,8,8.9,2.6,3,5.5,0,0,0,0,0,,,,,,,,
호소,대청호,추동,2020-12-21,9,8.4,10.4,2.9,2.5,5.4,0,0,0,0,0,,,,,,,,
호소,대청호,회남,2020-12-21,9.6,8.4,9.8,3.1,4,3,0,0,0,0,0,,,,,,,,
호소,대청호,문의,2020-12-21,9.9,8.5,9.4,3.4,2.8,3.5,0,0,0,0,0,,,,,,,,
호소,대청호,추동,2020-12-28,8.9,9,10.9,3.6,2.5,4.1,0,0,0,0,0,,,,,,,,
호소,대청호,문의,2020-12-28,9.4,9.7,10.5,3.4,2.1,4.7,0,0,0,0,0,,,,,,,,
호소,대청호,회남,2020-12-28,8.9,8.7,10.5,3.8,3.3,2,0,0,0,0,0,,,,,,,,
호소,대청호,추동,2021-01-04,,,,,,,,,,,,,,,,,,,
호소,대청호,회남,2021-01-04,,,,,,,,,,,,,,,,,,,
호소,대청호,문의,2021-01-04,,,,,,,,,,,,,,,,,,,
호소,대청호,문의,2021-01-11,,,,,,,,,,,,,,,,,,,
호소,대청호,추동,2021-01-11,,,,,,,,,,,,,,,,,,,
호소,대청호,회남,2021-01-11,,,,,,,,,,,,,,,,,,,
호소,대청호,추동,2021-01-18,5,8.7,11.9,3.6,2.4,4.1,0,0,0,0,0,,,,,,,,
호소,대청호,회남,2021-01-18,5.7,8.8,11.5,4,2.2,3.3,0,0,0,0,0,,,,,,,,
호소,대청호,문의,2021-01-18,5.9,9,11.5,3.9,2,5.5,0,0,0,0,0,,,,,,,,
호소,대청호,추동,2021-01-25,5.3,8.3,12.1,3.4,2.7,4.1,0,0,0,0,0,,,,,,,,
호소,대청호,문의,2021-01-25,6.1,8,11.6,3.3,1.9,4.6,0,0,0,0,0,,,,,,,,
호소,대청호,회남,2021-01-25,5.5,8.6,11.5,4,2.9,3,0,0,0,0,0,,,,,,,,
호소,대청호,추동,2021-02-01,5.1,7.7,12.1,3.2,2.7,4.7,0,0,0,0,0,,,,,,,,
호소,대청호,문의,2021-02-01,5.6,7.8,11.6,3.7,2.6,5.1,0,0,0,0,0,,,,,,,,
호소,대청호,회남,2021-02-01,5.1,7.6,11.7,4,2.9,3.6,0,0,0,0,0,,,,,,,,
호소,대청호,추동,2021-02-08,4.8,7.8,13.6,3.5,2.4,4.7,0,0,0,0,0,,,,,,,,
호소,대청호,문의,2021-02-08,5.3,7.7,13.2,3.6,2.3,5.8,0,0,0,0,0,,,,,,,,
호소,대청호,회남,2021-02-08,4.8,7.9,13.1,3.5,2.5,6.6,0,0,0,0,0,,,,,,,,
호소,대청호,회남,2021-02-15,4.9,8,12.7,3.2,1.6,9.6,0,0,0,0,0,,,,,,,,
호소,대청호,문의,2021-02-15,5.6,7.8,12.6,3.1,1.4,5.4,0,0,0,0,0,,,,,,,,
호소,대청호,추동,2021-02-15,5.4,7.9,12.9,3.2,1.7,9.7,0,0,0,0,0,,,,,,,,
호소,대청호,문의,2021-02-22,5.8,7.8,12.9,2.8,2,9,0,0,0,0,0,,,,,,,,
호소,대청호,추동,2021-02-22,5.2,7.9,13.1,2.6,2.8,10.7,0,0,0,0,0,,,,,,,,
호소,대청호,회남,2021-02-22,5.1,8.1,13.3,3,2.1,13.3,0,0,0,0,0,,,,,,,,
호소,대청호,추동,2021-03-02,5.9,7.9,13,2.9,2.7,7.1,0,0,0,0,0,,,,,,,,
호소,대청호,문의,2021-03-02,5.8,7.8,12,3.5,1.8,5,0,0,0,0,0,,,,,,,,
호소,대청호,회남,2021-03-02,5,8,12.8,2.8,2.6,10.4,0,0,0,0,0,,,,,,,,
호소,대청호,추동,2021-03-08,6.7,8,12.5,2.5,2.2,4.3,0,0,0,0,0,,,,,,,,
호소,대청호,회남,2021-03-08,5.6,8,12.9,3.2,1.9,5.6,0,0,0,0,0,,,,,,,,
호소,대청호,문의,2021-03-08,6.6,7.9,12.3,3.6,1.8,3.9,0,0,0,0,0,,,,,,,,
호소,대청호,문의,2021-03-15,6.9,7.8,12.1,2.5,1.6,3.2,0,0,0,0,0,,,,,,,,
호소,대청호,회남,2021-03-15,6.9,7.9,12.6,3.6,2.3,3.9,0,0,0,0,0,,,,,,,,
호소,대청호,추동,2021-03-15,7.3,8,12.6,2.9,2.7,4.4,0,0,0,0,0,,,,,,,,
호소,대청호,문의,2021-03-22,8.7,8,12.2,2.7,2.2,4.1,0,0,0,0,0,,,,,,,,
호소,대청호,회남,2021-03-22,6.9,7.8,12.3,3.3,1.8,3.2,0,0,0,0,0,,,,,,,,
호소,대청호,추동,2021-03-22,7.4,7.9,12,2,2.3,3.8,0,0,0,0,0,,,,,,,,
호소,대청호,추동,2021-03-29,7.5,7.8,11.4,2.3,2.6,3,0,0,0,0,0,,,,,,,,
호소,대청호,문의,2021-03-29,10.2,8,12.1,2.7,2.2,5.4,0,0,0,0,0,,,,,,,,
호소,대청호,회남,2021-03-29,8.3,7.8,11.7,3.2,2.1,2.8,0,0,0,0,0,,,,,,,,
호소,대청호,문의,2021-04-05,9.9,7.9,12,3.4,1.8,2.9,0,0,0,0,0,,,,,,,,
호소,대청호,회남,2021-04-05,8.8,7.7,11.6,2.9,2.3,2.5,0,0,0,0,0,,,,,,,,
호소,대청호,추동,2021-04-05,10,7.8,11.6,4.5,2.6,1.8,0,0,0,0,0,,,,,,,,
호소,대청호,회남,2021-04-12,9.1,7.9,11.3,2,3.5,3.7,0,0,0,0,0,,,,,,,,
호소,대청호,추동,2021-04-12,10.9,7.9,10.9,3.3,3.1,1.7,0,0,0,0,0,,,,,,,,
호소,대청호,문의,2021-04-12,12.6,8,11.8,2.5,2.4,2.1,0,0,0,0,0,,,,,,,,
호소,대청호,추동,2021-04-19,10.8,7.8,10.6,3,3.5,1.9,0,0,0,0,0,,,,,,,,
호소,대청호,문의,2021-04-19,11.1,7.7,11,3.3,2.5,1.8,0,0,0,0,0,,,,,,,,
호소,대청호,회남,2021-04-19,9.4,7.6,10.5,2.6,2.3,1.9,0,0,0,0,0,,,,,,,,
호소,대청호,추동,2021-04-26,12.7,7.9,10,4.1,3,3.1,0,0,0,0,0,,,,,,,,
호소,대청호,회남,2021-04-26,10.6,7.8,10.3,2.3,2.6,3.1,0,0,0,0,0,,,,,,,,
호소,대청호,문의,2021-04-26,14.5,7.9,10.6,4.5,1.9,1.9,0,0,0,0,0,,,,,,,,
호소,대청호,회남,2021-05-03,10.5,7.8,9.4,3.6,2.3,2,0,0,0,0,0,,,,,,,,
호소,대청호,문의,2021-05-03,13.7,8.1,10.4,4,2,3.6,0,0,0,0,0,,,,,,,,
호소,대청호,추동,2021-05-03,13,8.1,10.1,3.7,2.8,8,0,0,0,0,0,,,,,,,,
호소,대청호,문의,2021-05-10,13.9,8.2,10.5,1.8,3,11.7,0,0,0,0,0,,,,,,,,
호소,대청호,추동,2021-05-10,13.7,8.3,10.2,2,3.5,11,0,0,0,0,0,,,,,,,,
호소,대청호,회남,2021-05-10,10.9,7.9,9,2.9,2.3,4.9,0,0,0,0,0,,,,,,,,
호소,대청호,추동,2021-05-17,14.7,8.2,9.6,2,4.3,8.8,0,0,0,0,0,,,,,,,,
호소,대청호,회남,2021-05-17,12.4,7.9,8.3,2.5,4.1,4.7,0,0,0,0,0,,,,,,,,
호소,대청호,문의,2021-05-17,16.3,8.3,9.8,3,2.4,8.1,0,0,0,0,0,,,,,,,,
호소,대청호,문의,2021-05-24,17.3,8.4,10.3,4.3,3,5.8,0,0,0,0,0,,,,,,,,
호소,대청호,추동,2021-05-24,15.6,8.2,9.2,3.9,3.6,5.3,284,220,0,0,64,,,,,,,,
호소,대청호,회남,2021-05-24,12.8,8,8.2,2.7,3.4,4.3,0,0,0,0,0,,,,,,,,
호소,대청호,추동,2021-05-31,15.7,8.2,8.8,3.3,1.9,3.1,76,0,0,0,76,,,,,,,,
호소,대청호,회남,2021-05-31,13.1,8.2,7.3,2.3,2,3.4,0,0,0,0,0,,,,,,,,
호소,대청호,문의,2021-05-31,17.9,8.6,10,3.5,1.9,9,0,0,0,0,0,,,,,,,,
호소,대청호,문의,2021-06-07,19,8.8,9.8,2.8,1.7,5.5,144,28,0,0,116,,,,,,,,
호소,대청호,회남,2021-06-07,14.5,8.5,6.8,2,2.2,5.3,648,648,0,0,0,,,,,,,,
호소,대청호,추동,2021-06-07,18.3,8.6,9,2.4,1.9,5,0,0,0,0,0,,,,,,,,
호소,대청호,추동,2021-06-14,19.2,8.6,8.5,2.6,1.9,6.9,0,0,0,0,0,,,,,,,,
호소,대청호,문의,2021-06-14,21.1,8.7,9.6,2.6,1.7,4.4,0,0,0,0,0,,,,,,,,
호소,대청호,회남,2021-06-14,16.8,8.4,6,1.9,1.8,4.2,132,0,132,0,0,,,,,,,,
호소,대청호,회남,2021-06-21,16.1,8.5,5.4,2.3,1.8,3,434,0,370,0,64,,,,,,,,
호소,대청호,추동,2021-06-21,20.7,8.5,7.7,2.6,1.6,4.7,0,0,0,0,0,,,,,,,,
호소,대청호,문의,2021-06-21,22.2,8.8,9.4,3.5,1.5,4.8,214,0,214,0,0,,,,,,,,
호소,대청호,추동,2021-06-28,21.7,8.6,7,2,2.3,5.3,48,0,48,0,0,,,,,,,,
호소,대청호,회남,2021-06-28,16.9,8.8,5.3,1.4,2.4,4.9,578,220,358,0,0,,,,,,,,
호소,대청호,문의,2021-06-28,23.1,8.5,9.3,2.3,2.5,6.8,28,0,28,0,0,,,,,,,,
호소,대청호,추동,2021-07-05,22.3,8.5,6.6,1.8,2.3,7.6,0,0,0,0,0,,,,,,,,
호소,대청호,회남,2021-07-05,17.1,8.4,3.9,2.1,2.9,3.8,640,0,432,0,208,,,,,,,,
호소,대청호,문의,2021-07-05,23.7,8.8,8.5,2.2,3.6,7.4,0,0,0,0,0,,,,,,,,
호소,대청호,추동,2021-07-12,24.1,8.4,5.3,1.9,3.8,7.6,212,0,212,0,0,,,,,,,,
호소,대청호,문의,2021-07-12,24.9,8.7,7.9,2,1.9,9.4,52,0,52,0,0,,,,,,,,
호소,대청호,회남,2021-07-12,20.8,8.4,6.7,2.2,27.2,7.2,820,620,68,0,132,,,,,,,,
호소,대청호,회남,2021-07-19,20.8,8.8,5.6,2,13.7,4.2,196,0,196,0,0,,,,,,,,
호소,대청호,추동,2021-07-19,24.5,9.1,6.7,1,6.4,37.9,452,220,232,0,0,,,,,,,,
호소,대청호,문의,2021-07-19,25.8,9.2,7.8,1.8,2.4,19.5,466,0,402,0,64,,,,,,,,
호소,대청호,문의,2021-07-26,25.8,9.9,6.5,2.8,2.9,5.9,494,0,494,0,0,,,,,,,,
호소,대청호,회남,2021-07-26,21.9,9.4,6.3,1.1,10.2,6.3,0,0,0,0,0,,,,,,,,
호소,대청호,추동,2021-07-26,24.9,10,5.2,1.6,5.4,12.9,420,160,228,0,32,,,,,,,,
호소,대청호,문의,2021-08-02,26.8,10,5.9,2.5,2,8.4,3714,0,722,164,2828,,,,,,,,
호소,대청호,추동,2021-08-02,25.3,9.9,4.8,1,6.4,29,0,0,0,0,0,,,,,,,,
호소,대청호,회남,2021-08-02,20.6,9.5,6.1,1.2,9.6,6.9,120,120,0,0,0,,,,,,,,
호소,대청호,문의,2021-08-09,27.1,10.3,5.5,1.1,3.7,14.3,7866,300,5614,1584,368,,,,,,,,
호소,대청호,회남,2021-08-09,21,10.8,4.8,1.4,8.5,6.4,380,380,0,0,0,,,,,,,,
호소,대청호,추동,2021-08-09,27.5,10.9,6.6,1.2,4.5,11,760,760,0,0,0,,,,,,,,
호소,대청호,문의,2021-08-17,27.3,9.2,6.3,1.5,3.3,15.5,3040,800,536,1704,0,,,,,,,,
호소,대청호,추동,2021-08-17,26.7,8.8,5,1.4,3.2,8.5,944,900,0,44,0,,,,,,,,
호소,대청호,회남,2021-08-17,22,7.8,4.4,1.6,7.1,7.9,0,0,0,0,0,,,,,,,,
호소,대청호,회남,2021-08-23,22.5,8.1,3.3,1.5,5.9,7,756,720,0,36,0,,,,,,,,
호소,대청호,추동,2021-08-23,25.8,8.3,4.4,1.5,4.3,6.4,924,848,0,76,0,,,,,,,,
호소,대청호,문의,2021-08-23,26.4,9.1,5.6,1.5,3.3,12.4,1980,420,0,1560,0,,,,,,,,
호소,대청호,문의,2021-08-30,25.6,8.5,3.6,1.6,3.4,9.5,3568,360,0,3208,0,,,,,,,,
호소,대청호,추동,2021-08-30,25.2,8,5.4,1.5,4.3,9.9,2348,1260,0,1088,0,,,,,,,,
호소,대청호,회남,2021-08-30,22.2,7.6,5,2.4,8.6,6.2,784,460,0,324,0,,,,,,,,
호소,대청호,문의,2021-09-06,24.1,8.3,3.7,1.7,3.8,4.6,3044,0,0,3044,0,,,,,,,,
호소,대청호,추동,2021-09-06,24.2,8.1,6.3,1.9,4,11.1,934,160,42,656,76,,,,,,,,
호소,대청호,회남,2021-09-06,22.6,7.8,5.4,2.2,5.8,6.4,704,520,0,184,0,,,,,,,,
호소,대청호,문의,2021-09-13,24.5,7.9,5.1,1.6,2.7,6.8,7144,3440,0,3704,0,,,,,,,,
호소,대청호,추동,2021-09-13,24.2,7.9,7.2,1.9,3.3,11.4,2538,1860,142,24,512,,,,,,,,
호소,대청호,회남,2021-09-13,22.3,7.8,5.8,2.1,4.5,4.7,772,460,224,88,0,,,,,,,,
호소,대청호,문의,2021-09-23,23.9,8.2,5.2,1.8,2.3,12.1,1446,1220,54,172,0,,,,,,,,
호소,대청호,회남,2021-09-23,23.1,8,5.7,1.7,3.9,10.8,1940,1000,828,112,0,,,,,,,,
호소,대청호,추동,2021-09-23,23.5,8.2,7.3,1.5,4.5,23.8,3124,620,2280,48,176,,,,,,,,
호소,대청호,추동,2021-09-27,23.5,8.3,7.5,1.8,2.9,23,2768,540,1500,344,384,,,,,,,,
호소,대청호,문의,2021-09-27,23.7,7.9,5.9,2.1,2.3,8.8,2056,1160,172,172,552,,,,,,,,
호소,대청호,회남,2021-09-27,22.6,7.9,4.7,2.7,3.9,6.6,590,240,350,0,0,,,,,,,,
호소,대청호,회남,2021-10-05,21.8,8,4.7,2.3,4.4,5.1,800,280,464,56,0,,,,,,,,
호소,대청호,추동,2021-10-05,23.4,7.8,6.6,2.3,2.6,7.6,1968,860,784,180,144,,,,,,,,
호소,대청호,문의,2021-10-05,24,8,6.7,1.5,1.6,11,2914,2560,82,128,144,,,,,,,,
호소,대청호,회남,2021-10-12,22.5,7.6,4.4,2.7,3.8,6.3,328,0,264,0,64,,,,,,,,
호소,대청호,문의,2021-10-12,23.1,7.5,5,2.6,1.7,12.7,644,340,96,56,152,,,,,,,,
호소,대청호,추동,2021-10-12,23,7.5,6.1,1.2,2.3,12.9,970,380,466,52,72,,,,,,,,
호소,대청호,회남,2021-10-18,21.9,7.3,5.3,2,3.2,7.3,144,0,144,0,0,,,,,,,,
호소,대청호,문의,2021-10-18,21.7,7.4,7.1,2.2,2.9,21.6,938,420,38,56,424,,,,,,,,
호소,대청호,추동,2021-10-18,21.7,7.5,8.2,2.2,2.5,13.1,850,560,202,0,88,,,,,,,,
호소,대청호,문의,2021-10-25,20.6,7.3,7.2,3.4,2.1,15.9,360,0,76,0,284,,,,,,,,
호소,대청호,추동,2021-10-25,20.4,7.5,7.8,3.3,1.6,8.5,356,0,128,112,116,,,,,,,,
호소,대청호,회남,2021-10-25,20.5,7.3,6.2,2.9,2.4,5.3,204,0,68,0,136,,,,,,,,
호소,대청호,문의,2021-11-01,19.8,7.4,6.9,3.2,1.3,8.7,240,160,0,56,24,,,,,,,,
호소,대청호,추동,2021-11-01,19.5,7.5,7.9,2.7,2.1,12.7,468,340,128,0,0,,,,,,,,
호소,대청호,회남,2021-11-01,19.4,7.4,6.5,3,3.9,5.9,520,520,0,0,0,,,,,,,,
호소,대청호,추동,2021-11-08,18.6,7.6,8.4,4.3,2.6,15.1,44,0,0,0,44,,,,,,,,
호소,대청호,문의,2021-11-08,18.8,7.5,7.4,2.3,2.1,10.6,130,0,82,0,48,,,,,,,,
호소,대청호,회남,2021-11-08,18.3,7.4,6.9,3.1,4.2,4.3,460,460,0,0,0,,,,,,,,
호소,대청호,회남,2021-11-15,17.2,7.4,7.5,2.7,3,5.5,462,0,346,84,32,,,,,,,,
호소,대청호,추동,2021-11-15,16.7,7.6,8.7,3.3,1.6,13.5,48,0,0,0,48,,,,,,,,
호소,대청호,문의,2021-11-15,17.2,7.4,7.4,3.3,1.8,6.6,36,0,0,0,36,,,,,,,,
호소,대청호,회남,2021-11-22,15.6,7.5,8,2.7,2.3,4.4,0,0,0,0,0,,,,,,,,
호소,대청호,추동,2021-11-22,16,7.5,8.9,2.7,2.1,8.1,332,0,0,156,176,,,,,,,,
호소,대청호,문의,2021-11-22,16.4,7.4,8.2,2.5,2.2,8.6,314,0,278,0,36,,,,,,,,
호소,대청호,추동,2021-11-29,14.3,7.7,9.2,3.4,1.5,5.9,232,0,0,0,232,,,,,,,,
호소,대청호,문의,2021-11-29,14.8,7.5,8.1,2.5,1.5,8.3,300,80,0,36,184,,,,,,,,
호소,대청호,회남,2021-11-29,14.7,7.4,8.5,3,2.5,4.1,92,0,0,0,92,,,,,,,,
호소,대청호,회남,2021-12-06,13.2,7.5,8.9,3.5,2.4,2.4,108,0,0,0,108,,,,,,,,
호소,대청호,문의,2021-12-06,13.3,7.5,8.4,4.5,1.4,4.1,132,0,0,0,132,,,,,,,,
호소,대청호,추동,2021-12-06,12.8,7.5,9.4,3.5,1.9,3.4,244,0,0,0,244,,,,,,,,
호소,대청호,문의,2021-12-13,12.2,7.3,8.6,3.9,1.8,5.2,36,0,0,0,36,,,,,,,,
호소,대청호,회남,2021-12-13,11.4,7.3,9.2,3.5,2.3,3.1,144,0,0,0,144,,,,,,,,
호소,대청호,추동,2021-12-13,12,7.4,9.2,3.4,1.6,4.7,436,0,72,0,364,,,,,,,,
호소,대청호,회남,2021-12-20,10.8,7.5,9.5,3.7,4.1,3,52,0,0,0,52,,,,,,,,
호소,대청호,문의,2021-12-20,10.8,7.5,8.9,2.4,1.3,5,28,0,0,0,28,,,,,,,,
호소,대청호,추동,2021-12-20,10.5,7.5,9.8,2.6,1.6,4.3,196,0,0,0,196,,,,,,,,
호소,대청호,회남,2021-12-27,9.5,7.7,10,4.1,2.8,2.9,92,0,0,0,92,,,,,,,,
호소,대청호,문의,2021-12-27,9.2,7.6,9.4,4,1.5,5.2,84,0,0,0,84,,,,,,,,
호소,대청호,추동,2021-12-27,9,7.7,10.3,3.2,2.3,4.8,192,0,0,0,192,,,,,,,,
호소,대청호,문의,2022-01-03,8.4,7.6,9.7,3.7,1.9,4.6,0,0,0,0,0,,,,,,,,
호소,대청호,추동,2022-01-03,7.8,7.7,11.1,3.4,1.4,4.9,320,0,0,0,320,,,,,,,,
호소,대청호,회남,2022-01-03,8.4,7.6,10.6,4.1,1.7,3,36,0,0,0,36,,,,,,,,
호소,대청호,추동,2022-01-10,7.5,7.5,10.9,3.2,1.3,4.7,0,0,0,0,0,,,,,,,,
호소,대청호,회남,2022-01-10,7.5,7.4,10.5,3.1,3.2,3,168,0,0,0,168,,,,,,,,
호소,대청호,문의,2022-01-10,7.9,7.4,9.5,3.8,1.1,3.5,0,0,0,0,0,,,,,,,,
호소,대청호,추동,2022-01-17,6.2,7.3,11.3,3.6,1.5,3.9,24,0,0,0,24,,,,,,,,
호소,대청호,회남,2022-01-17,6.6,7.3,10.8,3.7,2.3,3.2,0,0,0,0,0,,,,,,,,
호소,대청호,문의,2022-01-17,7,7.3,10,3.5,1.1,3.4,0,0,0,0,0,,,,,,,,
호소,대청호,추동,2022-01-24,5.6,7.3,11.5,3.8,1.3,3.1,92,0,0,0,92,,,,,,,,
호소,대청호,문의,2022-01-24,6.5,7.2,10.1,4,1.1,3.1,0,0,0,0,0,,,,,,,,
호소,대청호,회남,2022-01-24,6.2,7.3,11.1,3.9,1.6,3.4,136,0,0,0,136,,,,,,,,
호소,대청호,문의,2022-02-03,5.8,7.6,10.9,3.7,1.5,4.1,0,0,0,0,0,,,,,,,,
호소,대청호,회남,2022-02-03,5.5,7.3,11.3,4,1.7,3,0,0,0,0,0,,,,,,,,
호소,대청호,추동,2022-02-03,5.4,7.4,11.6,5,1.3,3,36,0,0,0,36,,,,,,,,
호소,대청호,추동,2022-02-07,4.9,7.3,11.8,4.3,1.6,3.1,0,0,0,0,0,,,,,,,,
호소,대청호,회남,2022-02-07,5.1,7.3,11.5,4.3,1.1,3.4,84,0,0,0,84,,,,,,,,
호소,대청호,문의,2022-02-07,5.4,7.4,11.1,4.1,1.3,3.8,0,0,0,0,0,,,,,,,,
호소,대청호,문의,2022-02-14,5.6,7.6,11.2,4.6,1.1,3.6,0,0,0,0,0,,,,,,,,
호소,대청호,회남,2022-02-14,5.2,7.5,11.8,4.2,1.8,3.3,0,0,0,0,0,,,,,,,,
호소,대청호,추동,2022-02-14,5.3,7.5,12,4.5,1.5,3,136,0,0,0,136,,,,,,,,
호소,대청호,문의,2022-02-21,4.8,7.5,11.7,4.4,1.2,3.9,0,0,0,0,0,,,,,,,,
호소,대청호,추동,2022-02-21,4.5,7.5,12.2,3.5,2,3.3,112,0,0,0,112,,,,,,,,
호소,대청호,회남,2022-02-21,4.6,7.4,12,3.4,2.2,3.8,56,0,0,0,56,,,,,,,,
호소,대청호,회남,2022-02-28,4.9,7.5,12.4,3.9,1.4,4.2,0,0,0,0,0,,,,,,,,
호소,대청호,문의,2022-02-28,5.1,7.5,12.2,3.7,1.4,3.3,0,0,0,0,0,,,,,,,,
호소,대청호,추동,2022-02-28,5.1,7.5,12.6,3.4,2.1,2.9,0,0,0,0,0,,,,,,,,
호소,대청호,회남,2022-03-07,5.2,7.6,12.5,3.4,1.9,3.7,0,0,0,0,0,,,,,,,,
호소,대청호,추동,2022-03-07,5.5,7.6,12.7,4,1.9,2.6,0,0,0,0,0,,,,,,,,
호소,대청호,문의,2022-03-07,6.2,7.6,12.3,3.8,1.2,1.8,0,0,0,0,0,,,,,,,,
호소,대청호,회남,2022-03-14,6.1,7.7,12.5,3.4,3.5,3.2,0,0,0,0,0,,,,,,,,
호소,대청호,문의,2022-03-14,7.1,7.6,12.1,3.6,1.9,2.8,0,0,0,0,0,,,,,,,,
호소,대청호,추동,2022-03-14,6.5,7.7,12.5,3.7,2.4,2.2,0,0,0,0,0,,,,,,,,
호소,대청호,추동,2022-03-21,6.7,7.7,12.1,4,1.6,1.6,0,0,0,0,0,,,,,,,,
호소,대청호,회남,2022-03-21,6.3,7.7,12.2,4.2,1.9,2.4,32,0,0,0,32,,,,,,,,
호소,대청호,문의,2022-03-21,7.7,7.6,12.2,3.8,1.4,3.2,0,0,0,0,0,,,,,,,,
호소,대청호,문의,2022-03-28,7.8,7.7,11.9,3.8,1.1,2.6,0,0,0,0,0,,,,,,,,
호소,대청호,추동,2022-03-28,7.6,7.7,11.9,4.6,1.6,1.5,0,0,0,0,0,,,,,,,,
호소,대청호,회남,2022-03-28,7,7.8,12.2,4.9,1.6,1.9,0,0,0,0,0,,,,,,,,
호소,대청호,문의,2022-04-04,8.7,7.8,11.9,5.8,0.9,2.3,0,0,0,0,0,,,,,,,,
호소,대청호,추동,2022-04-04,8.4,7.8,11.7,5.4,1.4,2,0,0,0,0,0,,,,,,,,
호소,대청호,회남,2022-04-04,7.8,7.7,11.8,4.8,1.4,2.5,0,0,0,0,0,,,,,,,,
호소,대청호,문의,2022-04-11,9.9,7.8,11.6,5.4,1.1,2.5,0,0,0,0,0,,,,,,,,
호소,대청호,추동,2022-04-11,9.9,7.8,11.7,4.7,1.2,2.4,0,0,0,0,0,,,,,,,,
호소,대청호,회남,2022-04-11,9.6,7.7,11.3,5.5,1.4,2,0,0,0,0,0,,,,,,,,
호소,대청호,회남,2022-04-18,9.1,7.6,11.2,6.3,1.6,1.9,0,0,0,0,0,,,,,,,,
호소,대청호,문의,2022-04-18,10.7,7.8,11.6,4.5,1.9,2.2,0,0,0,0,0,,,,,,,,
호소,대청호,추동,2022-04-18,10.6,7.9,11.4,4.6,1.9,2.5,0,0,0,0,0,,,,,,,,
호소,대청호,추동,2022-04-25,11.6,8.1,11.2,5.8,1.5,2.4,0,0,0,0,0,,,,,,,,
호소,대청호,문의,2022-04-25,12.7,7.9,11.1,5,1.2,1.8,0,0,0,0,0,,,,,,,,
호소,대청호,회남,2022-04-25,10.6,7.7,10.7,7.7,1.3,1.9,0,0,0,0,0,,,,,,,,
호소,대청호,회남,2022-05-02,10.2,7.9,10.4,5,1.4,1.8,0,0,0,0,0,,,,,,,,
호소,대청호,추동,2022-05-02,11.7,8.1,10.8,4.6,1.3,2.8,0,0,0,0,0,,,,,,,,
호소,대청호,문의,2022-05-02,12,7.9,10.7,4,2.1,2.5,0,0,0,0,0,,,,,,,,
호소,대청호,회남,2022-05-09,11.1,8,10,5.8,1.2,1.8,0,0,0,0,0,,,,,,,,
호소,대청호,추동,2022-05-09,13.4,8.2,10.5,3.9,1.5,3.7,0,0,0,0,0,,,,,,,,
호소,대청호,문의,2022-05-09,12.7,8.3,10.8,3.3,1.5,3.4,0,0,0,0,0,,,,,,,,
호소,대청호,추동,2022-05-16,12.7,8.1,10.4,3.8,1.6,3,0,0,0,0,0,,,,,,,,
호소,대청호,문의,2022-05-16,15.4,8.3,11.5,4.7,1.4,4.8,0,0,0,0,0,,,,,,,,
호소,대청호,회남,2022-05-16,11.4,8.1,9.9,5.2,1.2,2.2,0,0,0,0,0,,,,,,,,
호소,대청호,문의,2022-05-23,16.3,8.5,10.6,5.1,1.4,4.3,0,0,0,0,0,,,,,,,,
호소,대청호,추동,2022-05-23,15,8,10.2,4.2,1.2,3.2,0,0,0,0,0,,,,,,,,
호소,대청호,회남,2022-05-23,12.4,8.2,9.3,6.1,1.1,2.8,0,0,0,0,0,,,,,,,,
호소,대청호,추동,2022-05-30,15.9,8.8,9.4,5,1.2,2.8,0,0,0,0,0,,,,,,,,
호소,대청호,문의,2022-05-30,17.7,9.2,10.8,4.9,1.1,4.3,0,0,0,0,0,,,,,,,,
호소,대청호,회남,2022-05-30,12.8,8.9,8.7,6.2,1.6,3,0,0,0,0,0,,,,,,,,
호소,대청호,추동,2022-06-07,17.4,8.5,9.6,3.1,1.6,6.1,0,0,0,0,0,,,,,,,,
호소,대청호,문의,2022-06-07,19.6,8.7,10.7,3.8,1.5,8.2,0,0,0,0,0,,,,,,,,
호소,대청호,회남,2022-06-07,12.8,8.1,7.9,5.4,1,2.1,0,0,0,0,0,,,,,,,,
호소,대청호,회남,2022-06-13,13.9,8.3,7.5,5.9,1.3,2.1,0,0,0,0,0,,,,,,,,
호소,대청호,추동,2022-06-13,18.6,8.4,9.1,2.7,2.1,5.3,0,0,0,0,0,,,,,,,,
호소,대청호,문의,2022-06-13,20.5,8.9,10.7,2.8,2.3,8.7,0,0,0,0,0,,,,,,,,
호소,대청호,회남,2022-06-20,15.2,8.4,5.2,5,1.8,2.5,0,0,0,0,0,,,,,,,,
호소,대청호,추동,2022-06-20,19.7,8.6,9.4,2.1,2.3,10.9,0,0,0,0,0,,,,,,,,
호소,대청호,문의,2022-06-20,22.5,8.8,9.7,2.7,1.5,5.8,0,0,0,0,0,,,,,,,,
호소,대청호,추동,2022-06-27,20.4,8.6,8.3,2.6,1.9,5.8,0,0,0,0,0,,,,,,,,
호소,대청호,문의,2022-06-27,24.5,8.7,9.2,2.5,1.7,5.4,0,0,0,0,0,,,,,,,,
호소,대청호,회남,2022-06-27,15.6,8.7,4.8,3.3,1.9,4.1,136,80,0,0,56,,,,,,,,
호소,대청호,추동,2022-07-04,24.3,8.8,7.7,2.3,2.7,5.8,48,0,0,0,48,,,,,,,,
호소,대청호,회남,2022-07-04,17.4,9.8,4.2,4.2,2.8,2.4,588,0,0,0,588,,,,,,,,
호소,대청호,문의,2022-07-04,25.9,9.7,8.5,2.8,2,6.8,0,0,0,0,0,,,,,,,,
호소,대청호,회남,2022-07-11,18,9.4,3.7,4.5,1.8,4.4,776,0,0,0,776,,,,,,,,
호소,대청호,문의,2022-07-11,25.8,9.2,8.1,2.6,1.9,8.2,94,0,94,0,0,,,,,,,,
호소,대청호,추동,2022-07-11,24.5,9.3,7.5,1.4,2.8,12.4,52,0,0,0,52,,,,,,,,
호소,대청호,문의,2022-07-18,27.2,8,7.8,2.7,2.4,6.1,0,0,0,0,0,,,,,,,,
호소,대청호,회남,2022-07-18,18.2,8.7,3.3,3.8,1.5,3.6,0,0,0,0,0,,,,,,,,
호소,대청호,추동,2022-07-18,23.6,8.1,6.8,2,2.6,9,148,0,56,0,92,,,,,,,,
호소,대청호,회남,2022-07-25,18.8,9.4,3.3,4,2.8,2.8,100,36,0,0,64,,,,,,,,
호소,대청호,추동,2022-07-25,24.4,9.2,6.5,2.4,2.5,8.5,494,112,382,0,0,,,,,,,,
호소,대청호,문의,2022-07-25,26.8,9.1,7.3,3.3,1.7,6.4,276,240,0,0,36,,,,,,,,
호소,대청호,추동,2022-08-01,25.4,9,5.5,2.5,1.9,7.4,880,880,0,0,0,,,,,,,,
호소,대청호,문의,2022-08-01,28.6,8.8,8.6,3.5,1.4,5.6,0,0,0,0,0,,,,,,,,
호소,대청호,회남,2022-08-01,19.7,9.4,3.3,3,2.4,6.2,394,0,62,332,0,,,,,,,,
호소,대청호,회남,2022-08-08,19.9,8.2,3.5,3.5,2.2,3,104,80,0,0,24,,,,,,,,
호소,대청호,문의,2022-08-08,29.9,8.7,7.9,3.8,1.5,5.1,0,0,0,0,0,,,,,,,,
호소,대청호,추동,2022-08-08,27,8,5.7,1.9,2.7,6.4,788,720,0,0,68,,,,,,,,
호소,대청호,문의,2022-08-16,27.5,8,6.1,2.1,6,6.3,72,0,0,0,72,,,,,,,,
호소,대청호,추동,2022-08-16,26.4,7.5,5.3,2.3,2.8,6.6,212,0,0,0,212,,,,,,,,
호소,대청호,회남,2022-08-16,20.4,7.6,4.5,1.7,5.7,6.4,3412,1840,132,1160,280,,,,,,,,
호소,대청호,추동,2022-08-22,26.6,7.6,4.8,2.1,4,6.4,504,120,52,0,332,,,,,,,,
호소,대청호,회남,2022-08-22,21,8,9.2,0.3,20.7,33.9,139682,139180,258,212,32,,,,,,,,
호소,대청호,문의,2022-08-22,27.2,7.7,4.2,3,2.3,4.4,682,120,38,332,192,,,,,,,,
호소,대청호,문의,2022-08-29,26.4,7.5,3.3,2.7,2.1,6.3,612,0,0,28,584,,,,,,,,
호소,대청호,회남,2022-08-29,20.1,7.6,4.7,1.8,9.6,6.3,5756,5220,0,316,220,,,,,,,,
호소,대청호,추동,2022-08-29,25.8,7.4,5.4,2.3,3.6,8.1,778,200,262,0,316,,,,,,,,
호소,대청호,문의,2022-09-05,26,7.5,5.9,2,2.9,14.3,4060,380,344,156,3180,,,,,,,,
호소,대청호,추동,2022-09-05,25.4,7.5,6.3,1.9,3,17.3,858,316,298,0,244,,,,,,,,
호소,대청호,회남,2022-09-05,20.1,7.5,4.2,1.3,9.2,11.4,9236,7920,0,1316,0,,,,,,,,
호소,대청호,추동,2022-09-13,24.7,7.8,6.6,1.5,6,16.6,3944,660,3012,0,272,,,,,,,,
호소,대청호,문의,2022-09-13,24.8,8.1,7.2,1.4,4.6,20.5,4360,1860,2268,44,188,,,,,,,,
호소,대청호,회남,2022-09-13,21,7.7,6,1.4,8.6,10.7,4256,3360,488,0,408,,,,,,,,
호소,대청호,추동,2022-09-19,24.6,7.8,5.6,1.9,3.3,15.5,4062,2340,1210,0,512,,,,,,,,
호소,대청호,문의,2022-09-19,24.3,7.4,4.4,2.9,1.9,5.6,682,460,222,0,0,,,,,,,,
호소,대청호,회남,2022-09-19,22.9,7.7,5.4,1.5,5.3,11.4,1818,1140,482,0,196,,,,,,,,
호소,대청호,회남,2022-09-26,22.3,7.7,5.2,1.8,2.9,6.7,874,460,202,0,212,,,,,,,,
호소,대청호,문의,2022-09-26,24,7.7,6.1,2.5,2.6,14.6,932,0,260,48,624,,,,,,,,
호소,대청호,추동,2022-09-26,23.8,7.5,5.7,1.9,3.6,21.8,2492,520,772,564,636,,,,,,,,
호소,대청호,문의,2022-10-04,23.8,7.9,8,2.5,3,19.5,636,180,88,332,36,,,,,,,,
호소,대청호,추동,2022-10-04,23.5,7.6,6.3,2.1,3.8,14.6,836,520,104,128,84,,,,,,,,
호소,대청호,회남,2022-10-04,21.8,7.8,5.5,2.4,3.5,12.6,586,392,98,28,68,,,,,,,,
호소,대청호,문의,2022-10-11,21.9,8,8.4,2.2,2.3,29.1,472,0,0,424,48,,,,,,,,
호소,대청호,회남,2022-10-11,18.2,7.5,5.2,2.7,3.9,12.3,538,0,58,316,164,,,,,,,,
호소,대청호,추동,2022-10-11,21.8,7.7,8,2.4,2.7,20.2,796,0,108,552,136,,,,,,,,
호소,대청호,추동,2022-10-17,21.5,8.1,9.1,2.5,2.4,21.4,782,100,38,448,196,,,,,,,,
호소,대청호,회남,2022-10-17,20.7,7.6,5.6,2.5,2.9,13.4,428,380,0,48,0,,,,,,,,
호소,대청호,문의,2022-10-17,21.7,8,8.4,2.4,1.7,19.4,468,140,0,152,176,,,,,,,,
호소,대청호,추동,2022-10-24,20,8.1,9.2,2.4,2.1,17,902,0,74,704,124,,,,,,,,
호소,대청호,회남,2022-10-24,19.9,7.6,6.4,3,2.3,6.7,244,0,0,172,72,,,,,,,,
호소,대청호,문의,2022-10-24,20.1,7.9,8.5,2.8,2,11.5,360,0,0,136,224,,,,,,,,
호소,대청호,추동,2022-10-31,19.3,7.9,9.1,3.7,2.1,10.2,890,0,130,632,128,,,,,,,,
호소,대청호,회남,2022-10-31,19.3,7.6,7,3.3,2.3,6.2,412,120,72,144,76,,,,,,,,
호소,대청호,문의,2022-10-31,19.5,7.7,8.1,3.9,1.9,7.8,868,160,0,292,416,,,,,,,,
호소,대청호,문의,2022-11-07,18.1,7.8,8.2,4.4,1.3,7.4,222,0,18,0,204,,,,,,,,
호소,대청호,추동,2022-11-07,17.9,8,9.2,3.5,1.4,8.4,516,0,0,364,152,,,,,,,,
호소,대청호,회남,2022-11-07,18,7.8,8.2,3,2.9,8.2,82,0,26,0,56,,,,,,,,
호소,대청호,추동,2022-11-14,17.4,7.8,8.5,3,2.3,7.3,248,0,0,104,144,,,,,,,,
호소,대청호,회남,2022-11-14,17.1,7.7,7.7,3.4,2.6,5.6,52,0,0,0,52,,,,,,,,
호소,대청호,문의,2022-11-14,17.6,7.7,8.1,3.7,2.2,8.3,22,0,22,0,0,,,,,,,,
호소,대청호,문의,2022-11-21,16.5,7.7,8.3,3.4,2,9.5,72,0,0,0,72,,,,,,,,
호소,대청호,회남,2022-11-21,16.2,7.7,7.8,3,3,5.3,32,0,0,0,32,,,,,,,,
호소,대청호,추동,2022-11-21,16.5,7.8,8.6,3.2,1.9,8,254,0,102,0,152,,,,,,,,
호소,대청호,문의,2022-11-28,15.3,7.7,8.5,2.7,1.8,9.5,46,0,46,0,0,,,,,,,,
호소,대청호,회남,2022-11-28,15.2,7.7,8.3,3,2.8,5.9,212,0,0,0,212,,,,,,,,
호소,대청호,추동,2022-11-28,15.3,7.8,9,3,2,10.2,84,0,0,0,84,,,,,,,,
호소,대청호,문의,2022-12-05,12.9,7.7,9.2,2.9,1.7,9.6,0,0,0,0,0,,,,,,,,
호소,대청호,회남,2022-12-05,13.4,7.7,9,2.7,1.9,7,84,0,0,0,84,,,,,,,,
호소,대청호,추동,2022-12-05,12.8,7.9,9.9,3.5,1.7,10.7,148,0,0,0,148,,,,,,,,
호소,대청호,문의,2022-12-12,12,7.7,9,3.7,1.8,8.3,148,0,0,0,148,,,,,,,,
호소,대청호,추동,2022-12-12,11.7,7.9,9.9,3.6,2.6,9.4,228,0,0,0,228,,,,,,,,
호소,대청호,회남,2022-12-12,11.7,7.7,9,2.9,2.7,4.6,0,0,0,0,0,,,,,,,,
호소,대청호,추동,2022-12-19,9.4,7.6,10.4,2.9,1.8,7.1,70,0,18,0,52,,,,,,,,
호소,대청호,문의,2022-12-19,9.9,7.4,9.5,3.8,1.7,6.4,0,0,0,0,0,,,,,,,,
호소,대청호,회남,2022-12-19,10,7.4,9.5,3.9,2.3,3.5,48,0,0,0,48,,,,,,,,
호소,대청호,문의,2022-12-26,8.1,7.4,9.8,3.5,2,3.8,0,0,0,0,0,,,,,,,,
호소,대청호,회남,2022-12-26,8.2,7.3,9.7,3.7,1.6,3.5,0,0,0,0,0,,,,,,,,
호소,대청호,추동,2022-12-26,8,7.4,10.1,4,1.8,4,0,0,0,0,0,,,,,,,,
호소,대청호,회남,2023-01-02,7.3,7.5,10.1,4.5,1.6,3.4,0,0,0,0,0,,,,,,,,
호소,대청호,추동,2023-01-02,7.1,7.5,10.3,4.2,1.3,4.3,56,0,0,0,56,,,,,,,,
호소,대청호,문의,2023-01-02,7.6,7.3,9.3,3.7,1.6,4,64,0,0,0,64,,,,,,,,
호소,대청호,추동,2023-01-09,6.5,7.5,10.6,3.6,2.2,3.9,0,0,0,0,0,,,,,,,,
호소,대청호,문의,2023-01-09,7,7.3,9.2,3.4,1.9,2.7,0,0,0,0,0,,,,,,,,
호소,대청호,회남,2023-01-09,6.7,7.5,10.3,5.1,4.2,3.2,0,0,0,0,0,,,,,,,,
호소,대청호,추동,2023-01-16,6.6,7.6,11.3,4,2.4,4.4,0,0,0,0,0,,,,,,,,
호소,대청호,회남,2023-01-16,6.3,7.5,10.5,5.1,1.7,3.7,0,0,0,0,0,,,,,,,,
호소,대청호,문의,2023-01-16,7,7.3,9.3,3.9,1.6,3.2,0,0,0,0,0,,,,,,,,
호소,대청호,문의,2023-01-25,5.2,7.5,10.8,3.6,1.7,3.2,0,0,0,0,0,,,,,,,,
호소,대청호,회남,2023-01-25,5.5,7.6,11.2,4.5,1.9,3.9,0,0,0,0,0,,,,,,,,
호소,대청호,추동,2023-01-25,5.1,7.6,11.5,3.8,2,4.6,0,0,0,0,0,,,,,,,,
호소,대청호,회남,2023-01-30,4.8,7.5,11.4,5.2,1.1,3.2,0,0,0,0,0,,,,,,,,
호소,대청호,문의,2023-01-30,4.6,7.4,11,4.4,1.4,2.5,0,0,0,0,0,,,,,,,,
호소,대청호,추동,2023-01-30,3.9,7.5,12,4.1,1.7,4,0,0,0,0,0,,,,,,,,
호소,대청호,문의,2023-02-06,5.3,7.4,11.1,4.4,1.3,2.8,0,0,0,0,0,,,,,,,,
호소,대청호,추동,2023-02-06,4.4,7.5,12.1,4.5,1.4,3.9,0,0,0,0,0,,,,,,,,
호소,대청호,회남,2023-02-06,4.9,7.5,11.7,5.4,1,2.9,0,0,0,0,0,,,,,,,,
호소,대청호,회남,2023-02-13,4.7,7.5,11.6,4.8,1.5,2.5,0,0,0,0,0,,,,,,,,
호소,대청호,문의,2023-02-13,5.2,7.4,11.3,4.6,1.4,2.6,0,0,0,0,0,,,,,,,,
호소,대청호,추동,2023-02-13,4.8,7.5,12,4.8,1.1,2.6,0,0,0,0,0,,,,,,,,
호소,대청호,문의,2023-02-20,5.4,7.4,11.4,4.9,1,2.7,0,0,0,0,0,,,,,,,,
호소,대청호,추동,2023-02-20,5.2,7.5,12.1,5.1,1.5,3.2,0,0,0,0,0,,,,,,,,
호소,대청호,회남,2023-02-20,4.8,7.5,12,6.2,1.4,3,0,0,0,0,0,,,,,,,,
호소,대청호,문의,2023-02-27,5.6,7.5,11.6,4.7,0.8,2.4,0,0,0,0,0,,,,,,,,
호소,대청호,추동,2023-02-27,5.6,7.6,12.3,5.3,1.4,2.7,0,0,0,0,0,,,,,,,,
호소,대청호,회남,2023-02-27,5.4,7.6,12.2,5.7,1.3,2.5,0,0,0,0,0,,,,,,,,
호소,대청호,문의,2023-03-06,6,7.6,11.8,4.8,1,2.7,0,0,0,0,0,,,,,,,,
호소,대청호,회남,2023-03-06,5.8,7.6,12.2,5.7,0.9,2.9,0,0,0,0,0,,,,,,,,
호소,대청호,추동,2023-03-06,6.3,7.7,12.6,3.8,1.4,3.9,0,0,0,0,0,,,,,,,,
호소,대청호,문의,2023-03-13,7.1,7.5,11.6,3.4,1.5,3.5,0,0,0,0,0,,,,,,,,
호소,대청호,추동,2023-03-13,7,7.5,12,3,1.6,3.1,0,0,0,0,0,,,,,,,,
호소,대청호,회남,2023-03-13,6.6,7.5,12.1,4.3,1.5,3.4,0,0,0,0,0,,,,,,,,
호소,대청호,회남,2023-03-20,7.2,7.6,12.1,4.7,1.1,3.6,0,0,0,0,0,,,,,,,,
호소,대청호,추동,2023-03-20,8.2,7.6,11.9,3.2,1.2,3.1,0,0,0,0,0,,,,,,,,
호소,대청호,문의,2023-03-20,7,7.4,11.3,4.8,1.3,2.6,0,0,0,0,0,,,,,,,,
호소,대청호,추동,2023-03-27,9,7.8,11.7,3.3,1.6,3.2,0,0,0,0,0,,,,,,,,
호소,대청호,회남,2023-03-27,7.4,7.7,11.8,4.3,1.1,2.9,0,0,0,0,0,,,,,,,,
호소,대청호,문의,2023-03-27,8.6,7.9,11.9,4.3,1.5,3.2,0,0,0,0,0,,,,,,,,
호소,대청호,추동,2023-04-03,9.3,7.7,11.3,3,1.5,3.4,0,0,0,0,0,,,,,,,,
호소,대청호,문의,2023-04-03,11.8,8,12.2,3.8,1.5,3.2,0,0,0,0,0,,,,,,,,
호소,대청호,회남,2023-04-03,8.3,7.7,11.7,3.5,1,3.7,0,0,0,0,0,,,,,,,,
호소,대청호,추동,2023-04-10,9.7,7.8,11,3.2,2.2,3.7,0,0,0,0,0,,,,,,,,
호소,대청호,문의,2023-04-10,11.6,8,11.5,3.9,1.5,3.7,0,0,0,0,0,,,,,,,,
호소,대청호,회남,2023-04-10,8.9,7.8,11.3,3,1.3,4.3,0,0,0,0,0,,,,,,,,
호소,대청호,추동,2023-04-17,11.1,8,10.9,2.9,2.3,3.5,0,0,0,0,0,,,,,,,,
호소,대청호,문의,2023-04-17,11.6,8,11.6,3.7,1.3,4.5,0,0,0,0,0,,,,,,,,
호소,대청호,회남,2023-04-17,15.4,7.9,11,2.5,1.5,4.3,0,0,0,0,0,,,,,,,,
호소,대청호,회남,2023-04-24,10.2,7.9,10.4,2.5,1.6,5.6,0,0,0,0,0,,,,,,,,
호소,대청호,추동,2023-04-24,12.6,8,10.3,2.7,2.5,3.3,0,0,0,0,0,,,,,,,,
호소,대청호,문의,2023-04-24,14.4,8.2,11.2,3.6,1.9,4.1,0,0,0,0,0,,,,,,,,
호소,대청호,회남,2023-05-02,10.9,8,9.8,2.8,1.9,3.5,0,0,0,0,0,,,,,,,,
호소,대청호,추동,2023-05-02,12.3,8,9.7,2.2,3.7,3.6,0,0,0,0,0,,,,,,,,
호소,대청호,문의,2023-05-02,15.3,8.2,10.8,2.6,2.2,2.3,0,0,0,0,0,,,,,,,,
호소,대청호,추동,2023-05-08,12.8,7.7,9.2,2.3,2.8,3.5,0,0,0,0,0,,,,,,,,
호소,대청호,문의,2023-05-08,15.5,8.2,10.6,2.6,2.2,4.6,0,0,0,0,0,,,,,,,,
호소,대청호,회남,2023-05-08,11,7.8,9,2.4,2,4.5,0,0,0,0,0,,,,,,,,
호소,대청호,추동,2023-05-15,14.8,8.3,9.7,2.2,2.7,10.2,0,0,0,0,0,,,,,,,,
호소,대청호,문의,2023-05-15,17.2,8.6,11.1,3.9,1.5,5,0,0,0,0,0,,,,,,,,
호소,대청호,회남,2023-05-15,12.6,8.1,8.7,1.4,3.2,19.7,0,0,0,0,0,,,,,,,,
호소,대청호,추동,2023-05-22,16.8,8.3,10.1,2.8,1.9,10.1,0,0,0,0,0,,,,,,,,
호소,대청호,문의,2023-05-22,17.3,8.5,10.7,4.5,1.5,6.7,0,0,0,0,0,,,,,,,,
호소,대청호,회남,2023-05-22,12.4,8,8.1,2.7,2.1,5,0,0,0,0,0,,,,,,,,
호소,대청호,문의,2023-05-30,18.5,8.5,10.2,4.3,1.8,3.8,0,0,0,0,0,,,,,,,,
호소,대청호,회남,2023-05-30,14,7.9,6,2.3,5,5.6,0,0,0,0,0,,,,,,,,
호소,대청호,추동,2023-05-30,16.2,8.3,9.1,3.4,2.1,13.8,0,0,0,0,0,,,,,,,,
호소,대청호,문의,2023-06-05,21.2,8.5,10.2,4.2,2,3.7,0,0,0,0,0,,,,,,,,
호소,대청호,회남,2023-06-05,14.6,8.1,7.1,2.2,3.4,5.5,0,0,0,0,0,,,,,,,,
호소,대청호,추동,2023-06-05,18.8,8.3,9.1,2.3,1.9,5,0,0,0,0,0,,,,,,,,
호소,대청호,회남,2023-06-12,16.7,8,5.9,2.4,2.4,2.8,334,80,254,0,0,,,,,,,,
호소,대청호,추동,2023-06-12,20,8.2,7.4,2.4,1.9,4.7,0,0,0,0,0,,,,,,,,
호소,대청호,문의,2023-06-12,22.3,8.4,9.3,4.7,1.7,3.8,770,180,506,0,84,,,,,,,,
호소,대청호,문의,2023-06-19,23.9,8.5,9.2,3.7,3.1,12.8,496,0,12,0,484,,,,,,,,
호소,대청호,회남,2023-06-19,16.5,7.9,5.5,3,2,6.5,176,44,48,0,84,,,,,,,,
호소,대청호,추동,2023-06-19,21.9,8.1,6.7,3,2.2,8.5,0,0,0,0,0,,,,,,,,
호소,대청호,회남,2023-06-26,18,7.9,4.5,2,3.9,8.8,0,0,0,0,0,,,,,,,,
호소,대청호,추동,2023-06-26,22.6,8,6,1.5,2.7,10.3,72,0,0,0,72,,,,,,,,
호소,대청호,문의,2023-06-26,25.9,8.6,9.3,3,2.6,10.4,230,0,54,0,176,,,,,,,,
호소,대청호,추동,2023-07-03,24.2,8.2,6.3,3.2,2.3,7.3,32,0,0,0,32,,,,,,,,
호소,대청호,문의,2023-07-03,25.4,8.2,6.7,3,2,4.4,240,0,68,0,172,,,,,,,,
호소,대청호,회남,2023-07-03,18.6,7.9,4.6,2.1,3.5,5,760,760,0,0,0,,,,,,,,
호소,대청호,문의,2023-07-10,25.4,7.7,5.5,2,4.8,5.6,82,0,34,0,48,,,,,,,,
호소,대청호,추동,2023-07-10,24.7,7.9,5.3,1.5,4.9,9.6,164,0,0,0,164,,,,,,,,
호소,대청호,회남,2023-07-10,19.5,7.8,6,1.5,8.5,7,0,0,0,0,0,,,,,,,,
호소,대청호,추동,2023-07-17,23,6.7,4.6,1,13.8,6.1,176,0,0,0,176,,,,,,,,
호소,대청호,문의,2023-07-17,23.7,6.9,4.9,1,47.6,3.1,232,0,0,0,232,,,,,,,,
호소,대청호,회남,2023-07-17,22.4,6.6,7.7,0.4,62.3,3.6,26,0,26,0,0,,,,,,,,
호소,대청호,문의,2023-07-24,,,,,,,,,,,,,,,,,,,
호소,대청호,회남,2023-07-24,,,,,,,,,,,,,,,,,,,
호소,대청호,추동,2023-07-24,,,,,,,,,,,,,,,,,,,
호소,대청호,회남,2023-07-31,25.2,7.8,7.6,2.3,11.3,5.5,740,740,0,0,0,,,,,,,,
호소,대청호,추동,2023-07-31,24.8,8.1,8.1,1.1,8.7,14.1,4106,1020,3050,0,36,,,,,,,,
호소,대청호,문의,2023-07-31,26,8.3,8.8,1,9.9,20.5,4898,4272,550,0,76,,,,,,,,
호소,대청호,회남,2023-08-07,25.7,7.8,7.6,2.1,16.5,14.4,4580,4580,0,0,0,,,,,,,,
호소,대청호,문의,2023-08-07,27,8.7,9.7,1.2,8.9,17.8,7324,7220,0,104,0,,,,,,,,
호소,대청호,추동,2023-08-07,25.8,7.9,7.5,1.4,6.4,34.3,4676,480,3972,224,0,,,,,,,,
호소,대청호,추동,2023-08-14,25.7,8,7.8,1.2,7.5,29.7,6852,3300,2236,1316,0,,,,,,,,
호소,대청호,회남,2023-08-14,24.6,7.8,9,1.2,29.1,19.6,6372,6300,72,0,0,,,,,,,,
호소,대청호,문의,2023-08-14,26.7,8.4,9.3,1,8.8,29.3,16068,15520,0,548,0,,,,,,,,
호소,대청호,문의,2023-08-21,27.4,8.8,8.5,0.5,18.9,47,29712,28900,0,812,0,,,,,,,,
호소,대청호,추동,2023-08-21,26.4,8,7.1,1,10.7,24.8,9092,6100,1088,1904,0,,,,,,,,
호소,대청호,회남,2023-08-21,25.9,8.2,8.9,0.8,17.3,17.5,9204,8880,12,312,0,,,,,,,,
호소,대청호,문의,2023-08-24,26.4,8.2,7.4,0.4,12.7,41.5,30068,29920,0,148,0,정량한계미만,정량한계미만,1.9,,,,,
호소,대청호,문의,2023-08-28,26.2,8.4,7.1,0.6,23.1,60.7,73584,73240,0,344,0,정량한계미만,정량한계미만,2,,,,,
호소,대청호,추동,2023-08-28,25.4,8,5,0.8,6.7,16.5,9042,3940,242,4860,0,,,,,,,,
호소,대청호,회남,2023-08-28,24.9,8,7.8,0.6,19.1,29,12408,12360,0,48,0,,,,,,,,
호소,대청호,문의,2023-08-31,25.9,8.2,5.5,1,10,18.9,18948,18900,0,48,0,정량한계미만,정량한계미만,0.8,,,,,
호소,대청호,문의,2023-09-04,26.9,8.4,7,0.3,33.3,59.4,94208,93240,0,968,0,정량한계미만,정량한계미만,1.7,,,,,
호소,대청호,추동,2023-09-04,26.2,8,6.6,0.6,13,26.3,38812,25440,268,13104,0,,,,,,,,
호소,대청호,회남,2023-09-04,25,7.7,7.3,1.1,11.8,19.1,8220,7920,128,172,0,,,,,,,,
호소,대청호,문의,2023-09-07,26.2,8.2,6,1,14.8,33.1,51248,50520,0,728,0,정량한계미만,정량한계미만,1.4,,,,,
호소,대청호,문의,2023-09-11,26.3,8.4,5.8,0.4,19.4,28.7,56024,55680,0,344,0,정량한계미만,정량한계미만,1.7,,,,,
호소,대청호,회남,2023-09-11,24.8,7.8,5.7,1.7,8.5,7.4,6548,6260,192,96,0,,,,,,,,
호소,대청호,추동,2023-09-11,25.9,8,5.4,0.7,17.7,28,35504,19080,164,16260,0,,,,,,,,
호소,대청호,문의,2023-09-18,26.3,8.1,5.4,0.5,18.5,28.7,42000,42000,0,0,0,정량한계미만,정량한계미만,1.7,,,,,
호소,대청호,회남,2023-09-18,24.3,7.4,3.8,2.3,9,5.5,4604,3520,0,1084,0,,,,,,,,
호소,대청호,추동,2023-09-18,25.8,7.4,4.3,0.7,9.1,14,7752,5240,0,2512,0,정량한계미만,정량한계미만,0.6,,,,,
호소,대청호,추동,2023-09-21,25.2,7,3.7,1.8,18.7,6.4,5942,3820,162,1960,0,정량한계미만,정량한계미만,0.5,,,,,
호소,대청호,문의,2023-09-21,25.3,7.5,3.4,1.3,16.8,10.8,8148,8148,0,0,0,정량한계미만,정량한계미만,1.3,,,,,
호소,대청호,회남,2023-09-25,23.9,7,5,2.3,6.3,11.3,2888,2020,0,868,0,,,,,,,,
호소,대청호,문의,2023-09-25,25.1,7.5,4,1.4,9.8,10.7,7542,7174,0,368,0,정량한계미만,3,분석중,,,,,
호소,대청호,추동,2023-09-25,24.8,7,3.6,1.5,6.6,6.1,5864,5180,0,588,96,,,,,,,,
호소,대청호,회남,2023-10-04,23.3,7,5.1,2.5,2.8,6.9,598,420,178,0,0,,,,,,,,
호소,대청호,문의,2023-10-04,24.1,7.1,5,1.7,7,9.9,6872,4920,0,1952,0,,,,,,,,
호소,대청호,추동,2023-10-04,23.8,7.1,4.2,1.7,4.3,13.9,3906,3680,226,0,0,,,,,,,,
호소,대청호,회남,2023-10-10,22.8,7.2,6,1.8,5.2,15.8,630,360,270,0,0,,,,,,,,
호소,대청호,문의,2023-10-10,23.1,7.4,6.2,1.7,5.3,13.5,5344,5320,0,24,0,,,,,,,,
호소,대청호,추동,2023-10-10,23.1,7.2,6.5,1.9,3.7,7.5,2084,1650,434,0,0,,,,,,,,
호소,대청호,회남,2023-10-16,22,7.1,7,1.7,5.6,15.9,206,80,126,0,0,,,,,,,,
호소,대청호,문의,2023-10-16,22.3,7.3,6.9,1.5,7.1,15.1,6592,6300,292,0,0,,,,,,,,
호소,대청호,추동,2023-10-16,22.3,7.3,7.2,1.8,4.1,21.4,3838,1840,1998,0,0,,,,,,,,
호소,대청호,문의,2023-10-23,21.2,7.4,6.7,2.3,3.8,13.2,3370,3000,370,0,0,,,,,,,,
호소,대청호,추동,2023-10-23,20.9,7.4,8.1,1.6,3.8,25,1730,1100,630,0,0,,,,,,,,
호소,대청호,회남,2023-10-23,21.3,7.4,7.4,1.8,3.6,16.5,640,480,64,0,96,,,,,,,,
호소,대청호,문의,2023-10-30,20.7,7.1,7.2,1.5,5,18.7,4498,4080,418,0,0,,,,,,,,
호소,대청호,추동,2023-10-30,20.4,7.1,7.8,2.6,2.9,16.5,2154,2020,134,0,0,,,,,,,,
호소,대청호,회남,2023-10-30,20.4,7,6.9,2,3.9,8.5,260,260,0,0,0,,,,,,,,
호소,대청호,회남,2023-11-06,19.9,7,7,2.5,3.4,6.1,0,0,0,0,0,,,,,,,,
호소,대청호,추동,2023-11-06,20.2,7,7.6,2.2,3.2,10.8,520,520,0,0,0,,,,,,,,
호소,대청호,문의,2023-11-06,20.3,7.2,7.2,1.7,3.6,11.4,3040,2860,180,0,0,,,,,,,,
호소,대청호,추동,2023-11-13,17.6,7.1,8.1,2.1,3.5,10.9,760,760,0,0,0,,,,,,,,
호소,대청호,문의,2023-11-13,18,7.1,7.7,1.8,5.5,11.6,3360,3360,0,0,0,,,,,,,,
호소,대청호,회남,2023-11-13,18.3,7,7.5,2.3,3.1,8,42,0,42,0,0,,,,,,,,
호소,대청호,문의,2023-11-20,16.5,7.1,7.7,3,2.5,9.2,914,860,54,0,0,,,,,,,,
호소,대청호,회남,2023-11-20,16.5,7.1,7.8,2,4.1,6,126,100,26,0,0,,,,,,,,
호소,대청호,추동,2023-11-20,16,7.2,8.3,2.6,2.5,4.4,528,460,0,68,0,,,,,,,,
호소,대청호,문의,2023-11-27,15.2,7,7.9,2.7,2.4,8.9,896,840,56,0,0,,,,,,,,
호소,대청호,회남,2023-11-27,15,7.1,8.1,3,4.9,5.6,260,260,0,0,0,,,,,,,,
호소,대청호,추동,2023-11-27,14.7,7.1,8.8,2.5,2.9,9.4,634,580,54,0,0,,,,,,,,
호소,대청호,문의,2023-12-04,13.3,7.2,8.9,3.5,2.5,4.6,360,360,0,0,0,,,,,,,,
호소,대청호,추동,2023-12-04,12.9,7.2,9.4,3.3,2,6.2,296,260,36,0,0,,,,,,,,
호소,대청호,회남,2023-12-04,13.3,7.1,8.7,3.7,3.2,3.5,186,160,26,0,0,,,,,,,,
호소,대청호,문의,2023-12-11,13.2,7.1,8.6,3.1,1.7,4.3,0,0,0,0,0,,,,,,,,
호소,대청호,회남,2023-12-11,12.2,7,9,2.7,3.8,4.1,52,0,52,0,0,,,,,,,,
호소,대청호,추동,2023-12-11,12.6,7.1,9.2,3.5,1.7,4.1,240,240,0,0,0,,,,,,,,
호소,대청호,추동,2023-12-18,11.3,7.1,9.8,3.5,2.7,4.6,180,180,0,0,0,,,,,,,,
호소,대청호,문의,2023-12-18,11.5,7,9,2.8,2.3,3.6,0,0,0,0,0,,,,,,,,
호소,대청호,회남,2023-12-18,10.9,7.3,9.9,4.1,3.8,4,108,0,52,0,56,,,,,,,,
호소,대청호,회남,2023-12-26,9.2,7,10.1,4.2,4.8,6,0,0,0,0,0,,,,,,,,
호소,대청호,추동,2023-12-26,9.1,7.1,10.6,2.8,1.7,2.2,0,0,0,0,0,,,,,,,,
호소,대청호,문의,2023-12-26,9.7,7.1,9.4,3,1.7,5.6,160,160,0,0,0,,,,,,,,
호소,대청호,추동,2024-01-02,9,7.1,10.5,3.8,1.7,6,0,0,0,0,0,,,,,,,,
호소,대청호,문의,2024-01-02,9.1,7.1,10.4,3.5,1.8,5,0,0,0,0,0,,,,,,,,
호소,대청호,회남,2024-01-02,8.3,7,10.6,3.4,3.4,3.7,160,160,0,0,0,,,,,,,,
호소,대청호,추동,2024-01-08,8.3,7.4,10.7,3.4,1.9,5.8,0,0,0,0,0,,,,,,,,
호소,대청호,회남,2024-01-08,7.6,7.3,10.6,3.8,2.1,3.9,0,0,0,0,0,,,,,,,,
호소,대청호,문의,2024-01-08,8.3,7.4,10.1,4,1.9,5.9,0,0,0,0,0,,,,,,,,
호소,대청호,추동,2024-01-15,7.4,7.2,11.2,3.5,2.1,6.4,166,0,166,0,0,,,,,,,,
호소,대청호,회남,2024-01-15,7.7,7.2,10.7,4.3,2.1,4.4,0,0,0,0,0,,,,,,,,
호소,대청호,문의,2024-01-15,7.6,7.2,10.2,3.4,2.2,5.5,0,0,0,0,0,,,,,,,,
호소,대청호,추동,2024-01-22,6.9,7.3,11.8,3.1,1.8,8.6,0,0,0,0,0,,,,,,,,
호소,대청호,회남,2024-01-22,6.9,7.3,11.5,3,1.6,6.6,0,0,0,0,0,,,,,,,,
호소,대청호,문의,2024-01-22,7.1,7.2,11.1,2.4,1.9,6.6,0,0,0,0,0,,,,,,,,
호소,대청호,추동,2024-01-30,6.1,7.5,12.1,2.5,1.9,8.3,0,0,0,0,0,,,,,,,,
호소,대청호,회남,2024-01-30,6.3,7.5,11.6,2.8,2.6,7.8,0,0,0,0,0,,,,,,,,
호소,대청호,문의,2024-01-30,6.6,7.4,10.8,3,2.2,4.3,0,0,0,0,0,,,,,,,,
호소,대청호,추동,2024-02-05,6.2,7.5,12.3,2.8,2.2,9.3,0,0,0,0,0,,,,,,,,
호소,대청호,회남,2024-02-05,6,7.4,11.9,3.1,2,7.6,116,0,0,0,116,,,,,,,,
호소,대청호,문의,2024-02-05,6.4,7.3,11.4,2.5,2.2,7.7,44,0,0,0,44,,,,,,,,
호소,대청호,추동,2024-02-13,6.1,7.5,12.4,3,1.7,8.2,0,0,0,0,0,,,,,,,,
호소,대청호,문의,2024-02-13,6.3,7.1,11.8,4,2.3,6.4,0,0,0,0,0,,,,,,,,
호소,대청호,회남,2024-02-13,5.6,7.4,12.3,3.3,1.9,6.4,128,0,0,0,128,,,,,,,,
호소,대청호,회남,2024-02-19,5.8,7.5,12.3,3.1,3.7,7,0,0,0,0,0,,,,,,,,
호소,대청호,추동,2024-02-19,6.5,7.5,12.3,3,3.1,8.8,14,0,14,0,0,,,,,,,,
호소,대청호,문의,2024-02-19,6.7,7.4,11.7,2.6,2.5,9.7,0,0,0,0,0,,,,,,,,
호소,대청호,추동,2024-02-26,6.6,7.4,12.3,2.9,2.2,9.4,0,0,0,0,0,,,,,,,,
호소,대청호,문의,2024-02-26,6.5,7.3,11.7,2.6,2.3,8.8,0,0,0,0,0,,,,,,,,
호소,대청호,회남,2024-02-26,6,7.4,12.4,2.5,2.7,9.4,56,0,0,0,56,,,,,,,,
호소,대청호,회남,2024-03-04,6.1,7.4,12.8,2.5,2.1,7.4,64,0,0,0,64,,,,,,,,
호소,대청호,문의,2024-03-04,6.3,7.4,12.3,1.8,2.4,12,0,0,0,0,0,,,,,,,,
호소,대청호,추동,2024-03-04,6.6,7.4,12.6,2.5,2.1,9.2,0,0,0,0,0,,,,,,,,
호소,대청호,회남,2024-03-11,6.4,7.4,12.7,2.5,2.1,6.4,104,0,0,0,104,,,,,,,,
호소,대청호,문의,2024-03-11,6.5,7.6,12.5,2.4,2.1,10.1,0,0,0,0,0,,,,,,,,
호소,대청호,추동,2024-03-11,6.6,7.5,12.5,2.5,2.4,8.1,0,0,0,0,0,,,,,,,,
호소,대청호,회남,2024-03-18,7.2,7.7,12.3,3.8,2.1,3.9,148,0,12,0,136,,,,,,,,
호소,대청호,추동,2024-03-18,7.5,7.8,12.5,2.5,2.4,12.2,0,0,0,0,0,,,,,,,,
호소,대청호,문의,2024-03-18,6.9,7.9,12.2,2.4,2.2,7.5,0,0,0,0,0,,,,,,,,
호소,대청호,추동,2024-03-25,7.4,7.6,12.2,2.1,2.5,6.1,230,230,0,0,0,,,,,,,,
호소,대청호,회남,2024-03-25,7.3,7.5,11.8,2.4,2.7,4.2,225,0,0,0,225,,,,,,,,
호소,대청호,문의,2024-03-25,8.1,7.8,12.6,3,2.4,7.9,0,0,0,0,0,,,,,,,,
호소,대청호,회남,2024-04-01,8.7,7.6,11.6,2.5,1.7,5.6,111,0,0,0,111,,,,,,,,
호소,대청호,문의,2024-04-01,8.4,7.8,12,3.5,1.7,5.8,30,0,0,0,30,,,,,,,,
호소,대청호,추동,2024-04-01,8.4,7.5,11.8,3.7,1.4,4.4,16,0,0,0,16,,,,,,,,
호소,대청호,문의,2024-04-08,10,8,12.2,2.7,1.6,5.3,118,0,0,0,118,,,,,,,,
호소,대청호,추동,2024-04-08,9.9,7.9,11.8,2.8,1.5,3,32,0,0,0,32,,,,,,,,
호소,대청호,회남,2024-04-08,9.4,7.7,11.1,2.8,1.6,3.8,172,0,0,0,172,,,,,,,,
호소,대청호,문의,2024-04-15,11.7,8.4,12,3.5,1.8,5.6,14,0,0,0,14,,,,,,,,
호소,대청호,추동,2024-04-15,11.5,7.9,11.1,2.7,1.4,2.7,98,0,0,0,98,,,,,,,,
호소,대청호,회남,2024-04-15,10.5,7.9,10.8,1.8,1.6,4.9,24,0,0,0,24,,,,,,,,
호소,대청호,회남,2024-04-22,10.9,7.8,10.1,2.4,1.5,4,98,0,0,0,98,,,,,,,,
호소,대청호,추동,2024-04-22,11.7,7.9,10.5,3,1.7,3.9,4,0,0,0,4,,,,,,,,
호소,대청호,문의,2024-04-22,12.2,8,11.5,3.5,1.8,5.8,0,0,0,0,0,,,,,,,,
호소,대청호,회남,2024-04-29,11.4,7.8,10,1.8,2.1,4.9,28,0,0,0,28,,,,,,,,
호소,대청호,추동,2024-04-29,12.1,8,10.2,2.7,2.1,6.2,0,0,0,0,0,,,,,,,,
호소,대청호,문의,2024-04-29,13.1,8.2,11.2,3,2.1,8.5,0,0,0,0,0,,,,,,,,
호소,대청호,회남,2024-05-07,11.4,7.8,8.8,2.1,2.3,7.7,0,0,0,0,0,,,,,,,,
호소,대청호,추동,2024-05-07,12.2,8,9.5,3.3,2.5,12.5,88,0,0,0,88,,,,,,,,
호소,대청호,문의,2024-05-07,12.8,8,9.7,4.2,1.9,5.4,0,0,0,0,0,,,,,,,,
호소,대청호,추동,2024-05-13,13.2,8,9.7,4.7,1.8,14.1,305,305,0,0,0,,,,,,,,
호소,대청호,문의,2024-05-13,13.9,8.2,10.7,3.8,1.5,10.4,228,228,0,0,0,,,,,,,,
호소,대청호,회남,2024-05-13,12.5,8.1,9,2.5,2.2,7.8,0,0,0,0,0,,,,,,,,
호소,대청호,추동,2024-05-20,14.3,8.3,9.8,2.4,2.5,10.8,49,0,0,0,49,,,,,,,,
호소,대청호,문의,2024-05-20,15.3,8.4,10.8,4.5,1.4,8.2,345,345,0,0,0,,,,,,,,
호소,대청호,회남,2024-05-20,14.2,8.3,8.3,3.2,2.5,7.2,0,0,0,0,0,,,,,,,,
호소,대청호,추동,2024-05-27,14.9,8.2,9.3,2.6,1.6,8.4,30,0,0,0,30,,,,,,,,
호소,대청호,회남,2024-05-27,13,7.9,8.1,3,1.8,5.7,115,0,115,0,0,,,,,,,,
호소,대청호,문의,2024-05-27,16.8,8.3,10,4,1.3,5.4,52,38,0,0,14,,,,,,,,
호소,대청호,문의,2024-06-03,18.5,8.5,10.2,3.6,1.6,4,566,445,0,0,121,,,,,,,,
호소,대청호,추동,2024-06-03,16.9,8.4,8.8,4,1.4,4.6,86,59,0,0,27,,,,,,,,
호소,대청호,회남,2024-06-03,14.8,8.1,6.6,2.1,1.8,6.5,671,564,76,0,31,,,,,,,,
호소,대청호,회남,2024-06-10,15.8,8.2,6.1,4.9,1.6,6,57,0,0,0,57,,,,,,,,
호소,대청호,문의,2024-06-10,21.3,8.6,10.2,3,1.4,5.8,347,98,0,0,249,,,,,,,,
호소,대청호,추동,2024-06-10,18.5,8.3,7.8,2.8,1.9,6.8,0,0,0,0,0,,,,,,,,
호소,대청호,회남,2024-06-17,17,8.3,5.3,4,1.3,3.5,136,59,49,0,28,,,,,,,,
호소,대청호,추동,2024-06-17,22.1,8.5,7.9,2.1,1.9,9.8,813,752,0,0,61,,,,,,,,
호소,대청호,문의,2024-06-17,23.4,8.9,11,2.4,1.9,7.6,705,191,48,0,466,,,,,,,,
호소,대청호,추동,2024-06-24,22,8.4,6.9,1.9,2.2,8,413,351,0,0,62,,,,,,,,
호소,대청호,문의,2024-06-24,23.8,8.7,9.3,2.3,2.3,7.3,433,214,145,0,74,,,,,,,,
호소,대청호,회남,2024-06-24,17.8,8.1,4.8,3.1,1.7,2.9,0,0,0,0,0,,,,,,,,
호소,대청호,회남,2024-07-01,18.9,8.5,4.6,3.5,1.8,2.9,41,0,15,0,26,,,,,,,,
호소,대청호,추동,2024-07-01,23.4,8.6,6.5,2.7,2.3,13.9,141,57,32,0,52,,,,,,,,
호소,대청호,문의,2024-07-01,24.6,8.9,8.1,1.7,3.2,8.3,610,118,492,0,0,,,,,,,,
호소,대청호,문의,2024-07-08,24.7,8.4,7.2,2.1,2.1,5.5,830,671,61,0,98,,,,,,,,
호소,대청호,추동,2024-07-08,23.7,8,6,2.1,2.6,10.2,189,66,48,0,75,,,,,,,,
호소,대청호,회남,2024-07-08,18.7,7.7,3.1,1.8,2.7,6.5,0,0,0,0,0,,,,,,,,
호소,대청호,문의,2024-07-15,24.3,8.3,6.6,0.3,14.3,7,461,116,0,0,345,,,,,,,,
호소,대청호,회남,2024-07-15,22.8,8.3,7.9,0.2,123,7.4,680,464,0,0,216,,,,,,,,
호소,대청호,추동,2024-07-15,23.9,8.6,6.3,0.2,16.7,5.9,803,577,137,0,89,,,,,,,,
호소,대청호,회남,2024-07-23,23.7,7.6,7.1,0.7,58.4,23.7,160,96,0,0,64,,,,,,,,
호소,대청호,문의,2024-07-23,25.4,7.7,6.5,1.2,14.5,13.9,1933,925,132,123,753,,,,,,,,
호소,대청호,추동,2024-07-23,24.4,7.9,5.6,1.8,13.9,12.7,909,143,0,0,766,,,,,,,,
호소,대청호,회남,2024-07-29,23.8,7.7,5.2,1.7,47.4,6.8,6064,5690,0,0,374,,,,,,,,
호소,대청호,문의,2024-07-29,26.4,8.8,6.4,1.3,6.2,8.7,3284,1764,103,149,1268,,,,,,,,
호소,대청호,추동,2024-07-29,25.3,8.6,5.8,1.6,6.9,11.8,3098,525,141,0,2432,,,,,,,,
호소,대청호,추동,2024-08-05,26.9,9.3,5.9,1.2,5.5,6.4,11809,2885,0,0,8924,,,,,,,,
호소,대청호,문의,2024-08-05,27.8,9.4,7.9,1.3,6.9,12.3,43992,18760,0,0,25232,,,,,,,,
호소,대청호,회남,2024-08-05,25.6,9.3,8,1.5,48.4,3.6,25760,25760,0,0,0,,,,,,,,
호소,대청호,문의,2024-08-12,28,9.8,7.9,1,5.9,11.4,38105,9140,150,83,28732,8,4,0.4,0.7,정량한계미만,정량한계미만,정량한계미만,정량한계미만
호소,대청호,추동,2024-08-12,26.7,9.5,6.5,1.2,4.2,7,8180,680,14,569,6917,,,정량한계미만,0.1,정량한계미만,정량한계미만,정량한계미만,정량한계미만
호소,대청호,회남,2024-08-12,25.9,9.3,8.5,0.2,42.6,18.8,85601,83050,105,0,2446,11,4,0.8,1.8,정량한계미만,0.2,정량한계미만,정량한계미만
호소,대청호,문의,2024-08-14,27.8,8.8,5.7,0.7,5.6,13.7,29240,11520,130,166,17424,4,5,0.5,1,정량한계미만,0.1,정량한계미만,정량한계미만
호소,대청호,회남,2024-08-14,25.2,8.4,6.4,0.6,41.1,22,64852,61300,70,0,3482,5,9,0.9,2,정량한계미만,0.3,정량한계미만,정량한계미만
호소,대청호,회남,2024-08-19,25.3,8.5,7.1,0.9,24.4,15.8,32982,31900,39,27,1016,정량한계미만,11,0.9,1.5,정량한계미만,0.1,정량한계미만,정량한계미만
호소,대청호,추동,2024-08-19,26.9,8.8,5.3,1.8,4.3,14.8,8418,2665,0,975,4778,,,,,,,,
호소,대청호,문의,2024-08-19,27.7,9,5.6,0.8,5.9,7.2,42552,16420,0,600,25532,11,11,0.6,0.9,정량한계미만,0.1,정량한계미만,정량한계미만
호소,대청호,회남,2024-08-22,25.3,8.2,5.4,1.1,13.3,14.5,28211,26840,91,1202,78,10,11,0.8,2.4,정량한계미만,0.1,정량한계미만,정량한계미만
호소,대청호,문의,2024-08-22,27.5,9.2,5.3,1.4,5.8,19.4,38407,17510,0,1207,19690,2,8,0.8,1.9,정량한계미만,0.2,정량한계미만,정량한계미만
호소,대청호,문의,2024-08-26,27.6,8.9,4.8,1.1,5.7,10.8,22472,21605,0,25,842,정량한계미만,정량한계미만,0.7,1.7,정량한계미만,0.2,정량한계미만,정량한계미만
호소,대청호,추동,2024-08-26,26.6,8.6,4.1,1.9,4.1,6.5,5902,5200,0,336,366,,,,,,,,
호소,대청호,회남,2024-08-26,24.9,8.5,5.9,0.9,27.9,13.1,40717,38870,0,1485,362,2,정량한계미만,0.7,1.5,정량한계미만,0.1,0.4,정량한계미만
호소,대청호,문의,2024-08-29,26.5,9.1,3.9,1.3,6.9,13.6,22003,20500,0,1225,278,정량한계미만,4,0.6,2.4,정량한계미만,0.2,정량한계미만,정량한계미만
호소,대청호,회남,2024-08-29,24.5,8.8,3.4,1.2,20.5,7.3,16147,9770,50,5842,485,12,6,0.3,0.6,정량한계미만,정량한계미만,정량한계미만,정량한계미만
호소,대청호,문의,2024-09-02,27.3,9,4.9,1.2,4.5,9.9,22385,21200,0,1085,100,정량한계미만,3,0.6,1.6,정량한계미만,0.1,정량한계미만,정량한계미만
호소,대청호,추동,2024-09-02,26.6,8.8,5.3,0.9,7.3,13.5,28952,26160,0,2465,327,,,,,,,,
호소,대청호,회남,2024-09-02,24.3,8.4,4.3,1.3,24.1,11.7,20749,18830,129,850,940,7,정량한계미만,0.4,0.6,정량한계미만,정량한계미만,정량한계미만,정량한계미만
호소,대청호,문의,2024-09-05,27.5,8.9,5.5,1.4,6.1,12.1,28860,26330,0,2390,140,정량한계미만,정량한계미만,0.6,2,정량한계미만,0.2,정량한계미만,정량한계미만
호소,대청호,회남,2024-09-05,24.6,8,2.9,1.8,16.9,9,11065,7690,111,1912,1352,24,4,0.3,0.7,정량한계미만,0.1,정량한계미만,정량한계미만
호소,대청호,회남,2024-09-09,24.8,8.4,3.5,1.4,21.3,6.8,17201,13920,228,2155,898,39,정량한계미만,0.3,0.4,정량한계미만,정량한계미만,정량한계미만,정량한계미만
호소,대청호,문의,2024-09-09,27.4,8.9,4.2,1.3,4.2,9,19328,18430,0,756,142,정량한계미만,정량한계미만,0.5,1.5,정량한계미만,0.1,정량한계미만,정량한계미만
호소,대청호,추동,2024-09-09,27.1,9,6.1,1,9.7,12.9,37106,32370,60,3888,788,,,,,,,,
호소,대청호,회남,2024-09-12,24.4,8.4,3.7,1.2,20.2,8,16319,14060,737,798,724,44,3,0.2,0.3,정량한계미만,정량한계미만,정량한계미만,정량한계미만
호소,대청호,추동,2024-09-12,27.2,9.1,5.6,0.9,9.3,11.8,28667,25890,44,1210,1523,31,4,0.6,1.6,정량한계미만,0.2,정량한계미만,정량한계미만
호소,대청호,문의,2024-09-12,27.9,9.2,5,1.2,3.5,8.6,12675,11870,0,555,250,정량한계미만,4,0.4,0.9,정량한계미만,0.1,정량한계미만,정량한계미만
호소,대청호,회남,2024-09-19,24,8.1,2.9,1.6,20.4,7.1,8756,6240,911,1079,526,90,정량한계미만,정량한계미만,정량한계미만,정량한계미만,정량한계미만,정량한계미만,정량한계미만
호소,대청호,추동,2024-09-19,27.5,8.8,4.4,1.6,11,10.3,24892,21750,208,1208,1726,19,정량한계미만,0.3,0.5,정량한계미만,정량한계미만,정량한계미만,정량한계미만
호소,대청호,문의,2024-09-19,28.6,9.1,5.2,1.4,5.3,8.3,22266,16020,0,4926,1320,정량한계미만,정량한계미만,0.3,0.5,정량한계미만,정량한계미만,정량한계미만,정량한계미만
호소,대청호,추동,2024-09-23,26.1,7.2,4.2,0.6,10,7.6,11553,10815,137,49,552,33,정량한계미만,0.2,0.3,정량한계미만,정량한계미만,정량한계미만,정량한계미만
호소,대청호,문의,2024-09-23,26.7,8.1,3.7,1.3,5,6.7,11994,9330,0,2410,254,정량한계미만,3,0.1,0.2,정량한계미만,정량한계미만,정량한계미만,정량한계미만
호소,대청호,회남,2024-09-23,23.9,6.7,1.8,1,21.9,3.9,2735,2380,209,64,82,47,9,정량한계미만,정량한계미만,정량한계미만,정량한계미만,정량한계미만,정량한계미만
호소,대청호,문의,2024-09-26,26.9,8.6,5.1,1.2,4.5,8.2,17586,10020,8,6915,643,40,정량한계미만,0.2,0.4,정량한계미만,정량한계미만,정량한계미만,정량한계미만
호소,대청호,추동,2024-09-26,26.1,8.4,5.3,0.8,9.8,16.5,27725,27080,103,64,478,정량한계미만,2,0.3,0.5,정량한계미만,정량한계미만,정량한계미만,정량한계미만
호소,대청호,회남,2024-09-30,23.7,7.3,3.9,1.6,8.7,22.1,14538,13054,1127,0,357,,,,,,,,
호소,대청호,문의,2024-09-30,25.9,7.8,4.6,1.7,3.4,6.4,16302,7815,0,7567,920,3,정량한계미만,0.2,0.3,정량한계미만,정량한계미만,정량한계미만,정량한계미만
호소,대청호,추동,2024-09-30,25.5,7.6,5.3,1.2,7.9,12.6,21154,19029,1282,290,553,6,정량한계미만,0.2,0.2,정량한계미만,정량한계미만,정량한계미만,정량한계미만
호소,대청호,문의,2024-10-02,24.8,7.2,3.4,1.7,8,9.1,10568,9006,958,157,447,157,정량한계미만,0.2,0.2,정량한계미만,정량한계미만,정량한계미만,정량한계미만
호소,대청호,추동,2024-10-02,24.6,7.1,4.3,1.3,4.4,1.9,9203,3738,0,4689,776,정량한계미만,정량한계미만,0.2,0.4,정량한계미만,정량한계미만,정량한계미만,정량한계미만
호소,대청호,문의,2024-10-07,24,6.9,5.2,2.2,4.9,1.9,12039,10636,0,521,882,정량한계미만,정량한계미만,0.3,0.6,정량한계미만,정량한계미만,정량한계미만,정량한계미만
호소,대청호,추동,2024-10-07,23.7,7,4.6,1.3,5.7,6.6,16506,13625,719,905,1257,68,정량한계미만,0.2,0.2,정량한계미만,정량한계미만,정량한계미만,정량한계미만
호소,대청호,회남,2024-10-07,22.5,6.9,3.4,2.2,10.7,14,6316,6194,0,35,87,,,,,,,,
호소,대청호,문의,2024-10-10,23.7,7.2,6.1,2.2,5.8,10,12482,11564,0,430,488,4,정량한계미만,0.5,0.9,정량한계미만,정량한계미만,정량한계미만,정량한계미만
호소,대청호,추동,2024-10-10,23.6,7.2,6.3,1.6,5.7,21.2,9544,8805,119,108,512,13,4,0.2,0.2,정량한계미만,정량한계미만,정량한계미만,정량한계미만
호소,대청호,문의,2024-10-14,23.1,7.1,6,2.7,2.4,9.5,8977,8189,0,233,555,2,정량한계미만,정량한계미만,0.1,정량한계미만,정량한계미만,정량한계미만,정량한계미만
호소,대청호,추동,2024-10-14,23,7,6.3,1.7,4.7,22.9,8332,7623,0,580,129,정량한계미만,5,정량한계미만,0.1,정량한계미만,정량한계미만,정량한계미만,정량한계미만
호소,대청호,회남,2024-10-14,22.1,7,4.2,2.5,10.8,11.2,1325,1250,0,0,75,,,,,,,,
호소,대청호,문의,2024-10-17,23,7.1,5.7,2.7,1.7,5.4,5709,5225,0,145,339,10,정량한계미만,0.2,0.4,정량한계미만,정량한계미만,정량한계미만,정량한계미만
호소,대청호,문의,2024-10-21,22,7,6,2.8,2.4,8.4,2944,2663,0,0,281,,,,,,,,
호소,대청호,추동,2024-10-21,21.9,7.1,7.3,1.7,3.7,29.8,2404,1981,0,270,153,,,,,,,,
호소,대청호,회남,2024-10-21,21.3,7,4.3,3,9.8,8,430,325,0,50,55,,,,,,,,
호소,대청호,문의,2024-10-28,21.1,7,6.8,2.6,2.9,7.5,597,380,0,0,217,,,,,,,,
호소,대청호,추동,2024-10-28,20.9,7,7.6,2,2.9,13,2133,1383,0,412,338,,,,,,,,
호소,대청호,회남,2024-10-28,20.9,7,4.6,2.7,7,3.2,94,0,0,0,94,,,,,,,,
호소,대청호,추동,2024-11-04,20.3,7.2,8,2,2.7,22.2,1152,863,0,106,183,,,,,,,,
호소,대청호,회남,2024-11-04,19.9,7.1,6.3,2.3,4.7,6.8,73,0,0,0,73,,,,,,,,
호소,대청호,문의,2024-11-04,20.5,6.9,6.4,2.3,1.9,11.8,158,60,0,0,98,,,,,,,,
호소,대청호,회남,2024-11-11,19.2,7.2,7.4,2.9,3.7,7.2,172,113,0,0,59,,,,,,,,
호소,대청호,문의,2024-11-11,19.3,7.5,7.4,2.8,1.8,6.9,162,0,0,0,162,,,,,,,,
호소,대청호,추동,2024-11-11,19.2,7.3,8.2,2.6,1.9,15.9,837,563,0,94,180,,,,,,,,
호소,대청호,추동,2024-11-18,18,7,8.4,2.2,2.4,22.2,955,543,0,280,132,,,,,,,,
호소,대청호,문의,2024-11-18,18.2,6.8,7,3.6,2.9,15.6,755,570,0,0,185,,,,,,,,
호소,대청호,회남,2024-11-18,17.9,6.9,7.2,2.8,4.3,12,39,0,0,0,39,,,,,,,,
호소,대청호,회남,2024-11-25,16.9,6.9,7.5,2.5,3.3,7.2,40,0,0,0,40,,,,,,,,
호소,대청호,추동,2024-11-25,16.7,7,8.2,3.5,2.4,10.6,68,0,0,0,68,,,,,,,,
호소,대청호,문의,2024-11-25,16.9,6.8,6.4,3.3,1.4,6.9,115,0,0,115,0,,,,,,,,
호소,대청호,회남,2024-12-02,15.3,7,7.9,2.5,3.8,5.1,0,0,0,0,0,,,,,,,,
호소,대청호,문의,2024-12-02,15.5,6.9,7,4,1.5,6.1,0,0,0,0,0,,,,,,,,
호소,대청호,추동,2024-12-02,14.8,7.1,8.6,3,1.9,9.7,257,220,0,0,37,,,,,,,,
호소,대청호,문의,2024-12-09,13.7,6.9,8.1,4.2,1.8,7.9,0,0,0,0,0,,,,,,,,
호소,대청호,추동,2024-12-09,13.2,6.9,9,3.5,1.9,7.8,0,0,0,0,0,,,,,,,,
호소,대청호,회남,2024-12-09,13.5,6.8,8.4,2.5,5.6,4.4,0,0,0,0,0,,,,,,,,
호소,대청호,추동,2024-12-16,11.8,7,9.2,3.3,2,6.4,90,0,0,0,90,,,,,,,,
호소,대청호,회남,2024-12-16,12,7,8.8,3,3.8,4,0,0,0,0,0,,,,,,,,
호소,대청호,문의,2024-12-16,12.3,6.9,8.2,3.8,1.7,5.6,0,0,0,0,0,,,,,,,,
호소,대청호,문의,2024-12-23,10.7,6.8,8.6,3.5,1.5,3.9,0,0,0,0,0,,,,,,,,
호소,대청호,추동,2024-12-23,10.3,7,9.7,3.5,1.7,7.1,0,0,0,0,0,,,,,,,,
호소,대청호,회남,2024-12-23,10.7,7,9.3,3,2.2,4.3,60,0,0,0,60,,,,,,,,
호소,대청호,회남,2024-12-30,9.5,7.2,9.7,3.2,3.1,5.1,0,0,0,0,0,,,,,,,,
호소,대청호,문의,2024-12-30,9.9,7.1,8.7,2.8,1.4,4.6,0,0,0,0,0,,,,,,,,
호소,대청호,추동,2024-12-30,9.3,7.2,10.1,2.8,1.8,7.1,140,140,0,0,0,,,,,,,,
호소,대청호,추동,2025-01-06,8.5,7.1,10.4,2.9,1.8,4.8,0,0,0,0,0,,,,,,,,
호소,대청호,문의,2025-01-06,9,7.1,9,2.6,3.5,4.2,130,130,0,0,0,,,,,,,,
호소,대청호,회남,2025-01-06,8.7,7.1,10.1,3.6,2.5,7.4,97,0,0,0,97,,,,,,,,
호소,대청호,회남,2025-01-13,7.5,7,10.5,4.5,1.4,5.9,0,0,0,0,0,,,,,,,,
호소,대청호,추동,2025-01-13,7,7,10.8,3.6,1.8,6.3,0,0,0,0,0,,,,,,,,
호소,대청호,문의,2025-01-13,7.8,6.9,9.3,2.7,2.6,4.2,0,0,0,0,0,,,,,,,,
호소,대청호,추동,2025-01-20,6.5,6.9,11.1,4.2,1.4,5.4,0,0,0,0,0,,,,,,,,
호소,대청호,회남,2025-01-20,7,7,10.8,3.7,1.8,4.5,0,0,0,0,0,,,,,,,,
호소,대청호,문의,2025-01-20,7.3,6.8,9.5,3,2.6,4.9,0,0,0,0,0,,,,,,,,
호소,대청호,추동,2025-01-31,,,,,,,,,,,,,,,,,,,
호소,대청호,회남,2025-01-31,,,,,,,,,,,,,,,,,,,
호소,대청호,문의,2025-01-31,,,,,,,,,,,,,,,,,,,
호소,대청호,추동,2025-02-03,6,7.1,11.2,4.1,1.2,5.7,0,0,0,0,0,,,,,,,,
호소,대청호,회남,2025-02-03,6,7,11.2,4.3,1.5,4.8,0,0,0,0,0,,,,,,,,
호소,대청호,문의,2025-02-03,6.4,6.8,10.2,3.5,1.6,4.2,0,0,0,0,0,,,,,,,,
호소,대청호,문의,2025-02-10,5.4,6.8,11.1,4.7,1.5,5.6,0,0,0,0,0,,,,,,,,
호소,대청호,추동,2025-02-10,4.8,7,12.1,3.4,1.5,6.7,0,0,0,0,0,,,,,,,,
호소,대청호,회남,2025-02-10,5.3,7,11.6,3.7,1.6,4.8,0,0,0,0,0,,,,,,,,
호소,대청호,문의,2025-02-17,5.6,6.7,11.5,3.6,1.3,6.1,0,0,0,0,0,,,,,,,,
호소,대청호,회남,2025-02-17,5.2,6.9,11.8,4.1,1.3,4.2,74,0,0,0,74,,,,,,,,
호소,대청호,추동,2025-02-17,4.8,6.9,12.3,3.1,1.6,6.2,0,0,0,0,0,,,,,,,,
호소,대청호,추동,2025-02-24,4.5,7,12.7,3.2,1.5,5.8,0,0,0,0,0,,,,,,,,
호소,대청호,회남,2025-02-24,4.9,7,12.1,3.7,1.7,4.4,0,0,0,0,0,,,,,,,,
호소,대청호,문의,2025-02-24,5.1,6.9,12.2,2.5,1.4,6.3,0,0,0,0,0,,,,,,,,
호소,대청호,문의,2025-03-04,5.3,7.1,12,3.1,2,6.8,0,0,0,0,0,,,,,,,,
호소,대청호,추동,2025-03-04,5.2,7.2,12.7,2.9,7.7,7.1,0,0,0,0,0,,,,,,,,
호소,대청호,회남,2025-03-04,4.9,7.1,12.2,3.3,1.6,4.9,130,0,0,0,130,,,,,,,,
호소,대청호,문의,2025-03-10,6.2,7,12.3,3.8,1.4,2.4,0,0,0,0,0,,,,,,,,
호소,대청호,추동,2025-03-10,6.1,7.3,13,3.2,1.5,6.8,0,0,0,0,0,,,,,,,,
호소,대청호,회남,2025-03-10,5.7,7.3,12.5,3.5,1.7,4.5,24,0,0,0,24,,,,,,,,
호소,대청호,추동,2025-03-17,6.9,7.3,12.6,3.2,2.1,4.1,22,0,0,0,22,,,,,,,,
호소,대청호,문의,2025-03-17,7.1,7.4,12.3,3.8,1.1,4.9,0,0,0,0,0,,,,,,,,
호소,대청호,회남,2025-03-17,5.8,7.3,12.3,3.3,2.1,2.5,0,0,0,0,0,,,,,,,,
호소,대청호,회남,2025-03-24,9.5,7.3,11.5,2.5,1.3,1.7,0,0,0,0,0,,,,,,,,
호소,대청호,문의,2025-03-24,10.3,7.1,11.8,2.3,1.5,2.1,0,0,0,0,0,,,,,,,,
호소,대청호,추동,2025-03-24,7.2,7.3,12.1,4.5,1.6,1.5,0,0,0,0,0,,,,,,,,
호소,대청호,회남,2025-03-31,7.9,7.1,11.7,4.4,2.1,3.8,122,0,0,0,122,,,,,,,,
호소,대청호,문의,2025-03-31,8.4,7,11.6,3.8,2.1,2.7,36,0,0,0,36,,,,,,,,
호소,대청호,추동,2025-03-31,8.2,7.1,11.8,3.5,1.8,4.8,0,0,0,0,0,,,,,,,,
호소,대청호,회남,2025-04-08,8.8,7.3,11.6,4.7,0.9,2.8,0,0,0,0,0,,,,,,,,
호소,대청호,문의,2025-04-08,10.3,7.2,11.9,3,1.4,1.8,0,0,0,0,0,,,,,,,,
호소,대청호,추동,2025-04-08,8.6,7.4,11.7,3.7,1.5,2.7,0,0,0,0,0,,,,,,,,
호소,대청호,문의,2025-04-14,11,8.1,11.5,2.3,1.8,6.8,0,0,0,0,0,,,,,,,,
호소,대청호,추동,2025-04-14,8.8,7.8,11.3,2.3,2.3,4.8,0,0,0,0,0,,,,,,,,
호소,대청호,회남,2025-04-14,8.8,7.9,11.4,2.8,1.6,5.6,0,0,0,0,0,,,,,,,,
호소,대청호,문의,2025-04-21,12.6,8.2,11.2,3,1.4,3.3,54,0,0,0,54,,,,,,,,
호소,대청호,추동,2025-04-21,14,7.9,9.3,3.6,1.7,2.2,0,0,0,0,0,,,,,,,,
호소,대청호,회남,2025-04-21,10.2,8.1,11.1,3.3,1.5,6.7,0,0,0,0,0,,,,,,,,
호소,대청호,회남,2025-04-28,10.4,7.9,10.6,3.4,1.5,3.4,0,0,0,0,0,,,,,,,,
호소,대청호,문의,2025-04-28,12.7,8,11.1,3,1.4,3.2,0,0,0,0,0,,,,,,,,
호소,대청호,추동,2025-04-28,11.5,7.8,10.6,3.5,2.2,3.1,0,0,0,0,0,,,,,,,,
호소,대청호,문의,2025-05-07,14.4,8,10.6,3,2,2.6,0,0,0,0,0,,,,,,,,
호소,대청호,회남,2025-05-07,10.9,7.6,9.7,6.6,1.2,1.2,0,0,0,0,0,,,,,,,,
호소,대청호,추동,2025-05-07,12.4,7.7,10,3.8,1.7,2.4,0,0,0,0,0,,,,,,,,
호소,대청호,추동,2025-05-12,12.6,7.7,10.2,3.7,1.6,3.3,0,0,0,0,0,,,,,,,,
호소,대청호,회남,2025-05-12,11.3,7.6,9.4,5.5,1.7,2.1,0,0,0,0,0,,,,,,,,
호소,대청호,문의,2025-05-12,14.7,7.9,10.3,3.7,2.1,3.2,0,0,0,0,0,,,,,,,,
호소,대청호,문의,2025-05-19,15.3,8.3,10.1,3.5,1.7,3.3,0,0,0,0,0,,,,,,,,
호소,대청호,추동,2025-05-19,14.8,8.1,10.2,3.5,2,4.8,0,0,0,0,0,,,,,,,,
호소,대청호,회남,2025-05-19,12,8,8.9,4.3,1.4,2.8,0,0,0,0,0,,,,,,,,
호소,대청호,회남,2025-05-26,12.8,7.7,8.4,5.1,1.3,4.3,24,0,24,0,0,,,,,,,,
호소,대청호,추동,2025-05-26,15,7.9,9.7,2.8,1.4,4.3,0,0,0,0,0,,,,,,,,
호소,대청호,문의,2025-05-26,17,8.2,10,5.7,1.2,3.2,72,0,0,0,72,,,,,,,,
호소,대청호,문의,2025-06-02,19.1,8.4,10.2,5.5,1.2,3.2,56,0,0,0,56,,,,,,,,
호소,대청호,회남,2025-06-02,13.5,7.7,7.9,4.5,1.7,3.5,0,0,0,0,0,,,,,,,,
호소,대청호,추동,2025-06-02,16.9,8,9.4,4.3,1.3,3.4,0,0,0,0,0,,,,,,,,
호소,대청호,회남,2025-06-09,15.5,7.7,6.7,3.6,1.4,4,210,200,0,0,10,,,,,,,,
호소,대청호,문의,2025-06-09,22.1,8.5,9.8,2.5,1.2,4.9,67,0,0,0,67,,,,,,,,
호소,대청호,추동,2025-06-09,18.5,8.1,9.5,2.9,1.5,5.6,0,0,0,0,0,,,,,,,,
호소,대청호,문의,2025-06-16,23.3,8.6,9.7,3.6,1.2,6.3,111,0,0,0,111,,,,,,,,
호소,대청호,회남,2025-06-16,16.1,7.5,4.7,2.3,2.1,5.5,24,0,0,0,24,,,,,,,,
호소,대청호,추동,2025-06-16,21.7,8.1,8.9,2.4,2,7.6,38,0,0,0,38,,,,,,,,
호소,대청호,회남,2025-06-23,18.9,7.5,4.7,1.9,6.1,5.8,191,130,0,0,61,,,,,,,,
호소,대청호,추동,2025-06-23,24.4,8.1,8.5,2.3,2.5,6.6,146,100,0,0,46,,,,,,,,
호소,대청호,문의,2025-06-23,25.5,8.1,8.3,1.8,4.2,5.7,90,0,0,0,90,,,,,,,,
호소,대청호,추동,2025-06-30,24.8,7.9,6.5,2,2.4,5.7,331,150,168,0,13,,,,,,,,
호소,대청호,회남,2025-06-30,21,7.8,6,1.7,4.1,5,626,570,0,0,56,,,,,,,,
호소,대청호,문의,2025-06-30,25.1,7.9,7,2.2,1.9,4.7,118,72,0,0,46,,,,,,,,
호소,대청호,추동,2025-07-07,25.5,8,5.7,2.7,2.8,7.1,982,540,188,0,254,,,,,,,,
호소,대청호,회남,2025-07-07,21.7,7.8,5.7,3.7,3.4,4.1,620,620,0,0,0,,,,,,,,
호소,대청호,문의,2025-07-07,26,8,5.6,3.3,1.7,6.8,759,590,0,0,169,,,,,,,,
호소,대청호,회남,2025-07-14,20.6,8.6,6.8,1.3,3.3,7.4,1276,840,0,0,436,,,,,,,,
호소,대청호,문의,2025-07-14,26,8.1,5.3,3.4,2.2,4.7,569,30,0,0,539,,,,,,,,
호소,대청호,추동,2025-07-14,24.9,7.9,4.3,2.4,2.2,5.6,826,810,0,0,16,,,,,,,,
호소,대청호,문의,2025-07-21,24.7,7.9,5.1,2.4,5.4,7.6,9948,7760,0,0,2188,,,,,,,,
호소,대청호,추동,2025-07-21,25.1,7.7,3.9,2.2,6.4,6.7,1073,820,0,0,253,,,,,,,,
호소,대청호,회남,2025-07-21,20.6,7.7,5.3,1.3,14.4,8.4,710,250,0,0,460,,,,,,,,
호소,대청호,문의,2025-07-28,26.9,7.8,4.5,2.9,3.3,3.8,3096,2842,110,0,144,,,,,,,,
호소,대청호,추동,2025-07-28,25,7.3,3.9,2.5,4.2,1.4,950,817,0,0,133,,,,,,,,
호소,대청호,회남,2025-07-28,25,7.8,6.7,2.1,6.9,6.6,4705,4547,0,0,158,,,,,,,,
호소,대청호,문의,2025-08-04,26.9,8.5,5.6,1.1,4.2,20,17585,3273,348,0,13964,,,,,,,,
호소,대청호,회남,2025-08-04,24.5,7.7,6.7,0.9,8.1,18.1,23323,22433,0,0,890,,,,,,,,
호소,대청호,추동,2025-08-04,25.2,7.9,4.7,2.1,4,7.8,896,513,0,107,276,,,,,,,,
호소,대청호,문의,2025-08-11,27.6,8.1,4.9,1.2,3.7,15.8,11129,10610,0,340,179,,,0.3,0.2,정량한계미만,0.1,정량한계미만,정량한계미만
호소,대청호,추동,2025-08-11,26.3,7.8,5.4,2.3,2.9,12.6,4228,3430,0,381,417,,,,,,,,
호소,대청호,회남,2025-08-11,24.4,8,6.7,0.8,11.9,30.4,38665,38627,0,0,38,,,1,0.9,정량한계미만,0.3,정량한계미만,정량한계미만
호소,대청호,회남,2025-08-13,24.6,7.7,5,0.9,11,15.7,23733,23713,0,0,20,정량한계미만,정량한계미만,0.8,0.5,정량한계미만,0.1,정량한계미만,정량한계미만
호소,대청호,문의,2025-08-13,28.1,8.4,5.6,1.3,3.4,14.7,9922,9413,0,380,129,정량한계미만,4,0.5,0.4,정량한계미만,0.1,정량한계미만,정량한계미만
호소,대청호,회남,2025-08-18,24.2,8.1,6.6,0.4,38,31.9,194194,194125,0,0,69,정량한계미만,정량한계미만,2.4,3.2,0.2,0.5,0.1,0.2
호소,대청호,추동,2025-08-18,27.5,7.8,5,1.4,4.4,9.9,9604,9145,0,185,274,,,,,,,,
호소,대청호,문의,2025-08-18,28.3,8,3.8,1.3,3.9,9.1,11661,10678,0,871,112,정량한계미만,정량한계미만,0.2,0.3,정량한계미만,정량한계미만,정량한계미만,정량한계미만
호소,대청호,회남,2025-08-21,26,8,6.4,0.6,10.1,15.2,40667,40505,0,0,162,정량한계미만,정량한계미만,0.6,1,0.1,0.2,정량한계미만,0.1
호소,대청호,문의,2025-08-21,29.4,8.1,4.3,1.5,7,12.4,28737,28620,0,0,117,정량한계미만,정량한계미만,0.4,0.6,정량한계미만,0.1,정량한계미만,0.1
호소,대청호,추동,2025-08-25,27,7.9,4,1.7,2.9,16,7460,4513,125,2360,462,,,,,,,,
호소,대청호,회남,2025-08-25,25.4,7.9,5.9,0.8,9.3,14.1,24560,24195,0,0,365,정량한계미만,정량한계미만,0.4,0.6,정량한계미만,0.1,정량한계미만,0.1
호소,대청호,문의,2025-08-25,28.9,7.9,3.7,2.3,4.9,10.1,22641,19588,0,2737,316,정량한계미만,3,0.5,0.8,정량한계미만,0.1,정량한계미만,0.1
호소,대청호,회남,2025-08-28,26,8.1,4.7,0.8,12.3,13.9,28182,27818,0,0,364,정량한계미만,정량한계미만,0.2,0.4,정량한계미만,0.1,정량한계미만,정량한계미만
호소,대청호,문의,2025-08-28,28.8,8.2,3.8,1.7,4.4,12.4,12484,11136,0,1059,289,정량한계미만,3,0.4,0.7,정량한계미만,0.1,정량한계미만,0.1
호소,대청호,추동,2025-09-01,27.2,7.6,4.4,1.7,3.6,5.7,5412,3971,117,132,1192,,,,,,,,
호소,대청호,회남,2025-09-01,25.4,7.9,4.4,1.1,8.9,10.3,30536,30071,0,0,465,정량한계미만,정량한계미만,0.4,0.7,0.1,0.1,정량한계미만,0.1
호소,대청호,문의,2025-09-01,28.9,8.1,3.7,1.6,5.7,7.4,8565,7971,0,308,286,정량한계미만,3,0.2,0.5,정량한계미만,정량한계미만,정량한계미만,정량한계미만
호소,대청호,문의,2025-09-04,28,8,3.5,2.1,4.5,6.4,7885,7139,18,625,103,정량한계미만,4,0.2,0.3,정량한계미만,정량한계미만,정량한계미만,정량한계미만
호소,대청호,회남,2025-09-04,24.4,8,4.1,0.8,9.8,8.5,26975,26248,0,0,727,정량한계미만,정량한계미만,0.3,0.5,정량한계미만,0.1,정량한계미만,정량한계미만
호소,대청호,회남,2025-09-08,24,7.6,3.2,1,9.2,11.8,24974,24011,0,0,963,정량한계미만,정량한계미만,0.4,0.6,정량한계미만,0.1,정량한계미만,정량한계미만
호소,대청호,문의,2025-09-08,27.9,8.2,3.4,2,4.3,4.3,6920,6682,0,215,23,정량한계미만,5,0.1,0.2,정량한계미만,정량한계미만,정량한계미만,정량한계미만
호소,대청호,추동,2025-09-08,27.1,7.8,4.8,1.6,6.8,8.9,15506,14118,0,1015,373,,,,,,,,
호소,대청호,회남,2025-09-11,25.2,7.7,2.5,1.3,9.8,8.3,23710,23660,0,0,50,정량한계미만,정량한계미만,0.3,0.4,정량한계미만,정량한계미만,정량한계미만,정량한계미만
호소,대청호,추동,2025-09-15,26.1,7.6,4.6,1.8,7.5,14.2,30297,28930,233,418,716,,,0.6,1.1,정량한계미만,0.1,정량한계미만,정량한계미만
호소,대청호,회남,2025-09-15,24.8,7.6,2.9,1,13,9.2,23673,23542,0,0,131,정량한계미만,정량한계미만,0.4,0.6,정량한계미만,0.1,정량한계미만,정량한계미만
호소,대청호,문의,2025-09-15,27.8,8.5,5.1,2,5.1,6.6,14821,12888,0,1672,261,,,,,,,,
호소,대청호,추동,2025-09-18,26.3,8,5.2,1.3,5.8,16.5,26209,24423,446,430,910,72,정량한계미만,0.8,0.8,정량한계미만,0.1,정량한계미만,정량한계미만
호소,대청호,회남,2025-09-18,24.3,7.7,3.1,1.5,7.3,6,10402,10320,0,0,82,정량한계미만,정량한계미만,0.5,0.4,정량한계미만,0.1,정량한계미만,정량한계미만
호소,대청호,추동,2025-09-22,25.8,7.5,6.5,1.9,6.3,14.1,13172,11597,307,468,800,118,정량한계미만,0.4,0.4,정량한계미만,0.1,정량한계미만,정량한계미만
호소,대청호,문의,2025-09-22,26.2,7.7,5.5,2,4.7,4.3,12733,10679,0,1760,294,,,0.4,0.4,정량한계미만,0.1,정량한계미만,정량한계미만
호소,대청호,회남,2025-09-22,23.3,7.1,3.3,1.9,6.6,5.2,7141,7050,0,0,91,정량한계미만,3,0.3,0.2,정량한계미만,정량한계미만,정량한계미만,정량한계미만
호소,대청호,문의,2025-09-25,26,7.9,6.1,2.5,4.3,9,11498,9369,0,1865,264,정량한계미만,4,0.5,0.5,정량한계미만,0.1,정량한계미만,정량한계미만
호소,대청호,추동,2025-09-25,25.6,7.7,6.3,1.5,6.7,16.9,26287,21755,924,2933,675,143,정량한계미만,0.5,0.5,정량한계미만,0.1,정량한계미만,정량한계미만
호소,대청호,회남,2025-09-25,23.4,7.1,2.7,1,4.7,7,8609,8521,0,0,88,정량한계미만,3,0.4,0.3,정량한계미만,0.1,정량한계미만,정량한계미만
호소,대청호,회남,2025-09-29,22.8,7.1,3.4,2.4,4,5.5,12387,12111,0,175,101,정량한계미만,정량한계미만,0.3,0.3,정량한계미만,정량한계미만,정량한계미만,정량한계미만
호소,대청호,추동,2025-09-29,25.2,7.5,5.8,1.7,4.9,17.4,14209,12505,326,634,744,78,정량한계미만,0.4,0.4,정량한계미만,0.1,정량한계미만,정량한계미만
호소,대청호,문의,2025-09-29,25.7,7.5,6.2,2.7,3.4,4.8,8407,7180,0,1010,217,정량한계미만,정량한계미만,0.3,0.3,정량한계미만,정량한계미만,정량한계미만,정량한계미만
호소,대청호,추동,2025-10-01,25.1,7.5,5.8,1.5,6.9,15.6,12170,10396,150,1289,335,85,정량한계미만,0.5,0.4,정량한계미만,0.1,정량한계미만,정량한계미만
호소,대청호,문의,2025-10-01,25.5,7.5,5.8,2,2.9,6.4,9946,8711,0,770,465,정량한계미만,정량한계미만,0.3,0.3,정량한계미만,정량한계미만,정량한계미만,정량한계미만
호소,대청호,추동,2025-10-08,24.1,7.6,7.4,1.2,5.6,27.7,23868,21513,667,1140,548,167,정량한계미만,0.4,0.4,정량한계미만,0.1,정량한계미만,정량한계미만
호소,대청호,회남,2025-10-10,23.2,7.1,4.1,2.3,2.3,4.7,3314,2854,57,80,323,,,0.1,0.1,정량한계미만,0,정량한계미만,정량한계미만
호소,대청호,문의,2025-10-10,24.3,7.4,6.3,2.7,3,10.4,13254,9414,0,2042,1798,,,,,,,,
호소,대청호,추동,2025-10-10,24,7.4,7.4,1.6,5.1,29.3,25014,21399,229,2789,597,84,정량한계미만,0.4,0.5,정량한계미만,0.1,정량한계미만,정량한계미만
호소,대청호,문의,2025-10-13,23.9,7.2,5.2,2.6,3.4,8.2,8730,6490,0,1505,735,,,0.2,0.2,정량한계미만,0,정량한계미만,정량한계미만
호소,대청호,회남,2025-10-14,22.8,7.3,5.9,2.9,3.9,11.7,5465,4851,66,380,168,,,,,,,,
호소,대청호,추동,2025-10-14,23.5,7.2,5.4,1.9,4.7,22.3,18134,15825,0,2000,309,정량한계미만,정량한계미만,0.6,0.5,정량한계미만,0.1,정량한계미만,정량한계미만
호소,대청호,추동,2025-10-16,23.5,7.5,7.5,1.6,6.9,21.3,17406,16305,0,755,346,6,정량한계미만,0.6,0.5,정량한계미만,0.1,정량한계미만,정량한계미만
호소,대청호,문의,2025-10-20,22.8,7.3,6.4,2,2.6,11.7,10083,7521,0,2495,67,,,,,,,,
호소,대청호,회남,2025-10-20,22,7.3,7.2,1.8,3.5,10.9,4051,3469,0,515,67,,,,,,,,
호소,대청호,추동,2025-10-20,22.8,7.3,7.3,1.6,6.7,20.8,13266,11442,0,1675,149,정량한계미만,정량한계미만,0.4,0.5,정량한계미만,정량한계미만,정량한계미만,정량한계미만
호소,대청호,추동,2025-10-22,22.2,7.3,7.4,1.4,4.9,20.4,14385,12897,0,1305,183,정량한계미만,정량한계미만,0.3,0.8,정량한계미만,정량한계미만,정량한계미만,정량한계미만
호소,대청호,문의,2025-10-27,21.2,7.1,7,2.4,3.1,22.1,7472,7214,0,32,226,,,0.1,0.3,정량한계미만,정량한계미만,정량한계미만,정량한계미만
호소,대청호,추동,2025-10-27,21.2,7.3,7.7,1.6,4.5,20.6,14127,13466,0,510,151,정량한계미만,정량한계미만,0.3,0.8,정량한계미만,정량한계미만,정량한계미만,정량한계미만
호소,대청호,회남,2025-10-27,20.7,7.3,7.3,2.7,3,12.6,2653,2493,0,85,75,,,,,,,,
호소,대청호,추동,2025-10-29,20.6,7.5,8.1,1.4,5,16.8,15860,15608,0,86,166,정량한계미만,정량한계미만,0.2,0.7,정량한계미만,정량한계미만,정량한계미만,정량한계미만
호소,대청호,회남,2025-11-03,19.5,5.9,7.8,2.3,4.6,15.2,2050,2031,0,0,19,,,,,,,,
호소,대청호,문의,2025-11-03,19.5,7.4,8.1,2,3.5,21,9342,9232,0,30,80,,,,,,,,
호소,대청호,추동,2025-11-03,19.4,7.5,8.8,1.5,5.9,21.3,18429,18381,0,0,48,정량한계미만,정량한계미만,0.2,0.6,정량한계미만,정량한계미만,정량한계미만,정량한계미만
호소,대청호,추동,2025-11-06,19,7.4,8.6,1.7,4.3,15.9,15606,15432,0,0,174,정량한계미만,정량한계미만,0.1,0.4,정량한계미만,정량한계미만,정량한계미만,정량한계미만
호소,대청호,문의,2025-11-10,18.7,7.5,8.6,2.1,3,28.1,7664,7618,0,0,46,,,,,,,,
호소,대청호,회남,2025-11-10,18.1,7.6,8.1,2.9,2,7.4,1780,1700,0,0,80,,,,,,,,
호소,대청호,추동,2025-11-10,18.5,7.6,8.8,1.9,4.2,13.2,14645,14431,0,0,214,정량한계미만,정량한계미만,0.1,0.3,정량한계미만,정량한계미만,정량한계미만,정량한계미만
호소,대청호,추동,2025-11-13,17.9,7.6,9,2.3,3.2,12.1,17266,17183,0,0,83,정량한계미만,정량한계미만,0.1,0.3,정량한계미만,정량한계미만,정량한계미만,정량한계미만
호소,대청호,회남,2025-11-17,17.2,7.5,8.2,2.2,1.7,7.8,2280,2241,0,0,39,,,,,,,,
호소,대청호,추동,2025-11-17,17.2,7.7,9,2.1,3.1,13.3,13499,13382,0,8,109,정량한계미만,정량한계미만,0.1,0.2,정량한계미만,정량한계미만,정량한계미만,정량한계미만
호소,대청호,문의,2025-11-17,17.4,7.5,8,2.8,1.7,13.3,2473,2473,0,0,0,,,,,,,,
호소,대청호,추동,2025-11-20,16.3,7.6,9.3,2.2,6.8,7.1,9630,9524,0,0,106,정량한계미만,정량한계미만,0.1,0.2,정량한계미만,정량한계미만,정량한계미만,정량한계미만
호소,대청호,회남,2025-11-24,16.1,7.6,8.4,2.5,1.9,7.2,893,825,0,25,43,,,,,,,,
호소,대청호,추동,2025-11-24,15.8,7.8,9.4,3,2.4,13.4,4238,4073,0,0,165,정량한계미만,정량한계미만,0.1,0.1,정량한계미만,정량한계미만,정량한계미만,정량한계미만
호소,대청호,문의,2025-11-24,16.2,7.5,8,4.1,1.1,9.3,1108,1108,0,0,0,,,,,,,,
호소,대청호,문의,2025-12-01,15.1,7.7,9,3.6,1.2,9.8,169,152,0,0,17,,,,,,,,
호소,대청호,추동,2025-12-01,14.6,7.7,9.6,3,5.4,13.4,1638,1432,7,0,199,,,,,,,,
호소,대청호,회남,2025-12-01,14.8,7.6,9,3.4,1.7,8.4,117,0,0,95,22,,,,,,,,
호소,대청호,회남,2025-12-08,13.2,7.7,9.3,3.7,1.8,6.7,174,85,0,0,89,,,,,,,,
호소,대청호,추동,2025-12-08,12.8,7.8,10,3,1.6,8.8,547,290,40,0,217,,,,,,,,
호소,대청호,문의,2025-12-08,13.4,7.5,8.8,3.6,1.3,9,110,110,0,0,0,,,,,,,,
호소,대청호,추동,2025-12-15,11.7,7.8,10,3.7,1.2,6.1,392,210,0,0,182,,,,,,,,
호소,대청호,회남,2025-12-15,12,7.7,9.4,3.5,3.5,6.1,233,200,0,0,33,,,,,,,,
호소,대청호,문의,2025-12-15,12.1,7.7,9.5,3.6,1.2,9.1,175,170,0,0,5,,,,,,,,
호소,대청호,회남,2025-12-22,10.6,7.6,9.6,3.7,2.6,6.1,0,0,0,0,0,,,,,,,,
호소,대청호,문의,2025-12-22,11.1,7.6,9.4,4,1.2,9.8,55,55,0,0,0,,,,,,,,
호소,대청호,추동,2025-12-22,10.9,7.7,9.7,3.6,1.2,8.1,141,0,0,0,141,,,,,,,,
호소,대청호,회남,2025-12-29,9.8,7.6,9.8,3.8,1.3,7.1,138,0,0,0,138,,,,,,,,
호소,대청호,문의,2025-12-29,10,7.4,8.7,2.7,1.6,4.3,0,0,0,0,0,,,,,,,,
호소,대청호,추동,2025-12-29,9.4,7.6,10,3.2,1.4,5.4,206,120,0,0,86,,,,,,,,
호소,대청호,회남,2026-01-05,8,7.7,11,3.7,1.4,3.7,265,52,0,0,213,,,,,,,,
호소,대청호,문의,2026-01-05,8.8,7.5,9.8,2.4,1.5,3.7,0,0,0,0,0,,,,,,,,
호소,대청호,추동,2026-01-05,8.5,7.6,10.4,4,1.6,4.5,49,0,0,0,49,,,,,,,,
호소,대청호,회남,2026-01-12,7.1,7.8,11.1,4.1,1.4,4.7,18,0,0,0,18,,,,,,,,
호소,대청호,문의,2026-01-12,7.4,7.6,10,2.7,2.7,3.5,0,0,0,0,0,,,,,,,,
호소,대청호,추동,2026-01-12,7.5,7.7,10.7,3,1.5,2.3,50,0,0,0,50,,,,,,,,
호소,대청호,추동,2026-01-19,7,7.4,10.7,3.5,1.4,4.8,0,0,0,0,0,,,,,,,,
호소,대청호,문의,2026-01-19,7.5,7.2,9.2,2.5,1.6,2.9,160,160,0,0,0,,,,,,,,
호소,대청호,회남,2026-01-19,6.8,7.3,10.9,3.8,1.6,4.7,303,130,0,0,173,,,,,,,,
호소,대청호,회남,2026-01-26,5.5,7.7,11.4,4.8,1.2,4.3,359,0,0,0,359,,,,,,,,
호소,대청호,문의,2026-01-26,6.2,7.4,10.1,3.2,1.6,3.4,0,0,0,0,0,,,,,,,,
호소,대청호,추동,2026-01-26,5.9,7.6,11.2,5,1.4,3.8,136,0,0,0,136,,,,,,,,
호소,대청호,추동,2026-02-02,4.8,7.6,11.8,4,1.4,3.3,268,0,0,0,268,,,,,,,,
호소,대청호,회남,2026-02-02,5.2,7.6,11.5,4.7,1.6,4.7,92,0,0,0,92,,,,,,,,
호소,대청호,문의,2026-02-02,5.7,7.4,10.4,3.5,2.4,3.1,150,94,0,0,56,,,,,,,,
호소,대청호,추동,2026-02-09,4.6,7.6,11.9,3.8,1.2,4.1,226,0,0,0,226,,,,,,,,
호소,대청호,회남,2026-02-09,4.9,7.7,11.8,2.7,1.1,5.1,128,0,0,0,128,,,,,,,,
호소,대청호,문의,2026-02-09,5.2,7.5,11.2,3.1,1.8,2.2,226,74,0,0,152,,,,,,,,
호소,대청호,문의,2026-02-19,5.8,7.5,11.3,3.2,1.7,4.2,0,0,0,0,0,,,,,,,,
호소,대청호,추동,2026-02-19,5.2,7.7,12.3,3.8,1.3,5,124,0,0,0,124,,,,,,,,
호소,대청호,회남,2026-02-19,5.1,7.5,12,4.8,1.4,5,36,0,0,0,36,,,,,,,,
호소,대청호,추동,2026-02-23,5.6,7.7,12.2,4,1.5,4.2,136,0,0,0,136,,,,,,,,
호소,대청호,문의,2026-02-23,6.1,7.5,11.4,3.7,1.4,4.3,172,0,0,0,172,,,,,,,,
호소,대청호,회남,2026-02-23,5.3,7.7,12.1,3.7,1.5,4.8,142,0,0,0,142,,,,,,,,
호소,대청호,추동,2026-03-03,6.2,7.7,12.2,3.2,2.2,4.1,244,0,0,0,244,,,,,,,,
호소,대청호,회남,2026-03-03,5.6,7.8,12.1,3.5,1.4,4.5,68,0,0,0,68,,,,,,,,
호소,대청호,문의,2026-03-03,5.9,7.5,11.2,3.5,1.6,4,128,0,0,0,128,,,,,,,,
호소,대청호,문의,2026-03-09,6.2,7.6,11.4,3.4,1.3,4.2,0,0,0,0,0,,,,,,,,
호소,대청호,회남,2026-03-09,5.6,7.7,12.3,3.5,2.3,4.8,78,0,0,0,78,,,,,,,,
호소,대청호,추동,2026-03-09,6.2,7.8,12.2,3.5,2.3,4.7,349,0,0,0,349,,,,,,,,
호소,대청호,회남,2026-03-16,6.2,7.8,12.2,3.5,1.6,5.2,178,0,0,0,178,,,,,,,,
호소,대청호,추동,2026-03-16,7.1,7.9,12.3,3.3,1.6,4.3,373,0,0,0,373,,,,,,,,
호소,대청호,문의,2026-03-16,6.4,7.7,11.1,3.1,1,3.3,0,0,0,0,0,,,,,,,,
호소,대청호,추동,2026-03-23,7.9,7.8,11.8,3.6,1.8,5,63,63,0,0,0,,,,,,,,
호소,대청호,회남,2026-03-23,7,7.8,12,3.8,1.5,4,50,0,0,0,50,,,,,,,,
호소,대청호,문의,2026-03-23,7.2,7.7,11.4,3.1,1,3.3,27,0,0,0,27,,,,,,,,
호소,대청호,회남,2026-03-30,8.1,7.8,11.6,3.7,1.6,4.1,151,0,0,0,151,,,,,,,,
호소,대청호,문의,2026-03-30,8.6,7.8,11.4,3.5,1.5,3.5,72,0,0,0,72,,,,,,,,
호소,대청호,추동,2026-03-30,8.6,7.9,11.4,3.8,1.5,4,98,98,0,0,0,,,,,,,,
호소,대청호,추동,2026-04-06,9,7.7,11.4,3.2,1.7,4,0,0,0,0,0,,,,,,,,
호소,대청호,회남,2026-04-06,8.7,7.6,11.4,3.5,1,4.2,56,0,0,0,56,,,,,,,,
호소,대청호,문의,2026-04-06,12.4,7.9,11.3,2.9,1.4,3.4,0,0,0,0,0,,,,,,,,
호소,대청호,추동,2026-04-13,11.3,7.9,10.9,4.2,1.5,2,0,0,0,0,0,,,,,,,,
호소,대청호,문의,2026-04-13,13,8,11.1,3.1,1.8,2.6,13,0,0,0,13,,,,,,,,
호소,대청호,회남,2026-04-13,8.8,7.7,11.3,3.4,0.9,5.5,145,0,0,0,145,,,,,,,,
호소,대청호,추동,2026-04-20,12.7,8.1,11,3.4,2,3.8,0,0,0,0,0,,,,,,,,
호소,대청호,문의,2026-04-20,13.6,7.9,10.7,3.9,1.5,3.3,0,0,0,0,0,,,,,,,,
호소,대청호,회남,2026-04-20,9.7,8.1,10.9,3.5,1.4,4.3,54,0,0,0,54,,,,,,,,
호소,대청호,회남,2026-04-27,10.4,8.1,10.6,2,1.8,,0,0,0,0,0,,,,,,,,
호소,대청호,문의,2026-04-27,16.1,8.1,10.7,2.5,1.7,,0,0,0,0,0,,,,,,,,
호소,대청호,추동,2026-04-27,15.5,8.3,10.7,3.5,2.4,,0,0,0,0,0,,,,,,,,
