분류,지점명,채수위치,조사일,수온(℃),pH,DO(㎎/L),투명도,탁도,Chl-a (㎎/㎥),유해남조류 세포수 (cells/㎖),유해남조류 우점종 및 세포수(속별),유해남조류 우점종 및 세포수(속별).1,유해남조류 우점종 및 세포수(속별).2,유해남조류 우점종 및 세포수(속별).3,냄새물질 (ng/L),냄새물질 (ng/L).1,조류독소(㎍/L),조류독소(㎍/L).1,조류독소(㎍/L).2,조류독소(㎍/L).3,조류독소(㎍/L).4,조류독소(㎍/L).5,평균기온(°C),일강수량(mm),합계 일조시간(hr),합계 일사량(MJ/m2)
호소,대청호,문의,2015-01-05,8.8,8.2,13.3,2.9,1.7,4.5,0.0,0.0,0.0,0.0,0.0,0.0,0.0,0.0,0.7,0.0,0.0,0.0,0.0,3.2,6.1,4.1,7.64
호소,대청호,회남,2015-01-05,8.8,8.2,13.3,2.9,1.7,4.5,48.0,0.0,0.0,0.0,48.0,0.0,0.0,0.0,0.7,0.0,0.0,0.0,0.0,3.2,6.1,4.1,7.64
호소,대청호,추동,2015-01-05,8.8,8.2,13.3,2.9,1.7,4.5,0.0,0.0,0.0,0.0,0.0,0.0,0.0,0.0,0.7,0.0,0.0,0.0,0.0,3.2,6.1,4.1,7.64
호소,대청호,추동,2015-01-12,8.8,8.2,13.3,2.9,1.7,4.5,28.0,0.0,0.0,0.0,28.0,0.0,0.0,0.0,0.7,0.0,0.0,0.0,0.0,-1.8,0.0,8.9,12.35
호소,대청호,문의,2015-01-12,8.8,8.2,13.3,2.9,1.7,4.5,0.0,0.0,0.0,0.0,0.0,0.0,0.0,0.0,0.7,0.0,0.0,0.0,0.0,-1.8,0.0,8.9,12.35
호소,대청호,회남,2015-01-12,8.8,8.2,13.3,2.9,1.7,4.5,0.0,0.0,0.0,0.0,0.0,0.0,0.0,0.0,0.7,0.0,0.0,0.0,0.0,-1.8,0.0,8.9,12.35
호소,대청호,회남,2015-01-19,8.8,8.2,13.3,2.9,1.7,4.5,0.0,0.0,0.0,0.0,0.0,0.0,0.0,0.0,0.7,0.0,0.0,0.0,0.0,1.8,0.0,2.3,5.16
호소,대청호,문의,2015-01-19,8.8,8.2,13.3,2.9,1.7,4.5,0.0,0.0,0.0,0.0,0.0,0.0,0.0,0.0,0.7,0.0,0.0,0.0,0.0,1.8,0.0,2.3,5.16
호소,대청호,추동,2015-01-19,8.8,8.2,13.3,2.9,1.7,4.5,0.0,0.0,0.0,0.0,0.0,0.0,0.0,0.0,0.7,0.0,0.0,0.0,0.0,1.8,0.0,2.3,5.16
호소,대청호,회남,2015-01-26,8.8,8.2,13.3,2.9,1.7,4.5,0.0,0.0,0.0,0.0,0.0,0.0,0.0,0.0,0.7,0.0,0.0,0.0,0.0,5.3,0.3,0.0,1.82
호소,대청호,추동,2015-01-26,8.8,8.2,13.3,2.9,1.7,4.5,0.0,0.0,0.0,0.0,0.0,0.0,0.0,0.0,0.7,0.0,0.0,0.0,0.0,5.3,0.3,0.0,1.82
호소,대청호,문의,2015-01-26,8.8,8.2,13.3,2.9,1.7,4.5,0.0,0.0,0.0,0.0,0.0,0.0,0.0,0.0,0.7,0.0,0.0,0.0,0.0,5.3,0.3,0.0,1.82
호소,대청호,회남,2015-02-02,8.8,8.2,13.3,2.9,1.7,4.5,0.0,0.0,0.0,0.0,0.0,0.0,0.0,0.0,0.7,0.0,0.0,0.0,0.0,-0.5,0.0,8.0,13.14
호소,대청호,문의,2015-02-02,8.8,8.2,13.3,2.9,1.7,4.5,0.0,0.0,0.0,0.0,0.0,0.0,0.0,0.0,0.7,0.0,0.0,0.0,0.0,-0.5,0.0,8.0,13.14
호소,대청호,추동,2015-02-02,8.8,8.2,13.3,2.9,1.7,4.5,0.0,0.0,0.0,0.0,0.0,0.0,0.0,0.0,0.7,0.0,0.0,0.0,0.0,-0.5,0.0,8.0,13.14
호소,대청호,문의,2015-02-09,8.8,8.2,13.3,2.9,1.7,4.5,0.0,0.0,0.0,0.0,0.0,0.0,0.0,0.0,0.7,0.0,0.0,0.0,0.0,-4.5,0.0,9.1,14.99
호소,대청호,추동,2015-02-09,8.8,8.2,13.3,2.9,1.7,4.5,16.0,0.0,0.0,0.0,16.0,0.0,0.0,0.0,0.7,0.0,0.0,0.0,0.0,-4.5,0.0,9.1,14.99
호소,대청호,회남,2015-02-09,8.8,8.2,13.3,2.9,1.7,4.5,68.0,0.0,0.0,0.0,68.0,0.0,0.0,0.0,0.7,0.0,0.0,0.0,0.0,-4.5,0.0,9.1,14.99
호소,대청호,문의,2015-02-16,8.8,8.2,13.3,2.9,1.7,4.5,0.0,0.0,0.0,0.0,0.0,0.0,0.0,0.0,0.7,0.0,0.0,0.0,0.0,4.8,17.0,0.0,1.33
호소,대청호,추동,2015-02-16,8.8,8.2,13.3,2.9,1.7,4.5,52.0,0.0,0.0,0.0,52.0,0.0,0.0,0.0,0.7,0.0,0.0,0.0,0.0,4.8,17.0,0.0,1.33
호소,대청호,회남,2015-02-16,8.8,8.2,13.3,2.9,1.7,4.5,56.0,0.0,56.0,0.0,0.0,0.0,0.0,0.0,0.7,0.0,0.0,0.0,0.0,4.8,17.0,0.0,1.33
호소,대청호,추동,2015-02-23,8.8,8.2,13.3,2.9,1.7,4.5,132.0,0.0,0.0,0.0,132.0,0.0,0.0,0.0,0.7,0.0,0.0,0.0,0.0,3.0,0.0,6.9,15.66
호소,대청호,문의,2015-02-23,8.8,8.2,13.3,2.9,1.7,4.5,0.0,0.0,0.0,0.0,0.0,0.0,0.0,0.0,0.7,0.0,0.0,0.0,0.0,3.0,0.0,6.9,15.66
호소,대청호,회남,2015-02-23,8.8,8.2,13.3,2.9,1.7,4.5,0.0,0.0,0.0,0.0,0.0,0.0,0.0,0.0,0.7,0.0,0.0,0.0,0.0,3.0,0.0,6.9,15.66
호소,대청호,회남,2015-03-02,8.8,8.2,13.3,2.9,1.7,4.5,0.0,0.0,0.0,0.0,0.0,0.0,0.0,0.0,0.7,0.0,0.0,0.0,0.0,3.8,0.0,10.5,20.08
호소,대청호,문의,2015-03-02,8.8,8.2,13.3,2.9,1.7,4.5,48.0,0.0,0.0,0.0,48.0,0.0,0.0,0.0,0.7,0.0,0.0,0.0,0.0,3.8,0.0,10.5,20.08
호소,대청호,추동,2015-03-02,8.8,8.2,13.3,2.9,1.7,4.5,100.0,0.0,0.0,0.0,100.0,0.0,0.0,0.0,0.7,0.0,0.0,0.0,0.0,3.8,0.0,10.5,20.08
호소,대청호,회남,2015-03-09,8.8,8.2,13.3,2.9,1.7,4.5,158.0,0.0,0.0,0.0,158.0,0.0,0.0,0.0,0.7,0.0,0.0,0.0,0.0,4.4,0.0,9.1,18.79
호소,대청호,추동,2015-03-09,8.8,8.2,13.3,2.9,1.7,4.5,0.0,0.0,0.0,0.0,0.0,0.0,0.0,0.0,0.7,0.0,0.0,0.0,0.0,4.4,0.0,9.1,18.79
호소,대청호,문의,2015-03-09,8.8,8.2,13.3,2.9,1.7,4.5,0.0,0.0,0.0,0.0,0.0,0.0,0.0,0.0,0.7,0.0,0.0,0.0,0.0,4.4,0.0,9.1,18.79
호소,대청호,회남,2015-03-16,8.8,8.2,13.3,2.9,1.7,4.5,0.0,0.0,0.0,0.0,0.0,0.0,0.0,0.0,0.7,0.0,0.0,0.0,0.0,10.3,0.0,9.3,19.06
호소,대청호,추동,2015-03-16,8.8,8.2,13.3,2.9,1.7,4.5,94.0,0.0,0.0,0.0,94.0,0.0,0.0,0.0,0.7,0.0,0.0,0.0,0.0,10.3,0.0,9.3,19.06
호소,대청호,문의,2015-03-16,8.8,8.2,13.3,2.9,1.7,4.5,0.0,0.0,0.0,0.0,0.0,0.0,0.0,0.0,0.7,0.0,0.0,0.0,0.0,10.3,0.0,9.3,19.06
호소,대청호,추동,2015-03-23,8.8,8.2,13.3,2.9,1.7,4.5,0.0,0.0,0.0,0.0,0.0,0.0,0.0,0.0,0.7,0.0,0.0,0.0,0.0,5.3,0.0,11.6,24.63
호소,대청호,문의,2015-03-23,8.8,8.2,13.3,2.9,1.7,4.5,0.0,0.0,0.0,0.0,0.0,0.0,0.0,0.0,0.7,0.0,0.0,0.0,0.0,5.3,0.0,11.6,24.63
호소,대청호,회남,2015-03-23,8.8,8.2,13.3,2.9,1.7,4.5,0.0,0.0,0.0,0.0,0.0,0.0,0.0,0.0,0.7,0.0,0.0,0.0,0.0,5.3,0.0,11.6,24.63
호소,대청호,회남,2015-03-30,8.8,8.2,13.3,2.9,1.7,4.5,14.0,0.0,0.0,0.0,14.0,0.0,0.0,0.0,0.7,0.0,0.0,0.0,0.0,14.8,0.0,10.3,22.87
호소,대청호,문의,2015-03-30,8.8,8.2,13.3,2.9,1.7,4.5,0.0,0.0,0.0,0.0,0.0,0.0,0.0,0.0,0.7,0.0,0.0,0.0,0.0,14.8,0.0,10.3,22.87
호소,대청호,추동,2015-03-30,8.8,8.2,13.3,2.9,1.7,4.5,0.0,0.0,0.0,0.0,0.0,0.0,0.0,0.0,0.7,0.0,0.0,0.0,0.0,14.8,0.0,10.3,22.87
호소,대청호,문의,2015-04-06,8.8,8.2,13.3,2.9,1.7,4.5,0.0,0.0,0.0,0.0,0.0,0.0,0.0,0.0,0.7,0.0,0.0,0.0,0.0,10.4,2.1,0.0,5.41
호소,대청호,회남,2015-04-06,8.8,8.2,13.3,2.9,1.7,4.5,0.0,0.0,0.0,0.0,0.0,0.0,0.0,0.0,0.7,0.0,0.0,0.0,0.0,10.4,2.1,0.0,5.41
호소,대청호,추동,2015-04-06,8.8,8.2,13.3,2.9,1.7,4.5,0.0,0.0,0.0,0.0,0.0,0.0,0.0,0.0,0.7,0.0,0.0,0.0,0.0,10.4,2.1,0.0,5.41
호소,대청호,회남,2015-04-13,8.8,8.2,13.3,2.9,1.7,4.5,0.0,0.0,0.0,0.0,0.0,0.0,0.0,0.0,0.7,0.0,0.0,0.0,0.0,10.8,1.5,0.2,5.43
호소,대청호,문의,2015-04-13,8.8,8.2,13.3,2.9,1.7,4.5,0.0,0.0,0.0,0.0,0.0,0.0,0.0,0.0,0.7,0.0,0.0,0.0,0.0,10.8,1.5,0.2,5.43
호소,대청호,추동,2015-04-13,8.8,8.2,13.3,2.9,1.7,4.5,0.0,0.0,0.0,0.0,0.0,0.0,0.0,0.0,0.7,0.0,0.0,0.0,0.0,10.8,1.5,0.2,5.43
호소,대청호,회남,2015-04-20,8.8,8.2,13.3,2.9,1.7,4.5,18.0,0.0,0.0,0.0,18.0,0.0,0.0,0.0,0.7,0.0,0.0,0.0,0.0,11.5,13.0,0.0,3.63
호소,대청호,문의,2015-04-20,8.8,8.2,13.3,2.9,1.7,4.5,0.0,0.0,0.0,0.0,0.0,0.0,0.0,0.0,0.7,0.0,0.0,0.0,0.0,11.5,13.0,0.0,3.63
호소,대청호,추동,2015-04-20,8.8,8.2,13.3,2.9,1.7,4.5,0.0,0.0,0.0,0.0,0.0,0.0,0.0,0.0,0.7,0.0,0.0,0.0,0.0,11.5,13.0,0.0,3.63
호소,대청호,문의,2015-04-27,8.8,8.2,13.3,2.9,1.7,4.5,0.0,0.0,0.0,0.0,0.0,0.0,0.0,0.0,0.7,0.0,0.0,0.0,0.0,19.3,0.0,12.4,27.61
호소,대청호,추동,2015-04-27,8.8,8.2,13.3,2.9,1.7,4.5,0.0,0.0,0.0,0.0,0.0,0.0,0.0,0.0,0.7,0.0,0.0,0.0,0.0,19.3,0.0,12.4,27.61
호소,대청호,회남,2015-04-27,8.8,8.2,13.3,2.9,1.7,4.5,0.0,0.0,0.0,0.0,0.0,0.0,0.0,0.0,0.7,0.0,0.0,0.0,0.0,19.3,0.0,12.4,27.61
호소,대청호,문의,2015-05-04,8.8,8.2,13.3,2.9,1.7,4.5,0.0,0.0,0.0,0.0,0.0,0.0,0.0,0.0,0.7,0.0,0.0,0.0,0.0,16.4,0.0,11.8,27.61
호소,대청호,회남,2015-05-04,8.8,8.2,13.3,2.9,1.7,4.5,184.0,18.0,0.0,0.0,166.0,0.0,0.0,0.0,0.7,0.0,0.0,0.0,0.0,16.4,0.0,11.8,27.61
호소,대청호,추동,2015-05-04,8.8,8.2,13.3,2.9,1.7,4.5,0.0,0.0,0.0,0.0,0.0,0.0,0.0,0.0,0.7,0.0,0.0,0.0,0.0,16.4,0.0,11.8,27.61
호소,대청호,추동,2015-05-11,8.8,8.2,13.3,2.9,1.7,4.5,0.0,0.0,0.0,0.0,0.0,0.0,0.0,0.0,0.7,0.0,0.0,0.0,0.0,18.2,10.0,5.3,16.62
호소,대청호,문의,2015-05-11,8.8,8.2,13.3,2.9,1.7,4.5,0.0,0.0,0.0,0.0,0.0,0.0,0.0,0.0,0.7,0.0,0.0,0.0,0.0,18.2,10.0,5.3,16.62
호소,대청호,회남,2015-05-11,8.8,8.2,13.3,2.9,1.7,4.5,22.0,0.0,0.0,0.0,22.0,0.0,0.0,0.0,0.7,0.0,0.0,0.0,0.0,18.2,10.0,5.3,16.62
호소,대청호,추동,2015-05-18,8.8,8.2,13.3,2.9,1.7,4.5,44.0,0.0,44.0,0.0,0.0,0.0,0.0,0.0,0.7,0.0,0.0,0.0,0.0,18.7,0.0,5.6,18.34
호소,대청호,문의,2015-05-18,8.8,8.2,13.3,2.9,1.7,4.5,28.0,0.0,0.0,0.0,28.0,0.0,0.0,0.0,0.7,0.0,0.0,0.0,0.0,18.7,0.0,5.6,18.34
호소,대청호,회남,2015-05-18,8.8,8.2,13.3,2.9,1.7,4.5,540.0,280.0,86.0,0.0,174.0,10.0,0.0,0.0,0.7,0.0,0.0,0.0,0.0,18.7,0.0,5.6,18.34
호소,대청호,추동,2015-05-26,8.8,8.2,13.3,2.9,1.7,4.5,486.0,486.0,0.0,0.0,0.0,0.0,0.0,0.0,0.7,0.0,0.0,0.0,0.0,22.3,0.0,13.3,31.86
호소,대청호,회남,2015-05-26,8.8,8.2,13.3,2.9,1.7,4.5,16.0,0.0,0.0,0.0,16.0,8.0,0.0,0.0,0.7,0.0,0.0,0.0,0.0,22.3,0.0,13.3,31.86
호소,대청호,문의,2015-05-26,8.8,8.2,13.3,2.9,1.7,4.5,28.0,0.0,0.0,0.0,28.0,0.0,0.0,0.0,0.7,0.0,0.0,0.0,0.0,22.3,0.0,13.3,31.86
호소,대청호,문의,2015-06-01,8.8,8.2,13.3,2.9,1.7,4.5,0.0,0.0,0.0,0.0,0.0,0.0,0.0,0.0,0.7,0.0,0.0,0.0,0.0,23.3,0.0,12.5,28.27
호소,대청호,추동,2015-06-01,8.8,8.2,13.3,2.9,1.7,4.5,0.0,0.0,0.0,0.0,0.0,0.0,0.0,0.0,0.7,0.0,0.0,0.0,0.0,23.3,0.0,12.5,28.27
호소,대청호,회남,2015-06-01,8.8,8.2,13.3,2.9,1.7,4.5,0.0,0.0,0.0,0.0,0.0,0.0,0.0,0.0,0.7,0.0,0.0,0.0,0.0,23.3,0.0,12.5,28.27
호소,대청호,회남,2015-06-08,8.8,8.2,13.3,2.9,1.7,4.5,0.0,0.0,0.0,0.0,0.0,0.0,0.0,0.0,0.7,0.0,0.0,0.0,0.0,22.0,0.0,1.3,12.78
호소,대청호,문의,2015-06-08,8.8,8.2,13.3,2.9,1.7,4.5,120.0,86.0,0.0,0.0,34.0,0.0,0.0,0.0,0.7,0.0,0.0,0.0,0.0,22.0,0.0,1.3,12.78
호소,대청호,추동,2015-06-08,8.8,8.2,13.3,2.9,1.7,4.5,0.0,0.0,0.0,0.0,0.0,0.0,0.0,0.0,0.7,0.0,0.0,0.0,0.0,22.0,0.0,1.3,12.78
호소,대청호,추동,2015-06-15,8.8,8.2,13.3,2.9,1.7,4.5,540.0,540.0,0.0,0.0,0.0,0.0,0.0,0.0,0.7,0.0,0.0,0.0,0.0,24.9,0.0,5.1,19.87
호소,대청호,회남,2015-06-15,8.8,8.2,13.3,2.9,1.7,4.5,656.0,620.0,36.0,0.0,0.0,0.0,0.0,0.0,0.7,0.0,0.0,0.0,0.0,24.9,0.0,5.1,19.87
호소,대청호,문의,2015-06-15,8.8,8.2,13.3,2.9,1.7,4.5,0.0,0.0,0.0,0.0,0.0,0.0,0.0,0.0,0.7,0.0,0.0,0.0,0.0,24.9,0.0,5.1,19.87
호소,대청호,문의,2015-06-22,8.8,8.2,13.3,2.9,1.7,4.5,0.0,0.0,0.0,0.0,0.0,0.0,0.0,0.0,0.7,0.0,0.0,0.0,0.0,24.4,0.0,7.1,23.5
호소,대청호,회남,2015-06-22,8.8,8.2,13.3,2.9,1.7,4.5,644.0,420.0,224.0,0.0,0.0,0.0,0.0,0.0,0.7,0.0,0.0,0.0,0.0,24.4,0.0,7.1,23.5
호소,대청호,추동,2015-06-22,8.8,8.2,13.3,2.9,1.7,4.5,0.0,0.0,0.0,0.0,0.0,0.0,0.0,0.0,0.7,0.0,0.0,0.0,0.0,24.4,0.0,7.1,23.5
호소,대청호,추동,2015-06-29,8.8,8.2,13.3,2.9,1.7,4.5,2232.0,2064.0,0.0,36.0,132.0,0.0,0.0,0.0,0.7,0.0,0.0,0.0,0.0,25.7,0.0,10.1,26.28
호소,대청호,문의,2015-06-29,8.8,8.2,13.3,2.9,1.7,4.5,142.0,74.0,0.0,0.0,68.0,0.0,0.0,0.0,0.7,0.0,0.0,0.0,0.0,25.7,0.0,10.1,26.28
호소,대청호,회남,2015-06-29,8.8,8.2,13.3,2.9,1.7,4.5,78.0,0.0,78.0,0.0,0.0,0.0,0.0,0.0,0.7,0.0,0.0,0.0,0.0,25.7,0.0,10.1,26.28
호소,대청호,문의,2015-07-06,8.8,8.2,13.3,2.9,1.7,4.5,548.0,156.0,0.0,0.0,392.0,0.0,0.0,0.0,0.7,0.0,0.0,0.0,0.0,24.3,0.0,8.5,23.09
호소,대청호,회남,2015-07-06,8.8,8.2,13.3,2.9,1.7,4.5,292.0,220.0,8.0,0.0,64.0,6.0,0.0,0.0,0.7,0.0,0.0,0.0,0.0,24.3,0.0,8.5,23.09
호소,대청호,추동,2015-07-06,8.8,8.2,13.3,2.9,1.7,4.5,1502.0,1262.0,0.0,0.0,240.0,0.0,0.0,0.0,0.7,0.0,0.0,0.0,0.0,24.3,0.0,8.5,23.09
호소,대청호,회남,2015-07-13,8.8,8.2,13.3,2.9,1.7,4.5,260.0,220.0,0.0,0.0,40.0,18.0,11.0,0.0,0.7,0.0,0.0,0.0,0.0,23.9,4.6,0.1,6.15
호소,대청호,문의,2015-07-13,8.8,8.2,13.3,2.9,1.7,4.5,140.0,0.0,126.0,0.0,14.0,0.0,0.0,0.0,0.7,0.0,0.0,0.0,0.0,23.9,4.6,0.1,6.15
호소,대청호,추동,2015-07-13,8.8,8.2,13.3,2.9,1.7,4.5,422.0,240.0,0.0,0.0,182.0,0.0,0.0,0.0,0.7,0.0,0.0,0.0,0.0,23.9,4.6,0.1,6.15
호소,대청호,회남,2015-07-20,8.8,8.2,13.3,2.9,1.7,4.5,1406.0,934.0,346.0,0.0,126.0,12.0,0.0,0.0,0.7,0.0,0.0,0.0,0.0,27.4,0.0,4.2,19.86
호소,대청호,추동,2015-07-20,8.8,8.2,13.3,2.9,1.7,4.5,532.0,400.0,18.0,0.0,114.0,6.0,0.0,0.0,0.7,0.0,0.0,0.0,0.0,27.4,0.0,4.2,19.86
호소,대청호,문의,2015-07-20,8.8,8.2,13.3,2.9,1.7,4.5,366.0,0.0,98.0,0.0,268.0,11.0,0.0,0.0,0.7,0.0,0.0,0.0,0.0,27.4,0.0,4.2,19.86
호소,대청호,문의,2015-07-27,8.8,8.2,13.3,2.9,1.7,4.5,64.0,64.0,0.0,0.0,0.0,0.0,0.0,0.0,0.7,0.0,0.0,0.0,0.0,25.7,4.0,2.3,8.13
호소,대청호,추동,2015-07-27,8.8,8.2,13.3,2.9,1.7,4.5,68.0,0.0,0.0,0.0,68.0,9.0,0.0,0.0,0.7,0.0,0.0,0.0,0.0,25.7,4.0,2.3,8.13
호소,대청호,회남,2015-07-27,8.8,8.2,13.3,2.9,1.7,4.5,1044.0,836.0,164.0,0.0,44.0,18.0,0.0,0.0,0.7,0.0,0.0,0.0,0.0,25.7,4.0,2.3,8.13
호소,대청호,회남,2015-08-03,8.8,8.2,13.3,2.9,1.7,4.5,914.0,720.0,0.0,0.0,194.0,19.0,40.0,0.0,0.7,0.0,0.0,0.0,0.0,29.0,0.0,13.0,27.86
호소,대청호,문의,2015-08-03,8.8,8.2,13.3,2.9,1.7,4.5,502.0,270.0,146.0,0.0,86.0,0.0,0.0,0.0,0.7,0.0,0.0,0.0,0.0,29.0,0.0,13.0,27.86
호소,대청호,추동,2015-08-03,8.8,8.2,13.3,2.9,1.7,4.5,70.0,42.0,0.0,0.0,28.0,11.0,0.0,0.0,0.7,0.0,0.0,0.0,0.0,29.0,0.0,13.0,27.86
호소,대청호,문의,2015-08-10,8.8,8.2,13.3,2.9,1.7,4.5,28.0,0.0,28.0,0.0,0.0,0.0,0.0,0.0,0.7,0.0,0.0,0.0,0.0,26.3,0.0,1.6,14.28
호소,대청호,추동,2015-08-10,8.8,8.2,13.3,2.9,1.7,4.5,58.0,0.0,32.0,0.0,26.0,14.0,0.0,0.0,0.7,0.0,0.0,0.0,0.0,26.3,0.0,1.6,14.28
호소,대청호,회남,2015-08-10,8.8,8.2,13.3,2.9,1.7,4.5,1020.0,884.0,0.0,14.0,122.0,12.0,48.0,0.0,0.7,0.0,0.0,0.0,0.0,26.3,0.0,1.6,14.28
호소,대청호,문의,2015-08-17,8.8,8.2,13.3,2.9,1.7,4.5,486.0,60.0,0.0,0.0,426.0,40.0,0.0,0.0,0.7,0.0,0.0,0.0,0.0,26.8,0.0,11.2,23.9
호소,대청호,추동,2015-08-17,8.8,8.2,13.3,2.9,1.7,4.5,84.0,0.0,0.0,0.0,84.0,10.0,0.0,0.0,0.7,0.0,0.0,0.0,0.0,26.8,0.0,11.2,23.9
호소,대청호,회남,2015-08-17,8.8,8.2,13.3,2.9,1.7,4.5,336.0,318.0,0.0,18.0,0.0,0.0,29.0,0.0,0.7,0.0,0.0,0.0,0.0,26.8,0.0,11.2,23.9
호소,대청호,문의,2015-08-24,8.8,8.2,13.3,2.9,1.7,4.5,374.0,220.0,0.0,0.0,154.0,26.0,0.0,0.0,0.7,0.0,0.0,0.0,0.0,26.5,0.0,4.3,15.03
호소,대청호,회남,2015-08-24,8.8,8.2,13.3,2.9,1.7,4.5,922.0,120.0,0.0,610.0,192.0,10.0,24.0,0.0,0.7,0.0,0.0,0.0,0.0,26.5,0.0,4.3,15.03
호소,대청호,추동,2015-08-24,8.8,8.2,13.3,2.9,1.7,4.5,504.0,140.0,0.0,48.0,316.0,77.0,0.0,0.0,0.7,0.0,0.0,0.0,0.0,26.5,0.0,4.3,15.03
호소,대청호,문의,2015-08-31,8.8,8.2,13.3,2.9,1.7,4.5,532.0,0.0,268.0,0.0,264.0,11.0,0.0,0.0,0.7,0.0,0.0,0.0,0.0,25.3,0.0,10.0,20.98
호소,대청호,추동,2015-08-31,8.8,8.2,13.3,2.9,1.7,4.5,478.0,264.0,46.0,26.0,142.0,12.0,0.0,0.0,0.7,0.0,0.0,0.0,0.0,25.3,0.0,10.0,20.98
호소,대청호,회남,2015-08-31,8.8,8.2,13.3,2.9,1.7,4.5,1702.0,1280.0,42.0,220.0,160.0,0.0,0.0,0.0,0.7,0.0,0.0,0.0,0.0,25.3,0.0,10.0,20.98
호소,대청호,문의,2015-09-07,8.8,8.2,13.3,2.9,1.7,4.5,288.0,0.0,24.0,0.0,264.0,15.0,0.0,0.0,0.7,0.0,0.0,0.0,0.0,22.6,0.0,12.2,26.26
호소,대청호,추동,2015-09-07,8.8,8.2,13.3,2.9,1.7,4.5,2044.0,0.0,56.0,1446.0,542.0,4.0,0.0,0.0,0.7,0.0,0.0,0.0,0.0,22.6,0.0,12.2,26.26
호소,대청호,회남,2015-09-07,8.8,8.2,13.3,2.9,1.7,4.5,814.0,0.0,266.0,212.0,336.0,12.0,0.0,0.0,0.7,0.0,0.0,0.0,0.0,22.6,0.0,12.2,26.26
호소,대청호,문의,2015-09-14,8.8,8.2,13.3,2.9,1.7,4.5,1008.0,356.0,338.0,0.0,314.0,41.0,0.0,0.0,0.7,0.0,0.0,0.0,0.0,19.9,0.0,11.1,22.54
호소,대청호,추동,2015-09-14,8.8,8.2,13.3,2.9,1.7,4.5,1540.0,780.0,274.0,0.0,486.0,39.0,0.0,0.0,0.7,0.0,0.0,0.0,0.0,19.9,0.0,11.1,22.54
호소,대청호,회남,2015-09-14,8.8,8.2,13.3,2.9,1.7,4.5,600.0,0.0,172.0,86.0,342.0,16.0,0.0,0.0,0.7,0.0,0.0,0.0,0.0,19.9,0.0,11.1,22.54
호소,대청호,추동,2015-09-21,8.8,8.2,13.3,2.9,1.7,4.5,1566.0,880.0,74.0,152.0,460.0,12.0,0.0,0.0,0.7,0.0,0.0,0.0,0.0,21.9,0.0,10.6,21.9
호소,대청호,문의,2015-09-21,8.8,8.2,13.3,2.9,1.7,4.5,2294.0,1020.0,116.0,882.0,276.0,24.0,0.0,0.0,0.7,0.0,0.0,0.0,0.0,21.9,0.0,10.6,21.9
호소,대청호,회남,2015-09-21,8.8,8.2,13.3,2.9,1.7,4.5,990.0,520.0,36.0,24.0,410.0,5.0,0.0,0.0,0.7,0.0,0.0,0.0,0.0,21.9,0.0,10.6,21.9
호소,대청호,문의,2015-09-30,8.8,8.2,13.3,2.9,1.7,4.5,942.0,0.0,106.0,0.0,836.0,26.0,0.0,0.0,0.7,0.0,0.0,0.0,0.0,21.1,0.0,1.7,11.49
호소,대청호,추동,2015-09-30,8.8,8.2,13.3,2.9,1.7,4.5,2014.0,320.0,36.0,350.0,1308.0,14.0,0.0,0.0,0.7,0.0,0.0,0.0,0.0,21.1,0.0,1.7,11.49
호소,대청호,회남,2015-09-30,8.8,8.2,13.3,2.9,1.7,4.5,1770.0,720.0,62.0,44.0,944.0,0.0,0.0,0.0,0.7,0.0,0.0,0.0,0.0,21.1,0.0,1.7,11.49
호소,대청호,문의,2015-10-05,8.8,8.2,13.3,2.9,1.7,4.5,676.0,0.0,138.0,102.0,436.0,16.0,0.0,0.0,0.7,0.0,0.0,0.0,0.0,17.8,0.0,10.8,19.85
호소,대청호,회남,2015-10-05,8.8,8.2,13.3,2.9,1.7,4.5,788.0,324.0,64.0,44.0,356.0,0.0,9.0,0.0,0.7,0.0,0.0,0.0,0.0,17.8,0.0,10.8,19.85
호소,대청호,추동,2015-10-05,8.8,8.2,13.3,2.9,1.7,4.5,1074.0,516.0,0.0,22.0,536.0,21.0,10.0,0.0,0.7,0.0,0.0,0.0,0.0,17.8,0.0,10.8,19.85
호소,대청호,문의,2015-10-12,8.8,8.2,13.3,2.9,1.7,4.5,726.0,320.0,100.0,0.0,306.0,22.0,11.0,0.0,0.7,0.0,0.0,0.0,0.0,13.6,0.7,8.3,16.28
호소,대청호,회남,2015-10-12,8.8,8.2,13.3,2.9,1.7,4.5,886.0,0.0,58.0,48.0,780.0,5.0,31.0,0.0,0.7,0.0,0.0,0.0,0.0,13.6,0.7,8.3,16.28
호소,대청호,추동,2015-10-12,8.8,8.2,13.3,2.9,1.7,4.5,1592.0,0.0,320.0,372.0,900.0,14.0,19.0,0.0,0.7,0.0,0.0,0.0,0.0,13.6,0.7,8.3,16.28
호소,대청호,추동,2015-10-19,8.8,8.2,13.3,2.9,1.7,4.5,2048.0,80.0,484.0,426.0,1058.0,39.0,36.0,0.0,0.7,0.0,0.0,0.0,0.0,17.1,0.0,8.7,14.34
호소,대청호,문의,2015-10-19,8.8,8.2,13.3,2.9,1.7,4.5,732.0,0.0,236.0,0.0,496.0,16.0,20.0,0.0,0.7,0.0,0.0,0.0,0.0,17.1,0.0,8.7,14.34
호소,대청호,회남,2015-10-19,8.8,8.2,13.3,2.9,1.7,4.5,2346.0,660.0,354.0,192.0,1140.0,0.0,0.0,0.0,0.7,0.0,0.0,0.0,0.0,17.1,0.0,8.7,14.34
호소,대청호,회남,2015-10-26,8.8,8.2,13.3,2.9,1.7,4.5,2456.0,660.0,630.0,16.0,1150.0,16.0,47.0,0.0,0.7,0.0,0.0,0.0,0.0,16.9,0.0,7.4,13.75
호소,대청호,추동,2015-10-26,8.8,8.2,13.3,2.9,1.7,4.5,2000.0,80.0,122.0,68.0,1730.0,26.0,43.0,0.0,0.7,0.0,0.0,0.0,0.0,16.9,0.0,7.4,13.75
호소,대청호,문의,2015-10-26,8.8,8.2,13.3,2.9,1.7,4.5,1358.0,720.0,196.0,108.0,334.0,19.0,30.0,0.0,0.7,0.0,0.0,0.0,0.0,16.9,0.0,7.4,13.75
호소,대청호,추동,2015-11-02,8.8,8.2,13.3,2.9,1.7,4.5,1146.0,70.0,166.0,12.0,898.0,24.0,41.0,0.0,0.7,0.0,0.0,0.0,0.0,9.4,0.0,6.8,11.73
호소,대청호,문의,2015-11-02,8.8,8.2,13.3,2.9,1.7,4.5,410.0,120.0,96.0,0.0,194.0,17.0,48.0,0.0,0.7,0.0,0.0,0.0,0.0,9.4,0.0,6.8,11.73
호소,대청호,회남,2015-11-02,8.8,8.2,13.3,2.9,1.7,4.5,2136.0,388.0,492.0,0.0,1256.0,19.0,48.0,0.0,0.7,0.0,0.0,0.0,0.0,9.4,0.0,6.8,11.73
호소,대청호,회남,2015-11-09,8.8,8.2,13.3,2.9,1.7,4.5,1474.0,0.0,200.0,48.0,1226.0,17.0,35.0,0.0,0.7,0.0,0.0,0.0,0.0,13.1,1.7,0.7,4.44
호소,대청호,추동,2015-11-09,8.8,8.2,13.3,2.9,1.7,4.5,1306.0,60.0,286.0,0.0,960.0,23.0,23.0,0.0,0.7,0.0,0.0,0.0,0.0,13.1,1.7,0.7,4.44
호소,대청호,문의,2015-11-09,8.8,8.2,13.3,2.9,1.7,4.5,212.0,0.0,90.0,0.0,122.0,25.0,38.0,0.0,0.7,0.0,0.0,0.0,0.0,13.1,1.7,0.7,4.44
호소,대청호,추동,2015-11-16,8.8,8.2,13.3,2.9,1.7,4.5,1870.0,0.0,42.0,0.0,1828.0,45.0,0.0,0.0,0.7,0.0,0.0,0.0,0.0,11.7,26.3,0.1,3.76
호소,대청호,회남,2015-11-16,8.8,8.2,13.3,2.9,1.7,4.5,1606.0,120.0,508.0,0.0,978.0,28.0,28.0,0.0,0.7,0.0,0.0,0.0,0.0,11.7,26.3,0.1,3.76
호소,대청호,문의,2015-11-16,8.8,8.2,13.3,2.9,1.7,4.5,332.0,0.0,64.0,0.0,268.0,46.0,0.0,0.0,0.7,0.0,0.0,0.0,0.0,11.7,26.3,0.1,3.76
호소,대청호,문의,2015-11-25,8.8,8.2,13.3,2.9,1.7,4.5,374.0,0.0,118.0,0.0,256.0,26.0,0.0,0.0,0.7,0.0,0.0,0.0,0.0,5.7,8.7,0.0,1.61
호소,대청호,추동,2015-11-25,8.8,8.2,13.3,2.9,1.7,4.5,1762.0,220.0,62.0,0.0,1480.0,24.0,12.0,0.0,0.7,0.0,0.0,0.0,0.0,5.7,8.7,0.0,1.61
호소,대청호,회남,2015-11-25,8.8,8.2,13.3,2.9,1.7,4.5,1078.0,0.0,272.0,0.0,806.0,28.0,0.0,0.0,0.7,0.0,0.0,0.0,0.0,5.7,8.7,0.0,1.61
호소,대청호,문의,2015-11-30,8.8,8.2,13.3,2.9,1.7,4.5,308.0,0.0,0.0,0.0,308.0,0.0,0.0,0.0,0.7,0.0,0.0,0.0,0.0,6.9,0.0,5.3,8.0
호소,대청호,회남,2015-11-30,8.8,8.2,13.3,2.9,1.7,4.5,1052.0,0.0,110.0,0.0,942.0,18.0,0.0,0.0,0.7,0.0,0.0,0.0,0.0,6.9,0.0,5.3,8.0
호소,대청호,추동,2015-11-30,8.8,8.2,13.3,2.9,1.7,4.5,1286.0,0.0,62.0,0.0,1224.0,10.0,0.0,0.0,0.7,0.0,0.0,0.0,0.0,6.9,0.0,5.3,8.0
호소,대청호,문의,2015-12-07,8.8,8.2,13.3,2.9,1.7,4.5,58.0,0.0,0.0,0.0,58.0,0.0,0.0,0.0,0.7,0.0,0.0,0.0,0.0,2.1,0.0,8.7,11.5
호소,대청호,추동,2015-12-07,8.8,8.2,13.3,2.9,1.7,4.5,782.0,0.0,42.0,0.0,740.0,0.0,0.0,0.0,0.7,0.0,0.0,0.0,0.0,2.1,0.0,8.7,11.5
호소,대청호,회남,2015-12-07,8.8,8.2,13.3,2.9,1.7,4.5,728.0,60.0,66.0,0.0,602.0,0.0,0.0,0.0,0.7,0.0,0.0,0.0,0.0,2.1,0.0,8.7,11.5
호소,대청호,문의,2015-12-14,8.8,8.2,13.3,2.9,1.7,4.5,250.0,0.0,0.0,0.0,250.0,0.0,0.0,0.0,0.7,0.0,0.0,0.0,0.0,7.2,9.9,0.0,2.04
호소,대청호,추동,2015-12-14,8.8,8.2,13.3,2.9,1.7,4.5,222.0,0.0,0.0,0.0,222.0,0.0,0.0,0.0,0.7,0.0,0.0,0.0,0.0,7.2,9.9,0.0,2.04
호소,대청호,회남,2015-12-14,8.8,8.2,13.3,2.9,1.7,4.5,242.0,0.0,0.0,0.0,242.0,0.0,0.0,0.0,0.7,0.0,0.0,0.0,0.0,7.2,9.9,0.0,2.04
호소,대청호,회남,2015-12-21,8.8,8.2,13.3,2.9,1.7,4.5,448.0,0.0,0.0,0.0,448.0,0.0,0.0,0.0,0.7,0.0,0.0,0.0,0.0,4.3,1.2,5.1,6.95
호소,대청호,추동,2015-12-21,8.8,8.2,13.3,2.9,1.7,4.5,304.0,0.0,0.0,0.0,304.0,0.0,0.0,0.0,0.7,0.0,0.0,0.0,0.0,4.3,1.2,5.1,6.95
호소,대청호,문의,2015-12-21,8.8,8.2,13.3,2.9,1.7,4.5,176.0,0.0,0.0,0.0,176.0,0.0,0.0,0.0,0.7,0.0,0.0,0.0,0.0,4.3,1.2,5.1,6.95
호소,대청호,추동,2015-12-28,8.8,8.2,13.3,2.9,1.7,4.5,388.0,0.0,0.0,0.0,388.0,0.0,0.0,0.0,0.7,0.0,0.0,0.0,0.0,-3.2,0.0,7.5,11.12
호소,대청호,문의,2015-12-28,8.8,8.2,13.3,2.9,1.7,4.5,406.0,0.0,22.0,0.0,384.0,0.0,0.0,0.0,0.7,0.0,0.0,0.0,0.0,-3.2,0.0,7.5,11.12
호소,대청호,회남,2015-12-28,8.8,8.2,13.3,2.9,1.7,4.5,368.0,0.0,0.0,0.0,368.0,0.0,0.0,0.0,0.7,0.0,0.0,0.0,0.0,-3.2,0.0,7.5,11.12
호소,대청호,추동,2016-01-05,8.8,8.2,13.3,2.9,1.7,4.5,100.0,0.0,0.0,0.0,100.0,0.0,0.0,0.0,0.7,0.0,0.0,0.0,0.0,-0.6,0.0,4.8,7.72
호소,대청호,문의,2016-01-05,8.8,8.2,13.3,2.9,1.7,4.5,108.0,0.0,0.0,0.0,108.0,0.0,0.0,0.0,0.7,0.0,0.0,0.0,0.0,-0.6,0.0,4.8,7.72
호소,대청호,회남,2016-01-05,8.8,8.2,13.3,2.9,1.7,4.5,176.0,0.0,0.0,0.0,176.0,0.0,0.0,0.0,0.7,0.0,0.0,0.0,0.0,-0.6,0.0,4.8,7.72
호소,대청호,문의,2016-01-11,8.8,8.2,13.3,2.9,1.7,4.5,134.0,0.0,0.0,0.0,134.0,0.0,0.0,0.0,0.7,0.0,0.0,0.0,0.0,-1.8,0.0,8.7,11.6
호소,대청호,회남,2016-01-11,8.8,8.2,13.3,2.9,1.7,4.5,42.0,0.0,0.0,0.0,42.0,0.0,0.0,0.0,0.7,0.0,0.0,0.0,0.0,-1.8,0.0,8.7,11.6
호소,대청호,추동,2016-01-11,8.8,8.2,13.3,2.9,1.7,4.5,186.0,0.0,0.0,0.0,186.0,0.0,0.0,0.0,0.7,0.0,0.0,0.0,0.0,-1.8,0.0,8.7,11.6
호소,대청호,추동,2016-01-18,8.8,8.2,13.3,2.9,1.7,4.5,32.0,0.0,0.0,0.0,32.0,0.0,0.0,0.0,0.7,0.0,0.0,0.0,0.0,-3.1,3.5,4.3,6.16
호소,대청호,문의,2016-01-18,8.8,8.2,13.3,2.9,1.7,4.5,26.0,0.0,0.0,0.0,26.0,0.0,0.0,0.0,0.7,0.0,0.0,0.0,0.0,-3.1,3.5,4.3,6.16
호소,대청호,회남,2016-01-18,8.8,8.2,13.3,2.9,1.7,4.5,84.0,0.0,0.0,0.0,84.0,0.0,0.0,0.0,0.7,0.0,0.0,0.0,0.0,-3.1,3.5,4.3,6.16
호소,대청호,추동,2016-01-25,8.8,8.2,13.3,2.9,1.7,4.5,0.0,0.0,0.0,0.0,0.0,0.0,0.0,0.0,0.7,0.0,0.0,0.0,0.0,-7.8,0.1,7.8,12.09
호소,대청호,문의,2016-01-25,8.8,8.2,13.3,2.9,1.7,4.5,0.0,0.0,0.0,0.0,0.0,0.0,0.0,0.0,0.7,0.0,0.0,0.0,0.0,-7.8,0.1,7.8,12.09
호소,대청호,회남,2016-01-25,8.8,8.2,13.3,2.9,1.7,4.5,0.0,0.0,0.0,0.0,0.0,0.0,0.0,0.0,0.7,0.0,0.0,0.0,0.0,-7.8,0.1,7.8,12.09
호소,대청호,추동,2016-02-01,8.8,8.2,13.3,2.9,1.7,4.5,0.0,0.0,0.0,0.0,0.0,0.0,0.0,0.0,0.7,0.0,0.0,0.0,0.0,-3.9,0.0,9.3,14.95
호소,대청호,문의,2016-02-01,8.8,8.2,13.3,2.9,1.7,4.5,0.0,0.0,0.0,0.0,0.0,0.0,0.0,0.0,0.7,0.0,0.0,0.0,0.0,-3.9,0.0,9.3,14.95
호소,대청호,회남,2016-02-01,8.8,8.2,13.3,2.9,1.7,4.5,142.0,0.0,0.0,0.0,142.0,0.0,0.0,0.0,0.7,0.0,0.0,0.0,0.0,-3.9,0.0,9.3,14.95
호소,대청호,회남,2016-02-11,8.8,8.2,13.3,2.9,1.7,4.5,0.0,0.0,0.0,0.0,0.0,0.0,0.0,0.0,0.7,0.0,0.0,0.0,0.0,6.8,0.4,4.1,9.97
호소,대청호,추동,2016-02-11,8.8,8.2,13.3,2.9,1.7,4.5,0.0,0.0,0.0,0.0,0.0,0.0,0.0,0.0,0.7,0.0,0.0,0.0,0.0,6.8,0.4,4.1,9.97
호소,대청호,문의,2016-02-11,8.8,8.2,13.3,2.9,1.7,4.5,0.0,0.0,0.0,0.0,0.0,0.0,0.0,0.0,0.7,0.0,0.0,0.0,0.0,6.8,0.4,4.1,9.97
호소,대청호,회남,2016-02-15,8.8,8.2,13.3,2.9,1.7,4.5,0.0,0.0,0.0,0.0,0.0,0.0,0.0,0.0,0.7,0.0,0.0,0.0,0.0,-3.3,0.0,9.1,17.51
호소,대청호,추동,2016-02-15,8.8,8.2,13.3,2.9,1.7,4.5,0.0,0.0,0.0,0.0,0.0,0.0,0.0,0.0,0.7,0.0,0.0,0.0,0.0,-3.3,0.0,9.1,17.51
호소,대청호,문의,2016-02-15,8.8,8.2,13.3,2.9,1.7,4.5,0.0,0.0,0.0,0.0,0.0,0.0,0.0,0.0,0.7,0.0,0.0,0.0,0.0,-3.3,0.0,9.1,17.51
호소,대청호,회남,2016-02-22,8.8,8.2,13.3,2.9,1.7,4.5,0.0,0.0,0.0,0.0,0.0,0.0,0.0,0.0,0.7,0.0,0.0,0.0,0.0,2.9,0.0,1.6,9.29
호소,대청호,추동,2016-02-22,8.8,8.2,13.3,2.9,1.7,4.5,0.0,0.0,0.0,0.0,0.0,0.0,0.0,0.0,0.7,0.0,0.0,0.0,0.0,2.9,0.0,1.6,9.29
호소,대청호,문의,2016-02-22,8.8,8.2,13.3,2.9,1.7,4.5,0.0,0.0,0.0,0.0,0.0,0.0,0.0,0.0,0.7,0.0,0.0,0.0,0.0,2.9,0.0,1.6,9.29
호소,대청호,추동,2016-03-02,8.8,8.2,13.3,2.9,1.7,4.5,0.0,0.0,0.0,0.0,0.0,0.0,0.0,0.0,0.7,0.0,0.0,0.0,0.0,3.0,0.0,10.6,19.68
호소,대청호,문의,2016-03-02,8.8,8.2,13.3,2.9,1.7,4.5,0.0,0.0,0.0,0.0,0.0,0.0,0.0,0.0,0.7,0.0,0.0,0.0,0.0,3.0,0.0,10.6,19.68
호소,대청호,회남,2016-03-02,8.8,8.2,13.3,2.9,1.7,4.5,0.0,0.0,0.0,0.0,0.0,0.0,0.0,0.0,0.7,0.0,0.0,0.0,0.0,3.0,0.0,10.6,19.68
호소,대청호,문의,2016-03-07,8.8,8.2,13.3,2.9,1.7,4.5,0.0,0.0,0.0,0.0,0.0,0.0,0.0,0.0,0.7,0.0,0.0,0.0,0.0,9.0,0.0,3.2,9.72
호소,대청호,회남,2016-03-07,8.8,8.2,13.3,2.9,1.7,4.5,0.0,0.0,0.0,0.0,0.0,0.0,0.0,0.0,0.7,0.0,0.0,0.0,0.0,9.0,0.0,3.2,9.72
호소,대청호,추동,2016-03-07,8.8,8.2,13.3,2.9,1.7,4.5,0.0,0.0,0.0,0.0,0.0,0.0,0.0,0.0,0.7,0.0,0.0,0.0,0.0,9.0,0.0,3.2,9.72
호소,대청호,추동,2016-03-14,8.8,8.2,13.3,2.9,1.7,4.5,0.0,0.0,0.0,0.0,0.0,0.0,0.0,0.0,0.7,0.0,0.0,0.0,0.0,4.4,0.0,6.0,11.89
호소,대청호,문의,2016-03-14,8.8,8.2,13.3,2.9,1.7,4.5,0.0,0.0,0.0,0.0,0.0,0.0,0.0,0.0,0.7,0.0,0.0,0.0,0.0,4.4,0.0,6.0,11.89
호소,대청호,회남,2016-03-14,8.8,8.2,13.3,2.9,1.7,4.5,0.0,0.0,0.0,0.0,0.0,0.0,0.0,0.0,0.7,0.0,0.0,0.0,0.0,4.4,0.0,6.0,11.89
호소,대청호,회남,2016-03-21,8.8,8.2,13.3,2.9,1.7,4.5,0.0,0.0,0.0,0.0,0.0,0.0,0.0,0.0,0.7,0.0,0.0,0.0,0.0,9.5,0.0,10.3,21.51
호소,대청호,문의,2016-03-21,8.8,8.2,13.3,2.9,1.7,4.5,0.0,0.0,0.0,0.0,0.0,0.0,0.0,0.0,0.7,0.0,0.0,0.0,0.0,9.5,0.0,10.3,21.51
호소,대청호,추동,2016-03-21,8.8,8.2,13.3,2.9,1.7,4.5,0.0,0.0,0.0,0.0,0.0,0.0,0.0,0.0,0.7,0.0,0.0,0.0,0.0,9.5,0.0,10.3,21.51
호소,대청호,문의,2016-03-28,8.8,8.2,13.3,2.9,1.7,4.5,0.0,0.0,0.0,0.0,0.0,0.0,0.0,0.0,0.7,0.0,0.0,0.0,0.0,9.4,0.0,11.6,24.33
호소,대청호,회남,2016-03-28,8.8,8.2,13.3,2.9,1.7,4.5,0.0,0.0,0.0,0.0,0.0,0.0,0.0,0.0,0.7,0.0,0.0,0.0,0.0,9.4,0.0,11.6,24.33
호소,대청호,추동,2016-03-28,8.8,8.2,13.3,2.9,1.7,4.5,0.0,0.0,0.0,0.0,0.0,0.0,0.0,0.0,0.7,0.0,0.0,0.0,0.0,9.4,0.0,11.6,24.33
호소,대청호,문의,2016-04-04,8.8,8.2,13.3,2.9,1.7,4.5,0.0,0.0,0.0,0.0,0.0,0.0,0.0,0.0,0.7,0.0,0.0,0.0,0.0,13.5,0.0,6.8,19.2
호소,대청호,회남,2016-04-04,7.9,8.0,12.5,2.5,1.2,5.2,0.0,0.0,0.0,0.0,0.0,0.0,0.0,0.0,0.7,0.0,0.0,0.0,0.0,13.5,0.0,6.8,19.2
호소,대청호,추동,2016-04-04,8.7,8.2,12.8,2.2,2.0,5.8,0.0,0.0,0.0,0.0,0.0,0.0,0.0,0.0,0.7,0.0,0.0,0.0,0.0,13.5,0.0,6.8,19.2
호소,대청호,회남,2016-04-11,8.6,8.0,11.0,2.5,1.3,6.2,0.0,0.0,0.0,0.0,0.0,0.0,0.0,0.0,0.7,0.0,0.0,0.0,0.0,13.2,0.0,11.4,26.86
호소,대청호,추동,2016-04-11,10.0,8.2,11.5,2.3,2.3,4.0,0.0,0.0,0.0,0.0,0.0,0.0,0.0,0.0,0.7,0.0,0.0,0.0,0.0,13.2,0.0,11.4,26.86
호소,대청호,문의,2016-04-11,9.1,7.7,12.1,3.2,1.1,4.4,0.0,0.0,0.0,0.0,0.0,0.0,0.0,0.0,0.7,0.0,0.0,0.0,0.0,13.2,0.0,11.4,26.86
호소,대청호,추동,2016-04-18,10.2,7.8,11.2,1.8,3.1,5.0,0.0,0.0,0.0,0.0,0.0,0.0,0.0,0.0,0.7,0.0,0.0,0.0,0.0,12.3,1.7,9.6,23.73
호소,대청호,회남,2016-04-18,8.9,7.4,11.4,2.8,1.5,5.3,0.0,0.0,0.0,0.0,0.0,0.0,0.0,0.0,0.7,0.0,0.0,0.0,0.0,12.3,1.7,9.6,23.73
호소,대청호,문의,2016-04-18,12.1,8.2,11.3,2.0,2.5,5.1,0.0,0.0,0.0,0.0,0.0,0.0,0.0,0.0,0.7,0.0,0.0,0.0,0.0,12.3,1.7,9.6,23.73
호소,대청호,문의,2016-04-25,14.7,8.3,11.4,2.7,1.8,4.5,0.0,0.0,0.0,0.0,0.0,2.0,0.0,0.0,0.7,0.0,0.0,0.0,0.0,17.7,0.0,11.6,26.84
호소,대청호,추동,2016-04-25,12.1,7.9,11.3,2.7,2.0,4.2,0.0,0.0,0.0,0.0,0.0,0.0,0.0,0.0,0.7,0.0,0.0,0.0,0.0,17.7,0.0,11.6,26.84
호소,대청호,회남,2016-04-25,10.1,7.3,10.7,2.8,1.3,4.3,0.0,0.0,0.0,0.0,0.0,0.0,0.0,0.0,0.7,0.0,0.0,0.0,0.0,17.7,0.0,11.6,26.84
호소,대청호,추동,2016-05-02,13.9,8.0,11.8,3.0,1.8,5.8,0.0,0.0,0.0,0.0,0.0,0.0,0.0,0.0,0.7,0.0,0.0,0.0,0.0,19.8,6.3,8.3,22.04
호소,대청호,문의,2016-05-02,14.4,8.2,11.5,2.2,1.7,6.9,0.0,0.0,0.0,0.0,0.0,0.0,0.0,0.0,0.7,0.0,0.0,0.0,0.0,19.8,6.3,8.3,22.04
호소,대청호,회남,2016-05-02,11.1,7.8,11.8,2.0,1.7,6.0,0.0,0.0,0.0,0.0,0.0,0.0,0.0,0.0,0.7,0.0,0.0,0.0,0.0,19.8,6.3,8.3,22.04
호소,대청호,문의,2016-05-09,16.1,8.1,12.2,2.4,1.5,8.8,0.0,0.0,0.0,0.0,0.0,0.0,0.0,0.0,0.7,0.0,0.0,0.0,0.0,20.0,0.0,2.9,18.29
호소,대청호,추동,2016-05-09,14.5,7.8,11.2,3.6,1.1,5.9,0.0,0.0,0.0,0.0,0.0,0.0,0.0,0.0,0.7,0.0,0.0,0.0,0.0,20.0,0.0,2.9,18.29
호소,대청호,회남,2016-05-09,11.4,7.8,11.3,1.5,1.6,6.8,38.0,0.0,0.0,0.0,38.0,0.0,0.0,0.0,0.7,0.0,0.0,0.0,0.0,20.0,0.0,2.9,18.29
호소,대청호,추동,2016-05-16,15.2,7.8,10.4,4.4,1.3,3.6,12.0,0.0,0.0,0.0,12.0,0.0,0.0,0.0,0.7,0.0,0.0,0.0,0.0,15.9,5.2,11.7,29.91
호소,대청호,회남,2016-05-16,12.2,7.9,10.3,2.5,1.4,6.4,0.0,0.0,0.0,0.0,0.0,0.0,0.0,0.0,0.7,0.0,0.0,0.0,0.0,15.9,5.2,11.7,29.91
호소,대청호,문의,2016-05-16,17.0,8.4,11.4,4.3,1.4,7.4,0.0,0.0,0.0,0.0,0.0,0.0,0.0,0.0,0.7,0.0,0.0,0.0,0.0,15.9,5.2,11.7,29.91
호소,대청호,문의,2016-05-23,19.9,8.2,11.9,4.9,1.2,3.3,0.0,0.0,0.0,0.0,0.0,0.0,0.0,0.0,0.7,0.0,0.0,0.0,0.0,23.1,0.0,10.5,26.78
호소,대청호,추동,2016-05-23,16.9,7.8,9.9,4.0,1.3,3.3,0.0,0.0,0.0,0.0,0.0,0.0,0.0,0.0,0.7,0.0,0.0,0.0,0.0,23.1,0.0,10.5,26.78
호소,대청호,회남,2016-05-23,13.6,7.9,10.2,2.5,1.4,4.4,12.0,0.0,0.0,0.0,12.0,0.0,0.0,0.0,0.7,0.0,0.0,0.0,0.0,23.1,0.0,10.5,26.78
호소,대청호,추동,2016-05-30,17.9,7.7,8.6,3.9,1.7,7.3,0.0,0.0,0.0,0.0,0.0,0.0,0.0,0.0,0.7,0.0,0.0,0.0,0.0,22.0,0.0,12.2,29.85
호소,대청호,회남,2016-05-30,14.2,7.7,8.5,4.2,1.0,3.8,0.0,0.0,0.0,0.0,0.0,0.0,0.0,0.0,0.7,0.0,0.0,0.0,0.0,22.0,0.0,12.2,29.85
호소,대청호,문의,2016-05-30,20.5,8.1,10.6,5.1,2.0,3.2,0.0,0.0,0.0,0.0,0.0,0.0,0.0,0.0,0.7,0.0,0.0,0.0,0.0,22.0,0.0,12.2,29.85
호소,대청호,문의,2016-06-07,21.9,8.2,9.6,4.3,2.0,6.7,0.0,0.0,0.0,0.0,0.0,1.0,0.0,0.0,0.7,0.0,0.0,0.0,0.0,21.9,1.2,4.1,17.95
호소,대청호,회남,2016-06-07,15.5,7.7,6.8,4.9,1.1,2.5,260.0,0.0,182.0,0.0,78.0,2.0,0.0,0.0,0.7,0.0,0.0,0.0,0.0,21.9,1.2,4.1,17.95
호소,대청호,추동,2016-06-07,20.1,8.0,8.2,2.7,2.7,7.8,0.0,0.0,0.0,0.0,0.0,3.0,0.0,0.0,0.7,0.0,0.0,0.0,0.0,21.9,1.2,4.1,17.95
호소,대청호,추동,2016-06-13,22.1,8.2,9.7,2.7,2.5,7.3,0.0,0.0,0.0,0.0,0.0,4.0,0.0,0.0,0.7,0.0,0.0,0.0,0.0,24.6,0.0,8.7,24.26
호소,대청호,회남,2016-06-13,16.6,7.4,6.2,4.8,1.2,2.3,442.0,340.0,70.0,0.0,32.0,3.0,6.0,0.0,0.7,0.0,0.0,0.0,0.0,24.6,0.0,8.7,24.26
호소,대청호,문의,2016-06-13,23.2,8.3,10.1,4.4,1.9,4.7,0.0,0.0,0.0,0.0,0.0,0.0,0.0,0.0,0.7,0.0,0.0,0.0,0.0,24.6,0.0,8.7,24.26
호소,대청호,추동,2016-06-20,23.1,8.3,8.6,2.3,3.0,8.0,0.0,0.0,0.0,0.0,0.0,0.0,0.0,0.0,0.7,0.0,0.0,0.0,0.0,24.2,2.2,5.8,19.67
호소,대청호,회남,2016-06-20,16.7,7.5,5.4,4.3,1.7,2.8,90.0,0.0,68.0,0.0,22.0,0.0,0.0,0.0,0.7,0.0,0.0,0.0,0.0,24.2,2.2,5.8,19.67
호소,대청호,문의,2016-06-20,24.6,8.6,10.4,3.7,1.5,6.6,0.0,0.0,0.0,0.0,0.0,0.0,0.0,0.0,0.7,0.0,0.0,0.0,0.0,24.2,2.2,5.8,19.67
호소,대청호,추동,2016-06-27,23.3,8.4,8.2,2.1,3.1,12.2,166.0,0.0,166.0,0.0,0.0,0.0,0.0,0.0,0.7,0.0,0.0,0.0,0.0,23.3,5.5,5.1,16.32
호소,대청호,회남,2016-06-27,16.6,7.5,5.0,6.7,1.3,3.2,264.0,26.0,174.0,0.0,64.0,0.0,0.0,0.0,0.7,0.0,0.0,0.0,0.0,23.3,5.5,5.1,16.32
호소,대청호,문의,2016-06-27,25.1,8.6,10.0,3.7,2.1,7.5,0.0,0.0,0.0,0.0,0.0,0.0,0.0,0.0,0.7,0.0,0.0,0.0,0.0,23.3,5.5,5.1,16.32
호소,대청호,추동,2016-07-04,23.3,8.3,6.3,2.2,8.5,13.1,596.0,540.0,30.0,0.0,26.0,0.0,0.0,0.0,0.7,0.0,0.0,0.0,0.0,22.1,179.1,0.0,3.42
호소,대청호,회남,2016-07-04,17.3,7.4,3.6,3.9,1.9,6.0,582.0,560.0,0.0,0.0,22.0,0.0,0.0,0.0,0.7,0.0,0.0,0.0,0.0,22.1,179.1,0.0,3.42
호소,대청호,문의,2016-07-04,25.0,8.5,8.7,2.4,27.6,5.7,0.0,0.0,0.0,0.0,0.0,0.0,0.0,0.0,0.7,0.0,0.0,0.0,0.0,22.1,179.1,0.0,3.42
호소,대청호,회남,2016-07-11,20.0,7.7,7.8,2.4,38.3,4.4,272.0,272.0,0.0,0.0,0.0,0.0,0.0,0.0,0.7,0.0,0.0,0.0,0.0,27.1,0.3,2.8,16.95
호소,대청호,추동,2016-07-11,23.7,8.0,7.7,1.3,20.3,7.7,0.0,0.0,0.0,0.0,0.0,0.0,0.0,0.0,0.7,0.0,0.0,0.0,0.0,27.1,0.3,2.8,16.95
호소,대청호,문의,2016-07-11,24.2,8.0,7.1,3.0,7.8,3.4,0.0,0.0,0.0,0.0,0.0,0.0,0.0,0.0,0.7,0.0,0.0,0.0,0.0,27.1,0.3,2.8,16.95
호소,대청호,추동,2016-07-18,23.0,7.8,5.8,2.1,14.2,5.9,298.0,160.0,94.0,0.0,44.0,0.0,0.0,0.0,0.7,0.0,0.0,0.0,0.0,24.3,0.0,8.3,20.07
호소,대청호,회남,2016-07-18,20.8,7.7,6.2,3.2,21.0,3.4,338.0,0.0,56.0,0.0,282.0,5.0,0.0,0.0,0.7,0.0,0.0,0.0,0.0,24.3,0.0,8.3,20.07
호소,대청호,문의,2016-07-18,23.1,7.9,5.7,2.5,9.6,6.7,180.0,54.0,0.0,0.0,126.0,0.0,0.0,0.0,0.7,0.0,0.0,0.0,0.0,24.3,0.0,8.3,20.07
호소,대청호,문의,2016-07-25,24.9,8.3,6.8,1.7,5.6,15.1,8170.0,6998.0,736.0,0.0,436.0,0.024096385542168676,0.0,0.0,0.7,0.0,0.0,0.0,0.0,29.2,0.0,6.7,15.99
호소,대청호,회남,2016-07-25,22.9,8.0,7.2,2.1,18.3,3.7,3146.0,3020.0,126.0,0.0,0.0,0.04819277108433735,0.0,0.0,0.7,0.0,0.0,0.0,0.0,29.2,0.0,6.7,15.99
호소,대청호,추동,2016-07-25,24.3,8.1,5.8,1.8,8.0,7.6,1896.0,1380.0,286.0,0.0,230.0,0.07228915662650603,0.0,0.0,0.7,0.0,0.0,0.0,0.0,29.2,0.0,6.7,15.99
호소,대청호,문의,2016-08-01,25.1,8.3,5.8,2.0,4.9,8.7,7724.0,5890.0,42.0,1280.0,512.0,0.0963855421686747,0.0,0.0,0.7,0.0,0.0,0.0,0.0,28.7,0.0,4.9,19.06
호소,대청호,추동,2016-08-01,24.7,8.4,5.8,1.9,8.6,5.7,7470.0,3000.0,536.0,458.0,3476.0,0.12048192771084337,0.0,0.0,0.7,0.0,0.0,0.0,0.0,28.7,0.0,4.9,19.06
호소,대청호,회남,2016-08-01,22.3,8.2,5.9,2.4,11.3,3.2,5588.0,5268.0,108.0,212.0,0.0,0.14457831325301207,0.0,0.0,0.7,0.0,0.0,0.0,0.0,28.7,0.0,4.9,19.06
호소,대청호,추동,2016-08-08,25.6,8.1,4.1,1.9,7.0,3.3,372.0,80.0,0.0,246.0,46.0,0.16867469879518074,0.0,0.0,0.7,0.0,0.0,0.0,0.0,29.7,0.0,11.9,24.82
호소,대청호,문의,2016-08-08,26.2,8.5,5.8,2.0,3.2,7.8,5282.0,3568.0,12.0,318.0,1384.0,0.1927710843373494,0.0,0.0,0.7,0.0,0.0,0.0,0.0,29.7,0.0,11.9,24.82
호소,대청호,회남,2016-08-08,23.4,8.2,5.6,1.6,12.5,5.4,8598.0,8152.0,54.0,392.0,0.0,0.21686746987951808,0.0,0.0,0.7,0.0,0.0,0.0,0.0,29.7,0.0,11.9,24.82
호소,대청호,추동,2016-08-16,26.1,8.4,4.0,2.6,5.0,3.9,3414.0,3236.0,0.0,72.0,106.0,0.24096385542168675,0.0,0.0,0.7,0.0,0.0,0.0,0.0,29.9,0.0,9.0,23.67
호소,대청호,문의,2016-08-16,27.0,8.7,5.5,1.4,3.3,9.8,8630.0,7564.0,0.0,328.0,738.0,0.26506024096385544,0.0,0.0,0.7,0.0,0.0,0.0,0.0,29.9,0.0,9.0,23.67
호소,대청호,회남,2016-08-16,24.2,8.4,5.1,2.0,9.2,5.7,3422.0,2700.0,274.0,176.0,272.0,0.28915662650602414,0.0,0.0,0.7,0.0,0.0,0.0,0.0,29.9,0.0,9.0,23.67
호소,대청호,추동,2016-08-22,25.6,8.3,4.7,1.9,5.1,4.5,2056.0,1760.0,0.0,26.0,270.0,0.3132530120481928,0.0,0.0,0.7,0.0,0.0,0.0,0.0,30.3,0.0,11.4,23.9
호소,대청호,문의,2016-08-22,27.1,8.5,5.3,1.5,3.1,9.2,6466.0,6216.0,0.0,176.0,74.0,0.3373493975903615,0.0,0.0,0.7,0.0,0.0,0.0,0.0,30.3,0.0,11.4,23.9
호소,대청호,회남,2016-08-22,23.4,8.3,5.0,1.6,9.7,6.2,8064.0,7956.0,86.0,0.0,22.0,0.3614457831325301,0.0,0.0,0.7,0.0,0.0,0.0,0.0,30.3,0.0,11.4,23.9
호소,대청호,회남,2016-08-29,22.5,7.8,4.8,1.8,8.3,7.3,2324.0,2322.0,0.0,2.0,0.0,0.3855421686746988,0.0,0.0,0.7,0.0,0.0,0.0,0.0,20.5,3.1,9.9,22.85
호소,대청호,추동,2016-08-29,25.0,7.7,5.6,1.8,5.3,7.2,182.0,42.0,0.0,96.0,44.0,0.4096385542168675,0.0,0.0,0.7,0.0,0.0,0.0,0.0,20.5,3.1,9.9,22.85
호소,대청호,문의,2016-08-29,25.5,8.7,4.8,1.3,3.5,13.5,2542.0,2488.0,0.0,0.0,54.0,0.43373493975903615,0.0,0.0,0.7,0.0,0.0,0.0,0.0,20.5,3.1,9.9,22.85
호소,대청호,문의,2016-09-05,25.1,8.8,6.1,1.5,7.1,27.5,8496.0,8400.0,0.0,0.0,96.0,0.45783132530120485,0.0,0.0,0.7,0.0,0.0,0.0,0.0,26.2,0.0,5.0,13.15
호소,대청호,추동,2016-09-05,24.6,8.3,5.5,1.8,7.9,7.2,5008.0,4308.0,142.0,254.0,304.0,0.4819277108433735,0.0,0.0,0.7,0.0,0.0,0.0,0.0,26.2,0.0,5.0,13.15
호소,대청호,회남,2016-09-05,22.0,8.2,3.5,1.9,7.6,5.7,5946.0,4600.0,138.0,1208.0,0.0,0.5060240963855422,0.0,0.0,0.7,0.0,0.0,0.0,0.0,26.2,0.0,5.0,13.15
호소,대청호,회남,2016-09-12,21.8,7.9,3.3,3.0,5.1,2.7,2828.0,2740.0,0.0,66.0,22.0,0.5301204819277109,0.0,0.0,0.7,0.0,0.0,0.0,0.0,23.5,9.8,5.7,15.95
호소,대청호,추동,2016-09-12,24.6,8.1,5.6,1.8,4.1,8.3,8258.0,7700.0,0.0,140.0,418.0,0.5542168674698795,0.0,0.0,0.7,0.0,0.0,0.0,0.0,23.5,9.8,5.7,15.95
호소,대청호,문의,2016-09-12,25.5,8.7,5.1,1.6,3.5,16.7,8540.0,8540.0,0.0,0.0,0.0,0.5783132530120483,0.0,0.0,0.7,0.0,0.0,0.0,0.0,23.5,9.8,5.7,15.95
호소,대청호,회남,2016-09-19,22.4,7.4,2.1,2.5,7.1,2.7,1700.0,1600.0,0.0,84.0,16.0,0.6024096385542169,0.0,0.0,0.7,0.0,0.0,0.0,0.0,20.0,0.0,0.4,10.3
호소,대청호,추동,2016-09-19,23.5,7.8,4.9,2.9,5.1,7.3,4648.0,4514.0,0.0,88.0,46.0,0.6265060240963856,0.0,0.0,0.7,0.0,0.0,0.0,0.0,20.0,0.0,0.4,10.3
호소,대청호,문의,2016-09-19,25.2,8.1,6.2,1.9,4.8,10.3,5638.0,5490.0,0.0,90.0,58.0,0.6506024096385542,0.0,0.0,0.7,0.0,0.0,0.0,0.0,20.0,0.0,0.4,10.3
호소,대청호,추동,2016-09-26,23.2,7.7,5.6,2.3,4.4,10.4,5108.0,4820.0,86.0,0.0,202.0,0.674698795180723,0.0,0.0,0.7,0.0,0.0,0.0,0.0,22.1,0.0,2.5,9.8
호소,대청호,문의,2016-09-26,24.0,8.0,4.6,2.1,3.8,7.7,8418.0,8310.0,52.0,0.0,56.0,0.6987951807228916,0.0,0.0,0.7,0.0,0.0,0.0,0.0,22.1,0.0,2.5,9.8
호소,대청호,회남,2016-09-26,20.9,7.5,3.5,2.8,6.0,5.3,300.0,220.0,54.0,0.0,26.0,0.7228915662650602,0.0,0.0,0.7,0.0,0.0,0.0,0.0,22.1,0.0,2.5,9.8
호소,대청호,문의,2016-10-04,23.8,8.0,7.0,2.7,3.5,10.5,3862.0,3364.0,0.0,436.0,62.0,0.746987951807229,0.0,0.0,0.7,0.0,0.0,0.0,0.0,22.1,0.0,8.7,19.62
호소,대청호,추동,2016-10-04,22.8,7.8,5.5,1.9,3.9,11.5,2614.0,2360.0,160.0,0.0,94.0,0.7710843373493976,0.0,0.0,0.7,0.0,0.0,0.0,0.0,22.1,0.0,8.7,19.62
호소,대청호,회남,2016-10-04,21.7,7.6,4.6,2.8,4.7,4.8,868.0,810.0,58.0,0.0,0.0,0.7951807228915663,0.0,0.0,0.7,0.0,0.0,0.0,0.0,22.1,0.0,8.7,19.62
호소,대청호,추동,2016-10-10,22.2,7.6,7.3,2.5,4.4,9.9,1374.0,700.0,450.0,0.0,224.0,0.819277108433735,0.0,0.0,0.7,0.0,0.0,0.0,0.0,12.7,0.0,6.3,13.15
호소,대청호,회남,2016-10-10,20.8,7.6,5.4,2.4,7.3,11.8,736.0,640.0,82.0,0.0,14.0,0.8433734939759037,0.0,0.0,0.7,0.0,0.0,0.0,0.0,12.7,0.0,6.3,13.15
호소,대청호,문의,2016-10-10,22.3,7.6,7.3,2.9,4.0,7.1,3898.0,3660.0,0.0,0.0,238.0,0.8674698795180723,0.0,0.0,0.7,0.0,0.0,0.0,0.0,12.7,0.0,6.3,13.15
호소,대청호,추동,2016-10-17,21.4,8.3,5.4,2.1,4.0,6.1,820.0,820.0,0.0,0.0,0.0,0.8915662650602411,0.0,0.0,0.7,0.0,0.0,0.0,0.0,17.6,1.0,6.9,14.43
호소,대청호,회남,2016-10-17,20.4,8.4,7.4,2.9,5.1,13.8,126.0,80.0,46.0,0.0,0.0,0.9156626506024097,0.0,0.0,0.7,0.0,0.0,0.0,0.0,17.6,1.0,6.9,14.43
호소,대청호,문의,2016-10-17,21.4,8.6,6.7,3.3,2.5,6.8,3448.0,3260.0,24.0,36.0,128.0,0.9397590361445783,0.0,0.0,0.7,0.0,0.0,0.0,0.0,17.6,1.0,6.9,14.43
호소,대청호,회남,2016-10-24,19.6,7.2,7.5,3.2,2.5,8.2,316.0,316.0,0.0,0.0,0.0,0.963855421686747,0.0,0.0,0.7,0.0,0.0,0.0,0.0,15.5,0.0,8.9,15.78
호소,대청호,문의,2016-10-24,20.5,7.4,7.2,2.7,2.7,7.0,860.0,860.0,0.0,0.0,0.0,0.9879518072289157,0.0,0.0,0.7,0.0,0.0,0.0,0.0,15.5,0.0,8.9,15.78
호소,대청호,추동,2016-10-24,20.4,7.2,6.5,1.5,5.7,5.7,0.0,0.0,0.0,0.0,0.0,1.0120481927710845,0.0,0.0,0.7,0.0,0.0,0.0,0.0,15.5,0.0,8.9,15.78
호소,대청호,문의,2016-10-31,18.9,7.5,6.5,2.9,2.2,5.7,180.0,180.0,0.0,0.0,0.0,1.036144578313253,0.0,0.0,0.7,0.0,0.0,0.0,0.0,7.8,0.0,0.0,2.68
호소,대청호,회남,2016-10-31,18.3,7.5,5.5,3.1,3.0,7.7,0.0,0.0,0.0,0.0,0.0,1.0602409638554218,0.0,0.0,0.7,0.0,0.0,0.0,0.0,7.8,0.0,0.0,2.68
호소,대청호,추동,2016-10-31,18.8,7.4,6.3,1.8,3.9,4.3,0.0,0.0,0.0,0.0,0.0,1.0843373493975905,0.0,0.0,0.7,0.0,0.0,0.0,0.0,7.8,0.0,0.0,2.68
호소,대청호,회남,2016-11-07,17.4,7.6,7.2,2.9,4.3,7.4,16.0,0.0,0.0,16.0,0.0,1.108433734939759,0.0,0.0,0.7,0.0,0.0,0.0,0.0,14.3,2.7,5.2,10.18
호소,대청호,추동,2016-11-07,17.5,7.6,7.4,2.4,4.7,5.6,0.0,0.0,0.0,0.0,0.0,1.1325301204819278,0.0,0.0,0.7,0.0,0.0,0.0,0.0,14.3,2.7,5.2,10.18
호소,대청호,문의,2016-11-07,17.7,7.5,6.9,2.8,2.6,5.9,0.0,0.0,0.0,0.0,0.0,1.1566265060240966,0.0,0.0,0.7,0.0,0.0,0.0,0.0,14.3,2.7,5.2,10.18
호소,대청호,회남,2016-11-14,16.5,7.4,8.2,3.6,3.8,5.8,0.0,0.0,0.0,0.0,0.0,1.180722891566265,0.0,0.0,0.7,0.0,0.0,0.0,0.0,15.3,0.1,6.7,10.67
호소,대청호,추동,2016-11-14,16.4,7.3,8.5,2.9,3.4,7.8,80.0,80.0,0.0,0.0,0.0,1.2048192771084338,0.0,0.0,0.7,0.0,0.0,0.0,0.0,15.3,0.1,6.7,10.67
호소,대청호,문의,2016-11-14,16.8,7.2,7.5,3.5,2.3,7.8,0.0,0.0,0.0,0.0,0.0,1.2289156626506024,0.0,0.0,0.7,0.0,0.0,0.0,0.0,15.3,0.1,6.7,10.67
호소,대청호,문의,2016-11-21,15.7,7.6,8.6,3.1,2.3,15.2,0.0,0.0,0.0,0.0,0.0,1.2530120481927711,0.0,0.0,0.7,0.0,0.0,0.0,0.0,8.7,0.1,0.0,2.33
호소,대청호,회남,2016-11-21,15.1,7.6,8.8,3.0,3.1,5.0,0.0,0.0,0.0,0.0,0.0,1.2771084337349399,0.0,0.0,0.7,0.0,0.0,0.0,0.0,8.7,0.1,0.0,2.33
호소,대청호,추동,2016-11-21,15.5,7.6,9.1,3.0,2.9,13.2,0.0,0.0,0.0,0.0,0.0,1.3012048192771084,0.0,0.0,0.7,0.0,0.0,0.0,0.0,8.7,0.1,0.0,2.33
호소,대청호,추동,2016-11-28,13.4,7.6,12.0,3.4,3.4,18.1,48.0,0.0,0.0,0.0,48.0,1.3253012048192772,0.0,0.0,0.7,0.0,0.0,0.0,0.0,2.8,0.0,8.0,11.58
호소,대청호,회남,2016-11-28,14.0,7.5,7.5,3.3,2.4,6.2,0.0,0.0,0.0,0.0,0.0,1.349397590361446,0.0,0.0,0.7,0.0,0.0,0.0,0.0,2.8,0.0,8.0,11.58
호소,대청호,문의,2016-11-28,13.8,7.5,9.5,3.2,2.2,15.9,0.0,0.0,0.0,0.0,0.0,1.3734939759036144,0.0,0.0,0.7,0.0,0.0,0.0,0.0,2.8,0.0,8.0,11.58
호소,대청호,추동,2016-12-05,12.4,7.5,10.1,3.2,2.3,17.6,0.0,0.0,0.0,0.0,0.0,1.3975903614457832,0.0,0.0,0.7,0.0,0.0,0.0,0.0,8.9,0.2,3.7,6.22
호소,대청호,문의,2016-12-05,12.8,7.4,9.0,3.0,1.8,16.6,0.0,0.0,0.0,0.0,0.0,1.421686746987952,0.0,0.0,0.7,0.0,0.0,0.0,0.0,8.9,0.2,3.7,6.22
호소,대청호,회남,2016-12-05,12.7,7.4,8.9,3.2,1.9,6.0,66.0,0.0,28.0,0.0,38.0,1.4457831325301205,0.0,0.0,0.7,0.0,0.0,0.0,0.0,8.9,0.2,3.7,6.22
호소,대청호,회남,2016-12-12,11.3,7.5,9.1,3.8,1.8,4.6,0.0,0.0,0.0,0.0,0.0,1.4698795180722892,0.0,0.0,0.7,0.0,0.0,0.0,0.0,4.3,0.0,6.5,8.18
호소,대청호,추동,2016-12-12,11.1,7.6,10.0,4.4,2.4,7.6,0.0,0.0,0.0,0.0,0.0,1.493975903614458,0.0,0.0,0.7,0.0,0.0,0.0,0.0,4.3,0.0,6.5,8.18
호소,대청호,문의,2016-12-12,11.5,7.5,9.4,4.0,1.9,10.3,0.0,0.0,0.0,0.0,0.0,1.5180722891566265,0.0,0.0,0.7,0.0,0.0,0.0,0.0,4.3,0.0,6.5,8.18
호소,대청호,회남,2016-12-19,10.4,8.4,9.6,4.4,1.6,3.5,84.0,0.0,0.0,0.0,84.0,1.5421686746987953,0.0,0.0,0.7,0.0,0.0,0.0,0.0,7.8,1.8,0.9,3.97
호소,대청호,추동,2016-12-19,10.1,8.5,10.2,3.8,1.5,2.8,0.0,0.0,0.0,0.0,0.0,1.566265060240964,0.0,0.0,0.7,0.0,0.0,0.0,0.0,7.8,1.8,0.9,3.97
호소,대청호,문의,2016-12-19,10.6,8.4,9.4,3.0,2.0,5.5,38.0,0.0,0.0,0.0,38.0,1.5903614457831325,0.0,0.0,0.7,0.0,0.0,0.0,0.0,7.8,1.8,0.9,3.97
호소,대청호,추동,2016-12-26,9.5,8.4,10.1,3.0,1.9,2.4,0.0,0.0,0.0,0.0,0.0,1.6144578313253013,0.0,0.0,0.7,0.0,0.0,0.0,0.0,3.1,10.8,0.0,1.48
호소,대청호,문의,2016-12-26,9.8,8.4,9.4,3.3,2.0,2.4,0.0,0.0,0.0,0.0,0.0,1.63855421686747,0.0,0.0,0.7,0.0,0.0,0.0,0.0,3.1,10.8,0.0,1.48
호소,대청호,회남,2016-12-26,9.5,8.4,9.9,1.3,3.1,2.5,140.0,0.0,0.0,0.0,140.0,1.6626506024096386,0.0,0.0,0.7,0.0,0.0,0.0,0.0,3.1,10.8,0.0,1.48
호소,대청호,추동,2017-01-02,8.5,8.3,10.3,3.2,2.6,2.0,14.0,0.0,0.0,0.0,14.0,1.6867469879518073,0.0,0.0,0.7,0.0,0.0,0.0,0.0,4.7,0.0,4.5,7.77
호소,대청호,문의,2017-01-02,8.9,8.2,9.2,3.8,1.5,1.6,0.0,0.0,0.0,0.0,0.0,1.710843373493976,0.0,0.0,0.7,0.0,0.0,0.0,0.0,4.7,0.0,4.5,7.77
호소,대청호,회남,2017-01-02,8.7,8.4,10.2,4.2,1.8,2.1,32.0,0.0,0.0,0.0,32.0,1.7349397590361446,0.0,0.0,0.7,0.0,0.0,0.0,0.0,4.7,0.0,4.5,7.77
호소,대청호,문의,2017-01-09,8.7,8.3,10.1,4.2,1.8,1.8,0.0,0.0,0.0,0.0,0.0,1.7590361445783134,0.0,0.0,0.7,0.0,0.0,0.0,0.0,4.3,0.0,6.4,8.35
호소,대청호,추동,2017-01-09,8.4,8.6,11.1,3.0,2.0,3.3,0.0,0.0,0.0,0.0,0.0,1.7831325301204821,0.0,0.0,0.7,0.0,0.0,0.0,0.0,4.3,0.0,6.4,8.35
호소,대청호,회남,2017-01-09,7.9,8.4,11.0,4.2,1.9,1.9,28.0,0.0,0.0,0.0,28.0,1.8072289156626506,0.0,0.0,0.7,0.0,0.0,0.0,0.0,4.3,0.0,6.4,8.35
호소,대청호,회남,2017-01-16,7.2,7.7,11.1,4.2,1.3,2.1,178.0,0.0,0.0,0.0,178.0,1.8313253012048194,0.0,0.0,0.7,0.0,0.0,0.0,0.0,-3.9,0.0,9.1,13.58
호소,대청호,추동,2017-01-16,6.7,7.7,11.5,4.2,1.7,3.4,104.0,0.0,0.0,0.0,104.0,1.8554216867469882,0.0,0.0,0.7,0.0,0.0,0.0,0.0,-3.9,0.0,9.1,13.58
호소,대청호,문의,2017-01-16,7.1,7.6,9.8,3.5,1.5,2.0,0.0,0.0,0.0,0.0,0.0,1.8795180722891567,0.0,0.0,0.7,0.0,0.0,0.0,0.0,-3.9,0.0,9.1,13.58
호소,대청호,추동,2017-01-23,5.7,7.7,11.2,4.7,1.8,2.8,36.0,0.0,0.0,0.0,36.0,1.9036144578313254,0.0,0.0,0.7,0.0,0.0,0.0,0.0,-6.5,0.0,8.9,14.14
호소,대청호,회남,2017-01-23,6.3,7.7,10.8,5.7,1.5,2.9,34.0,0.0,0.0,0.0,34.0,1.927710843373494,0.0,0.0,0.7,0.0,0.0,0.0,0.0,-6.5,0.0,8.9,14.14
호소,대청호,문의,2017-01-23,6.1,7.6,9.5,3.3,1.5,1.8,0.0,0.0,0.0,0.0,0.0,1.9518072289156627,0.0,0.0,0.7,0.0,0.0,0.0,0.0,-6.5,0.0,8.9,14.14
호소,대청호,문의,2017-01-31,5.9,8.1,10.0,4.5,1.3,1.6,0.0,0.0,0.0,0.0,0.0,1.9759036144578315,0.0,0.0,0.7,0.0,0.0,0.0,0.0,-4.2,0.0,7.9,13.67
호소,대청호,추동,2017-01-31,5.1,8.0,11.3,4.9,1.3,2.0,64.0,0.0,0.0,0.0,64.0,2.0,0.0,0.0,0.7,0.0,0.0,0.0,0.0,-4.2,0.0,7.9,13.67
호소,대청호,회남,2017-01-31,5.6,8.6,10.5,5.7,1.2,2.2,98.0,0.0,0.0,0.0,98.0,2.024096385542169,0.0,0.0,0.7,0.0,0.0,0.0,0.0,-4.2,0.0,7.9,13.67
호소,대청호,추동,2017-02-06,5.0,8.7,13.2,3.7,2.2,1.9,152.0,0.0,0.0,0.0,152.0,2.0481927710843375,0.0,0.0,0.7,0.0,0.0,0.0,0.0,0.0,0.0,8.7,14.07
호소,대청호,문의,2017-02-06,5.7,8.6,11.2,3.4,2.0,1.6,0.0,0.0,0.0,0.0,0.0,2.072289156626506,0.0,0.0,0.7,0.0,0.0,0.0,0.0,0.0,0.0,8.7,14.07
호소,대청호,회남,2017-02-06,5.4,8.7,12.8,3.8,1.7,2.4,492.0,0.0,0.0,0.0,492.0,2.096385542168675,0.0,0.0,0.7,0.0,0.0,0.0,0.0,0.0,0.0,8.7,14.07
호소,대청호,회남,2017-02-13,4.9,7.1,11.9,6.3,1.1,2.1,176.0,0.0,0.0,0.0,176.0,2.1204819277108435,0.0,0.0,0.7,0.0,0.0,0.0,0.0,0.3,0.6,5.7,11.33
호소,대청호,문의,2017-02-13,5.1,7.0,11.0,4.0,1.4,1.9,0.0,0.0,0.0,0.0,0.0,2.144578313253012,0.0,0.0,0.7,0.0,0.0,0.0,0.0,0.3,0.6,5.7,11.33
호소,대청호,추동,2017-02-13,4.6,7.1,12.4,3.8,2.0,1.9,84.0,0.0,0.0,0.0,84.0,2.168674698795181,0.0,0.0,0.7,0.0,0.0,0.0,0.0,0.3,0.6,5.7,11.33
호소,대청호,회남,2017-02-20,5.1,7.8,12.2,3.5,2.8,2.1,142.0,0.0,0.0,0.0,142.0,2.1927710843373496,0.0,0.0,0.7,0.0,0.0,0.0,0.0,1.3,15.3,7.0,15.09
호소,대청호,추동,2017-02-20,5.2,7.8,12.5,2.8,3.4,1.5,78.0,0.0,0.0,0.0,78.0,2.216867469879518,0.0,0.0,0.7,0.0,0.0,0.0,0.0,1.3,15.3,7.0,15.09
호소,대청호,문의,2017-02-20,5.6,7.7,11.4,3.6,3.2,2.1,0.0,0.0,0.0,0.0,0.0,2.240963855421687,0.0,0.0,0.7,0.0,0.0,0.0,0.0,1.3,15.3,7.0,15.09
호소,대청호,회남,2017-02-27,5.2,7.7,12.6,5.3,1.4,2.3,130.0,0.0,0.0,0.0,130.0,2.2650602409638556,0.0,0.0,0.7,0.0,0.0,0.0,0.0,4.2,0.0,10.1,18.64
호소,대청호,문의,2017-02-27,5.9,7.6,11.9,4.3,1.3,2.5,120.0,0.0,0.0,0.0,120.0,2.289156626506024,0.0,0.0,0.7,0.0,0.0,0.0,0.0,4.2,0.0,10.1,18.64
호소,대청호,추동,2017-02-27,5.4,7.7,12.7,4.3,2.0,1.5,42.0,0.0,0.0,0.0,42.0,2.313253012048193,0.0,0.0,0.7,0.0,0.0,0.0,0.0,4.2,0.0,10.1,18.64
호소,대청호,문의,2017-03-06,6.1,7.9,11.8,2.1,1.7,2.3,0.0,0.0,0.0,0.0,0.0,2.3373493975903616,0.0,0.0,0.7,0.0,0.0,0.0,0.0,1.8,0.0,10.8,21.82
호소,대청호,회남,2017-03-06,5.4,7.9,12.4,2.9,2.4,2.3,36.0,0.0,0.0,0.0,36.0,2.36144578313253,0.0,0.0,0.7,0.0,0.0,0.0,0.0,1.8,0.0,10.8,21.82
호소,대청호,추동,2017-03-06,5.9,7.9,12.3,2.1,2.5,1.5,72.0,0.0,0.0,0.0,72.0,2.3855421686746987,0.0,0.0,0.7,0.0,0.0,0.0,0.0,1.8,0.0,10.8,21.82
호소,대청호,문의,2017-03-13,6.3,7.5,12.2,4.3,1.3,2.3,0.0,0.0,0.0,0.0,0.0,2.4096385542168677,0.0,0.0,0.7,0.0,0.0,0.0,0.0,8.0,0.0,9.3,20.41
호소,대청호,추동,2017-03-13,6.5,7.6,12.5,4.5,1.6,1.9,100.0,0.0,0.0,0.0,100.0,2.433734939759036,0.0,0.0,0.7,0.0,0.0,0.0,0.0,8.0,0.0,9.3,20.41
호소,대청호,회남,2017-03-13,6.2,7.6,12.7,4.3,1.6,2.4,248.0,0.0,0.0,0.0,248.0,2.4578313253012047,0.0,0.0,0.7,0.0,0.0,0.0,0.0,8.0,0.0,9.3,20.41
호소,대청호,추동,2017-03-20,7.0,7.5,12.6,4.9,2.3,2.1,94.0,0.0,0.0,0.0,94.0,2.4819277108433737,0.0,0.0,0.7,0.0,0.0,0.0,0.0,8.6,0.1,2.3,7.39
호소,대청호,회남,2017-03-20,6.6,7.5,12.7,4.1,3.2,2.0,256.0,0.0,0.0,0.0,256.0,2.5060240963855422,0.0,0.0,0.7,0.0,0.0,0.0,0.0,8.6,0.1,2.3,7.39
호소,대청호,문의,2017-03-20,6.5,7.5,12.3,3.9,1.8,2.4,0.0,0.0,0.0,0.0,0.0,2.5301204819277108,0.0,0.0,0.7,0.0,0.0,0.0,0.0,8.6,0.1,2.3,7.39
호소,대청호,문의,2017-03-27,8.1,7.8,12.5,3.5,1.7,2.3,36.0,0.0,0.0,0.0,36.0,2.5542168674698797,0.0,0.0,0.7,0.0,0.0,0.0,0.0,6.4,1.6,5.2,10.9
호소,대청호,추동,2017-03-27,7.2,7.6,12.2,2.8,1.6,2.1,0.0,0.0,0.0,0.0,0.0,2.5783132530120483,0.0,0.0,0.7,0.0,0.0,0.0,0.0,6.4,1.6,5.2,10.9
호소,대청호,회남,2017-03-27,6.7,7.7,12.5,2.9,1.4,1.8,68.0,0.0,0.0,0.0,68.0,2.602409638554217,0.0,0.0,0.7,0.0,0.0,0.0,0.0,6.4,1.6,5.2,10.9
호소,대청호,문의,2017-04-03,7.8,7.7,12.6,4.6,1.6,1.9,130.0,0.0,0.0,0.0,130.0,2.626506024096386,0.0,0.0,0.7,0.0,0.0,0.0,0.0,12.0,0.0,11.7,25.31
호소,대청호,추동,2017-04-03,8.2,7.7,12.4,5.3,1.7,1.9,76.0,0.0,0.0,0.0,76.0,2.6506024096385543,0.0,0.0,0.7,0.0,0.0,0.0,0.0,12.0,0.0,11.7,25.31
호소,대청호,회남,2017-04-03,7.7,7.6,12.6,5.9,1.1,1.4,172.0,0.0,0.0,0.0,172.0,2.674698795180723,0.0,0.0,0.7,0.0,0.0,0.0,0.0,12.0,0.0,11.7,25.31
호소,대청호,문의,2017-04-10,10.2,7.7,13.3,5.2,1.2,1.8,0.0,0.0,0.0,0.0,0.0,2.698795180722892,0.0,0.0,0.7,0.0,0.0,0.0,0.0,15.1,0.0,10.3,25.92
호소,대청호,회남,2017-04-10,8.2,7.6,13.2,3.0,1.4,1.7,32.0,0.0,0.0,0.0,32.0,2.7228915662650603,0.0,0.0,0.7,0.0,0.0,0.0,0.0,15.1,0.0,10.3,25.92
호소,대청호,추동,2017-04-10,9.2,7.7,13.0,5.4,1.6,2.0,14.0,0.0,0.0,0.0,14.0,2.746987951807229,0.0,0.0,0.7,0.0,0.0,0.0,0.0,15.1,0.0,10.3,25.92
호소,대청호,문의,2017-04-17,11.2,8.0,12.2,3.9,2.2,1.7,22.0,0.0,0.0,0.0,22.0,2.771084337349398,0.0,0.0,0.7,0.0,0.0,0.0,0.0,13.7,26.8,1.9,3.39
호소,대청호,추동,2017-04-17,10.2,7.9,12.1,3.2,2.5,2.0,0.0,0.0,0.0,0.0,0.0,2.7951807228915664,0.0,0.0,0.7,0.0,0.0,0.0,0.0,13.7,26.8,1.9,3.39
호소,대청호,회남,2017-04-17,8.9,7.9,12.0,5.2,3.2,2.1,0.0,0.0,0.0,0.0,0.0,2.819277108433735,0.0,0.0,0.7,0.0,0.0,0.0,0.0,13.7,26.8,1.9,3.39
호소,대청호,문의,2017-04-24,12.7,8.2,11.7,5.9,2.0,1.9,0.0,0.0,0.0,0.0,0.0,2.843373493975904,0.0,0.0,0.7,0.0,0.0,0.0,0.0,15.2,0.0,12.0,29.0
호소,대청호,추동,2017-04-24,11.0,8.0,11.4,6.7,1.5,2.1,0.0,0.0,0.0,0.0,0.0,2.8674698795180724,0.0,0.0,0.7,0.0,0.0,0.0,0.0,15.2,0.0,12.0,29.0
호소,대청호,회남,2017-04-24,9.9,8.0,11.3,8.3,1.3,1.9,0.0,0.0,0.0,0.0,0.0,2.891566265060241,0.0,0.0,0.7,0.0,0.0,0.0,0.0,15.2,0.0,12.0,29.0
호소,대청호,문의,2017-05-02,14.3,8.3,11.2,6.4,1.3,3.2,0.0,0.0,0.0,0.0,0.0,2.91566265060241,0.0,0.0,0.7,0.0,0.0,0.0,0.0,20.0,0.0,11.5,25.0
호소,대청호,회남,2017-05-02,10.9,8.4,10.3,8.1,1.6,1.4,0.0,0.0,0.0,0.0,0.0,2.9397590361445785,0.0,0.0,0.7,0.0,0.0,0.0,0.0,20.0,0.0,11.5,25.0
호소,대청호,추동,2017-05-02,12.6,8.4,10.8,6.0,1.7,2.2,6.0,0.0,6.0,0.0,0.0,2.963855421686747,0.0,0.0,0.7,0.0,0.0,0.0,0.0,20.0,0.0,11.5,25.0
호소,대청호,문의,2017-05-08,14.2,7.7,11.5,2.4,1.2,3.2,0.0,0.0,0.0,0.0,0.0,2.987951807228916,0.0,0.0,0.7,0.0,0.0,0.0,0.0,18.2,0.0,4.2,16.62
호소,대청호,회남,2017-05-08,10.8,8.2,10.5,5.5,1.4,1.8,0.0,0.0,0.0,0.0,0.0,3.0120481927710845,0.0,0.0,0.7,0.0,0.0,0.0,0.0,18.2,0.0,4.2,16.62
호소,대청호,추동,2017-05-08,13.2,8.2,11.1,3.4,2.1,3.5,0.0,0.0,0.0,0.0,0.0,3.036144578313253,0.0,0.0,0.7,0.0,0.0,0.0,0.0,18.2,0.0,4.2,16.62
호소,대청호,추동,2017-05-15,13.2,7.8,10.5,3.7,1.9,2.6,0.0,0.0,0.0,0.0,0.0,3.060240963855422,0.0,0.0,0.7,0.0,0.0,0.0,0.0,16.7,0.0,13.2,31.16
호소,대청호,문의,2017-05-15,16.6,8.2,10.5,3.4,1.6,3.4,34.0,0.0,0.0,0.0,34.0,3.0843373493975905,0.0,0.0,0.7,0.0,0.0,0.0,0.0,16.7,0.0,13.2,31.16
호소,대청호,회남,2017-05-15,11.6,7.8,10.1,6.7,1.2,1.6,0.0,0.0,0.0,0.0,0.0,3.108433734939759,0.0,0.0,0.7,0.0,0.0,0.0,0.0,16.7,0.0,13.2,31.16
호소,대청호,문의,2017-05-22,17.8,8.8,8.7,4.1,1.5,3.1,0.0,0.0,0.0,0.0,0.0,3.132530120481928,0.0,0.0,0.7,0.0,0.0,0.0,0.0,21.7,0.0,13.3,30.86
호소,대청호,추동,2017-05-22,15.0,8.6,10.2,4.2,2.1,4.7,0.0,0.0,0.0,0.0,0.0,3.1566265060240966,0.0,0.0,0.7,0.0,0.0,0.0,0.0,21.7,0.0,13.3,30.86
호소,대청호,회남,2017-05-22,12.5,8.5,9.0,6.4,1.8,2.5,0.0,0.0,0.0,0.0,0.0,3.180722891566265,0.0,0.0,0.7,0.0,0.0,0.0,0.0,21.7,0.0,13.3,30.86
호소,대청호,회남,2017-05-29,12.9,7.9,9.2,6.8,1.3,2.5,0.0,0.0,0.0,0.0,0.0,3.204819277108434,0.0,0.0,0.7,0.0,0.0,0.0,0.0,24.1,0.0,12.2,28.74
호소,대청호,문의,2017-05-29,18.8,8.3,11.7,3.9,1.5,3.7,0.0,0.0,0.0,0.0,0.0,3.2289156626506026,0.0,0.0,0.7,0.0,0.0,0.0,0.0,24.1,0.0,12.2,28.74
호소,대청호,추동,2017-05-29,16.2,8.1,11.3,2.9,2.0,4.0,0.0,0.0,0.0,0.0,0.0,3.253012048192771,0.0,0.0,0.7,0.0,0.0,0.0,0.0,24.1,0.0,12.2,28.74
호소,대청호,추동,2017-06-05,17.4,8.3,10.4,2.8,2.3,4.8,0.0,0.0,0.0,0.0,0.0,3.27710843373494,0.0,0.0,0.7,0.0,0.0,0.0,0.0,22.6,0.0,12.3,29.88
호소,대청호,회남,2017-06-05,13.5,7.8,8.7,4.2,1.8,2.7,0.0,0.0,0.0,0.0,0.0,3.3012048192771086,0.0,0.0,0.7,0.0,0.0,0.0,0.0,22.6,0.0,12.3,29.88
호소,대청호,문의,2017-06-05,20.4,8.9,11.8,2.3,2.0,6.7,0.0,0.0,0.0,0.0,0.0,3.325301204819277,0.0,0.0,0.7,0.0,0.0,0.0,0.0,22.6,0.0,12.3,29.88
호소,대청호,추동,2017-06-12,18.1,8.3,10.4,2.2,2.4,4.8,0.0,0.0,0.0,0.0,0.0,3.349397590361446,0.0,0.0,0.7,0.0,0.0,0.0,0.0,22.1,0.0,9.1,25.05
호소,대청호,회남,2017-06-12,13.4,8.0,8.8,2.6,1.8,3.6,0.0,0.0,0.0,0.0,0.0,3.3734939759036147,0.0,0.0,0.7,0.0,0.0,0.0,0.0,22.1,0.0,9.1,25.05
호소,대청호,문의,2017-06-12,21.4,9.0,11.8,1.9,2.4,11.0,0.0,0.0,0.0,0.0,0.0,3.397590361445783,0.0,0.0,0.7,0.0,0.0,0.0,0.0,22.1,0.0,9.1,25.05
호소,대청호,추동,2017-06-19,20.1,8.6,10.4,2.4,3.2,7.2,0.0,0.0,0.0,0.0,0.0,3.421686746987952,0.0,0.0,0.7,0.0,0.0,0.0,0.0,26.1,0.0,12.4,28.64
호소,대청호,회남,2017-06-19,14.4,8.3,8.2,3.1,1.7,2.0,0.0,0.0,0.0,0.0,0.0,3.4457831325301207,0.0,0.0,0.7,0.0,0.0,0.0,0.0,26.1,0.0,12.4,28.64
호소,대청호,문의,2017-06-19,22.4,9.2,12.8,1.9,2.7,13.4,48.0,0.0,0.0,0.0,48.0,3.4698795180722892,0.0,0.0,0.7,0.0,0.0,0.0,0.0,26.1,0.0,12.4,28.64
호소,대청호,추동,2017-06-26,20.8,8.7,10.1,1.7,2.6,8.8,0.0,0.0,0.0,0.0,0.0,3.493975903614458,0.0,0.0,0.7,0.0,0.0,0.0,0.0,23.9,1.8,4.1,15.51
호소,대청호,문의,2017-06-26,23.4,9.3,12.3,2.7,2.3,4.8,0.0,0.0,0.0,0.0,0.0,3.5180722891566267,0.0,0.0,0.7,0.0,0.0,0.0,0.0,23.9,1.8,4.1,15.51
호소,대청호,회남,2017-06-26,15.0,8.4,7.9,2.2,1.7,3.0,0.0,0.0,0.0,0.0,0.0,3.5421686746987953,0.0,0.0,0.7,0.0,0.0,0.0,0.0,23.9,1.8,4.1,15.51
호소,대청호,문의,2017-07-03,25.5,9.0,9.6,1.1,13.2,2.9,0.0,0.0,0.0,0.0,0.0,3.5662650602409642,0.0,0.0,0.7,0.0,0.0,0.0,0.0,25.3,69.9,0.6,8.72
호소,대청호,추동,2017-07-03,21.8,8.4,9.1,1.5,3.0,9.7,0.0,0.0,0.0,0.0,0.0,3.5903614457831328,0.0,0.0,0.7,0.0,0.0,0.0,0.0,25.3,69.9,0.6,8.72
호소,대청호,회남,2017-07-03,16.1,7.9,5.8,3.9,1.6,2.4,0.0,0.0,0.0,0.0,0.0,3.6144578313253013,0.0,0.0,0.7,0.0,0.0,0.0,0.0,25.3,69.9,0.6,8.72
호소,대청호,문의,2017-07-10,26.3,8.9,10.1,0.8,6.0,6.3,0.0,0.0,0.0,0.0,0.0,3.6385542168674703,0.0,0.0,0.7,0.0,0.0,0.0,0.0,25.8,35.0,0.6,7.68
호소,대청호,추동,2017-07-10,22.5,8.5,9.3,0.9,4.1,10.7,0.0,0.0,0.0,0.0,0.0,3.662650602409639,0.0,0.0,0.7,0.0,0.0,0.0,0.0,25.8,35.0,0.6,7.68
호소,대청호,회남,2017-07-10,16.8,8.1,6.2,2.6,4.0,3.3,964.0,0.0,964.0,0.0,0.0,3.6867469879518073,0.0,0.0,0.7,0.0,0.0,0.0,0.0,25.8,35.0,0.6,7.68
호소,대청호,문의,2017-07-17,26.3,8.5,9.0,1.7,6.4,2.1,0.0,0.0,0.0,0.0,0.0,3.7108433734939763,0.0,0.0,0.7,0.0,0.0,0.0,0.0,25.6,7.1,0.0,8.58
호소,대청호,추동,2017-07-17,23.2,8.4,8.5,1.7,3.3,6.1,68.0,0.0,0.0,0.0,68.0,3.734939759036145,0.0,0.0,0.7,0.0,0.0,0.0,0.0,25.6,7.1,0.0,8.58
호소,대청호,회남,2017-07-17,19.8,8.3,6.3,2.5,10.6,7.9,4402.0,3620.0,782.0,0.0,0.0,3.7590361445783134,0.0,0.0,0.7,0.0,0.0,0.0,0.0,25.6,7.1,0.0,8.58
호소,대청호,문의,2017-07-24,26.6,8.4,8.4,2.8,3.4,2.4,980.0,980.0,0.0,0.0,0.0,3.7831325301204823,0.0,0.0,0.7,0.0,0.0,0.0,0.0,28.8,0.7,0.0,8.75
호소,대청호,추동,2017-07-24,24.0,8.1,6.3,2.1,3.1,4.8,0.0,0.0,0.0,0.0,0.0,3.807228915662651,0.0,0.0,0.7,0.0,0.0,0.0,0.0,28.8,0.7,0.0,8.75
호소,대청호,회남,2017-07-24,18.8,8.3,6.8,1.9,6.4,6.4,4594.0,2540.0,1318.0,736.0,0.0,3.8313253012048194,0.0,0.0,0.7,0.0,0.0,0.0,0.0,28.8,0.7,0.0,8.75
호소,대청호,추동,2017-07-31,24.5,7.8,5.4,2.2,3.2,3.1,0.0,0.0,0.0,0.0,0.0,3.855421686746988,0.0,0.0,0.7,0.0,0.0,0.0,0.0,25.1,29.2,0.0,3.86
호소,대청호,회남,2017-07-31,19.8,8.2,5.2,0.9,7.2,13.2,38964.0,37906.0,102.0,834.0,122.0,3.879518072289157,0.0,0.0,0.7,0.0,0.0,0.0,0.0,25.1,29.2,0.0,3.86
호소,대청호,문의,2017-07-31,26.5,8.3,7.2,0.9,3.0,3.7,1960.0,1960.0,0.0,0.0,0.0,3.9036144578313254,0.0,0.0,0.7,0.0,0.0,0.0,0.0,25.1,29.2,0.0,3.86
호소,대청호,추동,2017-08-07,25.2,8.2,5.3,3.2,3.2,4.6,0.0,0.0,0.0,0.0,0.0,3.927710843373494,0.0,0.0,0.7,0.0,0.0,0.0,0.0,29.4,0.0,11.2,24.26
호소,대청호,문의,2017-08-07,27.8,8.2,5.3,4.5,2.0,4.2,2660.0,1600.0,0.0,1060.0,0.0,3.951807228915663,0.0,0.0,0.7,0.0,0.0,0.0,0.0,29.4,0.0,11.2,24.26
호소,대청호,회남,2017-08-07,21.2,8.5,5.6,1.3,6.4,6.0,20724.0,20026.0,0.0,620.0,78.0,3.9759036144578315,0.0,0.0,0.7,0.0,0.0,0.0,0.0,29.4,0.0,11.2,24.26
호소,대청호,회남,2017-08-10,20.8,8.1,4.6,1.5,6.6,7.2,18724.0,17080.0,286.0,850.0,508.0,4.0,0.0,0.0,0.7,0.0,0.0,0.0,0.0,26.4,3.8,4.0,14.59
호소,대청호,문의,2017-08-14,27.2,8.3,5.4,2.8,3.4,6.0,5224.0,2882.0,146.0,2000.0,196.0,2.666666666666667,0.0,0.0,0.7,0.0,0.0,0.0,0.0,22.4,65.0,0.2,6.15
호소,대청호,추동,2017-08-14,25.5,8.0,5.2,1.9,2.9,4.0,1088.0,0.0,0.0,1054.0,34.0,1.3333333333333335,0.0,0.0,0.7,0.0,0.0,0.0,0.0,22.4,65.0,0.2,6.15
호소,대청호,회남,2017-08-14,20.1,8.5,4.6,0.5,17.2,25.4,85734.0,85560.0,0.0,174.0,0.0,0.0,0.0,0.0,0.7,0.0,0.0,0.0,0.0,22.4,65.0,0.2,6.15
호소,대청호,회남,2017-08-17,19.4,7.8,3.9,1.0,10.3,19.4,63944.0,63540.0,0.0,214.0,190.0,0.0,0.0,0.0,0.7,0.0,0.0,0.0,0.0,25.7,1.2,5.2,17.79
호소,대청호,추동,2017-08-21,25.3,7.9,4.0,1.9,4.4,9.8,14422.0,13580.0,78.0,632.0,132.0,0.0,0.0,0.0,0.7,0.0,0.0,0.0,0.0,24.7,36.1,0.1,6.86
호소,대청호,문의,2017-08-21,26.9,8.3,5.3,2.5,2.5,5.0,9540.0,8340.0,72.0,488.0,640.0,0.0,0.0,0.0,0.7,0.0,0.0,0.0,0.0,24.7,36.1,0.1,6.86
호소,대청호,회남,2017-08-21,20.1,8.2,6.5,0.4,26.6,38.7,206126.0,205340.0,0.0,786.0,0.0,0.0,0.0,0.0,0.7,0.0,0.0,0.0,0.0,24.7,36.1,0.1,6.86
호소,대청호,회남,2017-08-24,20.7,8.1,5.5,0.8,32.1,13.9,77554.0,76200.0,116.0,1180.0,58.0,0.0,0.0,0.0,0.7,0.0,0.0,0.0,0.0,27.5,49.8,3.0,9.99
호소,대청호,추동,2017-08-28,26.1,8.2,4.6,1.8,3.8,8.2,3202.0,3056.0,0.0,116.0,30.0,0.0,0.0,0.0,0.7,0.0,0.0,0.0,0.0,24.8,35.2,3.8,12.7
호소,대청호,문의,2017-08-28,26.6,8.4,4.3,1.8,3.6,7.3,918.0,420.0,168.0,268.0,62.0,0.0,0.0,0.0,0.7,0.0,0.0,0.0,0.0,24.8,35.2,3.8,12.7
호소,대청호,회남,2017-08-28,21.4,8.5,5.1,1.0,8.7,9.4,31940.0,31400.0,0.0,540.0,0.0,0.0,0.0,0.0,0.7,0.0,0.0,0.0,0.0,24.8,35.2,3.8,12.7
호소,대청호,회남,2017-08-31,20.9,8.1,3.9,1.8,6.0,7.5,16282.0,11684.0,0.0,4420.0,178.0,0.0,0.0,0.0,0.7,0.0,0.0,0.0,0.0,21.5,0.0,11.1,24.57
호소,대청호,추동,2017-09-04,26.1,8.3,6.4,1.6,4.0,10.2,8500.0,7340.0,156.0,582.0,422.0,0.0,0.0,0.0,0.7,0.0,0.0,0.0,0.0,22.4,0.0,8.5,21.18
호소,대청호,문의,2017-09-04,26.3,8.6,5.9,1.8,5.8,8.5,4724.0,2760.0,10.0,1798.0,156.0,0.0,0.0,0.0,0.7,0.0,0.0,0.0,0.0,22.4,0.0,8.5,21.18
호소,대청호,회남,2017-09-04,23.5,8.4,5.0,1.0,6.7,11.0,11024.0,9286.0,36.0,1658.0,44.0,0.0,0.0,0.0,0.7,0.0,0.0,0.0,0.0,22.4,0.0,8.5,21.18
호소,대청호,회남,2017-09-07,21.0,8.3,4.3,2.2,4.8,7.1,5476.0,4964.0,0.0,212.0,300.0,0.0,0.0,0.0,0.7,0.0,0.0,0.0,0.0,21.9,0.0,5.2,15.98
호소,대청호,추동,2017-09-11,25.3,7.8,5.7,2.1,4.1,11.0,3302.0,2160.0,0.0,1028.0,114.0,0.0,0.0,0.0,0.7,0.0,0.0,0.0,0.0,20.4,77.0,0.3,6.29
호소,대청호,회남,2017-09-11,22.2,8.0,4.5,2.6,5.5,5.1,2854.0,2344.0,0.0,166.0,344.0,0.0,0.0,0.0,0.7,0.0,0.0,0.0,0.0,20.4,77.0,0.3,6.29
호소,대청호,문의,2017-09-11,25.6,8.1,5.3,2.7,3.3,9.3,1242.0,660.0,0.0,474.0,108.0,0.0,0.0189873417721519,0.0,0.7,0.0,0.0,0.0,0.0,20.4,77.0,0.3,6.29
호소,대청호,문의,2017-09-18,25.1,7.8,6.8,2.6,2.7,7.6,1444.0,500.0,0.0,944.0,0.0,0.0,0.0379746835443038,0.0,0.7,0.0,0.0,0.0,0.0,21.3,0.0,10.8,21.21
호소,대청호,회남,2017-09-18,20.5,7.7,4.7,2.1,6.6,6.1,4068.0,1916.0,0.0,1958.0,194.0,0.0,0.056962025316455694,0.0,0.7,0.0,0.0,0.0,0.0,21.3,0.0,10.8,21.21
호소,대청호,추동,2017-09-18,25.0,7.9,8.7,1.6,4.5,12.6,5440.0,2420.0,84.0,2434.0,502.0,0.0,0.0759493670886076,0.0,0.7,0.0,0.0,0.0,0.0,21.3,0.0,10.8,21.21
호소,대청호,문의,2017-09-25,24.7,8.1,7.4,2.1,2.8,9.2,1618.0,1340.0,6.0,272.0,0.0,0.0,0.0949367088607595,0.0,0.7,0.0,0.0,0.0,0.0,23.1,0.0,8.3,18.79
호소,대청호,회남,2017-09-25,21.6,8.0,6.5,1.8,4.1,5.5,598.0,300.0,0.0,246.0,52.0,0.0,0.11392405063291139,0.0,0.7,0.0,0.0,0.0,0.0,23.1,0.0,8.3,18.79
호소,대청호,추동,2017-09-25,24.6,8.2,9.5,1.6,6.4,13.2,3242.0,2060.0,0.0,1040.0,142.0,0.0,0.1329113924050633,0.0,0.7,0.0,0.0,0.0,0.0,23.1,0.0,8.3,18.79
호소,대청호,문의,2017-09-29,22.2,8.1,7.6,2.9,1.8,8.3,506.0,180.0,0.0,326.0,0.0,0.0,0.1518987341772152,0.0,0.7,0.0,0.0,0.0,0.0,15.8,0.0,10.5,19.62
호소,대청호,추동,2017-09-29,23.4,8.2,8.3,1.9,3.7,10.8,5190.0,3800.0,0.0,1230.0,160.0,0.0,0.17088607594936708,0.0,0.7,0.0,0.0,0.0,0.0,15.8,0.0,10.5,19.62
호소,대청호,회남,2017-09-29,23.9,8.2,8.4,3.1,2.6,5.8,1368.0,360.0,0.0,914.0,94.0,0.0,0.189873417721519,0.0,0.7,0.0,0.0,0.0,0.0,15.8,0.0,10.5,19.62
호소,대청호,문의,2017-10-10,23.5,8.4,10.3,2.0,2.6,15.9,604.0,280.0,0.0,286.0,38.0,0.0,0.2088607594936709,0.0,0.7,0.0,0.0,0.0,0.0,22.3,0.0,5.0,12.58
호소,대청호,회남,2017-10-10,20.7,8.3,8.1,2.8,5.2,7.1,862.0,460.0,0.0,402.0,0.0,0.0,0.22784810126582278,0.0,0.7,0.0,0.0,0.0,0.0,22.3,0.0,5.0,12.58
호소,대청호,추동,2017-10-10,23.3,8.4,12.3,1.9,3.5,17.7,2448.0,1580.0,0.0,868.0,0.0,0.0,0.2468354430379747,0.0,0.7,0.0,0.0,0.0,0.0,22.3,0.0,5.0,12.58
호소,대청호,문의,2017-10-16,22.0,7.2,7.0,2.6,2.3,18.5,392.0,260.0,0.0,132.0,0.0,0.0,0.2658227848101266,0.0,0.7,0.0,0.0,0.0,0.0,16.0,0.0,4.4,11.15
호소,대청호,회남,2017-10-16,18.5,7.3,4.7,3.0,4.2,5.3,402.0,180.0,0.0,222.0,0.0,0.0,0.2848101265822785,0.0,0.7,0.0,0.0,0.0,0.0,16.0,0.0,4.4,11.15
호소,대청호,추동,2017-10-16,21.9,7.6,8.2,2.3,3.8,11.8,2080.0,1340.0,0.0,740.0,0.0,0.0,0.3037974683544304,0.0,0.7,0.0,0.0,0.0,0.0,16.0,0.0,4.4,11.15
호소,대청호,문의,2017-10-23,21.0,8.3,7.4,2.8,2.1,9.0,1768.0,1220.0,0.0,522.0,26.0,0.0,0.3227848101265823,0.0,0.7,0.0,0.0,0.0,0.0,13.0,0.0,9.8,16.83
호소,대청호,회남,2017-10-23,18.8,7.4,4.8,3.3,4.9,3.4,674.0,160.0,0.0,428.0,86.0,0.0,0.34177215189873417,0.0,0.7,0.0,0.0,0.0,0.0,13.0,0.0,9.8,16.83
호소,대청호,추동,2017-10-23,21.0,7.6,8.2,2.9,4.7,8.7,1432.0,656.0,0.0,748.0,28.0,0.0,0.3607594936708861,0.0,0.7,0.0,0.0,0.0,0.0,13.0,0.0,9.8,16.83
호소,대청호,문의,2017-10-30,19.8,7.5,7.1,4.2,1.7,6.3,660.0,88.0,0.0,522.0,50.0,0.0,0.379746835443038,0.0,0.7,0.0,0.0,0.0,0.0,7.0,0.0,9.9,16.92
호소,대청호,회남,2017-10-30,17.3,7.5,5.2,3.8,2.9,4.3,360.0,0.0,0.0,360.0,0.0,0.0,0.3987341772151899,0.0,0.7,0.0,0.0,0.0,0.0,7.0,0.0,9.9,16.92
호소,대청호,추동,2017-10-30,19.8,7.6,8.2,3.0,4.6,9.5,5614.0,2776.0,0.0,2748.0,90.0,0.0,0.4177215189873418,0.0,0.7,0.0,0.0,0.0,0.0,7.0,0.0,9.9,16.92
호소,대청호,추동,2017-11-06,18.6,7.7,8.6,2.8,5.7,10.7,3832.0,1066.0,0.0,2616.0,150.0,0.0,0.43670886075949367,0.0,0.7,0.0,0.0,0.0,0.0,9.2,0.0,9.2,14.46
호소,대청호,회남,2017-11-06,17.9,7.6,6.5,3.8,2.8,4.0,368.0,62.0,0.0,306.0,0.0,0.0,0.45569620253164556,0.0,0.7,0.0,0.0,0.0,0.0,9.2,0.0,9.2,14.46
호소,대청호,문의,2017-11-06,18.7,7.8,7.8,4.0,1.7,7.6,496.0,200.0,0.0,150.0,146.0,0.0,0.4746835443037975,0.0,0.7,0.0,0.0,0.0,0.0,9.2,0.0,9.2,14.46
호소,대청호,회남,2017-11-13,17.2,7.7,8.0,3.0,2.2,6.7,38.0,0.0,0.0,38.0,0.0,0.0,0.4936708860759494,0.0,0.7,0.0,0.0,0.0,0.0,7.3,0.0,1.5,6.49
호소,대청호,추동,2017-11-13,17.1,7.7,8.8,2.6,2.8,10.1,208.0,80.0,0.0,90.0,38.0,0.0,0.5126582278481013,0.0,0.7,0.0,0.0,0.0,0.0,7.3,0.0,1.5,6.49
호소,대청호,문의,2017-11-13,17.4,7.8,8.4,3.8,1.3,7.6,434.0,380.0,0.0,28.0,26.0,0.0,0.5316455696202532,0.0,0.7,0.0,0.0,0.0,0.0,7.3,0.0,1.5,6.49
호소,대청호,문의,2017-11-20,15.3,7.8,8.6,2.9,1.5,7.1,488.0,440.0,0.0,0.0,48.0,0.0,0.5506329113924051,0.0,0.7,0.0,0.0,0.0,0.0,3.7,0.0,7.7,11.92
호소,대청호,추동,2017-11-20,14.9,7.8,9.1,3.0,3.2,9.5,176.0,0.0,0.0,0.0,176.0,0.0,0.569620253164557,0.0,0.7,0.0,0.0,0.0,0.0,3.7,0.0,7.7,11.92
호소,대청호,회남,2017-11-20,15.5,7.7,8.4,3.1,2.6,6.6,132.0,0.0,0.0,94.0,38.0,0.0,0.5886075949367089,0.0,0.7,0.0,0.0,0.0,0.0,3.7,0.0,7.7,11.92
호소,대청호,문의,2017-11-27,13.9,7.6,9.0,3.4,2.1,5.0,34.0,34.0,0.0,0.0,0.0,0.0,0.6075949367088608,0.0,0.7,0.0,0.0,0.0,0.0,3.1,0.0,8.3,11.09
호소,대청호,추동,2017-11-27,13.4,7.8,9.4,2.3,1.9,6.9,886.0,820.0,0.0,0.0,66.0,0.0,0.6265822784810127,0.0,0.7,0.0,0.0,0.0,0.0,3.1,0.0,8.3,11.09
호소,대청호,회남,2017-11-27,13.9,7.6,8.5,2.6,2.0,3.5,0.0,0.0,0.0,0.0,0.0,0.0,0.6455696202531646,0.0,0.7,0.0,0.0,0.0,0.0,3.1,0.0,8.3,11.09
호소,대청호,문의,2017-12-04,12.6,7.9,9.2,3.8,1.7,3.8,0.0,0.0,0.0,0.0,0.0,0.0,0.6645569620253164,0.0,0.7,0.0,0.0,0.0,0.0,2.3,0.0,7.4,11.67
호소,대청호,추동,2017-12-04,12.1,7.8,9.8,3.0,2.3,5.6,0.0,0.0,0.0,0.0,0.0,0.0,0.6835443037974683,0.0,0.7,0.0,0.0,0.0,0.0,2.3,0.0,7.4,11.67
호소,대청호,회남,2017-12-04,12.4,7.7,9.1,2.9,2.2,3.5,0.0,0.0,0.0,0.0,0.0,0.0,0.7025316455696202,0.0,0.7,0.0,0.0,0.0,0.0,2.3,0.0,7.4,11.67
호소,대청호,추동,2017-12-11,10.5,7.8,10.1,3.0,2.1,6.0,0.0,0.0,0.0,0.0,0.0,0.0,0.7215189873417722,0.0,0.7,0.0,0.0,0.0,0.0,-4.2,0.6,2.4,6.19
호소,대청호,회남,2017-12-11,10.9,7.7,9.4,3.5,2.0,3.9,0.0,0.0,0.0,0.0,0.0,0.0,0.7405063291139241,0.0,0.7,0.0,0.0,0.0,0.0,-4.2,0.6,2.4,6.19
호소,대청호,문의,2017-12-11,10.9,7.7,9.4,3.2,1.7,4.0,0.0,0.0,0.0,0.0,0.0,0.0,0.759493670886076,0.0,0.7,0.0,0.0,0.0,0.0,-4.2,0.6,2.4,6.19
호소,대청호,회남,2017-12-18,9.2,7.8,10.1,2.9,1.6,4.1,0.0,0.0,0.0,0.0,0.0,0.0,0.7784810126582279,0.0,0.7,0.0,0.0,0.0,0.0,1.0,0.0,7.0,9.51
호소,대청호,문의,2017-12-18,9.1,7.7,9.8,3.0,1.5,5.1,0.0,0.0,0.0,0.0,0.0,0.0,0.7974683544303798,0.0,0.7,0.0,0.0,0.0,0.0,1.0,0.0,7.0,9.51
호소,대청호,추동,2017-12-18,8.5,7.9,10.9,2.8,1.7,6.7,0.0,0.0,0.0,0.0,0.0,0.0,0.8164556962025317,0.0,0.7,0.0,0.0,0.0,0.0,1.0,0.0,7.0,9.51
호소,대청호,회남,2017-12-26,7.9,7.8,11.2,4.1,1.4,7.3,0.0,0.0,0.0,0.0,0.0,0.0,0.8354430379746836,0.0,0.7,0.0,0.0,0.0,0.0,-1.1,0.3,5.5,4.31
호소,대청호,문의,2017-12-26,8.4,7.7,10.5,3.4,1.6,5.6,0.0,0.0,0.0,0.0,0.0,0.0,0.8544303797468354,0.0,0.7,0.0,0.0,0.0,0.0,-1.1,0.3,5.5,4.31
호소,대청호,추동,2017-12-26,7.9,7.8,11.7,3.4,1.4,6.8,0.0,0.0,0.0,0.0,0.0,0.0,0.8734177215189873,0.0,0.7,0.0,0.0,0.0,0.0,-1.1,0.3,5.5,4.31
호소,대청호,추동,2018-01-02,7.0,7.9,12.0,3.7,2.5,6.8,0.0,0.0,0.0,0.0,0.0,0.0,0.8924050632911392,0.0,0.7,0.0,0.0,0.0,0.0,-1.0,0.0,0.3,2.33
호소,대청호,회남,2018-01-02,7.3,7.8,11.5,4.0,2.8,4.1,240.0,240.0,0.0,0.0,0.0,0.0,0.9113924050632911,0.0,0.7,0.0,0.0,0.0,0.0,-1.0,0.0,0.3,2.33
호소,대청호,문의,2018-01-02,7.5,7.7,10.5,3.1,2.7,5.7,0.0,0.0,0.0,0.0,0.0,0.0,0.9303797468354431,0.0,0.7,0.0,0.0,0.0,0.0,-1.0,0.0,0.3,2.33
호소,대청호,문의,2018-01-08,6.8,7.5,10.9,3.7,1.7,4.6,0.0,0.0,0.0,0.0,0.0,0.0,0.949367088607595,0.0,0.7,0.0,0.0,0.0,0.0,1.5,3.6,0.0,1.05
호소,대청호,추동,2018-01-08,6.4,7.7,12.4,3.1,1.6,5.0,0.0,0.0,0.0,0.0,0.0,0.0,0.9683544303797469,0.0,0.7,0.0,0.0,0.0,0.0,1.5,3.6,0.0,1.05
호소,대청호,회남,2018-01-08,6.6,7.7,12.3,4.6,2.0,4.9,0.0,0.0,0.0,0.0,0.0,0.0,0.9873417721518988,0.0,0.7,0.0,0.0,0.0,0.0,1.5,3.6,0.0,1.05
호소,대청호,추동,2018-01-15,5.3,7.7,13.7,3.7,1.4,4.7,0.0,0.0,0.0,0.0,0.0,0.0,1.0063291139240507,0.0,0.7,0.0,0.0,0.0,0.0,5.5,0.0,7.5,6.4
호소,대청호,회남,2018-01-15,5.8,7.7,13.3,4.5,1.2,5.4,0.0,0.0,0.0,0.0,0.0,0.0,1.0253164556962027,0.0,0.7,0.0,0.0,0.0,0.0,5.5,0.0,7.5,6.4
호소,대청호,문의,2018-01-15,6.2,7.6,11.9,3.4,1.9,4.1,0.0,0.0,0.0,0.0,0.0,0.0,1.0443037974683544,0.0,0.7,0.0,0.0,0.0,0.0,5.5,0.0,7.5,6.4
호소,대청호,문의,2018-01-22,6.0,7.2,9.3,3.7,1.7,9.8,0.0,0.0,0.0,0.0,0.0,0.0,1.0632911392405064,0.0,0.7,0.0,0.0,0.0,0.0,3.0,0.8,1.2,6.34
호소,대청호,추동,2018-01-22,5.7,7.5,11.4,4.7,1.6,3.3,0.0,0.0,0.0,0.0,0.0,0.0,1.0822784810126582,0.0,0.7,0.0,0.0,0.0,0.0,3.0,0.8,1.2,6.34
호소,대청호,회남,2018-01-22,5.6,7.5,11.4,5.6,1.2,3.5,0.0,0.0,0.0,0.0,0.0,0.0,1.1012658227848102,0.0,0.7,0.0,0.0,0.0,0.0,3.0,0.8,1.2,6.34
호소,대청호,문의,2018-01-29,5.125,7.525,11.65,5.324999999999999,1.25,3.675,0.0,0.0,0.0,0.0,0.0,0.0,1.120253164556962,0.0,0.7,0.0,0.0,0.0,0.0,-6.8,0.0,9.2,8.42
호소,대청호,추동,2018-01-29,4.65,7.55,11.9,5.05,1.2999999999999998,3.85,0.0,0.0,0.0,0.0,0.0,0.0,1.139240506329114,0.0,0.7,0.0,0.0,0.0,0.0,-6.8,0.0,9.2,8.42
호소,대청호,회남,2018-01-29,4.175,7.574999999999999,12.15,4.775,1.3499999999999999,4.025,0.0,0.0,0.0,0.0,0.0,0.0,1.1582278481012658,0.0,0.7,0.0,0.0,0.0,0.0,-6.8,0.0,9.2,8.42
호소,대청호,회남,2018-02-05,3.7,7.6,12.4,4.5,1.4,4.2,0.0,0.0,0.0,0.0,0.0,0.0,1.1772151898734178,0.0,0.7,0.0,0.0,0.0,0.0,-8.1,0.0,9.1,8.58
호소,대청호,추동,2018-02-05,3.3,7.5,12.8,4.1,2.4,3.4,0.0,0.0,0.0,0.0,0.0,0.0,1.1962025316455696,0.0,0.7,0.0,0.0,0.0,0.0,-8.1,0.0,9.1,8.58
호소,대청호,문의,2018-02-05,3.4,7.1,12.3,4.3,1.5,3.3,0.0,0.0,0.0,0.0,0.0,0.0,1.2151898734177216,0.0,0.7,0.0,0.0,0.0,0.0,-8.1,0.0,9.1,8.58
호소,대청호,회남,2018-02-12,3.51,7.16,12.38,4.32,1.55,3.4099999999999997,0.0,0.0,0.0,0.0,0.0,0.0,1.2341772151898736,0.0,0.7,0.0,0.0,0.0,0.0,-4.8,1.4,4.7,6.75
호소,대청호,추동,2018-02-12,3.62,7.22,12.46,4.34,1.6,3.52,0.0,0.0,0.0,0.0,0.0,0.0,1.2531645569620253,0.0,0.7,0.0,0.0,0.0,0.0,-4.8,1.4,4.7,6.75
호소,대청호,문의,2018-02-12,3.73,7.279999999999999,12.540000000000001,4.359999999999999,1.65,3.63,0.0,0.0,0.0,0.0,0.0,0.0,1.2721518987341773,0.0,0.7,0.0,0.0,0.0,0.0,-4.8,1.4,4.7,6.75
호소,대청호,문의,2018-02-19,3.84,7.34,12.620000000000001,4.38,1.7,3.74,0.0,0.0,0.0,0.0,0.0,0.0,1.2911392405063291,0.0,0.7,0.0,0.0,0.0,0.0,2.5,0.0,8.4,8.54
호소,대청호,추동,2018-02-19,3.95,7.4,12.7,4.4,1.75,3.85,0.0,0.0,0.0,0.0,0.0,0.0,1.3101265822784811,0.0,0.7,0.0,0.0,0.0,0.0,2.5,0.0,8.4,8.54
호소,대청호,회남,2018-02-19,4.0600000000000005,7.46,12.78,4.42,1.8,3.96,0.0,0.0,0.0,0.0,0.0,0.0,1.3291139240506329,0.0,0.7,0.0,0.0,0.0,0.0,2.5,0.0,8.4,8.54
호소,대청호,추동,2018-02-26,4.17,7.52,12.86,4.4399999999999995,1.85,4.07,0.0,0.0,0.0,0.0,0.0,0.0,1.3481012658227849,0.0,0.7,0.0,0.0,0.0,0.0,4.0,0.0,10.5,12.46
호소,대청호,문의,2018-02-26,4.28,7.58,12.94,4.46,1.9,4.180000000000001,0.0,0.0,0.0,0.0,0.0,0.0,1.3670886075949367,0.0,0.7,0.0,0.0,0.0,0.0,4.0,0.0,10.5,12.46
호소,대청호,회남,2018-02-26,4.39,7.640000000000001,13.02,4.48,1.95,4.29,0.0,0.0,0.0,0.0,0.0,0.0,1.3860759493670887,0.0,0.7,0.0,0.0,0.0,0.0,4.0,0.0,10.5,12.46
호소,대청호,회남,2018-03-05,4.5,7.7,13.1,4.5,2.0,4.4,0.0,0.0,0.0,0.0,0.0,0.0,1.4050632911392404,0.0,0.7,0.0,0.0,0.0,0.0,6.6,18.6,0.0,4.88
호소,대청호,문의,2018-03-05,5.1,7.6,12.7,4.1,2.5,3.4,0.0,0.0,0.0,0.0,0.0,0.0,1.4240506329113924,0.0,0.7,0.0,0.0,0.0,0.0,6.6,18.6,0.0,4.88
호소,대청호,추동,2018-03-05,4.4,7.6,13.2,3.1,2.9,3.1,0.0,0.0,0.0,0.0,0.0,0.0,1.4430379746835444,0.0,0.7,0.0,0.0,0.0,0.0,6.6,18.6,0.0,4.88
호소,대청호,회남,2018-03-12,5.5,7.8,13.4,4.2,2.2,3.9,0.0,0.0,0.0,0.0,0.0,0.0,1.4620253164556962,0.0,0.7,0.0,0.0,0.0,0.0,8.6,0.0,10.3,20.14
호소,대청호,추동,2018-03-12,5.7,7.8,13.5,1.9,2.4,2.5,0.0,0.0,0.0,0.0,0.0,0.0,1.4810126582278482,0.0,0.7,0.0,0.0,0.0,0.0,8.6,0.0,10.3,20.14
호소,대청호,문의,2018-03-12,5.7,7.8,13.0,3.6,1.4,3.9,0.0,0.0,0.0,0.0,0.0,0.0,1.5,0.0,0.7,0.0,0.0,0.0,0.0,8.6,0.0,10.3,20.14
호소,대청호,문의,2018-03-19,6.3,8.3,12.6,3.9,2.2,2.5,0.0,0.0,0.0,0.0,0.0,0.0,1.518987341772152,0.0,0.7,0.0,0.0,0.0,0.0,8.3,22.0,0.0,2.91
호소,대청호,추동,2018-03-19,5.9,8.3,13.2,2.9,2.1,2.6,0.0,0.0,0.0,0.0,0.0,0.0,1.5379746835443038,0.0,0.7,0.0,0.0,0.0,0.0,8.3,22.0,0.0,2.91
호소,대청호,회남,2018-03-19,5.8,8.3,13.2,2.9,4.0,4.9,0.0,0.0,0.0,0.0,0.0,0.0,1.5569620253164558,0.0,0.7,0.0,0.0,0.0,0.0,8.3,22.0,0.0,2.91
호소,대청호,회남,2018-03-26,6.7,7.6,13.1,2.5,1.6,5.0,0.0,0.0,0.0,0.0,0.0,0.0,1.5759493670886076,0.0,0.7,0.0,0.0,0.0,0.0,12.4,0.0,10.5,23.01
호소,대청호,추동,2018-03-26,7.1,7.6,13.0,2.2,2.9,2.2,0.0,0.0,0.0,0.0,0.0,0.0,1.5949367088607596,0.0,0.7,0.0,0.0,0.0,0.0,12.4,0.0,10.5,23.01
호소,대청호,문의,2018-03-26,7.3,7.4,12.5,4.2,1.8,2.3,0.0,0.0,0.0,0.0,0.0,0.0,1.6139240506329113,0.0,0.7,0.0,0.0,0.0,0.0,12.4,0.0,10.5,23.01
호소,대청호,추동,2018-04-02,8.5,7.9,12.9,2.0,3.8,2.3,0.0,0.0,0.0,0.0,0.0,0.0,1.6329113924050633,0.0,0.7,0.0,0.0,0.0,0.0,18.3,0.0,10.3,14.24
호소,대청호,회남,2018-04-02,8.6,7.9,12.5,2.8,2.6,5.6,0.0,0.0,0.0,0.0,0.0,0.0,1.6518987341772153,0.0,0.7,0.0,0.0,0.0,0.0,18.3,0.0,10.3,14.24
호소,대청호,문의,2018-04-02,8.8,7.7,12.6,2.6,2.3,2.8,0.0,0.0,0.0,0.0,0.0,0.0,1.6708860759493671,0.0,0.7,0.0,0.0,0.0,0.0,18.3,0.0,10.3,14.24
호소,대청호,회남,2018-04-09,8.3,8.1,12.5,3.2,2.3,3.8,0.0,0.0,0.0,0.0,0.0,0.0,1.689873417721519,0.0,0.7,0.0,0.0,0.0,0.0,11.9,0.0,10.9,25.58
호소,대청호,추동,2018-04-09,8.0,8.0,12.7,1.8,3.5,2.6,0.0,0.0,0.0,0.0,0.0,0.0,1.7088607594936709,0.0,0.7,0.0,0.0,0.0,0.0,11.9,0.0,10.9,25.58
호소,대청호,문의,2018-04-09,9.2,7.9,12.1,2.7,2.2,2.9,0.0,0.0,0.0,0.0,0.0,0.0,1.7278481012658229,0.0,0.7,0.0,0.0,0.0,0.0,11.9,0.0,10.9,25.58
호소,대청호,회남,2018-04-16,9.2,8.0,12.1,4.3,2.2,2.8,0.0,0.0,0.0,0.0,0.0,0.0,1.7468354430379747,0.0,0.7,0.0,0.0,0.0,0.0,11.6,0.0,10.9,26.77
호소,대청호,추동,2018-04-16,9.4,8.0,12.7,2.5,2.8,2.7,0.0,0.0,0.0,0.0,0.0,0.0,1.7658227848101267,0.0,0.7,0.0,0.0,0.0,0.0,11.6,0.0,10.9,26.77
호소,대청호,문의,2018-04-16,9.7,8.1,12.3,3.0,2.5,2.5,0.0,0.0,0.0,0.0,0.0,0.0,1.7848101265822784,0.0,0.7,0.0,0.0,0.0,0.0,11.6,0.0,10.9,26.77
호소,대청호,문의,2018-04-23,11.9,7.4,11.2,2.4,2.7,4.6,0.0,0.0,0.0,0.0,0.0,0.0,1.8037974683544304,0.0,0.7,0.0,0.0,0.0,0.0,11.4,38.9,0.0,1.07
호소,대청호,추동,2018-04-23,10.8,7.2,10.7,2.7,3.3,4.3,0.0,0.0,0.0,0.0,0.0,0.0,1.8227848101265822,0.0,0.7,0.0,0.0,0.0,0.0,11.4,38.9,0.0,1.07
호소,대청호,회남,2018-04-23,9.2,7.3,10.5,3.0,3.5,6.1,0.0,0.0,0.0,0.0,0.0,0.0,1.8417721518987342,0.0,0.7,0.0,0.0,0.0,0.0,11.4,38.9,0.0,1.07
호소,대청호,추동,2018-04-30,12.0,7.4,10.2,3.4,3.4,3.9,0.0,0.0,0.0,0.0,0.0,0.0,1.8607594936708862,0.0,0.7,0.0,0.0,0.0,0.0,20.3,0.0,9.9,16.7
호소,대청호,회남,2018-04-30,11.4,7.6,10.0,2.5,2.2,4.1,0.0,0.0,0.0,0.0,0.0,0.0,1.879746835443038,0.0,0.7,0.0,0.0,0.0,0.0,20.3,0.0,9.9,16.7
호소,대청호,문의,2018-04-30,12.7,7.7,10.6,4.5,2.2,3.2,0.0,0.0,0.0,0.0,0.0,0.0,1.89873417721519,0.0,0.7,0.0,0.0,0.0,0.0,20.3,0.0,9.9,16.7
호소,대청호,문의,2018-05-08,13.6,8.1,10.4,3.1,2.4,5.5,0.0,0.0,0.0,0.0,0.0,0.0,1.9177215189873418,0.0,0.7,0.0,0.0,0.0,0.0,16.5,0.0,7.1,23.37
호소,대청호,회남,2018-05-08,10.8,7.7,9.3,2.3,2.9,4.1,0.0,0.0,0.0,0.0,0.0,0.0,1.9367088607594938,0.0,0.7,0.0,0.0,0.0,0.0,16.5,0.0,7.1,23.37
호소,대청호,추동,2018-05-08,11.9,7.9,10.0,3.7,2.5,5.1,0.0,0.0,0.0,0.0,0.0,0.0,1.9556962025316456,0.0,0.7,0.0,0.0,0.0,0.0,16.5,0.0,7.1,23.37
호소,대청호,문의,2018-05-14,15.2,8.1,10.6,3.2,1.5,4.2,0.0,0.0,0.0,0.0,0.0,0.0,1.9746835443037976,0.0,0.7,0.0,0.0,0.0,0.0,19.6,0.0,8.7,25.33
호소,대청호,회남,2018-05-14,12.9,7.8,9.0,3.0,2.4,2.7,0.0,0.0,0.0,0.0,0.0,0.0,1.9936708860759493,0.0,0.7,0.0,0.0,0.0,0.0,19.6,0.0,8.7,25.33
호소,대청호,추동,2018-05-14,13.9,7.8,10.5,5.0,1.9,2.7,0.0,0.0,0.0,0.0,0.0,0.0,2.0126582278481013,0.0,0.7,0.0,0.0,0.0,0.0,19.6,0.0,8.7,25.33
호소,대청호,문의,2018-05-21,16.1,8.3,11.4,3.4,1.8,11.8,68.0,0.0,0.0,0.0,68.0,0.0,2.0316455696202533,0.0,0.7,0.0,0.0,0.0,0.0,17.5,0.0,10.0,27.26
호소,대청호,추동,2018-05-21,15.1,7.9,10.2,3.4,1.9,4.5,0.0,0.0,0.0,0.0,0.0,0.0,2.0506329113924053,0.0,0.7,0.0,0.0,0.0,0.0,17.5,0.0,10.0,27.26
호소,대청호,회남,2018-05-21,11.9,7.8,9.4,2.0,4.3,4.2,0.0,0.0,0.0,0.0,0.0,0.0,2.069620253164557,0.0,0.7,0.0,0.0,0.0,0.0,17.5,0.0,10.0,27.26
호소,대청호,회남,2018-05-28,13.2,7.8,8.9,2.7,1.8,3.6,998.0,860.0,138.0,0.0,0.0,0.0,2.088607594936709,0.0,0.7,0.0,0.0,0.0,0.0,23.0,0.0,10.9,29.34
호소,대청호,추동,2018-05-28,16.1,8.0,10.4,3.8,2.1,8.4,86.0,0.0,0.0,0.0,86.0,0.0,2.107594936708861,0.0,0.7,0.0,0.0,0.0,0.0,23.0,0.0,10.9,29.34
호소,대청호,문의,2018-05-28,17.7,8.6,12.4,2.4,1.8,16.8,164.0,0.0,164.0,0.0,0.0,0.0,2.126582278481013,0.0,0.7,0.0,0.0,0.0,0.0,23.0,0.0,10.9,29.34
호소,대청호,회남,2018-06-04,14.5,7.9,8.0,3.7,1.6,3.4,284.0,0.0,284.0,0.0,0.0,0.0,2.1455696202531644,0.0,0.7,0.0,0.0,0.0,0.0,23.5,0.0,7.8,24.41
호소,대청호,문의,2018-06-04,19.0,8.7,13.1,2.7,2.0,16.5,0.0,0.0,0.0,0.0,0.0,0.0,2.1645569620253164,0.0,0.7,0.0,0.0,0.0,0.0,23.5,0.0,7.8,24.41
호소,대청호,추동,2018-06-04,17.4,8.3,10.5,2.7,1.9,11.4,342.0,150.0,192.0,0.0,0.0,0.0,2.1835443037974684,0.0,0.7,0.0,0.0,0.0,0.0,23.5,0.0,7.8,24.41
호소,대청호,추동,2018-06-11,17.4,8.4,10.5,1.8,1.9,11.7,712.0,660.0,0.0,0.0,52.0,0.0,2.2025316455696204,0.0,0.7,0.0,0.0,0.0,0.0,20.4,0.0,1.1,13.74
호소,대청호,문의,2018-06-11,21.6,9.0,12.1,2.8,2.1,19.7,96.0,0.0,96.0,0.0,0.0,0.0,2.221518987341772,0.0,0.7,0.0,0.0,0.0,0.0,20.4,0.0,1.1,13.74
호소,대청호,회남,2018-06-11,15.1,8.2,9.2,1.4,2.6,11.2,772.0,220.0,148.0,0.0,404.0,0.0,2.240506329113924,0.0,0.7,0.0,0.0,0.0,0.0,20.4,0.0,1.1,13.74
호소,대청호,추동,2018-06-18,20.2,8.4,10.2,2.0,2.4,9.1,0.0,0.0,0.0,0.0,0.0,0.0,2.259493670886076,0.0,0.7,0.0,0.0,0.0,0.0,25.7,0.0,10.3,26.28
호소,대청호,회남,2018-06-18,14.9,8.0,6.8,1.5,1.6,5.0,602.0,500.0,0.0,0.0,102.0,0.0,2.278481012658228,0.0,0.7,0.0,0.0,0.0,0.0,25.7,0.0,10.3,26.28
호소,대청호,문의,2018-06-18,20.8,8.8,11.1,2.8,1.9,17.4,76.0,0.0,76.0,0.0,0.0,0.0,2.29746835443038,0.0,0.7,0.0,0.0,0.0,0.0,25.7,0.0,10.3,26.28
호소,대청호,문의,2018-06-25,22.7,9.0,11.6,3.1,2.2,11.2,0.0,0.0,0.0,0.0,0.0,0.0,2.3164556962025316,0.0,0.7,0.0,0.0,0.0,0.0,26.6,0.0,5.8,19.9
호소,대청호,추동,2018-06-25,19.8,8.4,9.0,2.8,1.7,7.6,208.0,0.0,208.0,0.0,0.0,0.0,2.3354430379746836,0.0,0.7,0.0,0.0,0.0,0.0,26.6,0.0,5.8,19.9
호소,대청호,회남,2018-06-25,15.7,8.0,6.2,3.2,1.4,4.1,0.0,0.0,0.0,0.0,0.0,0.0,2.3544303797468356,0.0,0.7,0.0,0.0,0.0,0.0,26.6,0.0,5.8,19.9
호소,대청호,추동,2018-07-02,21.1,8.2,9.5,1.6,5.1,9.7,128.0,0.0,0.0,0.0,128.0,0.0,2.3734177215189876,0.0,0.7,0.0,0.0,0.0,0.0,22.8,43.9,0.2,5.7
호소,대청호,문의,2018-07-02,23.7,8.9,12.1,2.2,11.0,9.6,840.0,840.0,0.0,0.0,0.0,0.0,2.392405063291139,0.0,0.7,0.0,0.0,0.0,0.0,22.8,43.9,0.2,5.7
호소,대청호,회남,2018-07-02,16.1,7.8,5.3,2.0,15.2,6.7,398.0,0.0,0.0,58.0,340.0,0.0,2.411392405063291,0.0,0.7,0.0,0.0,0.0,0.0,22.8,43.9,0.2,5.7
호소,대청호,문의,2018-07-09,24.2,8.8,9.5,1.8,3.1,8.6,832.0,800.0,32.0,0.0,0.0,0.0,2.430379746835443,0.0,0.7,0.0,0.0,0.0,0.0,20.5,35.5,0.0,3.94
호소,대청호,회남,2018-07-09,18.6,8.0,5.9,2.0,7.1,9.9,208.0,80.0,0.0,0.0,128.0,0.0,2.449367088607595,0.0,0.7,0.0,0.0,0.0,0.0,20.5,35.5,0.0,3.94
호소,대청호,추동,2018-07-09,22.5,8.4,7.4,2.1,3.6,9.2,108.0,0.0,74.0,0.0,34.0,0.0,2.468354430379747,0.0,0.7,0.0,0.0,0.0,0.0,20.5,35.5,0.0,3.94
호소,대청호,추동,2018-07-16,28.3,7.9,8.6,2.9,3.7,6.8,178.0,80.0,0.0,0.0,98.0,0.0,2.4873417721518987,0.0,0.7,0.0,0.0,0.0,0.0,29.7,0.0,11.5,26.1
호소,대청호,문의,2018-07-16,26.7,8.0,9.8,1.5,3.4,8.0,866.0,660.0,152.0,0.0,54.0,0.0,2.5063291139240507,0.0,0.7,0.0,0.0,0.0,0.0,29.7,0.0,11.5,26.1
호소,대청호,회남,2018-07-16,20.1,8.1,7.8,1.8,5.2,6.9,322.0,120.0,202.0,0.0,0.0,0.0,2.5253164556962027,0.0,0.7,0.0,0.0,0.0,0.0,29.7,0.0,11.5,26.1
호소,대청호,회남,2018-07-23,21.4,8.3,7.5,1.5,8.0,13.4,940.0,940.0,0.0,0.0,0.0,0.0,2.5443037974683547,0.0,0.7,0.0,0.0,0.0,0.0,30.8,0.0,10.3,24.03
호소,대청호,추동,2018-07-23,24.6,8.1,5.6,1.8,3.3,7.9,874.0,820.0,0.0,0.0,54.0,0.0,2.5632911392405062,0.0,0.7,0.0,0.0,0.0,0.0,30.8,0.0,10.3,24.03
호소,대청호,문의,2018-07-23,26.1,8.5,7.3,2.5,2.7,8.1,840.0,840.0,0.0,0.0,0.0,0.0,2.5822784810126582,0.0,0.7,0.0,0.0,0.0,0.0,30.8,0.0,10.3,24.03
호소,대청호,회남,2018-07-30,21.3,8.4,6.0,2.5,4.4,4.1,740.0,740.0,0.0,0.0,0.0,0.0,2.6012658227848102,0.0,0.7,0.0,0.0,0.0,0.0,30.5,0.0,10.2,23.95
호소,대청호,추동,2018-07-30,25.1,8.5,6.7,1.4,7.3,6.5,970.0,840.0,0.0,96.0,34.0,0.0,2.6202531645569622,0.0,0.7,0.0,0.0,0.0,0.0,30.5,0.0,10.2,23.95
호소,대청호,문의,2018-07-30,25.8,8.6,7.8,1.5,4.3,9.5,5874.0,4840.0,0.0,880.0,154.0,0.0,2.639240506329114,0.0,0.7,0.0,0.0,0.0,0.0,30.5,0.0,10.2,23.95
호소,대청호,회남,2018-08-06,21.9,8.3,6.2,1.7,4.0,6.3,4600.0,3820.0,220.0,468.0,92.0,0.0,2.6582278481012658,0.0,0.7,0.0,0.0,0.0,0.0,30.8,0.0,7.1,20.51
호소,대청호,추동,2018-08-06,25.5,8.2,4.1,1.8,3.6,5.2,974.0,656.0,0.0,318.0,0.0,0.0,2.6772151898734178,0.0,0.7,0.0,0.0,0.0,0.0,30.8,0.0,7.1,20.51
호소,대청호,문의,2018-08-06,27.0,9.1,9.8,1.2,6.8,14.0,8036.0,7040.0,0.0,864.0,132.0,0.0,2.6962025316455698,0.0,0.7,0.0,0.0,0.0,0.0,30.8,0.0,7.1,20.51
호소,대청호,문의,2018-08-13,27.3,9.1,7.0,1.8,4.4,12.5,2076.0,700.0,0.0,1188.0,188.0,0.0,2.7151898734177218,0.0,0.7,0.0,0.0,0.0,0.0,31.2,0.0,9.1,21.87
호소,대청호,회남,2018-08-13,22.0,8.4,4.5,1.5,5.3,7.1,6190.0,4440.0,1538.0,212.0,0.0,0.0,2.7341772151898733,0.0,0.7,0.0,0.0,0.0,0.0,31.2,0.0,9.1,21.87
호소,대청호,추동,2018-08-13,25.0,8.4,3.7,1.4,4.2,8.8,7716.0,7580.0,0.0,136.0,0.0,0.0,2.7531645569620253,0.0,0.7,0.0,0.0,0.0,0.0,31.2,0.0,9.1,21.87
호소,대청호,추동,2018-08-20,26.6,8.4,4.7,1.9,5.0,5.4,6852.0,6260.0,0.0,504.0,88.0,0.0,2.7721518987341773,0.0,0.7,0.0,0.0,0.0,0.0,29.4,0.0,7.7,20.17
호소,대청호,회남,2018-08-20,21.6,8.5,3.9,1.5,4.8,7.5,8322.0,8000.0,46.0,134.0,142.0,0.0,2.7911392405063293,0.0,0.7,0.0,0.0,0.0,0.0,29.4,0.0,7.7,20.17
호소,대청호,문의,2018-08-20,27.3,9.2,7.0,1.5,5.0,11.9,7836.0,5960.0,206.0,1500.0,170.0,0.0,2.810126582278481,0.0,0.7,0.0,0.0,0.0,0.0,29.4,0.0,7.7,20.17
호소,대청호,추동,2018-08-27,25.3,8.5,5.3,2.0,4.6,8.4,1910.0,1600.0,0.0,210.0,100.0,0.0,2.829113924050633,0.0,0.7,0.0,0.0,0.0,0.0,23.6,53.0,0.0,4.0
호소,대청호,회남,2018-08-27,22.2,8.0,3.4,1.4,10.0,12.3,4896.0,4086.0,0.0,810.0,0.0,0.0,2.848101265822785,0.0,0.7,0.0,0.0,0.0,0.0,23.6,53.0,0.0,4.0
호소,대청호,문의,2018-08-27,26.7,9.5,7.3,1.7,4.6,12.9,7060.0,4220.0,0.0,0.0,2840.0,0.0,2.867088607594937,0.0,0.7,0.0,0.0,0.0,0.0,23.6,53.0,0.0,4.0
호소,대청호,문의,2018-09-03,25.0,8.7,4.1,2.1,2.7,7.1,844.0,780.0,0.0,0.0,64.0,0.0,2.886075949367089,0.0,0.7,0.0,0.0,0.0,0.0,24.4,89.8,1.6,10.93
호소,대청호,추동,2018-09-03,24.5,8.3,4.9,1.7,6.3,6.9,3080.0,800.0,164.0,2116.0,0.0,0.0,2.9050632911392404,0.0,0.7,0.0,0.0,0.0,0.0,24.4,89.8,1.6,10.93
호소,대청호,회남,2018-09-03,20.3,8.1,5.9,0.5,20.0,20.9,47190.0,41840.0,38.0,5312.0,0.0,0.0,2.9240506329113924,0.0,0.7,0.0,0.0,0.0,0.0,24.4,89.8,1.6,10.93
호소,대청호,회남,2018-09-10,23.4,8.2,8.0,2.0,12.8,12.3,35568.0,23320.0,34.0,12112.0,102.0,0.0,2.9430379746835444,0.0,0.7,0.0,0.0,0.0,0.0,22.1,0.0,11.2,21.6
호소,대청호,추동,2018-09-10,23.7,8.0,6.5,2.5,4.5,12.6,2530.0,1040.0,18.0,1284.0,188.0,0.0,2.9620253164556964,0.0,0.7,0.0,0.0,0.0,0.0,22.1,0.0,11.2,21.6
호소,대청호,문의,2018-09-10,24.0,8.4,4.2,2.1,4.7,4.6,4848.0,2500.0,0.0,2220.0,128.0,0.0,2.981012658227848,0.0,0.7,0.0,0.0,0.0,0.0,22.1,0.0,11.2,21.6
호소,대청호,회남,2018-09-13,21.6,7.7,6.1,0.8,17.3,12.7,22230.0,13360.0,56.0,8712.0,102.0,0.0,3.0,0.0,0.7,0.0,0.0,0.0,0.0,21.6,0.1,0.7,7.15
호소,대청호,문의,2018-09-17,23.6,7.8,4.7,2.5,3.8,4.9,4140.0,2580.0,0.0,1560.0,0.0,0.0,2.0,0.03333333333333333,0.7,0.0,0.0,0.0,0.0,22.7,0.0,9.6,21.01
호소,대청호,추동,2018-09-17,23.9,7.7,6.0,1.2,6.6,24.9,8574.0,7572.0,938.0,64.0,0.0,0.0,1.0,0.06666666666666667,0.7,0.0,0.0,0.0,0.0,22.7,0.0,9.6,21.01
호소,대청호,회남,2018-09-17,21.5,7.8,5.0,1.7,8.1,5.9,3212.0,2034.0,14.0,1088.0,76.0,0.0,0.0,0.1,0.7,0.0,0.0,0.0,0.0,22.7,0.0,9.6,21.01
호소,대청호,회남,2018-09-19,23.0,8.1,6.6,1.6,8.8,14.0,8956.0,7280.0,316.0,1060.0,300.0,0.0,1.0,0.2,0.7,0.0,0.0,0.0,0.0,21.4,0.0,0.3,10.24
호소,대청호,문의,2018-09-27,23.1,7.0,5.4,2.1,3.4,8.2,2640.0,2640.0,0.0,0.0,0.0,0.0,0.9968652037617555,0.20062695924764892,0.7,0.0,0.0,0.0,0.0,18.6,0.0,11.4,22.29
호소,대청호,회남,2018-09-27,22.3,7.3,5.2,1.5,6.4,14.5,6788.0,6540.0,192.0,0.0,56.0,0.0,0.9937304075235109,0.2012539184952978,0.7,0.0,0.0,0.0,0.0,18.6,0.0,11.4,22.29
호소,대청호,추동,2018-09-27,23.0,7.6,8.2,1.3,5.7,33.7,4142.0,2640.0,750.0,752.0,0.0,0.0,0.9905956112852664,0.20188087774294672,0.7,0.0,0.0,0.0,0.0,18.6,0.0,11.4,22.29
호소,대청호,문의,2018-10-01,22.6,7.2,6.6,2.7,3.4,8.6,640.0,640.0,0.0,0.0,0.0,0.0,0.987460815047022,0.20250783699059563,0.7,0.0,0.0,0.0,0.0,15.5,1.7,5.1,14.3
호소,대청호,추동,2018-10-01,22.5,7.2,8.1,1.5,5.6,35.3,2870.0,2440.0,324.0,24.0,82.0,0.0,0.9843260188087775,0.2031347962382445,0.7,0.0,0.0,0.0,0.0,15.5,1.7,5.1,14.3
호소,대청호,회남,2018-10-01,21.3,6.9,4.9,1.6,5.7,16.8,658.0,394.0,124.0,140.0,0.0,0.0,0.9811912225705329,0.20376175548589343,0.7,0.0,0.0,0.0,0.0,15.5,1.7,5.1,14.3
호소,대청호,문의,2018-10-08,21.9,7.1,6.7,2.3,3.6,10.4,1886.0,1886.0,0.0,0.0,0.0,0.0,0.9780564263322884,0.20438871473354234,0.7,0.0,0.0,0.0,0.0,13.8,0.0,8.1,17.41
호소,대청호,회남,2018-10-08,21.6,7.1,6.1,2.1,4.9,21.2,2506.0,2480.0,0.0,0.0,26.0,0.0,0.9749216300940439,0.20501567398119122,0.7,0.0,0.0,0.0,0.0,13.8,0.0,8.1,17.41
호소,대청호,추동,2018-10-08,21.8,7.2,8.3,2.4,3.0,17.5,2272.0,1820.0,0.0,288.0,164.0,0.0,0.9717868338557993,0.20564263322884013,0.7,0.0,0.0,0.0,0.0,13.8,0.0,8.1,17.41
호소,대청호,문의,2018-10-15,20.9,7.0,7.2,2.0,3.0,17.6,880.0,844.0,0.0,36.0,0.0,0.0,0.9686520376175549,0.20626959247648904,0.7,0.0,0.0,0.0,0.0,14.2,0.0,9.0,15.17
호소,대청호,추동,2018-10-15,20.6,7.1,8.2,2.4,2.4,14.3,570.0,424.0,0.0,0.0,146.0,0.0,0.9655172413793104,0.20689655172413796,0.7,0.0,0.0,0.0,0.0,14.2,0.0,9.0,15.17
호소,대청호,회남,2018-10-15,20.2,7.0,7.1,2.3,4.8,10.2,394.0,158.0,0.0,0.0,236.0,0.0,0.9623824451410659,0.20752351097178684,0.7,0.0,0.0,0.0,0.0,14.2,0.0,9.0,15.17
호소,대청호,회남,2018-10-22,19.1,7.2,7.6,2.7,3.0,9.3,182.0,44.0,0.0,0.0,138.0,0.0,0.9592476489028213,0.20815047021943575,0.7,0.0,0.0,0.0,0.0,13.4,0.0,5.8,13.11
호소,대청호,추동,2018-10-22,19.9,7.3,8.4,2.7,2.5,16.5,892.0,516.0,54.0,124.0,198.0,0.0,0.9561128526645768,0.20877742946708466,0.7,0.0,0.0,0.0,0.0,13.4,0.0,5.8,13.11
호소,대청호,문의,2018-10-22,19.8,7.3,8.2,2.1,2.4,25.2,734.0,660.0,0.0,0.0,74.0,0.0,0.9529780564263323,0.20940438871473355,0.7,0.0,0.0,0.0,0.0,13.4,0.0,5.8,13.11
호소,대청호,회남,2018-10-29,18.2,7.1,7.4,2.6,2.7,10.1,402.0,260.0,0.0,0.0,142.0,0.0,0.9498432601880877,0.21003134796238246,0.7,0.0,0.0,0.0,0.0,9.1,0.2,3.2,7.29
호소,대청호,추동,2018-10-29,18.3,7.2,8.4,2.2,3.0,20.3,822.0,480.0,106.0,136.0,100.0,0.0,0.9467084639498433,0.21065830721003137,0.7,0.0,0.0,0.0,0.0,9.1,0.2,3.2,7.29
호소,대청호,문의,2018-10-29,18.4,7.2,8.3,2.7,2.3,14.6,828.0,440.0,0.0,204.0,184.0,0.0,0.9435736677115988,0.21128526645768025,0.7,0.0,0.0,0.0,0.0,9.1,0.2,3.2,7.29
호소,대청호,회남,2018-11-05,17.5,7.3,8.4,2.5,3.3,11.8,278.0,0.0,0.0,0.0,278.0,0.0,0.9404388714733543,0.21191222570532917,0.7,0.0,0.0,0.0,0.0,10.5,0.0,9.3,13.12
호소,대청호,추동,2018-11-05,17.3,7.3,9.3,2.6,2.6,23.3,600.0,0.0,62.0,0.0,538.0,0.0,0.9373040752351097,0.21253918495297808,0.7,0.0,0.0,0.0,0.0,10.5,0.0,9.3,13.12
호소,대청호,문의,2018-11-05,17.5,7.2,8.3,3.6,2.1,8.7,444.0,0.0,38.0,0.0,406.0,0.0,0.9341692789968652,0.21316614420062696,0.7,0.0,0.0,0.0,0.0,10.5,0.0,9.3,13.12
호소,대청호,추동,2018-11-12,16.7,7.3,9.6,2.5,2.9,25.5,958.0,108.0,0.0,0.0,850.0,0.0,0.9310344827586207,0.21379310344827587,0.7,0.0,0.0,0.0,0.0,8.8,0.0,9.3,13.92
호소,대청호,문의,2018-11-12,16.8,7.4,8.4,3.5,1.9,10.2,684.0,440.0,0.0,0.0,244.0,0.0,0.9278996865203761,0.21442006269592478,0.7,0.0,0.0,0.0,0.0,8.8,0.0,9.3,13.92
호소,대청호,회남,2018-11-12,16.6,7.3,8.8,3.1,2.3,13.5,278.0,0.0,0.0,0.0,278.0,0.0,0.9247648902821317,0.21504702194357367,0.7,0.0,0.0,0.0,0.0,8.8,0.0,9.3,13.92
호소,대청호,추동,2018-11-19,15.8,7.4,10.2,2.8,2.8,28.8,86.0,0.0,0.0,0.0,86.0,0.0,0.9216300940438872,0.21567398119122258,0.7,0.0,0.0,0.0,0.0,8.6,0.0,8.4,12.78
호소,대청호,문의,2018-11-19,15.8,7.4,8.8,3.5,1.9,17.4,74.0,0.0,0.0,0.0,74.0,0.0,0.9184952978056427,0.2163009404388715,0.7,0.0,0.0,0.0,0.0,8.6,0.0,8.4,12.78
호소,대청호,회남,2018-11-19,15.4,7.3,9.4,2.8,2.6,23.2,512.0,320.0,0.0,84.0,108.0,0.0,0.9153605015673981,0.21692789968652038,0.7,0.0,0.0,0.0,0.0,8.6,0.0,8.4,12.78
호소,대청호,추동,2018-11-26,14.4,7.4,10.3,3.1,2.7,21.4,476.0,0.0,0.0,0.0,476.0,0.0,0.9122257053291536,0.2175548589341693,0.7,0.0,0.0,0.0,0.0,6.1,0.0,5.7,10.48
호소,대청호,회남,2018-11-26,14.6,7.4,9.8,2.9,2.9,19.6,52.0,0.0,0.0,24.0,28.0,0.0,0.9090909090909091,0.2181818181818182,0.7,0.0,0.0,0.0,0.0,6.1,0.0,5.7,10.48
호소,대청호,문의,2018-11-26,14.6,7.3,9.1,3.2,2.0,17.5,86.0,0.0,0.0,0.0,86.0,0.0,0.9059561128526645,0.21880877742946708,0.7,0.0,0.0,0.0,0.0,6.1,0.0,5.7,10.48
호소,대청호,문의,2018-12-03,13.8,7.4,9.6,3.4,2.0,17.9,74.0,0.0,74.0,0.0,0.0,0.0,0.9028213166144201,0.219435736677116,0.7,0.0,0.0,0.0,0.0,12.6,10.6,0.0,1.92
호소,대청호,회남,2018-12-03,13.3,7.5,9.9,3.9,1.3,10.2,170.0,0.0,0.0,0.0,170.0,0.0,0.8996865203761756,0.2200626959247649,0.7,0.0,0.0,0.0,0.0,12.6,10.6,0.0,1.92
호소,대청호,추동,2018-12-03,13.6,7.6,10.3,3.9,1.8,10.4,372.0,0.0,0.0,0.0,372.0,0.0,0.896551724137931,0.2206896551724138,0.7,0.0,0.0,0.0,0.0,12.6,10.6,0.0,1.92
호소,대청호,회남,2018-12-10,12.0,7.2,10.6,3.7,2.3,5.3,214.0,0.0,0.0,0.0,214.0,0.0,0.8934169278996865,0.2213166144200627,0.7,0.0,0.0,0.0,0.0,-2.8,0.0,8.7,11.7
호소,대청호,추동,2018-12-10,11.6,7.2,10.7,4.2,1.6,6.2,392.0,0.0,0.0,0.0,392.0,0.0,0.890282131661442,0.2219435736677116,0.7,0.0,0.0,0.0,0.0,-2.8,0.0,8.7,11.7
호소,대청호,문의,2018-12-10,11.9,7.1,9.5,3.3,1.8,11.8,32.0,0.0,0.0,0.0,32.0,0.0,0.8871473354231975,0.22257053291536052,0.7,0.0,0.0,0.0,0.0,-2.8,0.0,8.7,11.7
호소,대청호,추동,2018-12-17,9.6,7.3,10.3,3.4,1.4,5.8,314.0,0.0,0.0,0.0,314.0,0.0,0.8840125391849529,0.2231974921630094,0.7,0.0,0.0,0.0,0.0,3.6,0.1,7.2,10.18
호소,대청호,회남,2018-12-17,10.1,7.3,10.1,3.9,1.6,4.8,676.0,0.0,0.0,0.0,676.0,0.0,0.8808777429467085,0.22382445141065832,0.7,0.0,0.0,0.0,0.0,3.6,0.1,7.2,10.18
호소,대청호,문의,2018-12-17,10.2,7.1,9.2,3.7,1.5,5.8,14.0,0.0,0.0,0.0,14.0,0.0,0.877742946708464,0.22445141065830723,0.7,0.0,0.0,0.0,0.0,3.6,0.1,7.2,10.18
호소,대청호,회남,2018-12-24,8.9,7.2,10.5,4.9,1.7,4.6,34.0,0.0,0.0,0.0,34.0,0.0,0.8746081504702194,0.22507836990595612,0.7,0.0,0.0,0.0,0.0,-0.9,0.0,8.6,11.51
호소,대청호,문의,2018-12-24,9.6,7.1,9.5,4.5,1.3,4.5,0.0,0.0,0.0,0.0,0.0,0.0,0.8714733542319749,0.22570532915360503,0.7,0.0,0.0,0.0,0.0,-0.9,0.0,8.6,11.51
호소,대청호,추동,2018-12-24,9.4,7.2,10.4,4.1,1.4,5.5,202.0,0.0,0.0,0.0,202.0,0.0,0.8683385579937304,0.22633228840125394,0.7,0.0,0.0,0.0,0.0,-0.9,0.0,8.6,11.51
호소,대청호,추동,2019-01-02,7.2,7.6,11.5,3.9,1.5,6.1,414.0,0.0,0.0,0.0,414.0,0.0,0.865203761755486,0.22695924764890282,0.7,0.0,0.0,0.0,0.0,-3.3,0.0,8.7,11.86
호소,대청호,회남,2019-01-02,7.5,7.6,11.2,4.5,2.1,5.3,62.0,0.0,0.0,0.0,62.0,0.0,0.8620689655172413,0.22758620689655173,0.7,0.0,0.0,0.0,0.0,-3.3,0.0,8.7,11.86
호소,대청호,문의,2019-01-02,7.5,7.5,10.3,4.8,1.7,4.7,0.0,0.0,0.0,0.0,0.0,0.0,0.8589341692789969,0.22821316614420065,0.7,0.0,0.0,0.0,0.0,-3.3,0.0,8.7,11.86
호소,대청호,추동,2019-01-07,6.7,7.6,12.5,4.0,2.0,6.0,264.0,0.0,0.0,0.0,264.0,0.0,0.8557993730407524,0.22884012539184956,0.7,0.0,0.0,0.0,0.0,-1.2,0.0,7.9,10.43
호소,대청호,회남,2019-01-07,7.0,7.6,12.2,4.4,1.9,5.1,302.0,0.0,0.0,0.0,302.0,0.0,0.8526645768025078,0.22946708463949844,0.7,0.0,0.0,0.0,0.0,-1.2,0.0,7.9,10.43
호소,대청호,문의,2019-01-07,7.0,7.5,11.3,3.3,2.0,5.1,0.0,0.0,0.0,0.0,0.0,0.0,0.8495297805642633,0.23009404388714735,0.7,0.0,0.0,0.0,0.0,-1.2,0.0,7.9,10.43
호소,대청호,문의,2019-01-14,6.7,7.5,11.5,4.1,1.7,3.2,0.0,0.0,0.0,0.0,0.0,0.0,0.8463949843260188,0.23072100313479627,0.7,0.0,0.0,0.0,0.0,1.7,0.0,4.5,8.33
호소,대청호,추동,2019-01-14,6.3,7.7,12.9,4.2,1.8,5.2,600.0,0.0,0.0,0.0,600.0,0.0,0.8432601880877744,0.23134796238244515,0.7,0.0,0.0,0.0,0.0,1.7,0.0,4.5,8.33
호소,대청호,회남,2019-01-14,6.3,7.6,12.6,4.8,2.6,4.0,64.0,0.0,0.0,0.0,64.0,0.0,0.8401253918495297,0.23197492163009406,0.7,0.0,0.0,0.0,0.0,1.7,0.0,4.5,8.33
호소,대청호,회남,2019-01-21,5.6,7.6,12.7,4.1,1.2,4.3,82.0,0.0,0.0,0.0,82.0,0.0,0.8369905956112853,0.23260188087774297,0.7,0.0,0.0,0.0,0.0,0.2,0.0,7.4,10.71
호소,대청호,추동,2019-01-21,5.6,7.7,12.6,3.9,1.3,4.6,112.0,0.0,0.0,0.0,112.0,0.0,0.8338557993730408,0.23322884012539186,0.7,0.0,0.0,0.0,0.0,0.2,0.0,7.4,10.71
호소,대청호,문의,2019-01-21,6.0,7.5,11.1,4.5,1.3,5.2,0.0,0.0,0.0,0.0,0.0,0.0,0.8307210031347962,0.23385579937304077,0.7,0.0,0.0,0.0,0.0,0.2,0.0,7.4,10.71
호소,대청호,추동,2019-01-28,5.2,7.6,12.0,3.9,1.6,3.6,642.0,0.0,0.0,0.0,642.0,0.0,0.8275862068965517,0.23448275862068968,0.7,0.0,0.0,0.0,0.0,2.3,0.8,8.4,12.31
호소,대청호,회남,2019-01-28,5.4,7.6,11.6,4.5,1.3,3.9,144.0,0.0,0.0,0.0,144.0,0.0,0.8244514106583072,0.23510971786833856,0.7,0.0,0.0,0.0,0.0,2.3,0.8,8.4,12.31
호소,대청호,문의,2019-01-28,5.6,7.4,10.8,4.7,1.8,3.8,0.0,0.0,0.0,0.0,0.0,0.0,0.8213166144200628,0.23573667711598748,0.7,0.0,0.0,0.0,0.0,2.3,0.8,8.4,12.31
호소,대청호,추동,2019-02-07,5.0,7.7,12.7,3.4,2.2,4.3,390.0,0.0,0.0,0.0,390.0,0.0,0.8181818181818181,0.2363636363636364,0.7,0.0,0.0,0.0,0.0,1.8,0.0,7.0,12.59
호소,대청호,회남,2019-02-07,4.7,7.7,12.2,4.3,1.5,3.7,44.0,0.0,0.0,0.0,44.0,0.0,0.8150470219435737,0.23699059561128527,0.7,0.0,0.0,0.0,0.0,1.8,0.0,7.0,12.59
호소,대청호,문의,2019-02-07,5.5,7.4,11.1,4.1,1.7,4.3,0.0,0.0,0.0,0.0,0.0,0.0,0.8119122257053292,0.23761755485893418,0.7,0.0,0.0,0.0,0.0,1.8,0.0,7.0,12.59
호소,대청호,문의,2019-02-11,5.0,7.6,12.0,3.9,2.0,5.2,0.0,0.0,0.0,0.0,0.0,0.0,0.8087774294670846,0.2382445141065831,0.7,0.0,0.0,0.0,0.0,-1.7,0.0,9.7,16.2
호소,대청호,회남,2019-02-11,4.8,7.6,11.9,4.3,1.5,4.3,26.0,0.0,0.0,0.0,26.0,0.0,0.8056426332288401,0.23887147335423198,0.7,0.0,0.0,0.0,0.0,-1.7,0.0,9.7,16.2
호소,대청호,추동,2019-02-11,4.7,7.7,12.3,3.8,1.8,4.6,156.0,0.0,0.0,0.0,156.0,0.0,0.8025078369905956,0.2394984326018809,0.7,0.0,0.0,0.0,0.0,-1.7,0.0,9.7,16.2
호소,대청호,문의,2019-02-18,5.0,7.6,10.4,4.5,1.8,5.3,0.0,0.0,0.0,0.0,0.0,0.0,0.7993730407523512,0.2401253918495298,0.7,0.0,0.0,0.0,0.0,1.9,0.1,4.3,10.72
호소,대청호,회남,2019-02-18,4.7,7.8,11.1,4.1,1.7,4.6,94.0,0.0,0.0,0.0,94.0,0.0,0.7962382445141066,0.24075235109717869,0.7,0.0,0.0,0.0,0.0,1.9,0.1,4.3,10.72
호소,대청호,추동,2019-02-18,4.6,7.8,11.4,4.6,2.2,4.5,324.0,0.0,0.0,0.0,324.0,0.0,0.7931034482758621,0.2413793103448276,0.7,0.0,0.0,0.0,0.0,1.9,0.1,4.3,10.72
호소,대청호,추동,2019-02-25,5.0,7.7,13.6,4.0,4.1,5.3,36.0,0.0,0.0,0.0,36.0,0.0,0.7899686520376176,0.2420062695924765,0.7,0.0,0.0,0.0,0.0,5.7,0.0,9.7,16.76
호소,대청호,회남,2019-02-25,4.8,7.6,13.0,4.0,5.9,4.6,0.0,0.0,0.0,0.0,0.0,0.0,0.786833855799373,0.2426332288401254,0.7,0.0,0.0,0.0,0.0,5.7,0.0,9.7,16.76
호소,대청호,문의,2019-02-25,5.2,7.6,12.7,4.7,3.6,5.7,44.0,0.0,0.0,0.0,44.0,0.0,0.7836990595611285,0.2432601880877743,0.7,0.0,0.0,0.0,0.0,5.7,0.0,9.7,16.76
호소,대청호,문의,2019-03-04,5.6,7.7,12.4,3.2,2.0,4.6,0.0,0.0,0.0,0.0,0.0,0.0,0.780564263322884,0.24388714733542322,0.7,0.0,0.0,0.0,0.0,10.0,0.0,7.3,15.02
호소,대청호,추동,2019-03-04,6.3,7.8,13.0,3.3,1.4,5.2,168.0,0.0,0.0,0.0,168.0,0.0,0.7774294670846396,0.2445141065830721,0.7,0.0,0.0,0.0,0.0,10.0,0.0,7.3,15.02
호소,대청호,회남,2019-03-04,5.3,7.6,12.5,3.5,2.9,1.7,0.0,0.0,0.0,0.0,0.0,0.0,0.774294670846395,0.245141065830721,0.7,0.0,0.0,0.0,0.0,10.0,0.0,7.3,15.02
호소,대청호,회남,2019-03-11,5.3,7.8,12.7,3.4,2.6,5.0,68.0,0.0,0.0,0.0,68.0,0.0,0.7711598746081505,0.24576802507836992,0.7,0.0,0.0,0.0,0.0,5.7,0.8,2.5,9.52
호소,대청호,추동,2019-03-11,6.1,7.9,12.9,3.2,2.3,6.0,76.0,0.0,0.0,0.0,76.0,0.0,0.768025078369906,0.2463949843260188,0.7,0.0,0.0,0.0,0.0,5.7,0.8,2.5,9.52
호소,대청호,문의,2019-03-11,5.6,7.7,11.7,3.1,1.9,4.6,0.0,0.0,0.0,0.0,0.0,0.0,0.7648902821316614,0.24702194357366772,0.7,0.0,0.0,0.0,0.0,5.7,0.8,2.5,9.52
호소,대청호,회남,2019-03-18,5.8,7.8,12.6,3.1,1.6,4.6,0.0,0.0,0.0,0.0,0.0,0.0,0.7617554858934169,0.24764890282131663,0.7,0.0,0.0,0.0,0.0,7.1,0.0,5.9,15.73
호소,대청호,문의,2019-03-18,5.8,7.7,12.1,3.1,1.9,5.4,0.0,0.0,0.0,0.0,0.0,0.0,0.7586206896551724,0.24827586206896554,0.7,0.0,0.0,0.0,0.0,7.1,0.0,5.9,15.73
호소,대청호,추동,2019-03-18,6.0,7.8,12.2,3.6,1.7,3.8,74.0,0.0,0.0,0.0,74.0,0.0,0.755485893416928,0.24890282131661443,0.7,0.0,0.0,0.0,0.0,7.1,0.0,5.9,15.73
호소,대청호,추동,2019-03-25,6.1,7.8,12.7,2.8,2.4,4.0,0.0,0.0,0.0,0.0,0.0,0.0,0.7523510971786834,0.24952978056426334,0.7,0.0,0.0,0.0,0.0,7.2,0.0,8.4,19.45
호소,대청호,회남,2019-03-25,5.9,7.9,12.8,3.9,2.4,4.0,0.0,0.0,0.0,0.0,0.0,0.0,0.7492163009404389,0.2501567398119122,0.7,0.0,0.0,0.0,0.0,7.2,0.0,8.4,19.45
호소,대청호,문의,2019-03-25,6.5,7.9,12.8,3.1,1.9,4.0,0.0,0.0,0.0,0.0,0.0,0.0,0.7460815047021944,0.25078369905956116,0.7,0.0,0.0,0.0,0.0,7.2,0.0,8.4,19.45
호소,대청호,문의,2019-04-01,6.6,7.8,11.9,3.0,2.3,3.7,0.0,0.0,0.0,0.0,0.0,0.0,0.7429467084639498,0.25141065830721004,0.7,0.0,0.0,0.0,0.0,6.1,0.0,8.6,18.98
호소,대청호,회남,2019-04-01,6.5,7.8,12.4,3.2,2.5,4.1,0.0,0.0,0.0,0.0,0.0,0.0,0.7398119122257054,0.25203761755485893,0.7,0.0,0.0,0.0,0.0,6.1,0.0,8.6,18.98
호소,대청호,추동,2019-04-01,6.4,7.8,12.3,3.1,2.5,4.3,0.0,0.0,0.0,0.0,0.0,0.0,0.7366771159874608,0.25266457680250787,0.7,0.0,0.0,0.0,0.0,6.1,0.0,8.6,18.98
호소,대청호,회남,2019-04-08,7.0,7.8,11.9,3.2,2.0,4.7,0.0,0.0,0.0,0.0,0.0,0.0,0.7335423197492164,0.25329153605015675,0.7,0.0,0.0,0.0,0.0,12.6,0.0,11.1,24.93
호소,대청호,문의,2019-04-08,7.8,7.8,12.3,3.5,1.5,3.6,0.0,0.0,0.0,0.0,0.0,0.0,0.7304075235109718,0.25391849529780564,0.7,0.0,0.0,0.0,0.0,12.6,0.0,11.1,24.93
호소,대청호,추동,2019-04-08,7.4,7.8,12.4,2.9,1.5,5.0,0.0,0.0,0.0,0.0,0.0,0.0,0.7272727272727273,0.2545454545454546,0.7,0.0,0.0,0.0,0.0,12.6,0.0,11.1,24.93
호소,대청호,회남,2019-04-15,7.7,7.8,11.7,3.2,1.8,4.4,0.0,0.0,0.0,0.0,0.0,0.0,0.7241379310344828,0.25517241379310346,0.7,0.0,0.0,0.0,0.0,11.6,0.0,12.3,27.0
호소,대청호,문의,2019-04-15,8.0,7.8,11.6,3.5,1.8,3.5,0.0,0.0,0.0,0.0,0.0,0.0,0.7210031347962382,0.25579937304075234,0.7,0.0,0.0,0.0,0.0,11.6,0.0,12.3,27.0
호소,대청호,추동,2019-04-15,8.5,8.0,12.1,2.7,2.3,4.4,0.0,0.0,0.0,0.0,0.0,0.0,0.7178683385579938,0.2564263322884013,0.7,0.0,0.0,0.0,0.0,11.6,0.0,12.3,27.0
호소,대청호,회남,2019-04-22,9.3,8.2,12.3,2.6,3.4,9.4,0.0,0.0,0.0,0.0,0.0,0.0,0.7147335423197492,0.25705329153605017,0.7,0.0,0.0,0.0,0.0,20.5,0.0,11.5,27.2
호소,대청호,추동,2019-04-22,9.8,8.2,12.5,3.0,2.2,5.6,0.0,0.0,0.0,0.0,0.0,0.0,0.7115987460815048,0.25768025078369905,0.7,0.0,0.0,0.0,0.0,20.5,0.0,11.5,27.2
호소,대청호,문의,2019-04-22,10.2,8.3,12.7,3.5,2.0,5.4,0.0,0.0,0.0,0.0,0.0,0.0,0.7084639498432602,0.258307210031348,0.7,0.0,0.0,0.0,0.0,20.5,0.0,11.5,27.2
호소,대청호,추동,2019-04-29,9.7,8.3,11.7,2.5,2.5,8.3,0.0,0.0,0.0,0.0,0.0,0.0,0.7053291536050157,0.2589341692789969,0.7,0.0,0.0,0.0,0.0,11.0,16.6,1.1,7.1
호소,대청호,문의,2019-04-29,9.9,8.2,12.1,3.3,2.3,6.4,0.0,0.0,0.0,0.0,0.0,0.0,0.7021943573667712,0.2595611285266458,0.7,0.0,0.0,0.0,0.0,11.0,16.6,1.1,7.1
호소,대청호,회남,2019-04-29,8.8,8.3,11.3,2.2,2.9,6.7,0.0,0.0,0.0,0.0,0.0,0.0,0.6990595611285266,0.2601880877742947,0.7,0.0,0.0,0.0,0.0,11.0,16.6,1.1,7.1
호소,대청호,회남,2019-05-07,10.1,7.9,10.1,2.1,2.0,4.4,0.0,0.0,0.0,0.0,0.0,0.0,0.6959247648902822,0.2608150470219436,0.7,0.0,0.0,0.0,0.0,14.9,0.0,13.1,30.53
호소,대청호,추동,2019-05-07,10.9,8.2,10.9,3.3,2.2,6.4,0.0,0.0,0.0,0.0,0.0,0.0,0.6927899686520376,0.26144200626959246,0.7,0.0,0.0,0.0,0.0,14.9,0.0,13.1,30.53
호소,대청호,문의,2019-05-07,10.9,8.3,11.9,1.9,2.1,7.6,0.0,0.0,0.0,0.0,0.0,0.0,0.6896551724137931,0.2620689655172414,0.7,0.0,0.0,0.0,0.0,14.9,0.0,13.1,30.53
호소,대청호,회남,2019-05-13,10.8,8.4,11.3,2.0,3.1,6.1,0.0,0.0,0.0,0.0,0.0,0.0,0.6865203761755486,0.2626959247648903,0.7,0.0,0.0,0.0,0.0,20.1,0.0,8.0,21.85
호소,대청호,추동,2019-05-13,12.4,8.3,11.8,3.2,2.7,5.0,0.0,0.0,0.0,0.0,0.0,0.0,0.6833855799373041,0.2633228840125392,0.7,0.0,0.0,0.0,0.0,20.1,0.0,8.0,21.85
호소,대청호,문의,2019-05-13,12.7,8.7,13.3,2.8,2.9,6.5,38.0,0.0,0.0,0.0,38.0,0.0,0.6802507836990596,0.2639498432601881,0.7,0.0,0.0,0.0,0.0,20.1,0.0,8.0,21.85
호소,대청호,회남,2019-05-20,11.1,8.3,10.4,1.8,2.5,6.3,0.0,0.0,0.0,0.0,0.0,0.0,0.677115987460815,0.264576802507837,0.7,0.0,0.0,0.0,0.0,17.1,6.0,8.0,24.19
호소,대청호,추동,2019-05-20,11.5,8.0,11.1,2.6,2.3,4.1,0.0,0.0,0.0,0.0,0.0,0.0,0.6739811912225706,0.2652037617554859,0.7,0.0,0.0,0.0,0.0,17.1,6.0,8.0,24.19
호소,대청호,문의,2019-05-20,12.5,8.6,12.4,2.8,2.5,7.2,0.0,0.0,0.0,0.0,0.0,0.0,0.670846394984326,0.2658307210031348,0.7,0.0,0.0,0.0,0.0,17.1,6.0,8.0,24.19
호소,대청호,문의,2019-05-27,14.8,8.5,12.9,2.7,3.0,6.8,0.0,0.0,0.0,0.0,0.0,0.0,0.6677115987460815,0.2664576802507837,0.7,0.0,0.0,0.0,0.0,17.9,14.4,0.0,4.12
호소,대청호,회남,2019-05-27,11.2,8.3,9.9,2.5,4.5,6.4,508.0,508.0,0.0,0.0,0.0,0.0,0.664576802507837,0.26708463949843264,0.7,0.0,0.0,0.0,0.0,17.9,14.4,0.0,4.12
호소,대청호,추동,2019-05-27,11.6,7.9,10.6,1.9,4.1,5.7,0.0,0.0,0.0,0.0,0.0,0.0,0.6614420062695925,0.2677115987460815,0.7,0.0,0.0,0.0,0.0,17.9,14.4,0.0,4.12
호소,대청호,추동,2019-06-03,12.9,8.0,10.2,3.4,2.7,4.3,0.0,0.0,0.0,0.0,0.0,0.0,0.658307210031348,0.2683385579937304,0.7,0.0,0.0,0.0,0.0,23.4,0.0,12.5,29.65
호소,대청호,문의,2019-06-03,15.4,8.5,12.3,2.3,2.3,6.3,616.0,592.0,0.0,0.0,24.0,0.0,0.6551724137931034,0.2689655172413793,0.7,0.0,0.0,0.0,0.0,23.4,0.0,12.5,29.65
호소,대청호,회남,2019-06-03,11.7,8.0,8.4,2.5,2.1,4.8,0.0,0.0,0.0,0.0,0.0,0.0,0.652037617554859,0.26959247648902823,0.7,0.0,0.0,0.0,0.0,23.4,0.0,12.5,29.65
호소,대청호,문의,2019-06-10,16.6,8.5,13.0,3.9,2.2,3.6,0.0,0.0,0.0,0.0,0.0,0.0,0.6489028213166144,0.2702194357366771,0.7,0.0,0.0,0.0,0.0,18.9,11.1,2.2,18.56
호소,대청호,회남,2019-06-10,11.9,8.6,10.5,3.0,2.8,4.4,56.0,0.0,42.0,0.0,14.0,0.0,0.64576802507837,0.27084639498432606,0.7,0.0,0.0,0.0,0.0,18.9,11.1,2.2,18.56
호소,대청호,추동,2019-06-10,13.7,8.3,11.9,2.9,3.1,5.5,0.0,0.0,0.0,0.0,0.0,0.0,0.6426332288401254,0.27147335423197494,0.7,0.0,0.0,0.0,0.0,18.9,11.1,2.2,18.56
호소,대청호,추동,2019-06-17,14.8,8.3,10.8,2.4,2.3,6.4,0.0,0.0,0.0,0.0,0.0,0.0,0.6394984326018809,0.2721003134796238,0.7,0.0,0.0,0.0,0.0,22.2,0.0,11.6,30.07
호소,대청호,회남,2019-06-17,12.4,8.0,8.0,5.1,3.6,2.5,18.0,0.0,18.0,0.0,0.0,0.0,0.6363636363636364,0.27272727272727276,0.7,0.0,0.0,0.0,0.0,22.2,0.0,11.6,30.07
호소,대청호,문의,2019-06-17,17.7,8.6,13.0,4.2,1.9,6.4,0.0,0.0,0.0,0.0,0.0,0.0,0.6332288401253918,0.27335423197492165,0.7,0.0,0.0,0.0,0.0,22.2,0.0,11.6,30.07
호소,대청호,문의,2019-06-24,19.0,8.6,11.9,5.5,1.4,3.9,0.0,0.0,0.0,0.0,0.0,0.0,0.6300940438871474,0.27398119122257053,0.7,0.0,0.0,0.0,0.0,24.9,0.0,11.9,27.58
호소,대청호,회남,2019-06-24,13.0,8.4,6.1,4.8,1.8,2.4,0.0,0.0,0.0,0.0,0.0,0.0,0.6269592476489028,0.27460815047021947,0.7,0.0,0.0,0.0,0.0,24.9,0.0,11.9,27.58
호소,대청호,추동,2019-06-24,16.4,8.5,10.4,2.0,2.2,4.7,0.0,0.0,0.0,0.0,0.0,0.0,0.6238244514106583,0.27523510971786835,0.7,0.0,0.0,0.0,0.0,24.9,0.0,11.9,27.58
호소,대청호,문의,2019-07-01,18.5,8.3,10.1,5.0,1.8,6.2,0.0,0.0,0.0,0.0,0.0,0.0,0.6206896551724138,0.27586206896551724,0.7,0.0,0.0,0.0,0.0,23.7,0.0,3.6,15.0
호소,대청호,회남,2019-07-01,12.5,8.3,5.7,4.7,2.5,2.8,160.0,160.0,0.0,0.0,0.0,0.0,0.6175548589341693,0.2764890282131662,0.7,0.0,0.0,0.0,0.0,23.7,0.0,3.6,15.0
호소,대청호,추동,2019-07-01,16.0,8.3,8.4,1.6,2.3,3.6,0.0,0.0,0.0,0.0,0.0,0.0,0.6144200626959249,0.27711598746081506,0.7,0.0,0.0,0.0,0.0,23.7,0.0,3.6,15.0
호소,대청호,회남,2019-07-08,13.6,8.5,6.2,3.1,2.3,3.8,74.0,0.0,0.0,0.0,74.0,0.0,0.6112852664576802,0.277742946708464,0.7,0.0,0.0,0.0,0.0,24.5,0.6,8.6,23.87
호소,대청호,문의,2019-07-08,20.5,8.6,11.1,4.7,2.4,9.6,98.0,0.0,0.0,0.0,98.0,0.0,0.6081504702194358,0.2783699059561129,0.7,0.0,0.0,0.0,0.0,24.5,0.6,8.6,23.87
호소,대청호,추동,2019-07-08,17.8,8.3,9.2,1.5,2.7,7.1,234.0,0.0,178.0,0.0,56.0,0.0,0.6050156739811912,0.27899686520376177,0.7,0.0,0.0,0.0,0.0,24.5,0.6,8.6,23.87
호소,대청호,문의,2019-07-15,22.9,8.9,9.4,6.2,2.5,8.0,0.0,0.0,0.0,0.0,0.0,0.0,0.6018808777429467,0.27962382445141065,0.7,0.0,0.0,0.0,0.0,23.8,12.8,2.3,12.99
호소,대청호,회남,2019-07-15,15.3,8.8,3.9,3.5,4.3,2.4,0.0,0.0,0.0,0.0,0.0,0.0,0.5987460815047022,0.2802507836990596,0.7,0.0,0.0,0.0,0.0,23.8,12.8,2.3,12.99
호소,대청호,추동,2019-07-15,21.2,8.8,7.5,2.1,3.3,5.8,0.0,0.0,0.0,0.0,0.0,0.0,0.5956112852664577,0.2808777429467085,0.7,0.0,0.0,0.0,0.0,23.8,12.8,2.3,12.99
호소,대청호,추동,2019-07-22,21.7,8.3,7.2,2.3,3.2,7.6,84.0,0.0,84.0,0.0,0.0,0.0,0.5924764890282133,0.2815047021943574,0.7,0.0,0.0,0.0,0.0,27.9,0.0,8.2,21.55
호소,대청호,문의,2019-07-22,22.6,8.6,8.5,3.8,2.2,4.2,82.0,0.0,0.0,0.0,82.0,0.0,0.5893416927899686,0.2821316614420063,0.7,0.0,0.0,0.0,0.0,27.9,0.0,8.2,21.55
호소,대청호,회남,2019-07-22,16.6,8.2,3.1,2.7,6.1,3.9,850.0,716.0,0.0,0.0,134.0,0.0,0.5862068965517242,0.2827586206896552,0.7,0.0,0.0,0.0,0.0,27.9,0.0,8.2,21.55
호소,대청호,회남,2019-07-29,17.1,8.4,4.0,2.6,4.6,2.8,784.0,660.0,0.0,0.0,124.0,0.0,0.5830721003134796,0.28338557993730407,0.7,0.0,0.0,0.0,0.0,28.5,0.0,12.6,26.98
호소,대청호,추동,2019-07-29,22.5,8.3,5.8,2.8,3.4,7.3,224.0,140.0,84.0,0.0,0.0,0.0,0.5799373040752351,0.284012539184953,0.7,0.0,0.0,0.0,0.0,28.5,0.0,12.6,26.98
호소,대청호,문의,2019-07-29,25.2,8.4,8.2,1.5,2.9,3.8,124.0,0.0,0.0,0.0,124.0,0.0,0.5768025078369906,0.2846394984326019,0.7,0.0,0.0,0.0,0.0,28.5,0.0,12.6,26.98
호소,대청호,문의,2019-08-05,26.6,8.3,7.0,4.9,2.0,4.9,1566.0,0.0,0.0,0.0,1566.0,0.0,0.5736677115987461,0.28526645768025083,0.7,0.0,0.0,0.0,0.0,30.7,0.0,10.3,24.33
호소,대청호,회남,2019-08-05,19.6,8.4,4.1,3.4,3.7,4.3,0.0,0.0,0.0,0.0,0.0,0.0,0.5705329153605017,0.2858934169278997,0.7,0.0,0.0,0.0,0.0,30.7,0.0,10.3,24.33
호소,대청호,추동,2019-08-05,23.1,8.1,4.3,2.8,2.8,3.9,0.0,0.0,0.0,0.0,0.0,0.0,0.567398119122257,0.2865203761755486,0.7,0.0,0.0,0.0,0.0,30.7,0.0,10.3,24.33
호소,대청호,추동,2019-08-12,23.7,8.3,3.7,2.4,3.0,5.1,28.0,0.0,0.0,0.0,28.0,0.0,0.5642633228840126,0.2871473354231975,0.7,0.0,0.0,0.0,0.0,29.0,1.3,1.7,11.4
호소,대청호,문의,2019-08-12,27.5,8.6,7.0,4.1,2.6,4.8,734.0,0.0,112.0,0.0,622.0,0.0,0.5611285266457681,0.2877742946708464,0.7,0.0,0.0,0.0,0.0,29.0,1.3,1.7,11.4
호소,대청호,회남,2019-08-12,19.8,8.6,3.9,1.8,4.2,6.9,744.0,0.0,0.0,510.0,234.0,0.0,0.5579937304075235,0.2884012539184953,0.7,0.0,0.0,0.0,0.0,29.0,1.3,1.7,11.4
호소,대청호,문의,2019-08-19,26.7,8.0,5.3,4.1,3.2,6.2,3610.0,340.0,0.0,0.0,3270.0,0.0,0.554858934169279,0.28902821316614424,0.7,0.0,0.0,0.0,0.0,26.5,0.0,9.9,24.06
호소,대청호,회남,2019-08-19,20.1,8.2,4.1,1.6,3.0,3.7,734.0,240.0,118.0,44.0,332.0,0.0,0.5517241379310345,0.2896551724137931,0.7,0.0,0.0,0.0,0.0,26.5,0.0,9.9,24.06
호소,대청호,추동,2019-08-19,24.8,8.0,5.6,2.7,2.9,4.7,466.0,240.0,0.0,0.0,226.0,0.0,0.5485893416927901,0.290282131661442,0.7,0.0,0.0,0.0,0.0,26.5,0.0,9.9,24.06
호소,대청호,추동,2019-08-26,25.0,8.3,5.3,3.4,3.4,4.1,700.0,700.0,0.0,0.0,0.0,0.0,0.5454545454545454,0.2909090909090909,0.7,0.0,0.0,0.0,0.0,25.9,0.0,10.2,22.82
호소,대청호,문의,2019-08-26,27.7,8.6,5.9,4.1,2.6,5.7,2154.0,0.0,74.0,0.0,2080.0,0.0,0.542319749216301,0.29153605015673983,0.7,0.0,0.0,0.0,0.0,25.9,0.0,10.2,22.82
호소,대청호,회남,2019-08-26,20.0,8.6,3.7,2.0,4.1,4.6,982.0,0.0,84.0,836.0,62.0,0.0,0.5391849529780565,0.2921630094043887,0.7,0.0,0.0,0.0,0.0,25.9,0.0,10.2,22.82
호소,대청호,문의,2019-09-02,26.7,9.7,5.7,2.6,2.7,5.6,578.0,220.0,0.0,88.0,270.0,0.0,0.5360501567398119,0.29278996865203766,0.7,0.0,0.0,0.0,0.0,22.6,10.2,0.2,10.34
호소,대청호,추동,2019-09-02,24.3,9.5,5.4,2.5,3.5,6.8,948.0,760.0,0.0,72.0,116.0,0.0,0.5329153605015674,0.29341692789968654,0.7,0.0,0.0,0.0,0.0,22.6,10.2,0.2,10.34
호소,대청호,회남,2019-09-02,19.6,10.0,3.6,1.8,4.8,6.2,2240.0,0.0,58.0,1652.0,530.0,0.0,0.5297805642633229,0.2940438871473354,0.7,0.0,0.0,0.0,0.0,22.6,10.2,0.2,10.34
호소,대청호,회남,2019-09-09,19.4,9.4,3.3,1.7,9.9,7.9,3328.0,2460.0,38.0,620.0,210.0,0.0,0.5266457680250785,0.2946708463949843,0.7,0.0,0.0,0.0,0.0,24.0,12.1,0.0,6.83
호소,대청호,추동,2019-09-09,24.8,9.1,5.3,2.5,5.8,6.3,982.0,0.0,32.0,504.0,446.0,0.0,0.5235109717868338,0.29529780564263325,0.7,0.0,0.0,0.0,0.0,24.0,12.1,0.0,6.83
호소,대청호,문의,2019-09-09,25.9,9.0,5.3,2.2,5.3,5.1,510.0,440.0,0.0,0.0,70.0,0.0,0.5203761755485894,0.29592476489028213,0.7,0.0,0.0,0.0,0.0,24.0,12.1,0.0,6.83
호소,대청호,문의,2019-09-16,26.3,8.3,5.8,2.6,2.5,5.2,980.0,760.0,0.0,84.0,136.0,0.0,0.5172413793103449,0.29655172413793107,0.7,0.0,0.0,0.0,0.0,24.5,0.0,9.6,20.63
호소,대청호,회남,2019-09-16,20.8,9.9,4.2,2.1,6.1,4.5,1838.0,1340.0,14.0,352.0,132.0,0.0,0.5141065830721003,0.29717868338557996,0.7,0.0,0.0,0.0,0.0,24.5,0.0,9.6,20.63
호소,대청호,추동,2019-09-16,25.0,8.4,5.4,2.8,3.1,4.9,924.0,640.0,24.0,96.0,164.0,0.0,0.5109717868338558,0.29780564263322884,0.7,0.0,0.0,0.0,0.0,24.5,0.0,9.6,20.63
호소,대청호,회남,2019-09-23,19.3,7.4,4.1,2.8,8.8,4.5,2614.0,2320.0,0.0,64.0,230.0,0.0,0.5078369905956113,0.2984326018808778,0.7,0.0,0.0,0.0,0.0,17.8,0.1,4.2,14.12
호소,대청호,문의,2019-09-23,24.4,7.5,6.4,3.5,2.7,5.5,530.0,140.0,0.0,84.0,306.0,0.0,0.5047021943573669,0.29905956112852666,0.7,0.0,0.0,0.0,0.0,17.8,0.1,4.2,14.12
호소,대청호,추동,2019-09-23,24.2,7.6,7.1,2.7,4.4,5.6,2372.0,1440.0,158.0,524.0,250.0,0.0,0.5015673981191222,0.29968652037617555,0.7,0.0,0.0,0.0,0.0,17.8,0.1,4.2,14.12
호소,대청호,회남,2019-09-30,18.8,7.7,5.6,2.7,5.8,3.9,1744.0,1460.0,168.0,16.0,100.0,0.0,0.4984326018808778,0.3003134796238245,0.7,0.0,0.0,0.0,0.0,22.1,0.0,10.1,19.86
호소,대청호,문의,2019-09-30,23.3,7.7,5.0,2.9,2.5,5.5,486.0,0.0,146.0,92.0,248.0,0.0,0.49529780564263326,0.30094043887147337,0.7,0.0,0.0,0.0,0.0,22.1,0.0,10.1,19.86
호소,대청호,추동,2019-09-30,23.2,7.9,6.7,2.7,4.2,5.4,2106.0,1140.0,512.0,220.0,234.0,0.0,0.49216300940438873,0.30156739811912225,0.7,0.0,0.0,0.0,0.0,22.1,0.0,10.1,19.86
호소,대청호,추동,2019-10-07,22.1,7.4,5.7,2.7,3.8,8.2,2654.0,2200.0,0.0,32.0,422.0,0.0,0.4890282131661442,0.3021943573667712,0.7,0.0,0.0,0.0,0.0,15.7,11.8,0.0,3.77
호소,대청호,문의,2019-10-07,23.2,7.3,4.6,3.2,3.0,4.4,760.0,240.0,96.0,188.0,236.0,0.0,0.48589341692789967,0.3028213166144201,0.7,0.0,0.0,0.0,0.0,15.7,11.8,0.0,3.77
호소,대청호,회남,2019-10-07,19.4,7.4,4.8,2.5,7.3,5.4,2024.0,1740.0,26.0,0.0,258.0,0.0,0.48275862068965514,0.303448275862069,0.7,0.0,0.0,0.0,0.0,15.7,11.8,0.0,3.77
호소,대청호,추동,2019-10-14,21.4,7.7,7.2,2.3,4.5,12.9,2352.0,1900.0,0.0,0.0,452.0,0.0,0.4796238244514107,0.3040752351097179,0.7,0.0,0.0,0.0,0.0,14.6,0.0,7.9,13.38
호소,대청호,회남,2019-10-14,19.1,7.4,5.2,3.0,4.8,5.6,220.0,132.0,0.0,0.0,88.0,0.0,0.4764890282131662,0.3047021943573668,0.7,0.0,0.0,0.0,0.0,14.6,0.0,7.9,13.38
호소,대청호,문의,2019-10-14,21.8,7.5,6.1,2.3,3.8,11.1,954.0,0.0,0.0,92.0,862.0,0.0,0.47335423197492166,0.30532915360501567,0.7,0.0,0.0,0.0,0.0,14.6,0.0,7.9,13.38
호소,대청호,회남,2019-10-21,18.7,7.8,5.8,2.9,3.7,7.5,888.0,780.0,0.0,0.0,108.0,0.0,0.4702194357366771,0.3059561128526646,0.7,0.0,0.0,0.0,0.0,15.5,0.0,7.7,16.28
호소,대청호,문의,2019-10-21,21.0,7.6,6.4,3.3,2.1,13.7,338.0,160.0,0.0,104.0,74.0,0.0,0.4670846394984326,0.3065830721003135,0.7,0.0,0.0,0.0,0.0,15.5,0.0,7.7,16.28
호소,대청호,추동,2019-10-21,20.7,8.1,8.3,2.1,3.7,25.9,2148.0,1140.0,0.0,36.0,972.0,0.0,0.46394984326018807,0.30721003134796243,0.7,0.0,0.0,0.0,0.0,15.5,0.0,7.7,16.28
호소,대청호,문의,2019-10-28,20.0,7.9,9.0,3.4,2.8,26.5,368.0,0.0,182.0,0.0,186.0,0.0,0.46081504702194365,0.3078369905956113,0.7,0.0,0.0,0.0,0.0,11.9,0.0,8.8,15.67
호소,대청호,회남,2019-10-28,19.1,7.7,7.0,2.6,4.2,13.9,930.0,636.0,52.0,0.0,242.0,0.0,0.4576802507836991,0.3084639498432602,0.7,0.0,0.0,0.0,0.0,11.9,0.0,8.8,15.67
호소,대청호,추동,2019-10-28,20.1,8.1,9.8,1.4,4.9,39.2,4484.0,2040.0,0.0,260.0,2184.0,0.0,0.4545454545454546,0.3090909090909091,0.7,0.0,0.0,0.0,0.0,11.9,0.0,8.8,15.67
호소,대청호,추동,2019-11-04,19.3,7.6,9.9,2.6,3.2,24.5,4154.0,1240.0,0.0,44.0,2870.0,0.0,0.45141065830721006,0.309717868338558,0.7,0.0,0.0,0.0,0.0,13.6,0.0,9.2,13.59
호소,대청호,문의,2019-11-04,19.4,7.7,9.5,2.4,2.9,38.0,342.0,0.0,26.0,0.0,316.0,0.0,0.4482758620689655,0.3103448275862069,0.7,0.0,0.0,0.0,0.0,13.6,0.0,9.2,13.59
호소,대청호,회남,2019-11-04,17.5,7.6,6.5,3.0,3.5,8.8,518.0,248.0,0.0,44.0,226.0,0.0,0.445141065830721,0.31097178683385585,0.7,0.0,0.0,0.0,0.0,13.6,0.0,9.2,13.59
호소,대청호,추동,2019-11-11,17.8,8.0,9.5,2.3,3.3,15.3,3382.0,1100.0,0.0,108.0,2174.0,0.0,0.44200626959247646,0.31159874608150473,0.7,0.0,0.0,0.0,0.0,11.7,1.3,2.3,6.03
호소,대청호,회남,2019-11-11,18.0,7.8,8.7,2.7,3.9,12.1,954.0,360.0,0.0,48.0,546.0,0.0,0.43887147335423204,0.3122257053291536,0.7,0.0,0.0,0.0,0.0,11.7,1.3,2.3,6.03
호소,대청호,문의,2019-11-11,18.0,8.2,10.0,2.5,4.2,45.9,398.0,0.0,128.0,0.0,270.0,0.0,0.4357366771159875,0.3128526645768025,0.7,0.0,0.0,0.0,0.0,11.7,1.3,2.3,6.03
호소,대청호,회남,2019-11-18,16.7,7.7,8.2,2.8,3.6,7.8,928.0,460.0,0.0,0.0,468.0,0.0,0.432601880877743,0.31347962382445144,0.7,0.0,0.0,0.0,0.0,7.7,15.3,2.6,6.74
호소,대청호,추동,2019-11-18,16.5,7.8,9.0,2.5,2.8,10.6,3528.0,1520.0,32.0,0.0,1976.0,0.0,0.42946708463949845,0.3141065830721003,0.7,0.0,0.0,0.0,0.0,7.7,15.3,2.6,6.74
호소,대청호,문의,2019-11-18,16.8,7.8,8.9,2.8,2.6,13.4,134.0,0.0,0.0,0.0,134.0,0.0,0.4263322884012539,0.31473354231974926,0.7,0.0,0.0,0.0,0.0,7.7,15.3,2.6,6.74
호소,대청호,추동,2019-11-25,15.4,7.8,9.0,3.6,4.6,9.1,3504.0,440.0,0.0,0.0,3064.0,0.0,0.4231974921630094,0.31536050156739814,0.7,0.0,0.0,0.0,0.0,3.6,0.0,0.0,5.64
호소,대청호,문의,2019-11-25,15.7,7.7,8.7,4.2,2.0,7.6,406.0,120.0,36.0,0.0,250.0,0.0,0.42006269592476486,0.315987460815047,0.7,0.0,0.0,0.0,0.0,3.6,0.0,0.0,5.64
호소,대청호,회남,2019-11-25,15.3,7.6,8.3,3.1,3.6,5.7,596.0,260.0,0.0,0.0,336.0,0.0,0.41692789968652044,0.3166144200626959,0.7,0.0,0.0,0.0,0.0,3.6,0.0,0.0,5.64
호소,대청호,회남,2019-12-02,13.7,7.6,8.7,3.4,2.1,5.2,532.0,0.0,0.0,0.0,532.0,0.0,0.4137931034482759,0.31724137931034485,0.7,0.0,0.0,0.0,0.0,2.7,0.0,7.3,11.01
호소,대청호,추동,2019-12-02,14.1,7.8,9.3,3.9,2.9,9.7,3518.0,520.0,28.0,0.0,2970.0,0.0,0.4106583072100314,0.31786833855799373,0.7,0.0,0.0,0.0,0.0,2.7,0.0,7.3,11.01
호소,대청호,문의,2019-12-02,14.3,7.6,8.6,4.8,2.0,5.8,696.0,0.0,58.0,0.0,638.0,0.0,0.40752351097178685,0.3184952978056427,0.7,0.0,0.0,0.0,0.0,2.7,0.0,7.3,11.01
호소,대청호,추동,2019-12-09,12.3,7.7,9.5,4.5,2.7,6.8,1706.0,0.0,58.0,0.0,1648.0,0.0,0.4043887147335423,0.31912225705329156,0.7,0.0,0.0,0.0,0.0,3.3,0.0,7.4,9.6
호소,대청호,문의,2019-12-09,12.6,7.6,8.6,4.7,2.9,6.1,656.0,0.0,0.0,0.0,656.0,0.0,0.4012539184952978,0.31974921630094044,0.7,0.0,0.0,0.0,0.0,3.3,0.0,7.4,9.6
호소,대청호,회남,2019-12-09,12.7,7.7,8.9,4.3,3.5,4.1,342.0,180.0,0.0,0.0,162.0,0.0,0.39811912225705326,0.3203761755485893,0.7,0.0,0.0,0.0,0.0,3.3,0.0,7.4,9.6
호소,대청호,회남,2019-12-16,11.5,7.6,9.1,4.7,2.3,3.5,310.0,80.0,0.0,0.0,230.0,0.0,0.39498432601880884,0.32100313479623827,0.7,0.0,0.0,0.0,0.0,7.9,0.0,8.1,9.77
호소,대청호,문의,2019-12-16,11.8,7.5,8.7,3.6,2.4,5.0,524.0,0.0,0.0,0.0,524.0,0.0,0.3918495297805643,0.32163009404388715,0.7,0.0,0.0,0.0,0.0,7.9,0.0,8.1,9.77
호소,대청호,추동,2019-12-16,11.5,7.7,9.5,4.0,1.9,4.3,486.0,0.0,0.0,0.0,486.0,0.0,0.3887147335423198,0.3222570532915361,0.7,0.0,0.0,0.0,0.0,7.9,0.0,8.1,9.77
호소,대청호,회남,2019-12-23,10.4,7.6,9.5,3.8,2.0,3.1,598.0,220.0,0.0,56.0,322.0,0.0,0.38557993730407525,0.322884012539185,0.7,0.0,0.0,0.0,0.0,3.8,0.1,2.9,6.74
호소,대청호,추동,2019-12-23,10.5,7.6,9.7,3.8,1.9,4.9,488.0,160.0,0.0,0.0,328.0,0.0,0.3824451410658307,0.32351097178683386,0.7,0.0,0.0,0.0,0.0,3.8,0.1,2.9,6.74
호소,대청호,문의,2019-12-23,10.8,7.6,8.9,3.1,2.3,4.9,832.0,0.0,0.0,0.0,832.0,0.0,0.3793103448275862,0.3241379310344828,0.7,0.0,0.0,0.0,0.0,3.8,0.1,2.9,6.74
호소,대청호,문의,2019-12-30,9.9,7.6,9.2,3.2,2.8,7.0,782.0,0.0,0.0,0.0,782.0,0.0,0.37617554858934177,0.3247648902821317,0.7,0.0,0.0,0.0,0.0,4.2,1.5,0.7,3.84
호소,대청호,회남,2019-12-30,9.8,7.6,9.7,4.5,2.1,3.9,160.0,0.0,0.0,0.0,160.0,0.0,0.37304075235109724,0.3253918495297806,0.7,0.0,0.0,0.0,0.0,4.2,1.5,0.7,3.84
호소,대청호,추동,2019-12-30,9.6,7.7,9.9,3.2,2.6,6.0,376.0,0.0,0.0,0.0,376.0,0.0,0.3699059561128527,0.3260188087774295,0.7,0.0,0.0,0.0,0.0,4.2,1.5,0.7,3.84
호소,대청호,회남,2020-01-06,8.9,7.7,9.9,5.0,2.2,3.7,88.0,0.0,0.0,0.0,88.0,0.0,0.3667711598746082,0.3266457680250784,0.7,0.0,0.0,0.0,0.0,2.9,10.3,0.0,1.9
호소,대청호,추동,2020-01-06,8.6,7.7,10.1,3.5,2.3,5.7,592.0,0.0,0.0,0.0,592.0,0.0,0.36363636363636365,0.32727272727272727,0.7,0.0,0.0,0.0,0.0,2.9,10.3,0.0,1.9
호소,대청호,문의,2020-01-06,8.9,7.6,9.0,3.5,2.1,5.4,406.0,0.0,0.0,0.0,406.0,0.0,0.3605015673981191,0.32789968652037615,0.7,0.0,0.0,0.0,0.0,2.9,10.3,0.0,1.9
호소,대청호,회남,2020-01-13,8.1,7.7,10.3,4.2,2.9,3.4,338.0,0.0,0.0,0.0,338.0,0.0,0.3573667711598746,0.3285266457680251,0.7,0.0,0.0,0.0,0.0,0.2,0.0,4.2,6.83
호소,대청호,추동,2020-01-13,8.0,7.7,10.9,3.5,2.4,5.4,612.0,0.0,0.0,0.0,612.0,0.0,0.35423197492163017,0.32915360501567403,0.7,0.0,0.0,0.0,0.0,0.2,0.0,4.2,6.83
호소,대청호,문의,2020-01-13,8.4,7.5,9.5,3.5,2.4,5.1,770.0,0.0,0.0,0.0,770.0,0.0,0.35109717868338564,0.3297805642633229,0.7,0.0,0.0,0.0,0.0,0.2,0.0,4.2,6.83
호소,대청호,추동,2020-01-20,7.4,7.4,10.7,3.2,2.3,5.6,516.0,0.0,0.0,0.0,516.0,0.0,0.3479623824451411,0.3304075235109718,0.7,0.0,0.0,0.0,0.0,3.4,0.0,6.9,11.72
호소,대청호,문의,2020-01-20,7.7,7.2,9.0,3.1,2.2,3.7,508.0,0.0,0.0,0.0,508.0,0.0,0.3448275862068966,0.3310344827586207,0.7,0.0,0.0,0.0,0.0,3.4,0.0,6.9,11.72
호소,대청호,회남,2020-01-20,7.1,7.4,10.5,4.2,3.0,3.6,122.0,0.0,0.0,0.0,122.0,0.0,0.34169278996865204,0.3316614420062696,0.7,0.0,0.0,0.0,0.0,3.4,0.0,6.9,11.72
호소,대청호,문의,2020-01-28,7.7,7.4,9.4,4.2,2.0,2.6,334.0,0.0,0.0,0.0,334.0,0.0,0.3385579937304075,0.3322884012539185,0.7,0.0,0.0,0.0,0.0,6.3,0.0,2.0,8.18
호소,대청호,추동,2020-01-28,7.5,7.5,11.1,3.5,2.7,4.5,426.0,0.0,0.0,0.0,426.0,0.0,0.335423197492163,0.33291536050156745,0.7,0.0,0.0,0.0,0.0,6.3,0.0,2.0,8.18
호소,대청호,회남,2020-01-28,7.0,7.5,11.0,3.6,2.3,3.4,244.0,0.0,0.0,0.0,244.0,0.0,0.33228840125391856,0.33354231974921633,0.7,0.0,0.0,0.0,0.0,6.3,0.0,2.0,8.18
호소,대청호,문의,2020-02-03,7.4,7.2,9.6,3.2,2.4,4.0,332.0,0.0,0.0,0.0,332.0,0.0,0.32915360501567403,0.3341692789968652,0.7,0.0,0.0,0.0,0.0,1.5,0.0,8.4,13.78
호소,대청호,회남,2020-02-03,6.8,7.4,10.9,5.0,3.6,3.1,258.0,0.0,0.0,0.0,258.0,0.0,0.3260188087774295,0.3347962382445141,0.7,0.0,0.0,0.0,0.0,1.5,0.0,8.4,13.78
호소,대청호,추동,2020-02-03,7.3,7.4,10.8,4.5,3.0,3.8,188.0,0.0,0.0,0.0,188.0,0.0,0.322884012539185,0.33542319749216304,0.7,0.0,0.0,0.0,0.0,1.5,0.0,8.4,13.78
호소,대청호,문의,2020-02-10,6.8,7.3,10.5,4.1,1.9,4.1,48.0,0.0,32.0,0.0,16.0,0.0,0.31974921630094044,0.3360501567398119,0.7,0.0,0.0,0.0,0.0,5.1,0.0,9.4,15.16
호소,대청호,회남,2020-02-10,6.6,7.4,11.0,4.5,2.7,2.7,224.0,0.0,0.0,0.0,224.0,0.0,0.3166144200626959,0.33667711598746086,0.7,0.0,0.0,0.0,0.0,5.1,0.0,9.4,15.16
호소,대청호,추동,2020-02-10,6.8,7.5,11.3,4.2,1.9,3.2,214.0,0.0,0.0,0.0,214.0,0.0,0.3134796238244515,0.33730407523510975,0.7,0.0,0.0,0.0,0.0,5.1,0.0,9.4,15.16
호소,대청호,회남,2020-02-17,6.6,7.5,11.3,3.8,11.8,7.1,92.0,0.0,0.0,0.0,92.0,0.0,0.31034482758620696,0.33793103448275863,0.7,0.0,0.0,0.0,0.0,-3.2,0.7,4.7,9.97
호소,대청호,추동,2020-02-17,6.5,7.5,11.3,4.1,5.9,2.9,14.0,0.0,0.0,0.0,14.0,0.0,0.30721003134796243,0.3385579937304075,0.7,0.0,0.0,0.0,0.0,-3.2,0.7,4.7,9.97
호소,대청호,문의,2020-02-17,6.9,7.5,10.8,3.9,3.6,4.6,68.0,0.0,0.0,0.0,68.0,0.0,0.3040752351097179,0.33918495297805645,0.7,0.0,0.0,0.0,0.0,-3.2,0.7,4.7,9.97
호소,대청호,추동,2020-02-24,6.9,7.6,11.6,3.8,3.1,3.2,0.0,0.0,0.0,0.0,0.0,0.0,0.30094043887147337,0.33981191222570534,0.7,0.0,0.0,0.0,0.0,7.4,0.4,9.9,18.12
호소,대청호,문의,2020-02-24,7.1,7.6,11.2,3.8,2.5,4.0,0.0,0.0,0.0,0.0,0.0,0.0,0.29780564263322884,0.3404388714733543,0.7,0.0,0.0,0.0,0.0,7.4,0.4,9.9,18.12
호소,대청호,회남,2020-02-24,6.8,7.6,11.4,4.8,4.6,2.9,32.0,0.0,0.0,0.0,32.0,0.0,0.2946708463949843,0.34106583072100316,0.7,0.0,0.0,0.0,0.0,7.4,0.4,9.9,18.12
호소,대청호,추동,2020-03-02,7.1,7.6,11.3,3.0,2.6,4.2,0.0,0.0,0.0,0.0,0.0,0.0,0.2915360501567399,0.34169278996865204,0.7,0.0,0.0,0.0,0.0,5.3,0.0,10.2,20.18
호소,대청호,회남,2020-03-02,6.7,7.5,11.5,4.2,2.5,3.1,0.0,0.0,0.0,0.0,0.0,0.0,0.28840125391849536,0.34231974921630093,0.7,0.0,0.0,0.0,0.0,5.3,0.0,10.2,20.18
호소,대청호,문의,2020-03-02,7.6,7.5,11.4,4.3,2.1,3.8,0.0,0.0,0.0,0.0,0.0,0.0,0.28526645768025083,0.34294670846394987,0.7,0.0,0.0,0.0,0.0,5.3,0.0,10.2,20.18
호소,대청호,문의,2020-03-09,7.5,7.4,10.6,4.3,1.7,3.1,0.0,0.0,0.0,0.0,0.0,0.0,0.2821316614420063,0.3435736677115988,0.7,0.0,0.0,0.0,0.0,10.0,1.6,4.8,11.24
호소,대청호,회남,2020-03-09,7.3,7.6,11.8,3.9,2.4,3.2,0.0,0.0,0.0,0.0,0.0,0.0,0.27899686520376177,0.3442006269592477,0.7,0.0,0.0,0.0,0.0,10.0,1.6,4.8,11.24
호소,대청호,추동,2020-03-09,7.7,7.6,11.7,2.5,2.3,4.0,0.0,0.0,0.0,0.0,0.0,0.0,0.27586206896551724,0.3448275862068966,0.7,0.0,0.0,0.0,0.0,10.0,1.6,4.8,11.24
호소,대청호,문의,2020-03-16,7.4,7.5,10.9,4.1,2.4,2.9,0.0,0.0,0.0,0.0,0.0,0.0,0.2727272727272727,0.34545454545454546,0.7,0.0,0.0,0.0,0.0,4.4,0.0,11.3,23.58
호소,대청호,회남,2020-03-16,7.5,7.6,11.9,4.2,2.6,4.1,0.0,0.0,0.0,0.0,0.0,0.0,0.2695924764890283,0.34608150470219434,0.7,0.0,0.0,0.0,0.0,4.4,0.0,11.3,23.58
호소,대청호,추동,2020-03-16,7.9,7.6,11.9,2.9,4.4,3.8,0.0,0.0,0.0,0.0,0.0,0.0,0.26645768025078376,0.3467084639498433,0.7,0.0,0.0,0.0,0.0,4.4,0.0,11.3,23.58
호소,대청호,추동,2020-03-23,8.1,7.6,11.7,2.9,2.9,4.1,0.0,0.0,0.0,0.0,0.0,0.0,0.2633228840125392,0.3473354231974922,0.7,0.0,0.0,0.0,0.0,10.2,0.0,11.6,23.65
호소,대청호,회남,2020-03-23,8.1,7.6,11.7,3.3,2.7,3.5,0.0,0.0,0.0,0.0,0.0,0.0,0.2601880877742947,0.3479623824451411,0.7,0.0,0.0,0.0,0.0,10.2,0.0,11.6,23.65
호소,대청호,문의,2020-03-23,8.1,7.6,11.3,3.2,2.4,3.1,0.0,0.0,0.0,0.0,0.0,0.0,0.25705329153605017,0.34858934169279,0.7,0.0,0.0,0.0,0.0,10.2,0.0,11.6,23.65
호소,대청호,추동,2020-03-30,9.2,7.7,10.8,3.0,2.8,3.5,0.0,0.0,0.0,0.0,0.0,0.0,0.25391849529780564,0.3492163009404389,0.7,0.0,0.0,0.0,0.0,12.2,0.0,11.5,25.67
호소,대청호,문의,2020-03-30,9.4,7.7,10.8,3.7,2.5,3.5,0.0,0.0,0.0,0.0,0.0,0.0,0.2507836990595611,0.34984326018808776,0.7,0.0,0.0,0.0,0.0,12.2,0.0,11.5,25.67
호소,대청호,회남,2020-03-30,9.0,7.6,10.8,3.2,2.9,3.2,0.0,0.0,0.0,0.0,0.0,0.0,0.24764890282131669,0.3504702194357367,0.7,0.0,0.0,0.0,0.0,12.2,0.0,11.5,25.67
호소,대청호,문의,2020-04-06,9.3,7.8,10.7,3.0,1.7,3.5,0.0,0.0,0.0,0.0,0.0,0.0,0.24451410658307215,0.35109717868338564,0.7,0.0,0.0,0.0,0.0,9.7,0.0,10.7,25.16
호소,대청호,추동,2020-04-06,9.7,7.9,10.7,3.4,2.2,3.3,0.0,0.0,0.0,0.0,0.0,0.0,0.24137931034482762,0.3517241379310345,0.7,0.0,0.0,0.0,0.0,9.7,0.0,10.7,25.16
호소,대청호,회남,2020-04-06,9.1,7.8,10.4,3.2,2.2,2.7,0.0,0.0,0.0,0.0,0.0,0.0,0.2382445141065831,0.3523510971786834,0.7,0.0,0.0,0.0,0.0,9.7,0.0,10.7,25.16
호소,대청호,문의,2020-04-13,9.5,7.8,10.8,2.4,2.9,3.7,0.0,0.0,0.0,0.0,0.0,0.0,0.23510971786833856,0.3529780564263323,0.7,0.0,0.0,0.0,0.0,10.7,0.0,10.2,26.75
호소,대청호,추동,2020-04-13,10.6,7.8,10.4,3.1,3.0,2.8,0.0,0.0,0.0,0.0,0.0,0.0,0.23197492163009403,0.35360501567398117,0.7,0.0,0.0,0.0,0.0,10.7,0.0,10.2,26.75
호소,대청호,회남,2020-04-13,9.2,7.7,10.3,2.8,3.1,2.3,0.0,0.0,0.0,0.0,0.0,0.0,0.2288401253918496,0.3542319749216301,0.7,0.0,0.0,0.0,0.0,10.7,0.0,10.2,26.75
호소,대청호,문의,2020-04-20,10.6,7.9,10.6,3.3,2.7,3.5,0.0,0.0,0.0,0.0,0.0,0.0,0.22570532915360508,0.35485893416927905,0.7,0.0,0.0,0.0,0.0,11.0,0.0,3.1,13.08
호소,대청호,추동,2020-04-20,10.6,7.7,9.8,3.2,3.2,3.3,0.0,0.0,0.0,0.0,0.0,0.0,0.22257053291536055,0.35548589341692793,0.7,0.0,0.0,0.0,0.0,11.0,0.0,3.1,13.08
호소,대청호,회남,2020-04-20,9.4,7.5,9.3,4.2,2.7,2.9,0.0,0.0,0.0,0.0,0.0,0.0,0.21943573667711602,0.3561128526645768,0.7,0.0,0.0,0.0,0.0,11.0,0.0,3.1,13.08
호소,대청호,추동,2020-04-27,10.6,7.7,10.4,2.1,3.4,2.9,0.0,0.0,0.0,0.0,0.0,0.0,0.2163009404388715,0.3567398119122257,0.7,0.0,0.0,0.0,0.0,12.1,0.0,9.3,20.92
호소,대청호,문의,2020-04-27,10.8,7.8,10.8,2.2,3.4,2.9,0.0,0.0,0.0,0.0,0.0,0.0,0.21316614420062696,0.35736677115987464,0.7,0.0,0.0,0.0,0.0,12.1,0.0,9.3,20.92
호소,대청호,회남,2020-04-27,9.9,7.6,9.5,4.0,2.9,1.8,0.0,0.0,0.0,0.0,0.0,0.0,0.21003134796238243,0.3579937304075235,0.7,0.0,0.0,0.0,0.0,12.1,0.0,9.3,20.92
호소,대청호,추동,2020-05-04,13.2,8.0,10.3,2.6,3.8,2.8,0.0,0.0,0.0,0.0,0.0,0.0,0.206896551724138,0.35862068965517246,0.7,0.0,0.0,0.0,0.0,20.6,0.0,8.6,21.53
호소,대청호,회남,2020-05-04,12.1,7.7,9.7,5.1,5.2,1.4,0.0,0.0,0.0,0.0,0.0,0.0,0.20376175548589348,0.35924764890282135,0.7,0.0,0.0,0.0,0.0,20.6,0.0,8.6,21.53
호소,대청호,문의,2020-05-04,14.0,7.9,10.7,3.1,3.5,2.7,0.0,0.0,0.0,0.0,0.0,0.0,0.20062695924764895,0.35987460815047023,0.7,0.0,0.0,0.0,0.0,20.6,0.0,8.6,21.53
호소,대청호,추동,2020-05-11,13.3,7.9,10.1,3.1,3.9,2.6,0.0,0.0,0.0,0.0,0.0,0.0,0.19749216300940442,0.3605015673981191,0.7,0.0,0.0,0.0,0.0,18.5,0.0,10.6,27.85
호소,대청호,회남,2020-05-11,11.6,7.5,8.6,5.2,3.0,1.5,0.0,0.0,0.0,0.0,0.0,0.0,0.1943573667711599,0.36112852664576806,0.7,0.0,0.0,0.0,0.0,18.5,0.0,10.6,27.85
호소,대청호,문의,2020-05-11,14.5,7.9,10.2,3.5,4.4,3.8,0.0,0.0,0.0,0.0,0.0,0.0,0.19122257053291536,0.36175548589341694,0.7,0.0,0.0,0.0,0.0,18.5,0.0,10.6,27.85
호소,대청호,추동,2020-05-18,14.2,7.9,9.5,4.0,3.4,3.0,0.0,0.0,0.0,0.0,0.0,0.0,0.18808777429467083,0.3623824451410659,0.7,0.0,0.0,0.0,0.0,20.2,7.6,8.0,22.43
호소,대청호,문의,2020-05-18,15.4,8.0,10.3,4.2,3.1,4.7,0.0,0.0,0.0,0.0,0.0,0.0,0.1849529780564264,0.36300940438871476,0.7,0.0,0.0,0.0,0.0,20.2,7.6,8.0,22.43
호소,대청호,회남,2020-05-18,12.7,7.8,8.5,4.3,4.7,2.0,0.0,0.0,0.0,0.0,0.0,0.0,0.18181818181818188,0.36363636363636365,0.7,0.0,0.0,0.0,0.0,20.2,7.6,8.0,22.43
호소,대청호,문의,2020-05-25,16.0,8.2,10.4,4.9,3.4,10.1,0.0,0.0,0.0,0.0,0.0,0.0,0.17868338557993735,0.36426332288401253,0.7,0.0,0.0,0.0,0.0,17.8,0.0,2.8,15.39
호소,대청호,추동,2020-05-25,13.9,8.1,9.6,3.7,3.2,7.1,0.0,0.0,0.0,0.0,0.0,0.0,0.17554858934169282,0.36489028213166147,0.7,0.0,0.0,0.0,0.0,17.8,0.0,2.8,15.39
호소,대청호,회남,2020-05-25,12.5,7.9,8.1,4.4,3.7,3.1,0.0,0.0,0.0,0.0,0.0,0.0,0.1724137931034483,0.36551724137931035,0.7,0.0,0.0,0.0,0.0,17.8,0.0,2.8,15.39
호소,대청호,문의,2020-06-01,17.4,8.1,10.0,5.5,3.2,4.5,0.0,0.0,0.0,0.0,0.0,0.0,0.16927899686520376,0.3661442006269593,0.7,0.0,0.0,0.0,0.0,21.1,0.6,11.6,31.05
호소,대청호,추동,2020-06-01,15.3,8.0,9.1,4.8,3.0,5.7,0.0,0.0,0.0,0.0,0.0,0.0,0.16614420062695923,0.3667711598746082,0.7,0.0,0.0,0.0,0.0,21.1,0.6,11.6,31.05
호소,대청호,회남,2020-06-01,14.2,8.0,8.2,3.6,4.3,8.1,70.0,0.0,70.0,0.0,0.0,0.0,0.1630094043887148,0.36739811912225706,0.7,0.0,0.0,0.0,0.0,21.1,0.6,11.6,31.05
호소,대청호,추동,2020-06-08,17.1,8.2,9.1,2.9,2.7,4.5,0.0,0.0,0.0,0.0,0.0,0.0,0.15987460815047028,0.36802507836990594,0.7,0.0,0.0,0.0,0.0,26.2,0.0,12.8,29.28
호소,대청호,회남,2020-06-08,15.9,8.2,7.6,2.7,5.0,3.0,366.0,0.0,366.0,0.0,0.0,0.0,0.15673981191222575,0.3686520376175549,0.7,0.0,0.0,0.0,0.0,26.2,0.0,12.8,29.28
호소,대청호,문의,2020-06-08,19.4,8.3,10.0,7.2,1.9,1.8,0.0,0.0,0.0,0.0,0.0,0.0,0.15360501567398122,0.3692789968652038,0.7,0.0,0.0,0.0,0.0,26.2,0.0,12.8,29.28
호소,대청호,회남,2020-06-15,15.9,8.2,6.0,2.4,7.6,3.0,348.0,280.0,0.0,68.0,0.0,0.0,0.15047021943573669,0.3699059561128527,0.7,0.0,0.0,0.0,0.0,23.3,0.0,12.4,28.35
호소,대청호,문의,2020-06-15,20.0,8.2,9.7,6.4,2.1,2.2,0.0,0.0,0.0,0.0,0.0,0.0,0.14733542319749215,0.3705329153605016,0.7,0.0,0.0,0.0,0.0,23.3,0.0,12.4,28.35
호소,대청호,추동,2020-06-15,17.6,8.3,9.2,1.5,4.1,6.8,0.0,0.0,0.0,0.0,0.0,0.0,0.14420062695924774,0.3711598746081505,0.7,0.0,0.0,0.0,0.0,23.3,0.0,12.4,28.35
호소,대청호,회남,2020-06-22,16.9,8.1,6.5,1.9,3.8,2.3,206.0,160.0,46.0,0.0,0.0,0.0,0.1410658307210032,0.37178683385579936,0.7,0.0,0.0,0.0,0.0,27.2,0.0,13.4,30.93
호소,대청호,문의,2020-06-22,22.4,8.7,10.0,5.5,2.2,5.3,0.0,0.0,0.0,0.0,0.0,0.0,0.13793103448275867,0.3724137931034483,0.7,0.0,0.0,0.0,0.0,27.2,0.0,13.4,30.93
호소,대청호,추동,2020-06-22,19.9,8.3,8.4,3.6,2.8,4.7,180.0,180.0,0.0,0.0,0.0,0.0,0.13479623824451414,0.37304075235109724,0.7,0.0,0.0,0.0,0.0,27.2,0.0,13.4,30.93
호소,대청호,추동,2020-06-29,20.1,8.2,7.6,2.8,2.9,5.0,344.0,280.0,64.0,0.0,0.0,0.0,0.1316614420062696,0.3736677115987461,0.7,0.0,0.0,0.0,0.0,22.4,41.5,0.4,10.18
호소,대청호,회남,2020-06-29,16.0,8.4,6.9,1.3,4.6,10.7,460.0,460.0,0.0,0.0,0.0,0.0,0.12852664576802508,0.374294670846395,0.7,0.0,0.0,0.0,0.0,22.4,41.5,0.4,10.18
호소,대청호,문의,2020-06-29,22.0,8.5,9.6,4.6,2.4,6.0,0.0,0.0,0.0,0.0,0.0,0.0,0.12539184952978055,0.3749216300940439,0.7,0.0,0.0,0.0,0.0,22.4,41.5,0.4,10.18
호소,대청호,회남,2020-07-06,16.7,7.7,3.5,1.6,4.9,7.0,72.0,36.0,0.0,0.0,36.0,0.0,0.12225705329153613,0.3755485893416928,0.7,0.0,0.0,0.0,0.0,24.3,0.2,5.0,19.73
호소,대청호,추동,2020-07-06,21.0,8.4,7.9,2.6,5.0,8.5,236.0,160.0,76.0,0.0,0.0,0.0,0.1191222570532916,0.3761755485893417,0.7,0.0,0.0,0.0,0.0,24.3,0.2,5.0,19.73
호소,대청호,문의,2020-07-06,23.5,8.3,9.4,3.9,2.7,6.6,198.0,0.0,72.0,0.0,126.0,0.0,0.11598746081504707,0.37680250783699065,0.7,0.0,0.0,0.0,0.0,24.3,0.2,5.0,19.73
호소,대청호,회남,2020-07-13,18.7,7.4,2.6,2.1,4.7,6.5,438.0,80.0,0.0,0.0,358.0,0.0,0.11285266457680254,0.37742946708463954,0.7,0.0,0.0,0.0,0.0,18.8,117.9,0.0,3.26
호소,대청호,추동,2020-07-13,23.3,8.1,6.2,1.4,4.6,7.7,170.0,0.0,118.0,0.0,52.0,0.0,0.10971786833855801,0.3780564263322884,0.7,0.0,0.0,0.0,0.0,18.8,117.9,0.0,3.26
호소,대청호,문의,2020-07-13,24.7,8.4,8.5,3.3,2.7,9.7,420.0,420.0,0.0,0.0,0.0,0.0,0.10658307210031348,0.3786833855799373,0.7,0.0,0.0,0.0,0.0,18.8,117.9,0.0,3.26
호소,대청호,문의,2020-07-20,24.3,8.5,7.0,3.1,4.1,9.8,814.0,120.0,282.0,0.0,412.0,0.0,0.10344827586206895,0.37931034482758624,0.7,0.0,0.0,0.0,0.0,24.5,20.2,0.2,4.44
호소,대청호,회남,2020-07-20,18.4,7.5,6.4,1.3,14.0,10.1,976.0,380.0,92.0,0.0,504.0,0.0,0.10031347962382453,0.3799373040752351,0.7,0.0,0.0,0.0,0.0,24.5,20.2,0.2,4.44
호소,대청호,추동,2020-07-20,22.7,7.8,6.1,1.7,13.5,7.5,214.0,0.0,64.0,0.0,150.0,0.0,0.09717868338558,0.38056426332288407,0.7,0.0,0.0,0.0,0.0,24.5,20.2,0.2,4.44
호소,대청호,회남,2020-07-27,20.3,8.1,8.1,1.4,17.9,17.4,3134.0,2720.0,240.0,0.0,174.0,0.0,0.09404388714733547,0.38119122257053295,0.7,0.0,0.0,0.0,0.0,24.4,2.6,0.3,11.05
호소,대청호,문의,2020-07-27,23.6,8.1,5.3,2.9,6.4,9.9,580.0,580.0,0.0,0.0,0.0,0.0,0.09090909090909094,0.38181818181818183,0.7,0.0,0.0,0.0,0.0,24.4,2.6,0.3,11.05
호소,대청호,추동,2020-07-27,22.8,8.0,5.9,1.6,8.0,7.4,674.0,360.0,170.0,0.0,144.0,0.0,0.08777429467084641,0.3824451410658307,0.7,0.0,0.0,0.0,0.0,24.4,2.6,0.3,11.05
호소,대청호,회남,2020-08-04,22.6,8.0,8.9,1.1,106.0,21.5,8934.0,8100.0,786.0,0.0,48.0,0.0,0.08463949843260188,0.38307210031347966,0.7,0.0,0.0,0.0,0.0,27.5,18.5,4.4,17.45
호소,대청호,문의,2020-08-04,22.7,8.3,6.8,1.5,14.1,12.9,2392.0,1940.0,416.0,0.0,36.0,0.0,0.08150470219435735,0.38369905956112854,0.7,0.0,0.0,0.0,0.0,27.5,18.5,4.4,17.45
호소,대청호,추동,2020-08-04,21.8,8.0,6.3,0.5,38.7,11.5,0.0,0.0,0.0,0.0,0.0,0.0,0.07836990595611293,0.3843260188087775,0.7,0.0,0.0,0.0,0.0,27.5,18.5,4.4,17.45
호소,대청호,추동,2020-08-11,21.2,8.3,6.6,0.3,82.7,9.6,148.0,140.0,8.0,0.0,0.0,0.0,0.0752351097178684,0.38495297805642636,0.7,0.0,0.0,0.0,0.0,26.0,59.3,0.3,7.34
호소,대청호,회남,2020-08-12,21.4,8.4,8.9,0.2,104.0,2.3,0.0,0.0,0.0,0.0,0.0,0.0,0.07210031347962387,0.38557993730407525,0.7,0.0,0.0,0.0,0.0,27.3,17.5,1.7,10.77
호소,대청호,문의,2020-08-12,24.1,8.8,8.2,0.4,46.6,13.5,5068.0,3680.0,1166.0,56.0,166.0,0.0,0.06896551724137934,0.38620689655172413,0.7,0.0,0.0,0.0,0.0,27.3,17.5,1.7,10.77
호소,대청호,문의,2020-08-18,23.7,9.2,9.3,0.4,28.3,37.7,9870.0,5400.0,4298.0,136.0,36.0,0.0,0.0658307210031348,0.38683385579937307,0.7,0.0,0.0,0.0,0.0,29.1,0.0,11.3,26.25
호소,대청호,추동,2020-08-18,22.0,9.4,8.3,0.6,29.8,7.1,190.0,120.0,18.0,0.0,52.0,0.0,0.06269592476489028,0.38746081504702196,0.7,0.0,0.0,0.0,0.0,29.1,0.0,11.3,26.25
호소,대청호,회남,2020-08-18,23.3,9.0,8.8,0.6,28.6,20.8,4004.0,3040.0,964.0,0.0,0.0,0.0,0.05956112852664586,0.3880877742946709,0.7,0.0,0.0,0.0,0.0,29.1,0.0,11.3,26.25
호소,대청호,추동,2020-08-24,23.4,8.9,8.3,1.0,17.6,13.6,2376.0,2000.0,376.0,0.0,0.0,0.0,0.056426332288401326,0.3887147335423198,0.7,0.0,0.0,0.0,0.0,28.5,0.0,11.5,24.02
호소,대청호,문의,2020-08-24,24.1,9.0,8.9,1.2,14.3,15.9,8706.0,5660.0,2694.0,352.0,0.0,0.0,0.053291536050156796,0.38934169278996866,0.7,0.0,0.0,0.0,0.0,28.5,0.0,11.5,24.02
호소,대청호,회남,2020-08-24,23.2,8.6,10.1,1.6,24.5,13.5,1510.0,1280.0,230.0,0.0,0.0,0.0,0.050156739811912265,0.38996865203761755,0.7,0.0,0.0,0.0,0.0,28.5,0.0,11.5,24.02
호소,대청호,추동,2020-08-31,23.3,8.3,6.1,1.0,15.8,10.3,3692.0,3520.0,108.0,64.0,0.0,0.0,0.047021943573667735,0.3905956112852665,0.7,0.0,0.0,0.0,0.0,26.7,0.1,6.2,18.31
호소,대청호,회남,2020-08-31,23.2,8.1,6.7,1.7,28.1,9.3,5238.0,5080.0,158.0,0.0,0.0,0.0,0.043887147335423204,0.39122257053291537,0.7,0.0,0.0,0.0,0.0,26.7,0.1,6.2,18.31
호소,대청호,문의,2020-08-31,24.4,8.4,5.7,0.6,22.9,22.5,15276.0,14780.0,0.0,496.0,0.0,0.0,0.040752351097178674,0.3918495297805643,0.7,0.0,0.0,0.0,0.0,26.7,0.1,6.2,18.31
호소,대청호,회남,2020-09-08,23.1,6.9,6.8,0.5,43.6,9.3,2534.0,2500.0,34.0,0.0,0.0,0.0,0.037617554858934255,0.3924764890282132,0.7,0.0,0.0,0.0,0.0,24.3,0.2,11.0,23.34
호소,대청호,추동,2020-09-08,23.4,7.1,5.9,0.7,23.7,6.0,3980.0,3920.0,36.0,24.0,0.0,0.0,0.034482758620689724,0.3931034482758621,0.7,0.0,0.0,0.0,0.0,24.3,0.2,11.0,23.34
호소,대청호,문의,2020-09-08,23.6,6.9,6.6,0.5,17.9,9.7,7796.0,7720.0,0.0,76.0,0.0,0.0,0.031347962382445194,0.39373040752351096,0.7,0.0,0.0,0.0,0.0,24.3,0.2,11.0,23.34
호소,대청호,추동,2020-09-14,23.5,8.1,6.7,0.8,20.2,14.9,3710.0,3520.0,190.0,0.0,0.0,0.0,0.028213166144200663,0.3943573667711599,0.7,0.0,0.0,0.0,0.0,21.9,0.0,10.8,21.57
호소,대청호,문의,2020-09-14,23.6,8.2,6.8,0.8,20.6,14.5,9038.0,8480.0,242.0,316.0,0.0,0.0,0.025078369905956133,0.39498432601880884,0.7,0.0,0.0,0.0,0.0,21.9,0.0,10.8,21.57
호소,대청호,회남,2020-09-14,22.5,8.0,8.5,0.8,26.4,16.7,7402.0,7080.0,322.0,0.0,0.0,0.0,0.021943573667711602,0.3956112852664577,0.7,0.0,0.0,0.0,0.0,21.9,0.0,10.8,21.57
호소,대청호,추동,2020-09-21,22.9,8.3,7.8,0.9,16.8,16.8,8064.0,7520.0,544.0,0.0,0.0,0.0,0.018808777429467072,0.3962382445141066,0.7,0.0,0.0,0.0,0.0,18.0,0.0,11.4,19.87
호소,대청호,문의,2020-09-21,23.0,8.9,8.0,0.8,30.4,31.1,21174.0,19600.0,758.0,648.0,168.0,0.0,0.015673981191222652,0.3968652037617555,0.7,0.0,0.0,0.0,0.0,18.0,0.0,11.4,19.87
호소,대청호,회남,2020-09-21,22.4,8.3,7.9,1.0,15.9,13.8,4998.0,4660.0,338.0,0.0,0.0,0.0,0.012539184952978122,0.3974921630094044,0.7,0.0,0.0,0.0,0.0,18.0,0.0,11.4,19.87
호소,대청호,회남,2020-09-28,22.2,8.6,7.0,1.1,14.5,10.8,3876.0,3760.0,116.0,0.0,0.0,0.0,0.009404388714733591,0.3981191222570533,0.7,0.0,0.0,0.0,0.0,18.9,0.0,11.3,20.77
호소,대청호,문의,2020-09-28,22.4,9.0,8.5,1.0,16.1,22.0,17258.0,16480.0,234.0,544.0,0.0,0.0,0.006269592476489061,0.39874608150470225,0.7,0.0,0.0,0.0,0.0,18.9,0.0,11.3,20.77
호소,대청호,추동,2020-09-28,22.3,8.9,8.1,0.9,15.0,21.8,9138.0,8140.0,762.0,236.0,0.0,0.0,0.0031347962382445305,0.39937304075235114,0.7,0.0,0.0,0.0,0.0,18.9,0.0,11.3,20.77
호소,대청호,문의,2020-10-05,22.1,8.7,7.6,0.9,16.5,11.5,22976.0,22700.0,0.0,276.0,0.0,0.0,0.0,0.4,0.7,0.0,0.0,0.0,0.0,13.6,0.0,10.6,18.54
호소,대청호,회남,2020-10-05,21.8,8.3,5.9,1.6,10.6,6.8,3866.0,3600.0,122.0,144.0,0.0,0.0,0.0,0.4666666666666667,0.7,0.0,0.0,0.0,0.0,13.6,0.0,10.6,18.54
호소,대청호,추동,2020-10-05,22.1,8.1,8.3,1.1,11.0,17.9,5550.0,5260.0,138.0,152.0,0.0,0.0,0.0,0.5333333333333333,0.7,0.0,0.0,0.0,0.0,13.6,0.0,10.6,18.54
호소,대청호,문의,2020-10-07,21.9,9.0,9.7,0.8,22.8,14.7,31780.0,31680.0,0.0,100.0,0.0,0.0,0.0,0.6,0.7,0.0,0.0,0.0,0.0,16.8,0.0,8.3,16.9
호소,대청호,문의,2020-10-12,21.3,8.3,7.5,1.3,16.7,10.0,6604.0,6540.0,0.0,64.0,0.0,0.0,0.0,0.2,0.7,0.0,0.0,0.0,0.0,17.1,0.4,5.6,12.18
호소,대청호,회남,2020-10-12,21.3,8.1,5.8,1.5,10.3,8.3,2828.0,2666.0,138.0,24.0,0.0,0.0,0.0,0.2,0.7,0.0,0.0,0.0,0.0,17.1,0.4,5.6,12.18
호소,대청호,추동,2020-10-12,21.4,8.3,8.6,1.2,10.6,13.1,4798.0,3960.0,662.0,176.0,0.0,0.0,0.0,0.2,0.7,0.0,0.0,0.0,0.0,17.1,0.4,5.6,12.18
호소,대청호,문의,2020-10-15,20.7,8.0,7.3,1.2,10.5,8.1,3966.0,3880.0,50.0,36.0,0.0,0.0,0.0,0.2,0.7,0.0,0.0,0.0,0.0,11.4,0.0,7.2,15.39
호소,대청호,문의,2020-10-19,20.2,7.8,6.8,1.3,7.4,6.3,2884.0,2860.0,0.0,24.0,0.0,0.0,0.0,0.20379464285714285,0.7,0.0,0.0,0.0,0.0,13.4,0.0,9.7,15.23
호소,대청호,회남,2020-10-19,20.5,7.9,7.4,1.8,6.3,5.4,212.0,120.0,0.0,92.0,0.0,0.0,0.0,0.20758928571428573,0.7,0.0,0.0,0.0,0.0,13.4,0.0,9.7,15.23
호소,대청호,추동,2020-10-19,20.3,7.8,7.9,1.6,7.3,8.9,2454.0,2340.0,114.0,0.0,0.0,0.0,0.0,0.21138392857142857,0.7,0.0,0.0,0.0,0.0,13.4,0.0,9.7,15.23
호소,대청호,추동,2020-10-26,19.0,7.8,8.3,1.9,6.1,11.8,934.0,882.0,52.0,0.0,0.0,0.0,0.0,0.21517857142857144,0.7,0.0,0.0,0.0,0.0,11.8,0.0,9.6,13.77
호소,대청호,문의,2020-10-26,19.4,7.8,7.0,1.8,4.4,5.0,680.0,680.0,0.0,0.0,0.0,0.0,0.0,0.21897321428571428,0.7,0.0,0.0,0.0,0.0,11.8,0.0,9.6,13.77
호소,대청호,회남,2020-10-26,19.5,7.7,7.0,1.4,5.5,4.6,0.0,0.0,0.0,0.0,0.0,0.0,0.0,0.22276785714285716,0.7,0.0,0.0,0.0,0.0,11.8,0.0,9.6,13.77
호소,대청호,추동,2020-11-02,18.3,7.7,8.3,1.6,5.7,13.3,898.0,540.0,342.0,16.0,0.0,0.0,0.0,0.2265625,0.7,0.0,0.0,0.0,0.0,11.3,0.0,8.0,13.36
호소,대청호,문의,2020-11-02,18.6,7.7,6.9,2.2,4.4,8.0,272.0,272.0,0.0,0.0,0.0,0.0,0.0,0.23035714285714287,0.7,0.0,0.0,0.0,0.0,11.3,0.0,8.0,13.36
호소,대청호,회남,2020-11-02,18.4,7.5,6.9,1.8,5.3,4.0,0.0,0.0,0.0,0.0,0.0,0.0,0.0,0.23415178571428572,0.7,0.0,0.0,0.0,0.0,11.3,0.0,8.0,13.36
호소,대청호,추동,2020-11-09,16.8,8.1,8.5,1.8,5.5,11.3,588.0,440.0,148.0,0.0,0.0,0.0,0.0,0.2379464285714286,0.7,0.0,0.0,0.0,0.0,7.2,0.0,9.2,13.13
호소,대청호,회남,2020-11-09,16.9,8.0,7.5,2.1,10.3,7.1,0.0,0.0,0.0,0.0,0.0,0.0,0.0,0.24174107142857143,0.7,0.0,0.0,0.0,0.0,7.2,0.0,9.2,13.13
호소,대청호,문의,2020-11-09,17.1,8.2,7.2,2.2,4.6,10.3,80.0,80.0,0.0,0.0,0.0,0.0,0.0,0.2455357142857143,0.7,0.0,0.0,0.0,0.0,7.2,0.0,9.2,13.13
호소,대청호,회남,2020-11-16,16.3,8.1,7.9,2.2,4.2,5.1,160.0,160.0,0.0,0.0,0.0,0.0,0.0,0.24933035714285715,0.7,0.0,0.0,0.0,0.0,11.3,0.0,6.8,9.26
호소,대청호,추동,2020-11-16,16.4,8.2,8.4,1.9,4.0,9.2,722.0,620.0,102.0,0.0,0.0,0.0,0.0,0.253125,0.7,0.0,0.0,0.0,0.0,11.3,0.0,6.8,9.26
호소,대청호,문의,2020-11-16,16.5,7.7,7.1,1.9,3.9,9.9,56.0,56.0,0.0,0.0,0.0,0.0,0.0,0.25691964285714286,0.7,0.0,0.0,0.0,0.0,11.3,0.0,6.8,9.26
호소,대청호,회남,2020-11-23,15.5,7.9,8.1,2.4,7.5,3.3,0.0,0.0,0.0,0.0,0.0,0.0,0.0,0.26071428571428573,0.7,0.0,0.0,0.0,0.0,3.9,0.0,7.7,10.93
호소,대청호,문의,2020-11-23,15.5,8.0,7.6,1.9,4.7,7.7,0.0,0.0,0.0,0.0,0.0,0.0,0.0,0.2645089285714286,0.7,0.0,0.0,0.0,0.0,3.9,0.0,7.7,10.93
호소,대청호,추동,2020-11-23,15.1,7.8,8.6,1.8,6.3,6.5,734.0,680.0,54.0,0.0,0.0,0.0,0.0,0.2683035714285714,0.7,0.0,0.0,0.0,0.0,3.9,0.0,7.7,10.93
호소,대청호,회남,2020-11-30,14.0,8.0,8.4,2.2,5.8,4.5,0.0,0.0,0.0,0.0,0.0,0.0,0.0,0.2720982142857143,0.7,0.0,0.0,0.0,0.0,1.2,0.0,8.9,11.15
호소,대청호,문의,2020-11-30,13.9,8.3,8.0,2.3,4.0,6.0,0.0,0.0,0.0,0.0,0.0,0.0,0.0,0.27589285714285716,0.7,0.0,0.0,0.0,0.0,1.2,0.0,8.9,11.15
호소,대청호,추동,2020-11-30,13.5,8.2,9.1,2.4,4.8,8.0,0.0,0.0,0.0,0.0,0.0,0.0,0.0,0.2796875,0.7,0.0,0.0,0.0,0.0,1.2,0.0,8.9,11.15
호소,대청호,회남,2020-12-07,12.5,7.6,8.7,1.9,5.3,4.7,0.0,0.0,0.0,0.0,0.0,0.0,0.0,0.28348214285714285,0.7,0.0,0.0,0.0,0.0,2.8,0.0,0.3,3.53
호소,대청호,문의,2020-12-07,12.9,7.6,8.1,2.6,3.4,4.4,0.0,0.0,0.0,0.0,0.0,0.0,0.0,0.2872767857142857,0.7,0.0,0.0,0.0,0.0,2.8,0.0,0.3,3.53
호소,대청호,추동,2020-12-07,12.2,7.7,9.3,2.7,3.5,7.2,0.0,0.0,0.0,0.0,0.0,0.0,0.0,0.2910714285714286,0.7,0.0,0.0,0.0,0.0,2.8,0.0,0.3,3.53
호소,대청호,회남,2020-12-14,11.0,7.8,9.1,2.5,5.2,4.0,0.0,0.0,0.0,0.0,0.0,0.0,0.0,0.29486607142857146,0.7,0.0,0.0,0.0,0.0,-4.7,0.0,8.8,11.16
호소,대청호,추동,2020-12-14,11.0,7.9,9.6,2.6,3.3,6.5,0.0,0.0,0.0,0.0,0.0,0.0,0.0,0.2986607142857143,0.7,0.0,0.0,0.0,0.0,-4.7,0.0,8.8,11.16
호소,대청호,문의,2020-12-14,11.4,8.0,8.9,2.6,3.0,5.5,0.0,0.0,0.0,0.0,0.0,0.0,0.0,0.30245535714285715,0.7,0.0,0.0,0.0,0.0,-4.7,0.0,8.8,11.16
호소,대청호,추동,2020-12-21,9.0,8.4,10.4,2.9,2.5,5.4,0.0,0.0,0.0,0.0,0.0,0.0,0.0,0.30625,0.7,0.0,0.0,0.0,0.0,0.4,0.0,4.2,7.04
호소,대청호,회남,2020-12-21,9.6,8.4,9.8,3.1,4.0,3.0,0.0,0.0,0.0,0.0,0.0,0.0,0.0,0.31004464285714284,0.7,0.0,0.0,0.0,0.0,0.4,0.0,4.2,7.04
호소,대청호,문의,2020-12-21,9.9,8.5,9.4,3.4,2.8,3.5,0.0,0.0,0.0,0.0,0.0,0.0,0.0,0.3138392857142857,0.7,0.0,0.0,0.0,0.0,0.4,0.0,4.2,7.04
호소,대청호,추동,2020-12-28,8.9,9.0,10.9,3.6,2.5,4.1,0.0,0.0,0.0,0.0,0.0,0.0,0.0,0.3176339285714286,0.7,0.0,0.0,0.0,0.0,5.4,0.0,7.0,9.55
호소,대청호,문의,2020-12-28,9.4,9.7,10.5,3.4,2.1,4.7,0.0,0.0,0.0,0.0,0.0,0.0,0.0,0.32142857142857145,0.7,0.0,0.0,0.0,0.0,5.4,0.0,7.0,9.55
호소,대청호,회남,2020-12-28,8.9,8.7,10.5,3.8,3.3,2.0,0.0,0.0,0.0,0.0,0.0,0.0,0.0,0.3252232142857143,0.7,0.0,0.0,0.0,0.0,5.4,0.0,7.0,9.55
호소,대청호,추동,2021-01-04,8.342857142857143,8.7,10.7,3.7714285714285714,3.1714285714285713,2.3,0.0,0.0,0.0,0.0,0.0,0.0,0.0,0.32901785714285714,0.7,0.0,0.0,0.0,0.0,-2.8,0.0,5.7,8.09
호소,대청호,회남,2021-01-04,7.7857142857142865,8.7,10.9,3.742857142857143,3.0428571428571427,2.5999999999999996,0.0,0.0,0.0,0.0,0.0,0.0,0.0,0.3328125,0.7,0.0,0.0,0.0,0.0,-2.8,0.0,5.7,8.09
호소,대청호,문의,2021-01-04,7.228571428571429,8.7,11.1,3.7142857142857144,2.914285714285714,2.9,0.0,0.0,0.0,0.0,0.0,0.0,0.0,0.3366071428571429,0.7,0.0,0.0,0.0,0.0,-2.8,0.0,5.7,8.09
호소,대청호,문의,2021-01-11,6.671428571428572,8.7,11.3,3.6857142857142855,2.7857142857142856,3.1999999999999997,0.0,0.0,0.0,0.0,0.0,0.0,0.0,0.3404017857142857,0.7,0.0,0.0,0.0,0.0,-6.0,0.0,0.3,4.91
호소,대청호,추동,2021-01-11,6.114285714285715,8.7,11.5,3.657142857142857,2.657142857142857,3.4999999999999996,0.0,0.0,0.0,0.0,0.0,0.0,0.0,0.34419642857142857,0.7,0.0,0.0,0.0,0.0,-6.0,0.0,0.3,4.91
호소,대청호,회남,2021-01-11,5.557142857142857,8.7,11.7,3.6285714285714286,2.5285714285714285,3.8,0.0,0.0,0.0,0.0,0.0,0.0,0.0,0.34799107142857144,0.7,0.0,0.0,0.0,0.0,-6.0,0.0,0.3,4.91
호소,대청호,추동,2021-01-18,5.0,8.7,11.9,3.6,2.4,4.1,0.0,0.0,0.0,0.0,0.0,0.0,0.0,0.35178571428571426,0.7,0.0,0.0,0.0,0.0,-1.5,3.3,2.3,5.97
호소,대청호,회남,2021-01-18,5.7,8.8,11.5,4.0,2.2,3.3,0.0,0.0,0.0,0.0,0.0,0.0,0.0,0.3555803571428572,0.7,0.0,0.0,0.0,0.0,-1.5,3.3,2.3,5.97
호소,대청호,문의,2021-01-18,5.9,9.0,11.5,3.9,2.0,5.5,0.0,0.0,0.0,0.0,0.0,0.0,0.0,0.359375,0.7,0.0,0.0,0.0,0.0,-1.5,3.3,2.3,5.97
호소,대청호,추동,2021-01-25,5.3,8.3,12.1,3.4,2.7,4.1,0.0,0.0,0.0,0.0,0.0,0.0,0.0,0.36316964285714287,0.7,0.0,0.0,0.0,0.0,8.3,0.0,8.3,10.81
호소,대청호,문의,2021-01-25,6.1,8.0,11.6,3.3,1.9,4.6,0.0,0.0,0.0,0.0,0.0,0.0,0.0,0.36696428571428574,0.7,0.0,0.0,0.0,0.0,8.3,0.0,8.3,10.81
호소,대청호,회남,2021-01-25,5.5,8.6,11.5,4.0,2.9,3.0,0.0,0.0,0.0,0.0,0.0,0.0,0.0,0.37075892857142856,0.7,0.0,0.0,0.0,0.0,8.3,0.0,8.3,10.81
호소,대청호,추동,2021-02-01,5.1,7.7,12.1,3.2,2.7,4.7,0.0,0.0,0.0,0.0,0.0,0.0,0.0,0.37455357142857143,0.7,0.0,0.0,0.0,0.0,7.3,8.1,3.1,7.52
호소,대청호,문의,2021-02-01,5.6,7.8,11.6,3.7,2.6,5.1,0.0,0.0,0.0,0.0,0.0,0.0,0.0,0.3783482142857143,0.7,0.0,0.0,0.0,0.0,7.3,8.1,3.1,7.52
호소,대청호,회남,2021-02-01,5.1,7.6,11.7,4.0,2.9,3.6,0.0,0.0,0.0,0.0,0.0,0.0,0.0,0.3821428571428571,0.7,0.0,0.0,0.0,0.0,7.3,8.1,3.1,7.52
호소,대청호,추동,2021-02-08,4.8,7.8,13.6,3.5,2.4,4.7,0.0,0.0,0.0,0.0,0.0,0.0,0.0,0.38593750000000004,0.7,0.0,0.0,0.0,0.0,-1.7,0.0,9.8,15.57
호소,대청호,문의,2021-02-08,5.3,7.7,13.2,3.6,2.3,5.8,0.0,0.0,0.0,0.0,0.0,0.0,0.0,0.38973214285714286,0.7,0.0,0.0,0.0,0.0,-1.7,0.0,9.8,15.57
호소,대청호,회남,2021-02-08,4.8,7.9,13.1,3.5,2.5,6.6,0.0,0.0,0.0,0.0,0.0,0.0,0.0,0.39352678571428573,0.7,0.0,0.0,0.0,0.0,-1.7,0.0,9.8,15.57
호소,대청호,회남,2021-02-15,4.9,8.0,12.7,3.2,1.6,9.6,0.0,0.0,0.0,0.0,0.0,0.0,0.0,0.3973214285714286,0.7,0.0,0.0,0.0,0.0,3.0,0.5,4.7,7.48
호소,대청호,문의,2021-02-15,5.6,7.8,12.6,3.1,1.4,5.4,0.0,0.0,0.0,0.0,0.0,0.0,0.0,0.4011160714285714,0.7,0.0,0.0,0.0,0.0,3.0,0.5,4.7,7.48
호소,대청호,추동,2021-02-15,5.4,7.9,12.9,3.2,1.7,9.7,0.0,0.0,0.0,0.0,0.0,0.0,0.0,0.4049107142857143,0.7,0.0,0.0,0.0,0.0,3.0,0.5,4.7,7.48
호소,대청호,문의,2021-02-22,5.8,7.8,12.9,2.8,2.0,9.0,0.0,0.0,0.0,0.0,0.0,0.0,0.0,0.40870535714285716,0.7,0.0,0.0,0.0,0.0,11.7,0.0,10.1,14.94
호소,대청호,추동,2021-02-22,5.2,7.9,13.1,2.6,2.8,10.7,0.0,0.0,0.0,0.0,0.0,0.0,0.0,0.4125,0.7,0.0,0.0,0.0,0.0,11.7,0.0,10.1,14.94
호소,대청호,회남,2021-02-22,5.1,8.1,13.3,3.0,2.1,13.3,0.0,0.0,0.0,0.0,0.0,0.0,0.0,0.4162946428571429,0.7,0.0,0.0,0.0,0.0,11.7,0.0,10.1,14.94
호소,대청호,추동,2021-03-02,5.9,7.9,13.0,2.9,2.7,7.1,0.0,0.0,0.0,0.0,0.0,0.0,0.0,0.4200892857142857,0.7,0.0,0.0,0.0,0.0,3.0,0.2,2.5,8.27
호소,대청호,문의,2021-03-02,5.8,7.8,12.0,3.5,1.8,5.0,0.0,0.0,0.0,0.0,0.0,0.0,0.0,0.4238839285714286,0.7,0.0,0.0,0.0,0.0,3.0,0.2,2.5,8.27
호소,대청호,회남,2021-03-02,5.0,8.0,12.8,2.8,2.6,10.4,0.0,0.0,0.0,0.0,0.0,0.0,0.0,0.42767857142857146,0.7,0.0,0.0,0.0,0.0,3.0,0.2,2.5,8.27
호소,대청호,추동,2021-03-08,6.7,8.0,12.5,2.5,2.2,4.3,0.0,0.0,0.0,0.0,0.0,0.0,0.0,0.4314732142857143,0.7,0.0,0.0,0.0,0.0,8.0,0.0,9.7,18.52
호소,대청호,회남,2021-03-08,5.6,8.0,12.9,3.2,1.9,5.6,0.0,0.0,0.0,0.0,0.0,0.0,0.0,0.43526785714285715,0.7,0.0,0.0,0.0,0.0,8.0,0.0,9.7,18.52
호소,대청호,문의,2021-03-08,6.6,7.9,12.3,3.6,1.8,3.9,0.0,0.0,0.0,0.0,0.0,0.0,0.0,0.4390625,0.7,0.0,0.0,0.0,0.0,8.0,0.0,9.7,18.52
호소,대청호,문의,2021-03-15,6.9,7.8,12.1,2.5,1.6,3.2,0.0,0.0,0.0,0.0,0.0,0.0,0.0,0.44285714285714284,0.7,0.0,0.0,0.0,0.0,11.8,0.0,8.6,16.61
호소,대청호,회남,2021-03-15,6.9,7.9,12.6,3.6,2.3,3.9,0.0,0.0,0.0,0.0,0.0,0.0,0.0,0.4466517857142857,0.7,0.0,0.0,0.0,0.0,11.8,0.0,8.6,16.61
호소,대청호,추동,2021-03-15,7.3,8.0,12.6,2.9,2.7,4.4,0.0,0.0,0.0,0.0,0.0,0.0,0.0,0.4504464285714286,0.7,0.0,0.0,0.0,0.0,11.8,0.0,8.6,16.61
호소,대청호,문의,2021-03-22,8.7,8.0,12.2,2.7,2.2,4.1,0.0,0.0,0.0,0.0,0.0,0.0,0.0,0.45424107142857145,0.7,0.0,0.0,0.0,0.0,7.1,0.0,11.2,20.01
호소,대청호,회남,2021-03-22,6.9,7.8,12.3,3.3,1.8,3.2,0.0,0.0,0.0,0.0,0.0,0.0,0.0,0.45803571428571427,0.7,0.0,0.0,0.0,0.0,7.1,0.0,11.2,20.01
호소,대청호,추동,2021-03-22,7.4,7.9,12.0,2.0,2.3,3.8,0.0,0.0,0.0,0.0,0.0,0.0,0.0,0.46183035714285714,0.7,0.0,0.0,0.0,0.0,7.1,0.0,11.2,20.01
호소,대청호,추동,2021-03-29,7.5,7.8,11.4,2.3,2.6,3.0,0.0,0.0,0.0,0.0,0.0,0.0,0.0,0.465625,0.7,0.0,0.0,0.0,0.0,12.2,0.0,7.9,17.36
호소,대청호,문의,2021-03-29,10.2,8.0,12.1,2.7,2.2,5.4,0.0,0.0,0.0,0.0,0.0,0.0,0.0,0.4694196428571429,0.7,0.0,0.0,0.0,0.0,12.2,0.0,7.9,17.36
호소,대청호,회남,2021-03-29,8.3,7.8,11.7,3.2,2.1,2.8,0.0,0.0,0.0,0.0,0.0,0.0,0.0,0.4732142857142857,0.7,0.0,0.0,0.0,0.0,12.2,0.0,7.9,17.36
호소,대청호,문의,2021-04-05,9.9,7.9,12.0,3.4,1.8,2.9,0.0,0.0,0.0,0.0,0.0,0.0,0.0,0.47700892857142857,0.7,0.0,0.0,0.0,0.0,11.6,0.0,12.2,25.14
호소,대청호,회남,2021-04-05,8.8,7.7,11.6,2.9,2.3,2.5,0.0,0.0,0.0,0.0,0.0,0.0,0.0,0.48080357142857144,0.7,0.0,0.0,0.0,0.0,11.6,0.0,12.2,25.14
호소,대청호,추동,2021-04-05,10.0,7.8,11.6,4.5,2.6,1.8,0.0,0.0,0.0,0.0,0.0,0.0,0.0,0.4845982142857143,0.7,0.0,0.0,0.0,0.0,11.6,0.0,12.2,25.14
호소,대청호,회남,2021-04-12,9.1,7.9,11.3,2.0,3.5,3.7,0.0,0.0,0.0,0.0,0.0,0.0,0.0,0.48839285714285713,0.7,0.0,0.0,0.0,0.0,13.6,15.3,0.0,5.55
호소,대청호,추동,2021-04-12,10.9,7.9,10.9,3.3,3.1,1.7,0.0,0.0,0.0,0.0,0.0,0.0,0.0,0.4921875,0.7,0.0,0.0,0.0,0.0,13.6,15.3,0.0,5.55
호소,대청호,문의,2021-04-12,12.6,8.0,11.8,2.5,2.4,2.1,0.0,0.0,0.0,0.0,0.0,0.0,0.0,0.49598214285714287,0.7,0.0,0.0,0.0,0.0,13.6,15.3,0.0,5.55
호소,대청호,추동,2021-04-19,10.8,7.8,10.6,3.0,3.5,1.9,0.0,0.0,0.0,0.0,0.0,0.0,0.0,0.49977678571428574,0.7,0.0,0.0,0.0,0.0,13.5,0.0,12.5,25.96
호소,대청호,문의,2021-04-19,11.1,7.7,11.0,3.3,2.5,1.8,0.0,0.0,0.0,0.0,0.0,0.0,0.0,0.5035714285714286,0.7,0.0,0.0,0.0,0.0,13.5,0.0,12.5,25.96
호소,대청호,회남,2021-04-19,9.4,7.6,10.5,2.6,2.3,1.9,0.0,0.0,0.0,0.0,0.0,0.0,0.0,0.5073660714285715,0.7,0.0,0.0,0.0,0.0,13.5,0.0,12.5,25.96
호소,대청호,추동,2021-04-26,12.7,7.9,10.0,4.1,3.0,3.1,0.0,0.0,0.0,0.0,0.0,0.0,0.0,0.5111607142857143,0.7,0.0,0.0,0.0,0.0,17.0,0.0,11.5,24.8
호소,대청호,회남,2021-04-26,10.6,7.8,10.3,2.3,2.6,3.1,0.0,0.0,0.0,0.0,0.0,0.0,0.0,0.5149553571428571,0.7,0.0,0.0,0.0,0.0,17.0,0.0,11.5,24.8
호소,대청호,문의,2021-04-26,14.5,7.9,10.6,4.5,1.9,1.9,0.0,0.0,0.0,0.0,0.0,0.0,0.0,0.51875,0.7,0.0,0.0,0.0,0.0,17.0,0.0,11.5,24.8
호소,대청호,회남,2021-05-03,10.5,7.8,9.4,3.6,2.3,2.0,0.0,0.0,0.0,0.0,0.0,0.0,0.0,0.5225446428571429,0.7,0.0,0.0,0.0,0.0,15.1,0.0,11.3,26.95
호소,대청호,문의,2021-05-03,13.7,8.1,10.4,4.0,2.0,3.6,0.0,0.0,0.0,0.0,0.0,0.0,0.0,0.5263392857142857,0.7,0.0,0.0,0.0,0.0,15.1,0.0,11.3,26.95
호소,대청호,추동,2021-05-03,13.0,8.1,10.1,3.7,2.8,8.0,0.0,0.0,0.0,0.0,0.0,0.0,0.0,0.5301339285714286,0.7,0.0,0.0,0.0,0.0,15.1,0.0,11.3,26.95
호소,대청호,문의,2021-05-10,13.9,8.2,10.5,1.8,3.0,11.7,0.0,0.0,0.0,0.0,0.0,0.0,0.0,0.5339285714285714,0.7,0.0,0.0,0.0,0.0,12.5,11.1,0.5,4.57
호소,대청호,추동,2021-05-10,13.7,8.3,10.2,2.0,3.5,11.0,0.0,0.0,0.0,0.0,0.0,0.0,0.0,0.5377232142857142,0.7,0.0,0.0,0.0,0.0,12.5,11.1,0.5,4.57
호소,대청호,회남,2021-05-10,10.9,7.9,9.0,2.9,2.3,4.9,0.0,0.0,0.0,0.0,0.0,0.0,0.0,0.5415178571428572,0.7,0.0,0.0,0.0,0.0,12.5,11.1,0.5,4.57
호소,대청호,추동,2021-05-17,14.7,8.2,9.6,2.0,4.3,8.8,0.0,0.0,0.0,0.0,0.0,0.0,0.0,0.5453125000000001,0.7,0.0,0.0,0.0,0.0,16.4,3.3,0.0,5.66
호소,대청호,회남,2021-05-17,12.4,7.9,8.3,2.5,4.1,4.7,0.0,0.0,0.0,0.0,0.0,0.0,0.0,0.5491071428571428,0.7,0.0,0.0,0.0,0.0,16.4,3.3,0.0,5.66
호소,대청호,문의,2021-05-17,16.3,8.3,9.8,3.0,2.4,8.1,0.0,0.0,0.0,0.0,0.0,0.0,0.0,0.5529017857142857,0.7,0.0,0.0,0.0,0.0,16.4,3.3,0.0,5.66
호소,대청호,문의,2021-05-24,17.3,8.4,10.3,4.3,3.0,5.8,0.0,0.0,0.0,0.0,0.0,0.0,0.0,0.5566964285714286,0.7,0.0,0.0,0.0,0.0,20.2,0.0,7.9,22.54
호소,대청호,추동,2021-05-24,15.6,8.2,9.2,3.9,3.6,5.3,284.0,220.0,0.0,0.0,64.0,0.0,0.0,0.5604910714285715,0.7,0.0,0.0,0.0,0.0,20.2,0.0,7.9,22.54
호소,대청호,회남,2021-05-24,12.8,8.0,8.2,2.7,3.4,4.3,0.0,0.0,0.0,0.0,0.0,0.0,0.0,0.5642857142857143,0.7,0.0,0.0,0.0,0.0,20.2,0.0,7.9,22.54
호소,대청호,추동,2021-05-31,15.7,8.2,8.8,3.3,1.9,3.1,76.0,0.0,0.0,0.0,76.0,0.0,0.0,0.5680803571428572,0.7,0.0,0.0,0.0,0.0,20.7,7.1,5.0,17.04
호소,대청호,회남,2021-05-31,13.1,8.2,7.3,2.3,2.0,3.4,0.0,0.0,0.0,0.0,0.0,0.0,0.0,0.571875,0.7,0.0,0.0,0.0,0.0,20.7,7.1,5.0,17.04
호소,대청호,문의,2021-05-31,17.9,8.6,10.0,3.5,1.9,9.0,0.0,0.0,0.0,0.0,0.0,0.0,0.0,0.5756696428571428,0.7,0.0,0.0,0.0,0.0,20.7,7.1,5.0,17.04
호소,대청호,문의,2021-06-07,19.0,8.8,9.8,2.8,1.7,5.5,144.0,28.0,0.0,0.0,116.0,0.0,0.0,0.5794642857142858,0.7,0.0,0.0,0.0,0.0,23.3,0.0,9.9,21.91
호소,대청호,회남,2021-06-07,14.5,8.5,6.8,2.0,2.2,5.3,648.0,648.0,0.0,0.0,0.0,0.0,0.0,0.5832589285714286,0.7,0.0,0.0,0.0,0.0,23.3,0.0,9.9,21.91
호소,대청호,추동,2021-06-07,18.3,8.6,9.0,2.4,1.9,5.0,0.0,0.0,0.0,0.0,0.0,0.0,0.0,0.5870535714285714,0.7,0.0,0.0,0.0,0.0,23.3,0.0,9.9,21.91
호소,대청호,추동,2021-06-14,19.2,8.6,8.5,2.6,1.9,6.9,0.0,0.0,0.0,0.0,0.0,0.0,0.0,0.5908482142857143,0.7,0.0,0.0,0.0,0.0,24.9,0.0,4.5,17.98
호소,대청호,문의,2021-06-14,21.1,8.7,9.6,2.6,1.7,4.4,0.0,0.0,0.0,0.0,0.0,0.0,0.0,0.5946428571428571,0.7,0.0,0.0,0.0,0.0,24.9,0.0,4.5,17.98
호소,대청호,회남,2021-06-14,16.8,8.4,6.0,1.9,1.8,4.2,132.0,0.0,132.0,0.0,0.0,0.0,0.0,0.5984375,0.7,0.0,0.0,0.0,0.0,24.9,0.0,4.5,17.98
호소,대청호,회남,2021-06-21,16.1,8.5,5.4,2.3,1.8,3.0,434.0,0.0,370.0,0.0,64.0,0.0,0.0,0.6022321428571429,0.7,0.0,0.0,0.0,0.0,24.8,0.0,12.5,26.49
호소,대청호,추동,2021-06-21,20.7,8.5,7.7,2.6,1.6,4.7,0.0,0.0,0.0,0.0,0.0,0.0,0.0,0.6060267857142857,0.7,0.0,0.0,0.0,0.0,24.8,0.0,12.5,26.49
호소,대청호,문의,2021-06-21,22.2,8.8,9.4,3.5,1.5,4.8,214.0,0.0,214.0,0.0,0.0,0.0,0.0,0.6098214285714285,0.7,0.0,0.0,0.0,0.0,24.8,0.0,12.5,26.49
호소,대청호,추동,2021-06-28,21.7,8.6,7.0,2.0,2.3,5.3,48.0,0.0,48.0,0.0,0.0,0.0,0.0,0.6136160714285714,0.7,0.0,0.0,0.0,0.0,25.6,0.0,7.8,21.43
호소,대청호,회남,2021-06-28,16.9,8.8,5.3,1.4,2.4,4.9,578.0,220.0,358.0,0.0,0.0,0.0,0.0,0.6174107142857144,0.7,0.0,0.0,0.0,0.0,25.6,0.0,7.8,21.43
호소,대청호,문의,2021-06-28,23.1,8.5,9.3,2.3,2.5,6.8,28.0,0.0,28.0,0.0,0.0,0.0,0.0,0.6212053571428571,0.7,0.0,0.0,0.0,0.0,25.6,0.0,7.8,21.43
호소,대청호,추동,2021-07-05,22.3,8.5,6.6,1.8,2.3,7.6,0.0,0.0,0.0,0.0,0.0,0.0,0.0,0.625,0.7,0.0,0.0,0.0,0.0,22.5,5.6,0.0,9.83
호소,대청호,회남,2021-07-05,17.1,8.4,3.9,2.1,2.9,3.8,640.0,0.0,432.0,0.0,208.0,0.0,0.0,0.6287946428571429,0.7,0.0,0.0,0.0,0.0,22.5,5.6,0.0,9.83
호소,대청호,문의,2021-07-05,23.7,8.8,8.5,2.2,3.6,7.4,0.0,0.0,0.0,0.0,0.0,0.0,0.0,0.6325892857142857,0.7,0.0,0.0,0.0,0.0,22.5,5.6,0.0,9.83
호소,대청호,추동,2021-07-12,24.1,8.4,5.3,1.9,3.8,7.6,212.0,0.0,212.0,0.0,0.0,0.0,0.0,0.6363839285714286,0.7,0.0,0.0,0.0,0.0,28.7,0.0,6.1,19.5
호소,대청호,문의,2021-07-12,24.9,8.7,7.9,2.0,1.9,9.4,52.0,0.0,52.0,0.0,0.0,0.0,0.0,0.6401785714285715,0.7,0.0,0.0,0.0,0.0,28.7,0.0,6.1,19.5
호소,대청호,회남,2021-07-12,20.8,8.4,6.7,2.2,27.2,7.2,820.0,620.0,68.0,0.0,132.0,0.0,0.0,0.6439732142857143,0.7,0.0,0.0,0.0,0.0,28.7,0.0,6.1,19.5
호소,대청호,회남,2021-07-19,20.8,8.8,5.6,2.0,13.7,4.2,196.0,0.0,196.0,0.0,0.0,0.0,0.0,0.6477678571428571,0.7,0.0,0.0,0.0,0.0,26.7,0.0,2.0,15.35
호소,대청호,추동,2021-07-19,24.5,9.1,6.7,1.0,6.4,37.9,452.0,220.0,232.0,0.0,0.0,0.0,0.0,0.6515625,0.7,0.0,0.0,0.0,0.0,26.7,0.0,2.0,15.35
호소,대청호,문의,2021-07-19,25.8,9.2,7.8,1.8,2.4,19.5,466.0,0.0,402.0,0.0,64.0,0.0,0.0,0.6553571428571429,0.7,0.0,0.0,0.0,0.0,26.7,0.0,2.0,15.35
호소,대청호,문의,2021-07-26,25.8,9.9,6.5,2.8,2.9,5.9,494.0,0.0,494.0,0.0,0.0,0.0,0.0,0.6591517857142857,0.7,0.0,0.0,0.0,0.0,29.9,0.0,13.3,25.86
호소,대청호,회남,2021-07-26,21.9,9.4,6.3,1.1,10.2,6.3,0.0,0.0,0.0,0.0,0.0,0.0,0.0,0.6629464285714286,0.7,0.0,0.0,0.0,0.0,29.9,0.0,13.3,25.86
호소,대청호,추동,2021-07-26,24.9,10.0,5.2,1.6,5.4,12.9,420.0,160.0,228.0,0.0,32.0,0.0,0.0,0.6667410714285714,0.7,0.0,0.0,0.0,0.0,29.9,0.0,13.3,25.86
호소,대청호,문의,2021-08-02,26.8,10.0,5.9,2.5,2.0,8.4,3714.0,0.0,722.0,164.0,2828.0,0.0,0.0,0.6705357142857142,0.7,0.0,0.0,0.0,0.0,26.0,34.0,1.3,7.89
호소,대청호,추동,2021-08-02,25.3,9.9,4.8,1.0,6.4,29.0,0.0,0.0,0.0,0.0,0.0,0.0,0.0,0.6743303571428572,0.7,0.0,0.0,0.0,0.0,26.0,34.0,1.3,7.89
호소,대청호,회남,2021-08-02,20.6,9.5,6.1,1.2,9.6,6.9,120.0,120.0,0.0,0.0,0.0,0.0,0.0,0.6781250000000001,0.7,0.0,0.0,0.0,0.0,26.0,34.0,1.3,7.89
호소,대청호,문의,2021-08-09,27.1,10.3,5.5,1.1,3.7,14.3,7866.0,300.0,5614.0,1584.0,368.0,0.0,0.0,0.6819196428571428,0.7,0.0,0.0,0.0,0.0,28.1,0.0,12.1,23.87
호소,대청호,회남,2021-08-09,21.0,10.8,4.8,1.4,8.5,6.4,380.0,380.0,0.0,0.0,0.0,0.0,0.0,0.6857142857142857,0.7,0.0,0.0,0.0,0.0,28.1,0.0,12.1,23.87
호소,대청호,추동,2021-08-09,27.5,10.9,6.6,1.2,4.5,11.0,760.0,760.0,0.0,0.0,0.0,0.0,0.0,0.6895089285714286,0.7,0.0,0.0,0.0,0.0,28.1,0.0,12.1,23.87
호소,대청호,문의,2021-08-17,27.3,9.2,6.3,1.5,3.3,15.5,3040.0,800.0,536.0,1704.0,0.0,0.0,0.0,0.6933035714285714,0.7,0.0,0.0,0.0,0.0,25.5,0.1,7.4,18.23
호소,대청호,추동,2021-08-17,26.7,8.8,5.0,1.4,3.2,8.5,944.0,900.0,0.0,44.0,0.0,0.0,0.0,0.6970982142857143,0.7,0.0,0.0,0.0,0.0,25.5,0.1,7.4,18.23
호소,대청호,회남,2021-08-17,22.0,7.8,4.4,1.6,7.1,7.9,0.0,0.0,0.0,0.0,0.0,0.0,0.0,0.7008928571428572,0.7,0.0,0.0,0.0,0.0,25.5,0.1,7.4,18.23
호소,대청호,회남,2021-08-23,22.5,8.1,3.3,1.5,5.9,7.0,756.0,720.0,0.0,36.0,0.0,0.0,0.0,0.7046874999999999,0.7,0.0,0.0,0.0,0.0,22.8,65.0,0.0,2.9
호소,대청호,추동,2021-08-23,25.8,8.3,4.4,1.5,4.3,6.4,924.0,848.0,0.0,76.0,0.0,0.0,0.0,0.7084821428571428,0.7,0.0,0.0,0.0,0.0,22.8,65.0,0.0,2.9
호소,대청호,문의,2021-08-23,26.4,9.1,5.6,1.5,3.3,12.4,1980.0,420.0,0.0,1560.0,0.0,0.0,0.0,0.7122767857142858,0.7,0.0,0.0,0.0,0.0,22.8,65.0,0.0,2.9
호소,대청호,문의,2021-08-30,25.6,8.5,3.6,1.6,3.4,9.5,3568.0,360.0,0.0,3208.0,0.0,0.0,0.0,0.7160714285714285,0.7,0.0,0.0,0.0,0.0,22.9,0.1,0.3,6.76
호소,대청호,추동,2021-08-30,25.2,8.0,5.4,1.5,4.3,9.9,2348.0,1260.0,0.0,1088.0,0.0,0.0,0.0,0.7198660714285714,0.7,0.0,0.0,0.0,0.0,22.9,0.1,0.3,6.76
호소,대청호,회남,2021-08-30,22.2,7.6,5.0,2.4,8.6,6.2,784.0,460.0,0.0,324.0,0.0,0.0,0.0,0.7236607142857143,0.7,0.0,0.0,0.0,0.0,22.9,0.1,0.3,6.76
호소,대청호,문의,2021-09-06,24.1,8.3,3.7,1.7,3.8,4.6,3044.0,0.0,0.0,3044.0,0.0,0.0,0.0,0.7274553571428573,0.7,0.0,0.0,0.0,0.0,20.7,32.2,0.1,5.93
호소,대청호,추동,2021-09-06,24.2,8.1,6.3,1.9,4.0,11.1,934.0,160.0,42.0,656.0,76.0,0.0,0.0,0.73125,0.7,0.0,0.0,0.0,0.0,20.7,32.2,0.1,5.93
호소,대청호,회남,2021-09-06,22.6,7.8,5.4,2.2,5.8,6.4,704.0,520.0,0.0,184.0,0.0,0.0,0.0,0.7350446428571429,0.7,0.0,0.0,0.0,0.0,20.7,32.2,0.1,5.93
호소,대청호,문의,2021-09-13,24.5,7.9,5.1,1.6,2.7,6.8,7144.0,3440.0,0.0,3704.0,0.0,0.0,0.0,0.7388392857142858,0.7,0.0,0.0,0.0,0.0,23.9,0.0,6.7,15.41
호소,대청호,추동,2021-09-13,24.2,7.9,7.2,1.9,3.3,11.4,2538.0,1860.0,142.0,24.0,512.0,0.0,0.0,0.7426339285714285,0.7,0.0,0.0,0.0,0.0,23.9,0.0,6.7,15.41
호소,대청호,회남,2021-09-13,22.3,7.8,5.8,2.1,4.5,4.7,772.0,460.0,224.0,88.0,0.0,0.0,0.0,0.7464285714285714,0.7,0.0,0.0,0.0,0.0,23.9,0.0,6.7,15.41
호소,대청호,문의,2021-09-23,23.9,8.2,5.2,1.8,2.3,12.1,1446.0,1220.0,54.0,172.0,0.0,0.0,0.0,0.7502232142857144,0.7,0.0,0.0,0.0,0.0,21.1,0.0,10.7,19.29
호소,대청호,회남,2021-09-23,23.1,8.0,5.7,1.7,3.9,10.8,1940.0,1000.0,828.0,112.0,0.0,0.0,0.0,0.7540178571428571,0.7,0.0,0.0,0.0,0.0,21.1,0.0,10.7,19.29
호소,대청호,추동,2021-09-23,23.5,8.2,7.3,1.5,4.5,23.8,3124.0,620.0,2280.0,48.0,176.0,0.0,0.0,0.7578125,0.7,0.0,0.0,0.0,0.0,21.1,0.0,10.7,19.29
호소,대청호,추동,2021-09-27,23.5,8.3,7.5,1.8,2.9,23.0,2768.0,540.0,1500.0,344.0,384.0,0.0,0.0,0.7616071428571429,0.7,0.0,0.0,0.0,0.0,22.2,0.2,4.3,13.49
호소,대청호,문의,2021-09-27,23.7,7.9,5.9,2.1,2.3,8.8,2056.0,1160.0,172.0,172.0,552.0,0.0,0.0,0.7654017857142856,0.7,0.0,0.0,0.0,0.0,22.2,0.2,4.3,13.49
호소,대청호,회남,2021-09-27,22.6,7.9,4.7,2.7,3.9,6.6,590.0,240.0,350.0,0.0,0.0,0.0,0.0,0.7691964285714286,0.7,0.0,0.0,0.0,0.0,22.2,0.2,4.3,13.49
호소,대청호,회남,2021-10-05,21.8,8.0,4.7,2.3,4.4,5.1,800.0,280.0,464.0,56.0,0.0,0.0,0.0,0.7729910714285715,0.7,0.0,0.0,0.0,0.0,23.4,0.0,9.7,16.95
호소,대청호,추동,2021-10-05,23.4,7.8,6.6,2.3,2.6,7.6,1968.0,860.0,784.0,180.0,144.0,0.0,0.0,0.7767857142857142,0.7,0.0,0.0,0.0,0.0,23.4,0.0,9.7,16.95
호소,대청호,문의,2021-10-05,24.0,8.0,6.7,1.5,1.6,11.0,2914.0,2560.0,82.0,128.0,144.0,0.0,0.0,0.7805803571428571,0.7,0.0,0.0,0.0,0.0,23.4,0.0,9.7,16.95
호소,대청호,회남,2021-10-12,22.5,7.6,4.4,2.7,3.8,6.3,328.0,0.0,264.0,0.0,64.0,0.0,0.0,0.784375,0.7,0.0,0.0,0.0,0.0,16.2,0.5,0.0,2.68
호소,대청호,문의,2021-10-12,23.1,7.5,5.0,2.6,1.7,12.7,644.0,340.0,96.0,56.0,152.0,0.0,0.0,0.788169642857143,0.7,0.0,0.0,0.0,0.0,16.2,0.5,0.0,2.68
호소,대청호,추동,2021-10-12,23.0,7.5,6.1,1.2,2.3,12.9,970.0,380.0,466.0,52.0,72.0,0.0,0.0,0.7919642857142857,0.7,0.0,0.0,0.0,0.0,16.2,0.5,0.0,2.68
호소,대청호,회남,2021-10-18,21.9,7.3,5.3,2.0,3.2,7.3,144.0,0.0,144.0,0.0,0.0,0.0,0.0,0.7957589285714286,0.7,0.0,0.0,0.0,0.0,9.6,0.0,10.5,16.91
호소,대청호,문의,2021-10-18,21.7,7.4,7.1,2.2,2.9,21.6,938.0,420.0,38.0,56.0,424.0,0.0,0.0,0.7995535714285715,0.7,0.0,0.0,0.0,0.0,9.6,0.0,10.5,16.91
호소,대청호,추동,2021-10-18,21.7,7.5,8.2,2.2,2.5,13.1,850.0,560.0,202.0,0.0,88.0,0.0,0.0,0.8033482142857142,0.7,0.0,0.0,0.0,0.0,9.6,0.0,10.5,16.91
호소,대청호,문의,2021-10-25,20.6,7.3,7.2,3.4,2.1,15.9,360.0,0.0,76.0,0.0,284.0,0.0,0.0,0.8071428571428572,0.7,0.0,0.0,0.0,0.0,10.8,0.0,9.8,15.13
호소,대청호,추동,2021-10-25,20.4,7.5,7.8,3.3,1.6,8.5,356.0,0.0,128.0,112.0,116.0,0.0,0.0,0.8109375000000001,0.7,0.0,0.0,0.0,0.0,10.8,0.0,9.8,15.13
호소,대청호,회남,2021-10-25,20.5,7.3,6.2,2.9,2.4,5.3,204.0,0.0,68.0,0.0,136.0,0.0,0.0,0.8147321428571428,0.7,0.0,0.0,0.0,0.0,10.8,0.0,9.8,15.13
호소,대청호,문의,2021-11-01,19.8,7.4,6.9,3.2,1.3,8.7,240.0,160.0,0.0,56.0,24.0,0.0,0.0,0.8185267857142857,0.7,0.0,0.0,0.0,0.0,13.4,0.0,7.0,10.54
호소,대청호,추동,2021-11-01,19.5,7.5,7.9,2.7,2.1,12.7,468.0,340.0,128.0,0.0,0.0,0.0,0.0,0.8223214285714286,0.7,0.0,0.0,0.0,0.0,13.4,0.0,7.0,10.54
호소,대청호,회남,2021-11-01,19.4,7.4,6.5,3.0,3.9,5.9,520.0,520.0,0.0,0.0,0.0,0.0,0.0,0.8261160714285714,0.7,0.0,0.0,0.0,0.0,13.4,0.0,7.0,10.54
호소,대청호,추동,2021-11-08,18.6,7.6,8.4,4.3,2.6,15.1,44.0,0.0,0.0,0.0,44.0,0.0,0.0,0.8299107142857143,0.7,0.0,0.0,0.0,0.0,10.3,10.3,1.2,3.1
호소,대청호,문의,2021-11-08,18.8,7.5,7.4,2.3,2.1,10.6,130.0,0.0,82.0,0.0,48.0,0.0,0.0,0.8337053571428572,0.7,0.0,0.0,0.0,0.0,10.3,10.3,1.2,3.1
호소,대청호,회남,2021-11-08,18.3,7.4,6.9,3.1,4.2,4.3,460.0,460.0,0.0,0.0,0.0,0.0,0.0,0.8374999999999999,0.7,0.0,0.0,0.0,0.0,10.3,10.3,1.2,3.1
호소,대청호,회남,2021-11-15,17.2,7.4,7.5,2.7,3.0,5.5,462.0,0.0,346.0,84.0,32.0,0.0,0.0,0.8412946428571428,0.7,0.0,0.0,0.0,0.0,10.1,0.0,8.2,10.84
호소,대청호,추동,2021-11-15,16.7,7.6,8.7,3.3,1.6,13.5,48.0,0.0,0.0,0.0,48.0,0.0,0.0,0.8450892857142858,0.7,0.0,0.0,0.0,0.0,10.1,0.0,8.2,10.84
호소,대청호,문의,2021-11-15,17.2,7.4,7.4,3.3,1.8,6.6,36.0,0.0,0.0,0.0,36.0,0.0,0.0,0.8488839285714285,0.7,0.0,0.0,0.0,0.0,10.1,0.0,8.2,10.84
호소,대청호,회남,2021-11-22,15.6,7.5,8.0,2.7,2.3,4.4,0.0,0.0,0.0,0.0,0.0,0.0,0.0,0.8526785714285714,0.7,0.0,0.0,0.0,0.0,5.3,3.6,4.7,7.37
호소,대청호,추동,2021-11-22,16.0,7.5,8.9,2.7,2.1,8.1,332.0,0.0,0.0,156.0,176.0,0.0,0.0,0.8564732142857143,0.7,0.0,0.0,0.0,0.0,5.3,3.6,4.7,7.37
호소,대청호,문의,2021-11-22,16.4,7.4,8.2,2.5,2.2,8.6,314.0,0.0,278.0,0.0,36.0,0.0,0.0,0.8602678571428573,0.7,0.0,0.0,0.0,0.0,5.3,3.6,4.7,7.37
호소,대청호,추동,2021-11-29,14.3,7.7,9.2,3.4,1.5,5.9,232.0,0.0,0.0,0.0,232.0,0.0,0.0,0.8640625,0.7,0.0,0.0,0.0,0.0,6.3,0.0,6.6,9.07
호소,대청호,문의,2021-11-29,14.8,7.5,8.1,2.5,1.5,8.3,300.0,80.0,0.0,36.0,184.0,0.0,0.0,0.8678571428571429,0.7,0.0,0.0,0.0,0.0,6.3,0.0,6.6,9.07
호소,대청호,회남,2021-11-29,14.7,7.4,8.5,3.0,2.5,4.1,92.0,0.0,0.0,0.0,92.0,0.0,0.0,0.8716517857142858,0.7,0.0,0.0,0.0,0.0,6.3,0.0,6.6,9.07
호소,대청호,회남,2021-12-06,13.2,7.5,8.9,3.5,2.4,2.4,108.0,0.0,0.0,0.0,108.0,0.0,0.0,0.8754464285714285,0.7,0.0,0.0,0.0,0.0,4.4,0.0,4.4,6.75
호소,대청호,문의,2021-12-06,13.3,7.5,8.4,4.5,1.4,4.1,132.0,0.0,0.0,0.0,132.0,0.0,0.0,0.8792410714285714,0.7,0.0,0.0,0.0,0.0,4.4,0.0,4.4,6.75
호소,대청호,추동,2021-12-06,12.8,7.5,9.4,3.5,1.9,3.4,244.0,0.0,0.0,0.0,244.0,0.0,0.0,0.8830357142857144,0.7,0.0,0.0,0.0,0.0,4.4,0.0,4.4,6.75
호소,대청호,문의,2021-12-13,12.2,7.3,8.6,3.9,1.8,5.2,36.0,0.0,0.0,0.0,36.0,0.0,0.0,0.8868303571428571,0.7,0.0,0.0,0.0,0.0,-1.6,0.0,8.8,11.29
호소,대청호,회남,2021-12-13,11.4,7.3,9.2,3.5,2.3,3.1,144.0,0.0,0.0,0.0,144.0,0.0,0.0,0.890625,0.7,0.0,0.0,0.0,0.0,-1.6,0.0,8.8,11.29
호소,대청호,추동,2021-12-13,12.0,7.4,9.2,3.4,1.6,4.7,436.0,0.0,72.0,0.0,364.0,0.0,0.0,0.8944196428571429,0.7,0.0,0.0,0.0,0.0,-1.6,0.0,8.8,11.29
호소,대청호,회남,2021-12-20,10.8,7.5,9.5,3.7,4.1,3.0,52.0,0.0,0.0,0.0,52.0,0.0,0.0,0.8982142857142856,0.7,0.0,0.0,0.0,0.0,6.7,0.0,3.8,5.55
호소,대청호,문의,2021-12-20,10.8,7.5,8.9,2.4,1.3,5.0,28.0,0.0,0.0,0.0,28.0,0.0,0.0,0.9020089285714286,0.7,0.0,0.0,0.0,0.0,6.7,0.0,3.8,5.55
호소,대청호,추동,2021-12-20,10.5,7.5,9.8,2.6,1.6,4.3,196.0,0.0,0.0,0.0,196.0,0.0,0.0,0.9058035714285715,0.7,0.0,0.0,0.0,0.0,6.7,0.0,3.8,5.55
호소,대청호,회남,2021-12-27,9.5,7.7,10.0,4.1,2.8,2.9,92.0,0.0,0.0,0.0,92.0,0.0,0.0,0.9095982142857142,0.7,0.0,0.0,0.0,0.0,-4.4,0.0,6.4,9.16
호소,대청호,문의,2021-12-27,9.2,7.6,9.4,4.0,1.5,5.2,84.0,0.0,0.0,0.0,84.0,0.0,0.0,0.9133928571428571,0.7,0.0,0.0,0.0,0.0,-4.4,0.0,6.4,9.16
호소,대청호,추동,2021-12-27,9.0,7.7,10.3,3.2,2.3,4.8,192.0,0.0,0.0,0.0,192.0,0.0,0.0,0.9171875,0.7,0.0,0.0,0.0,0.0,-4.4,0.0,6.4,9.16
호소,대청호,문의,2022-01-03,8.4,7.6,9.7,3.7,1.9,4.6,0.0,0.0,0.0,0.0,0.0,0.0,0.0,0.920982142857143,0.7,0.0,0.0,0.0,0.0,-1.7,0.0,8.5,10.56
호소,대청호,추동,2022-01-03,7.8,7.7,11.1,3.4,1.4,4.9,320.0,0.0,0.0,0.0,320.0,0.0,0.0,0.9247767857142857,0.7,0.0,0.0,0.0,0.0,-1.7,0.0,8.5,10.56
호소,대청호,회남,2022-01-03,8.4,7.6,10.6,4.1,1.7,3.0,36.0,0.0,0.0,0.0,36.0,0.0,0.0,0.9285714285714286,0.7,0.0,0.0,0.0,0.0,-1.7,0.0,8.5,10.56
호소,대청호,추동,2022-01-10,7.5,7.5,10.9,3.2,1.3,4.7,0.0,0.0,0.0,0.0,0.0,0.0,0.0,0.9323660714285715,0.7,0.0,0.0,0.0,0.0,0.7,0.0,5.4,8.6
호소,대청호,회남,2022-01-10,7.5,7.4,10.5,3.1,3.2,3.0,168.0,0.0,0.0,0.0,168.0,0.0,0.0,0.9361607142857142,0.7,0.0,0.0,0.0,0.0,0.7,0.0,5.4,8.6
호소,대청호,문의,2022-01-10,7.9,7.4,9.5,3.8,1.1,3.5,0.0,0.0,0.0,0.0,0.0,0.0,0.0,0.9399553571428572,0.7,0.0,0.0,0.0,0.0,0.7,0.0,5.4,8.6
호소,대청호,추동,2022-01-17,6.2,7.3,11.3,3.6,1.5,3.9,24.0,0.0,0.0,0.0,24.0,0.0,0.0,0.9437500000000001,0.7,0.0,0.0,0.0,0.0,-3.1,0.0,4.1,8.59
호소,대청호,회남,2022-01-17,6.6,7.3,10.8,3.7,2.3,3.2,0.0,0.0,0.0,0.0,0.0,0.0,0.0,0.9475446428571428,0.7,0.0,0.0,0.0,0.0,-3.1,0.0,4.1,8.59
호소,대청호,문의,2022-01-17,7.0,7.3,10.0,3.5,1.1,3.4,0.0,0.0,0.0,0.0,0.0,0.0,0.0,0.9513392857142857,0.7,0.0,0.0,0.0,0.0,-3.1,0.0,4.1,8.59
호소,대청호,추동,2022-01-24,5.6,7.3,11.5,3.8,1.3,3.1,92.0,0.0,0.0,0.0,92.0,0.0,0.0,0.9551339285714286,0.7,0.0,0.0,0.0,0.0,4.1,0.0,5.7,10.13
호소,대청호,문의,2022-01-24,6.5,7.2,10.1,4.0,1.1,3.1,0.0,0.0,0.0,0.0,0.0,0.0,0.0,0.9589285714285714,0.7,0.0,0.0,0.0,0.0,4.1,0.0,5.7,10.13
호소,대청호,회남,2022-01-24,6.2,7.3,11.1,3.9,1.6,3.4,136.0,0.0,0.0,0.0,136.0,0.0,0.0,0.9627232142857143,0.7,0.0,0.0,0.0,0.0,4.1,0.0,5.7,10.13
호소,대청호,문의,2022-02-03,5.8,7.6,10.9,3.7,1.5,4.1,0.0,0.0,0.0,0.0,0.0,0.0,0.0,0.9665178571428572,0.7,0.0,0.0,0.0,0.0,-1.7,0.0,9.4,14.7
호소,대청호,회남,2022-02-03,5.5,7.3,11.3,4.0,1.7,3.0,0.0,0.0,0.0,0.0,0.0,0.0,0.0,0.9703124999999999,0.7,0.0,0.0,0.0,0.0,-1.7,0.0,9.4,14.7
호소,대청호,추동,2022-02-03,5.4,7.4,11.6,5.0,1.3,3.0,36.0,0.0,0.0,0.0,36.0,0.0,0.0,0.9741071428571428,0.7,0.0,0.0,0.0,0.0,-1.7,0.0,9.4,14.7
호소,대청호,추동,2022-02-07,4.9,7.3,11.8,4.3,1.6,3.1,0.0,0.0,0.0,0.0,0.0,0.0,0.0,0.9779017857142858,0.7,0.0,0.0,0.0,0.0,-2.1,0.0,4.1,9.62
호소,대청호,회남,2022-02-07,5.1,7.3,11.5,4.3,1.1,3.4,84.0,0.0,0.0,0.0,84.0,0.0,0.0,0.9816964285714285,0.7,0.0,0.0,0.0,0.0,-2.1,0.0,4.1,9.62
호소,대청호,문의,2022-02-07,5.4,7.4,11.1,4.1,1.3,3.8,0.0,0.0,0.0,0.0,0.0,0.0,0.0,0.9854910714285714,0.7,0.0,0.0,0.0,0.0,-2.1,0.0,4.1,9.62
호소,대청호,문의,2022-02-14,5.6,7.6,11.2,4.6,1.1,3.6,0.0,0.0,0.0,0.0,0.0,0.0,0.0,0.9892857142857143,0.7,0.0,0.0,0.0,0.0,4.1,0.0,7.6,13.23
호소,대청호,회남,2022-02-14,5.2,7.5,11.8,4.2,1.8,3.3,0.0,0.0,0.0,0.0,0.0,0.0,0.0,0.9930803571428573,0.7,0.0,0.0,0.0,0.0,4.1,0.0,7.6,13.23
호소,대청호,추동,2022-02-14,5.3,7.5,12.0,4.5,1.5,3.0,136.0,0.0,0.0,0.0,136.0,0.0,0.0,0.996875,0.7,0.0,0.0,0.0,0.0,4.1,0.0,7.6,13.23
호소,대청호,문의,2022-02-21,4.8,7.5,11.7,4.4,1.2,3.9,0.0,0.0,0.0,0.0,0.0,0.0,0.0,1.0006696428571429,0.7,0.0,0.0,0.0,0.0,-0.7,0.0,7.1,13.57
호소,대청호,추동,2022-02-21,4.5,7.5,12.2,3.5,2.0,3.3,112.0,0.0,0.0,0.0,112.0,0.0,0.0,1.0044642857142858,0.7,0.0,0.0,0.0,0.0,-0.7,0.0,7.1,13.57
호소,대청호,회남,2022-02-21,4.6,7.4,12.0,3.4,2.2,3.8,56.0,0.0,0.0,0.0,56.0,0.0,0.0,1.0082589285714285,0.7,0.0,0.0,0.0,0.0,-0.7,0.0,7.1,13.57
호소,대청호,회남,2022-02-28,4.9,7.5,12.4,3.9,1.4,4.2,0.0,0.0,0.0,0.0,0.0,0.0,0.0,1.0120535714285714,0.7,0.0,0.0,0.0,0.0,6.9,0.0,8.2,14.49
호소,대청호,문의,2022-02-28,5.1,7.5,12.2,3.7,1.4,3.3,0.0,0.0,0.0,0.0,0.0,0.0,0.0,1.0158482142857144,0.7,0.0,0.0,0.0,0.0,6.9,0.0,8.2,14.49
호소,대청호,추동,2022-02-28,5.1,7.5,12.6,3.4,2.1,2.9,0.0,0.0,0.0,0.0,0.0,0.0,0.0,1.019642857142857,0.7,0.0,0.0,0.0,0.0,6.9,0.0,8.2,14.49
호소,대청호,회남,2022-03-07,5.2,7.6,12.5,3.4,1.9,3.7,0.0,0.0,0.0,0.0,0.0,0.0,0.0,1.0234375,0.7,0.0,0.0,0.0,0.0,4.3,0.0,9.7,17.93
호소,대청호,추동,2022-03-07,5.5,7.6,12.7,4.0,1.9,2.6,0.0,0.0,0.0,0.0,0.0,0.0,0.0,1.027232142857143,0.7,0.0,0.0,0.0,0.0,4.3,0.0,9.7,17.93
호소,대청호,문의,2022-03-07,6.2,7.6,12.3,3.8,1.2,1.8,0.0,0.0,0.0,0.0,0.0,0.0,0.0,1.0310267857142856,0.7,0.0,0.0,0.0,0.0,4.3,0.0,9.7,17.93
호소,대청호,회남,2022-03-14,6.1,7.7,12.5,3.4,3.5,3.2,0.0,0.0,0.0,0.0,0.0,0.0,0.0,1.0348214285714286,0.7,0.0,0.0,0.0,0.0,11.3,3.2,0.2,2.98
호소,대청호,문의,2022-03-14,7.1,7.6,12.1,3.6,1.9,2.8,0.0,0.0,0.0,0.0,0.0,0.0,0.0,1.0386160714285715,0.7,0.0,0.0,0.0,0.0,11.3,3.2,0.2,2.98
호소,대청호,추동,2022-03-14,6.5,7.7,12.5,3.7,2.4,2.2,0.0,0.0,0.0,0.0,0.0,0.0,0.0,1.0424107142857142,0.7,0.0,0.0,0.0,0.0,11.3,3.2,0.2,2.98
호소,대청호,추동,2022-03-21,6.7,7.7,12.1,4.0,1.6,1.6,0.0,0.0,0.0,0.0,0.0,0.0,0.0,1.0462053571428571,0.7,0.0,0.0,0.0,0.0,5.8,0.0,8.7,17.26
호소,대청호,회남,2022-03-21,6.3,7.7,12.2,4.2,1.9,2.4,32.0,0.0,0.0,0.0,32.0,0.0,0.0,1.05,0.7,0.0,0.0,0.0,0.0,5.8,0.0,8.7,17.26
호소,대청호,문의,2022-03-21,7.7,7.6,12.2,3.8,1.4,3.2,0.0,0.0,0.0,0.0,0.0,0.0,0.0,1.0537946428571427,0.7,0.0,0.0,0.0,0.0,5.8,0.0,8.7,17.26
호소,대청호,문의,2022-03-28,7.8,7.7,11.9,3.8,1.1,2.6,0.0,0.0,0.0,0.0,0.0,0.0,0.0,1.0575892857142857,0.7,0.0,0.0,0.0,0.0,7.7,0.0,11.0,23.0
호소,대청호,추동,2022-03-28,7.6,7.7,11.9,4.6,1.6,1.5,0.0,0.0,0.0,0.0,0.0,0.0,0.0,1.0613839285714286,0.7,0.0,0.0,0.0,0.0,7.7,0.0,11.0,23.0
호소,대청호,회남,2022-03-28,7.0,7.8,12.2,4.9,1.6,1.9,0.0,0.0,0.0,0.0,0.0,0.0,0.0,1.0651785714285715,0.7,0.0,0.0,0.0,0.0,7.7,0.0,11.0,23.0
호소,대청호,문의,2022-04-04,8.7,7.8,11.9,5.8,0.9,2.3,0.0,0.0,0.0,0.0,0.0,0.0,0.0,1.0689732142857142,0.7,0.0,0.0,0.0,0.0,10.8,0.0,11.8,24.35
호소,대청호,추동,2022-04-04,8.4,7.8,11.7,5.4,1.4,2.0,0.0,0.0,0.0,0.0,0.0,0.0,0.0,1.0727678571428572,0.7,0.0,0.0,0.0,0.0,10.8,0.0,11.8,24.35
호소,대청호,회남,2022-04-04,7.8,7.7,11.8,4.8,1.4,2.5,0.0,0.0,0.0,0.0,0.0,0.0,0.0,1.0765625,0.7,0.0,0.0,0.0,0.0,10.8,0.0,11.8,24.35
호소,대청호,문의,2022-04-11,9.9,7.8,11.6,5.4,1.1,2.5,0.0,0.0,0.0,0.0,0.0,0.0,0.0,1.0803571428571428,0.7,0.0,0.0,0.0,0.0,20.6,0.0,11.9,24.42
호소,대청호,추동,2022-04-11,9.9,7.8,11.7,4.7,1.2,2.4,0.0,0.0,0.0,0.0,0.0,0.0,0.0,1.0841517857142857,0.7,0.0,0.0,0.0,0.0,20.6,0.0,11.9,24.42
호소,대청호,회남,2022-04-11,9.6,7.7,11.3,5.5,1.4,2.0,0.0,0.0,0.0,0.0,0.0,0.0,0.0,1.0879464285714286,0.7,0.0,0.0,0.0,0.0,20.6,0.0,11.9,24.42
호소,대청호,회남,2022-04-18,9.1,7.6,11.2,6.3,1.6,1.9,0.0,0.0,0.0,0.0,0.0,0.0,0.0,1.0917410714285714,0.7,0.0,0.0,0.0,0.0,15.0,0.0,7.9,19.83
호소,대청호,문의,2022-04-18,10.7,7.8,11.6,4.5,1.9,2.2,0.0,0.0,0.0,0.0,0.0,0.0,0.0,1.0955357142857143,0.7,0.0,0.0,0.0,0.0,15.0,0.0,7.9,19.83
호소,대청호,추동,2022-04-18,10.6,7.9,11.4,4.6,1.9,2.5,0.0,0.0,0.0,0.0,0.0,0.0,0.0,1.0993303571428572,0.7,0.0,0.0,0.0,0.0,15.0,0.0,7.9,19.83
호소,대청호,추동,2022-04-25,11.6,8.1,11.2,5.8,1.5,2.4,0.0,0.0,0.0,0.0,0.0,0.0,0.0,1.103125,0.7,0.0,0.0,0.0,0.0,20.1,6.7,2.3,13.49
호소,대청호,문의,2022-04-25,12.7,7.9,11.1,5.0,1.2,1.8,0.0,0.0,0.0,0.0,0.0,0.0,0.0,1.1069196428571428,0.7,0.0,0.0,0.0,0.0,20.1,6.7,2.3,13.49
호소,대청호,회남,2022-04-25,10.6,7.7,10.7,7.7,1.3,1.9,0.0,0.0,0.0,0.0,0.0,0.0,0.0,1.1107142857142858,0.7,0.0,0.0,0.0,0.0,20.1,6.7,2.3,13.49
호소,대청호,회남,2022-05-02,10.2,7.9,10.4,5.0,1.4,1.8,0.0,0.0,0.0,0.0,0.0,0.0,0.0,1.1145089285714285,0.7,0.0,0.0,0.0,0.0,13.9,0.0,10.9,25.19
호소,대청호,추동,2022-05-02,11.7,8.1,10.8,4.6,1.3,2.8,0.0,0.0,0.0,0.0,0.0,0.0,0.0,1.1183035714285714,0.7,0.0,0.0,0.0,0.0,13.9,0.0,10.9,25.19
호소,대청호,문의,2022-05-02,12.0,7.9,10.7,4.0,2.1,2.5,0.0,0.0,0.0,0.0,0.0,0.0,0.0,1.1220982142857143,0.7,0.0,0.0,0.0,0.0,13.9,0.0,10.9,25.19
호소,대청호,회남,2022-05-09,11.1,8.0,10.0,5.8,1.2,1.8,0.0,0.0,0.0,0.0,0.0,0.0,0.0,1.1258928571428573,0.7,0.0,0.0,0.0,0.0,17.3,2.7,9.8,25.98
호소,대청호,추동,2022-05-09,13.4,8.2,10.5,3.9,1.5,3.7,0.0,0.0,0.0,0.0,0.0,0.0,0.0,1.1296875,0.7,0.0,0.0,0.0,0.0,17.3,2.7,9.8,25.98
호소,대청호,문의,2022-05-09,12.7,8.3,10.8,3.3,1.5,3.4,0.0,0.0,0.0,0.0,0.0,0.0,0.0,1.1334821428571429,0.7,0.0,0.0,0.0,0.0,17.3,2.7,9.8,25.98
호소,대청호,추동,2022-05-16,12.7,8.1,10.4,3.8,1.6,3.0,0.0,0.0,0.0,0.0,0.0,0.0,0.0,1.1372767857142858,0.7,0.0,0.0,0.0,0.0,16.6,0.0,13.4,29.3
호소,대청호,문의,2022-05-16,15.4,8.3,11.5,4.7,1.4,4.8,0.0,0.0,0.0,0.0,0.0,0.0,0.0,1.1410714285714285,0.7,0.0,0.0,0.0,0.0,16.6,0.0,13.4,29.3
호소,대청호,회남,2022-05-16,11.4,8.1,9.9,5.2,1.2,2.2,0.0,0.0,0.0,0.0,0.0,0.0,0.0,1.1448660714285714,0.7,0.0,0.0,0.0,0.0,16.6,0.0,13.4,29.3
호소,대청호,문의,2022-05-23,16.3,8.5,10.6,5.1,1.4,4.3,0.0,0.0,0.0,0.0,0.0,0.0,0.0,1.1486607142857144,0.7,0.0,0.0,0.0,0.0,22.6,0.0,10.6,25.03
호소,대청호,추동,2022-05-23,15.0,8.0,10.2,4.2,1.2,3.2,0.0,0.0,0.0,0.0,0.0,0.0,0.0,1.152455357142857,0.7,0.0,0.0,0.0,0.0,22.6,0.0,10.6,25.03
호소,대청호,회남,2022-05-23,12.4,8.2,9.3,6.1,1.1,2.8,0.0,0.0,0.0,0.0,0.0,0.0,0.0,1.15625,0.7,0.0,0.0,0.0,0.0,22.6,0.0,10.6,25.03
호소,대청호,추동,2022-05-30,15.9,8.8,9.4,5.0,1.2,2.8,0.0,0.0,0.0,0.0,0.0,0.0,0.0,1.160044642857143,0.7,0.0,0.0,0.0,0.0,21.4,0.0,0.2,11.04
호소,대청호,문의,2022-05-30,17.7,9.2,10.8,4.9,1.1,4.3,0.0,0.0,0.0,0.0,0.0,0.0,0.0,1.1638392857142856,0.7,0.0,0.0,0.0,0.0,21.4,0.0,0.2,11.04
호소,대청호,회남,2022-05-30,12.8,8.9,8.7,6.2,1.6,3.0,0.0,0.0,0.0,0.0,0.0,0.0,0.0,1.1676339285714286,0.7,0.0,0.0,0.0,0.0,21.4,0.0,0.2,11.04
호소,대청호,추동,2022-06-07,17.4,8.5,9.6,3.1,1.6,6.1,0.0,0.0,0.0,0.0,0.0,0.0,0.0,1.1714285714285715,0.7,0.0,0.0,0.0,0.0,17.3,0.0,1.6,8.0
호소,대청호,문의,2022-06-07,19.6,8.7,10.7,3.8,1.5,8.2,0.0,0.0,0.0,0.0,0.0,0.0,0.0,1.1752232142857142,0.7,0.0,0.0,0.0,0.0,17.3,0.0,1.6,8.0
호소,대청호,회남,2022-06-07,12.8,8.1,7.9,5.4,1.0,2.1,0.0,0.0,0.0,0.0,0.0,0.0,0.0,1.1790178571428571,0.7,0.0,0.0,0.0,0.0,17.3,0.0,1.6,8.0
호소,대청호,회남,2022-06-13,13.9,8.3,7.5,5.9,1.3,2.1,0.0,0.0,0.0,0.0,0.0,0.0,0.0,1.1828125,0.7,0.0,0.0,0.0,0.0,23.1,0.0,9.8,25.13
호소,대청호,추동,2022-06-13,18.6,8.4,9.1,2.7,2.1,5.3,0.0,0.0,0.0,0.0,0.0,0.0,0.0,1.1866071428571427,0.7,0.0,0.0,0.0,0.0,23.1,0.0,9.8,25.13
호소,대청호,문의,2022-06-13,20.5,8.9,10.7,2.8,2.3,8.7,0.0,0.0,0.0,0.0,0.0,0.0,0.0,1.1904017857142857,0.7,0.0,0.0,0.0,0.0,23.1,0.0,9.8,25.13
호소,대청호,회남,2022-06-20,15.2,8.4,5.2,5.0,1.8,2.5,0.0,0.0,0.0,0.0,0.0,0.0,0.0,1.1941964285714286,0.7,0.0,0.0,0.0,0.0,26.8,0.0,8.3,24.21
호소,대청호,추동,2022-06-20,19.7,8.6,9.4,2.1,2.3,10.9,0.0,0.0,0.0,0.0,0.0,0.0,0.0,1.1979910714285715,0.7,0.0,0.0,0.0,0.0,26.8,0.0,8.3,24.21
호소,대청호,문의,2022-06-20,22.5,8.8,9.7,2.7,1.5,5.8,0.0,0.0,0.0,0.0,0.0,0.0,0.0,1.2017857142857142,0.7,0.0,0.0,0.0,0.0,26.8,0.0,8.3,24.21
호소,대청호,추동,2022-06-27,20.4,8.6,8.3,2.6,1.9,5.8,0.0,0.0,0.0,0.0,0.0,0.0,0.0,1.2055803571428572,0.7,0.0,0.0,0.0,0.0,28.0,3.6,0.4,11.59
호소,대청호,문의,2022-06-27,24.5,8.7,9.2,2.5,1.7,5.4,0.0,0.0,0.0,0.0,0.0,0.0,0.0,1.2093749999999999,0.7,0.0,0.0,0.0,0.0,28.0,3.6,0.4,11.59
호소,대청호,회남,2022-06-27,15.6,8.7,4.8,3.3,1.9,4.1,136.0,80.0,0.0,0.0,56.0,0.0,0.0,1.2131696428571428,0.7,0.0,0.0,0.0,0.0,28.0,3.6,0.4,11.59
호소,대청호,추동,2022-07-04,24.3,8.8,7.7,2.3,2.7,5.8,48.0,0.0,0.0,0.0,48.0,0.0,0.0,1.2169642857142857,0.7,0.0,0.0,0.0,0.0,27.6,0.0,4.9,17.32
호소,대청호,회남,2022-07-04,17.4,9.8,4.2,4.2,2.8,2.4,588.0,0.0,0.0,0.0,588.0,0.0,0.0,1.2207589285714284,0.7,0.0,0.0,0.0,0.0,27.6,0.0,4.9,17.32
호소,대청호,문의,2022-07-04,25.9,9.7,8.5,2.8,2.0,6.8,0.0,0.0,0.0,0.0,0.0,0.0,0.0,1.2245535714285714,0.7,0.0,0.0,0.0,0.0,27.6,0.0,4.9,17.32
호소,대청호,회남,2022-07-11,18.0,9.4,3.7,4.5,1.8,4.4,776.0,0.0,0.0,0.0,776.0,0.0,0.0,1.2283482142857143,0.7,0.0,0.0,0.0,0.0,25.1,16.3,0.3,9.27
호소,대청호,문의,2022-07-11,25.8,9.2,8.1,2.6,1.9,8.2,94.0,0.0,94.0,0.0,0.0,0.0,0.0,1.232142857142857,0.7,0.0,0.0,0.0,0.0,25.1,16.3,0.3,9.27
호소,대청호,추동,2022-07-11,24.5,9.3,7.5,1.4,2.8,12.4,52.0,0.0,0.0,0.0,52.0,0.0,0.0,1.2359375,0.7,0.0,0.0,0.0,0.0,25.1,16.3,0.3,9.27
호소,대청호,문의,2022-07-18,27.2,8.0,7.8,2.7,2.4,6.1,0.0,0.0,0.0,0.0,0.0,0.0,0.0,1.2397321428571428,0.7,0.0,0.0,0.0,0.0,22.3,57.4,0.0,4.3
호소,대청호,회남,2022-07-18,18.2,8.7,3.3,3.8,1.5,3.6,0.0,0.0,0.0,0.0,0.0,0.0,0.0,1.2435267857142858,0.7,0.0,0.0,0.0,0.0,22.3,57.4,0.0,4.3
호소,대청호,추동,2022-07-18,23.6,8.1,6.8,2.0,2.6,9.0,148.0,0.0,56.0,0.0,92.0,0.0,0.0,1.2473214285714285,0.7,0.0,0.0,0.0,0.0,22.3,57.4,0.0,4.3
호소,대청호,회남,2022-07-25,18.8,9.4,3.3,4.0,2.8,2.8,100.0,36.0,0.0,0.0,64.0,0.0,0.0,1.2511160714285714,0.7,0.0,0.0,0.0,0.0,27.2,0.4,8.3,23.38
호소,대청호,추동,2022-07-25,24.4,9.2,6.5,2.4,2.5,8.5,494.0,112.0,382.0,0.0,0.0,0.0,0.0,1.2549107142857143,0.7,0.0,0.0,0.0,0.0,27.2,0.4,8.3,23.38
호소,대청호,문의,2022-07-25,26.8,9.1,7.3,3.3,1.7,6.4,276.0,240.0,0.0,0.0,36.0,0.0,0.0,1.258705357142857,0.7,0.0,0.0,0.0,0.0,27.2,0.4,8.3,23.38
호소,대청호,추동,2022-08-01,25.4,9.0,5.5,2.5,1.9,7.4,880.0,880.0,0.0,0.0,0.0,0.0,0.0,1.2625,0.7,0.0,0.0,0.0,0.0,27.6,4.4,3.7,18.0
호소,대청호,문의,2022-08-01,28.6,8.8,8.6,3.5,1.4,5.6,0.0,0.0,0.0,0.0,0.0,0.0,0.0,1.2662946428571429,0.7,0.0,0.0,0.0,0.0,27.6,4.4,3.7,18.0
호소,대청호,회남,2022-08-01,19.7,9.4,3.3,3.0,2.4,6.2,394.0,0.0,62.0,332.0,0.0,0.0,0.0,1.2700892857142856,0.7,0.0,0.0,0.0,0.0,27.6,4.4,3.7,18.0
호소,대청호,회남,2022-08-08,19.9,8.2,3.5,3.5,2.2,3.0,104.0,80.0,0.0,0.0,24.0,0.0,0.0,1.2738839285714285,0.7,0.0,0.0,0.0,0.0,28.6,0.0,0.1,7.38
호소,대청호,문의,2022-08-08,29.9,8.7,7.9,3.8,1.5,5.1,0.0,0.0,0.0,0.0,0.0,0.0,0.0,1.2776785714285714,0.7,0.0,0.0,0.0,0.0,28.6,0.0,0.1,7.38
호소,대청호,추동,2022-08-08,27.0,8.0,5.7,1.9,2.7,6.4,788.0,720.0,0.0,0.0,68.0,0.0,0.0,1.2814732142857141,0.7,0.0,0.0,0.0,0.0,28.6,0.0,0.1,7.38
호소,대청호,문의,2022-08-16,27.5,8.0,6.1,2.1,6.0,6.3,72.0,0.0,0.0,0.0,72.0,0.0,0.0,1.285267857142857,0.7,0.0,0.0,0.0,0.0,25.8,32.9,4.4,13.64
호소,대청호,추동,2022-08-16,26.4,7.5,5.3,2.3,2.8,6.6,212.0,0.0,0.0,0.0,212.0,0.0,0.0,1.2890625,0.7,0.0,0.0,0.0,0.0,25.8,32.9,4.4,13.64
호소,대청호,회남,2022-08-16,20.4,7.6,4.5,1.7,5.7,6.4,3412.0,1840.0,132.0,1160.0,280.0,0.0,0.0,1.2928571428571427,0.7,0.0,0.0,0.0,0.0,25.8,32.9,4.4,13.64
호소,대청호,추동,2022-08-22,26.6,7.6,4.8,2.1,4.0,6.4,504.0,120.0,52.0,0.0,332.0,0.0,0.0,1.2966517857142856,0.7,0.0,0.0,0.0,0.0,27.3,0.0,5.3,17.7
호소,대청호,회남,2022-08-22,21.0,8.0,9.2,0.3,20.7,33.9,139682.0,139180.0,258.0,212.0,32.0,0.0,0.0,1.3004464285714286,0.7,0.0,0.0,0.0,0.0,27.3,0.0,5.3,17.7
호소,대청호,문의,2022-08-22,27.2,7.7,4.2,3.0,2.3,4.4,682.0,120.0,38.0,332.0,192.0,0.0,0.0,1.3042410714285713,0.7,0.0,0.0,0.0,0.0,27.3,0.0,5.3,17.7
호소,대청호,문의,2022-08-29,26.4,7.5,3.3,2.7,2.1,6.3,612.0,0.0,0.0,28.0,584.0,0.0,0.0,1.3080357142857142,0.7,0.0,0.0,0.0,0.0,19.6,4.5,0.0,4.19
호소,대청호,회남,2022-08-29,20.1,7.6,4.7,1.8,9.6,6.3,5756.0,5220.0,0.0,316.0,220.0,0.0,0.0,1.3118303571428571,0.7,0.0,0.0,0.0,0.0,19.6,4.5,0.0,4.19
호소,대청호,추동,2022-08-29,25.8,7.4,5.4,2.3,3.6,8.1,778.0,200.0,262.0,0.0,316.0,0.0,0.0,1.315625,0.7,0.0,0.0,0.0,0.0,19.6,4.5,0.0,4.19
호소,대청호,문의,2022-09-05,26.0,7.5,5.9,2.0,2.9,14.3,4060.0,380.0,344.0,156.0,3180.0,0.0,0.0,1.3194196428571427,0.7,0.0,0.0,0.0,0.0,22.6,46.5,0.0,3.94
호소,대청호,추동,2022-09-05,25.4,7.5,6.3,1.9,3.0,17.3,858.0,316.0,298.0,0.0,244.0,0.0,0.0,1.3232142857142857,0.7,0.0,0.0,0.0,0.0,22.6,46.5,0.0,3.94
호소,대청호,회남,2022-09-05,20.1,7.5,4.2,1.3,9.2,11.4,9236.0,7920.0,0.0,1316.0,0.0,0.0,0.0,1.3270089285714286,0.7,0.0,0.0,0.0,0.0,22.6,46.5,0.0,3.94
호소,대청호,추동,2022-09-13,24.7,7.8,6.6,1.5,6.0,16.6,3944.0,660.0,3012.0,0.0,272.0,0.0,0.0,1.3308035714285713,0.7,0.0,0.0,0.0,0.0,24.5,0.0,0.7,10.85
호소,대청호,문의,2022-09-13,24.8,8.1,7.2,1.4,4.6,20.5,4360.0,1860.0,2268.0,44.0,188.0,0.0,0.0,1.3345982142857142,0.7,0.0,0.0,0.0,0.0,24.5,0.0,0.7,10.85
호소,대청호,회남,2022-09-13,21.0,7.7,6.0,1.4,8.6,10.7,4256.0,3360.0,488.0,0.0,408.0,0.0,0.0,1.3383928571428572,0.7,0.0,0.0,0.0,0.0,24.5,0.0,0.7,10.85
호소,대청호,추동,2022-09-19,24.6,7.8,5.6,1.9,3.3,15.5,4062.0,2340.0,1210.0,0.0,512.0,0.0,0.0,1.3421874999999999,0.7,0.0,0.0,0.0,0.0,24.5,0.0,8.1,18.7
호소,대청호,문의,2022-09-19,24.3,7.4,4.4,2.9,1.9,5.6,682.0,460.0,222.0,0.0,0.0,0.0,0.0,1.3459821428571428,0.7,0.0,0.0,0.0,0.0,24.5,0.0,8.1,18.7
호소,대청호,회남,2022-09-19,22.9,7.7,5.4,1.5,5.3,11.4,1818.0,1140.0,482.0,0.0,196.0,0.0,0.0,1.3497767857142857,0.7,0.0,0.0,0.0,0.0,24.5,0.0,8.1,18.7
호소,대청호,회남,2022-09-26,22.3,7.7,5.2,1.8,2.9,6.7,874.0,460.0,202.0,0.0,212.0,0.0,0.0,1.3535714285714284,0.7,0.0,0.0,0.0,0.0,18.7,0.0,3.4,12.82
호소,대청호,문의,2022-09-26,24.0,7.7,6.1,2.5,2.6,14.6,932.0,0.0,260.0,48.0,624.0,0.0,0.0,1.3573660714285714,0.7,0.0,0.0,0.0,0.0,18.7,0.0,3.4,12.82
호소,대청호,추동,2022-09-26,23.8,7.5,5.7,1.9,3.6,21.8,2492.0,520.0,772.0,564.0,636.0,0.0,0.0,1.3611607142857143,0.7,0.0,0.0,0.0,0.0,18.7,0.0,3.4,12.82
호소,대청호,문의,2022-10-04,23.8,7.9,8.0,2.5,3.0,19.5,636.0,180.0,88.0,332.0,36.0,0.0,0.0,1.364955357142857,0.7,0.0,0.0,0.0,0.0,20.0,43.5,1.9,9.55
호소,대청호,추동,2022-10-04,23.5,7.6,6.3,2.1,3.8,14.6,836.0,520.0,104.0,128.0,84.0,0.0,0.0,1.36875,0.7,0.0,0.0,0.0,0.0,20.0,43.5,1.9,9.55
호소,대청호,회남,2022-10-04,21.8,7.8,5.5,2.4,3.5,12.6,586.0,392.0,98.0,28.0,68.0,0.0,0.0,1.3725446428571428,0.7,0.0,0.0,0.0,0.0,20.0,43.5,1.9,9.55
호소,대청호,문의,2022-10-11,21.9,8.0,8.4,2.2,2.3,29.1,472.0,0.0,0.0,424.0,48.0,0.0,0.0,1.3763392857142858,0.7,0.0,0.0,0.0,0.0,12.0,0.0,8.5,17.78
호소,대청호,회남,2022-10-11,18.2,7.5,5.2,2.7,3.9,12.3,538.0,0.0,58.0,316.0,164.0,0.0,0.0,1.3801339285714285,0.7,0.0,0.0,0.0,0.0,12.0,0.0,8.5,17.78
호소,대청호,추동,2022-10-11,21.8,7.7,8.0,2.4,2.7,20.2,796.0,0.0,108.0,552.0,136.0,0.0,0.0,1.3839285714285714,0.7,0.0,0.0,0.0,0.0,12.0,0.0,8.5,17.78
호소,대청호,추동,2022-10-17,21.5,8.1,9.1,2.5,2.4,21.4,782.0,100.0,38.0,448.0,196.0,0.0,0.0,1.3877232142857143,0.7,0.0,0.0,0.0,0.0,12.4,0.0,8.6,17.65
호소,대청호,회남,2022-10-17,20.7,7.6,5.6,2.5,2.9,13.4,428.0,380.0,0.0,48.0,0.0,0.0,0.0,1.391517857142857,0.7,0.0,0.0,0.0,0.0,12.4,0.0,8.6,17.65
호소,대청호,문의,2022-10-17,21.7,8.0,8.4,2.4,1.7,19.4,468.0,140.0,0.0,152.0,176.0,0.0,0.0,1.3953125,0.7,0.0,0.0,0.0,0.0,12.4,0.0,8.6,17.65
호소,대청호,추동,2022-10-24,20.0,8.1,9.2,2.4,2.1,17.0,902.0,0.0,74.0,704.0,124.0,0.0,0.0,1.3991071428571429,0.7,0.0,0.0,0.0,0.0,9.7,0.0,8.0,15.58
호소,대청호,회남,2022-10-24,19.9,7.6,6.4,3.0,2.3,6.7,244.0,0.0,0.0,172.0,72.0,0.0,0.0,1.4029017857142856,0.7,0.0,0.0,0.0,0.0,9.7,0.0,8.0,15.58
호소,대청호,문의,2022-10-24,20.1,7.9,8.5,2.8,2.0,11.5,360.0,0.0,0.0,136.0,224.0,0.0,0.0,1.4066964285714285,0.7,0.0,0.0,0.0,0.0,9.7,0.0,8.0,15.58
호소,대청호,추동,2022-10-31,19.3,7.9,9.1,3.7,2.1,10.2,890.0,0.0,130.0,632.0,128.0,0.0,0.0,1.4104910714285714,0.7,0.0,0.0,0.0,0.0,14.1,0.0,8.6,14.59
호소,대청호,회남,2022-10-31,19.3,7.6,7.0,3.3,2.3,6.2,412.0,120.0,72.0,144.0,76.0,0.0,0.0,1.4142857142857141,0.7,0.0,0.0,0.0,0.0,14.1,0.0,8.6,14.59
호소,대청호,문의,2022-10-31,19.5,7.7,8.1,3.9,1.9,7.8,868.0,160.0,0.0,292.0,416.0,0.0,0.0,1.418080357142857,0.7,0.0,0.0,0.0,0.0,14.1,0.0,8.6,14.59
호소,대청호,문의,2022-11-07,18.1,7.8,8.2,4.4,1.3,7.4,222.0,0.0,18.0,0.0,204.0,0.0,0.0,1.421875,0.7,0.0,0.0,0.0,0.0,9.6,0.0,6.5,10.89
호소,대청호,추동,2022-11-07,17.9,8.0,9.2,3.5,1.4,8.4,516.0,0.0,0.0,364.0,152.0,0.0,0.0,1.4256696428571427,0.7,0.0,0.0,0.0,0.0,9.6,0.0,6.5,10.89
호소,대청호,회남,2022-11-07,18.0,7.8,8.2,3.0,2.9,8.2,82.0,0.0,26.0,0.0,56.0,0.0,0.0,1.4294642857142856,0.7,0.0,0.0,0.0,0.0,9.6,0.0,6.5,10.89
호소,대청호,추동,2022-11-14,17.4,7.8,8.5,3.0,2.3,7.3,248.0,0.0,0.0,104.0,144.0,0.0,0.0,1.4332589285714286,0.7,0.0,0.0,0.0,0.0,9.5,0.0,1.6,6.15
호소,대청호,회남,2022-11-14,17.1,7.7,7.7,3.4,2.6,5.6,52.0,0.0,0.0,0.0,52.0,0.0,0.0,1.4370535714285713,0.7,0.0,0.0,0.0,0.0,9.5,0.0,1.6,6.15
호소,대청호,문의,2022-11-14,17.6,7.7,8.1,3.7,2.2,8.3,22.0,0.0,22.0,0.0,0.0,0.0,0.0,1.4408482142857142,0.7,0.0,0.0,0.0,0.0,9.5,0.0,1.6,6.15
호소,대청호,문의,2022-11-21,16.5,7.7,8.3,3.4,2.0,9.5,72.0,0.0,0.0,0.0,72.0,0.0,0.0,1.4446428571428571,0.7,0.0,0.0,0.0,0.0,11.7,0.0,8.5,10.93
호소,대청호,회남,2022-11-21,16.2,7.7,7.8,3.0,3.0,5.3,32.0,0.0,0.0,0.0,32.0,0.0,0.0,1.4484375,0.7,0.0,0.0,0.0,0.0,11.7,0.0,8.5,10.93
호소,대청호,추동,2022-11-21,16.5,7.8,8.6,3.2,1.9,8.0,254.0,0.0,102.0,0.0,152.0,0.0,0.0,1.4522321428571427,0.7,0.0,0.0,0.0,0.0,11.7,0.0,8.5,10.93
호소,대청호,문의,2022-11-28,15.3,7.7,8.5,2.7,1.8,9.5,46.0,0.0,46.0,0.0,0.0,0.0,0.0,1.4560267857142857,0.7,0.0,0.0,0.0,0.0,7.3,30.1,1.4,2.63
호소,대청호,회남,2022-11-28,15.2,7.7,8.3,3.0,2.8,5.9,212.0,0.0,0.0,0.0,212.0,0.0,0.0,1.4598214285714286,0.7,0.0,0.0,0.0,0.0,7.3,30.1,1.4,2.63
호소,대청호,추동,2022-11-28,15.3,7.8,9.0,3.0,2.0,10.2,84.0,0.0,0.0,0.0,84.0,0.0,0.0,1.4636160714285713,0.7,0.0,0.0,0.0,0.0,7.3,30.1,1.4,2.63
호소,대청호,문의,2022-12-05,12.9,7.7,9.2,2.9,1.7,9.6,0.0,0.0,0.0,0.0,0.0,0.0,0.0,1.4674107142857142,0.7,0.0,0.0,0.0,0.0,-2.2,0.0,6.2,9.97
호소,대청호,회남,2022-12-05,13.4,7.7,9.0,2.7,1.9,7.0,84.0,0.0,0.0,0.0,84.0,0.0,0.0,1.4712053571428572,0.7,0.0,0.0,0.0,0.0,-2.2,0.0,6.2,9.97
호소,대청호,추동,2022-12-05,12.8,7.9,9.9,3.5,1.7,10.7,148.0,0.0,0.0,0.0,148.0,0.0,0.0,1.4749999999999999,0.7,0.0,0.0,0.0,0.0,-2.2,0.0,6.2,9.97
호소,대청호,문의,2022-12-12,12.0,7.7,9.0,3.7,1.8,8.3,148.0,0.0,0.0,0.0,148.0,0.0,0.0,1.4787946428571428,0.7,0.0,0.0,0.0,0.0,1.6,0.0,4.2,6.82
호소,대청호,추동,2022-12-12,11.7,7.9,9.9,3.6,2.6,9.4,228.0,0.0,0.0,0.0,228.0,0.0,0.0,1.4825892857142857,0.7,0.0,0.0,0.0,0.0,1.6,0.0,4.2,6.82
호소,대청호,회남,2022-12-12,11.7,7.7,9.0,2.9,2.7,4.6,0.0,0.0,0.0,0.0,0.0,0.0,0.0,1.4863839285714284,0.7,0.0,0.0,0.0,0.0,1.6,0.0,4.2,6.82
호소,대청호,추동,2022-12-19,9.4,7.6,10.4,2.9,1.8,7.1,70.0,0.0,18.0,0.0,52.0,0.0,0.0,1.4901785714285714,0.7,0.0,0.0,0.0,0.0,-5.5,0.0,8.1,10.6
호소,대청호,문의,2022-12-19,9.9,7.4,9.5,3.8,1.7,6.4,0.0,0.0,0.0,0.0,0.0,0.0,0.0,1.4939732142857143,0.7,0.0,0.0,0.0,0.0,-5.5,0.0,8.1,10.6
호소,대청호,회남,2022-12-19,10.0,7.4,9.5,3.9,2.3,3.5,48.0,0.0,0.0,0.0,48.0,0.0,0.0,1.497767857142857,0.7,0.0,0.0,0.0,0.0,-5.5,0.0,8.1,10.6
호소,대청호,문의,2022-12-26,8.1,7.4,9.8,3.5,2.0,3.8,0.0,0.0,0.0,0.0,0.0,0.0,0.0,1.5015625,0.7,0.0,0.0,0.0,0.0,-3.6,0.0,6.1,8.18
호소,대청호,회남,2022-12-26,8.2,7.3,9.7,3.7,1.6,3.5,0.0,0.0,0.0,0.0,0.0,0.0,0.0,1.5053571428571428,0.7,0.0,0.0,0.0,0.0,-3.6,0.0,6.1,8.18
호소,대청호,추동,2022-12-26,8.0,7.4,10.1,4.0,1.8,4.0,0.0,0.0,0.0,0.0,0.0,0.0,0.0,1.5091517857142858,0.7,0.0,0.0,0.0,0.0,-3.6,0.0,6.1,8.18
호소,대청호,회남,2023-01-02,7.3,7.5,10.1,4.5,1.6,3.4,0.0,0.0,0.0,0.0,0.0,0.0,0.0,1.5129464285714285,0.7,0.0,0.0,0.0,0.0,-3.0,0.0,8.5,11.46
호소,대청호,추동,2023-01-02,7.1,7.5,10.3,4.2,1.3,4.3,56.0,0.0,0.0,0.0,56.0,0.0,0.0,1.5167410714285714,0.7,0.0,0.0,0.0,0.0,-3.0,0.0,8.5,11.46
호소,대청호,문의,2023-01-02,7.6,7.3,9.3,3.7,1.6,4.0,64.0,0.0,0.0,0.0,64.0,0.0,0.0,1.5205357142857143,0.7,0.0,0.0,0.0,0.0,-3.0,0.0,8.5,11.46
호소,대청호,추동,2023-01-09,6.5,7.5,10.6,3.6,2.2,3.9,0.0,0.0,0.0,0.0,0.0,0.0,0.0,1.524330357142857,0.7,0.0,0.0,0.0,0.0,1.9,0.0,3.3,6.14
호소,대청호,문의,2023-01-09,7.0,7.3,9.2,3.4,1.9,2.7,0.0,0.0,0.0,0.0,0.0,0.0,0.0,1.528125,0.7,0.0,0.0,0.0,0.0,1.9,0.0,3.3,6.14
호소,대청호,회남,2023-01-09,6.7,7.5,10.3,5.1,4.2,3.2,0.0,0.0,0.0,0.0,0.0,0.0,0.0,1.5319196428571429,0.7,0.0,0.0,0.0,0.0,1.9,0.0,3.3,6.14
호소,대청호,추동,2023-01-16,6.6,7.6,11.3,4.0,2.4,4.4,0.0,0.0,0.0,0.0,0.0,0.0,0.0,1.5357142857142856,0.7,0.0,0.0,0.0,0.0,-3.1,0.0,7.7,12.1
호소,대청호,회남,2023-01-16,6.3,7.5,10.5,5.1,1.7,3.7,0.0,0.0,0.0,0.0,0.0,0.0,0.0,1.5395089285714285,0.7,0.0,0.0,0.0,0.0,-3.1,0.0,7.7,12.1
호소,대청호,문의,2023-01-16,7.0,7.3,9.3,3.9,1.6,3.2,0.0,0.0,0.0,0.0,0.0,0.0,0.0,1.5433035714285714,0.7,0.0,0.0,0.0,0.0,-3.1,0.0,7.7,12.1
호소,대청호,문의,2023-01-25,5.2,7.5,10.8,3.6,1.7,3.2,0.0,0.0,0.0,0.0,0.0,0.0,0.0,1.5470982142857141,0.7,0.0,0.0,0.0,0.0,-11.4,0.0,9.3,14.04
호소,대청호,회남,2023-01-25,5.5,7.6,11.2,4.5,1.9,3.9,0.0,0.0,0.0,0.0,0.0,0.0,0.0,1.550892857142857,0.7,0.0,0.0,0.0,0.0,-11.4,0.0,9.3,14.04
호소,대청호,추동,2023-01-25,5.1,7.6,11.5,3.8,2.0,4.6,0.0,0.0,0.0,0.0,0.0,0.0,0.0,1.5546875,0.7,0.0,0.0,0.0,0.0,-11.4,0.0,9.3,14.04
호소,대청호,회남,2023-01-30,4.8,7.5,11.4,5.2,1.1,3.2,0.0,0.0,0.0,0.0,0.0,0.0,0.0,1.5584821428571427,0.7,0.0,0.0,0.0,0.0,-0.4,0.0,9.4,14.24
호소,대청호,문의,2023-01-30,4.6,7.4,11.0,4.4,1.4,2.5,0.0,0.0,0.0,0.0,0.0,0.0,0.0,1.5622767857142856,0.7,0.0,0.0,0.0,0.0,-0.4,0.0,9.4,14.24
호소,대청호,추동,2023-01-30,3.9,7.5,12.0,4.1,1.7,4.0,0.0,0.0,0.0,0.0,0.0,0.0,0.0,1.5660714285714286,0.7,0.0,0.0,0.0,0.0,-0.4,0.0,9.4,14.24
호소,대청호,문의,2023-02-06,5.3,7.4,11.1,4.4,1.3,2.8,0.0,0.0,0.0,0.0,0.0,0.0,0.0,1.5698660714285713,0.7,0.0,0.0,0.0,0.0,2.1,0.0,6.2,11.59
호소,대청호,추동,2023-02-06,4.4,7.5,12.1,4.5,1.4,3.9,0.0,0.0,0.0,0.0,0.0,0.0,0.0,1.5736607142857142,0.7,0.0,0.0,0.0,0.0,2.1,0.0,6.2,11.59
호소,대청호,회남,2023-02-06,4.9,7.5,11.7,5.4,1.0,2.9,0.0,0.0,0.0,0.0,0.0,0.0,0.0,1.5774553571428571,0.7,0.0,0.0,0.0,0.0,2.1,0.0,6.2,11.59
호소,대청호,회남,2023-02-13,4.7,7.5,11.6,4.8,1.5,2.5,0.0,0.0,0.0,0.0,0.0,0.0,0.0,1.58125,0.7,0.0,0.0,0.0,0.0,6.3,0.0,0.4,6.84
호소,대청호,문의,2023-02-13,5.2,7.4,11.3,4.6,1.4,2.6,0.0,0.0,0.0,0.0,0.0,0.0,0.0,1.5850446428571427,0.7,0.0,0.0,0.0,0.0,6.3,0.0,0.4,6.84
호소,대청호,추동,2023-02-13,4.8,7.5,12.0,4.8,1.1,2.6,0.0,0.0,0.0,0.0,0.0,0.0,0.0,1.5888392857142857,0.7,0.0,0.0,0.0,0.0,6.3,0.0,0.4,6.84
호소,대청호,문의,2023-02-20,5.4,7.4,11.4,4.9,1.0,2.7,0.0,0.0,0.0,0.0,0.0,0.0,0.0,1.5926339285714286,0.7,0.0,0.0,0.0,0.0,-0.1,0.0,7.3,15.94
호소,대청호,추동,2023-02-20,5.2,7.5,12.1,5.1,1.5,3.2,0.0,0.0,0.0,0.0,0.0,0.0,0.0,1.5964285714285713,0.7,0.0,0.0,0.0,0.0,-0.1,0.0,7.3,15.94
호소,대청호,회남,2023-02-20,4.8,7.5,12.0,6.2,1.4,3.0,0.0,0.0,0.0,0.0,0.0,0.0,0.0,1.6002232142857142,0.7,0.0,0.0,0.0,0.0,-0.1,0.0,7.3,15.94
호소,대청호,문의,2023-02-27,5.6,7.5,11.6,4.7,0.8,2.4,0.0,0.0,0.0,0.0,0.0,0.0,0.0,1.6040178571428572,0.7,0.0,0.0,0.0,0.0,4.4,0.0,10.5,18.96
호소,대청호,추동,2023-02-27,5.6,7.6,12.3,5.3,1.4,2.7,0.0,0.0,0.0,0.0,0.0,0.0,0.0,1.6078124999999999,0.7,0.0,0.0,0.0,0.0,4.4,0.0,10.5,18.96
호소,대청호,회남,2023-02-27,5.4,7.6,12.2,5.7,1.3,2.5,0.0,0.0,0.0,0.0,0.0,0.0,0.0,1.6116071428571428,0.7,0.0,0.0,0.0,0.0,4.4,0.0,10.5,18.96
호소,대청호,문의,2023-03-06,6.0,7.6,11.8,4.8,1.0,2.7,0.0,0.0,0.0,0.0,0.0,0.0,0.0,1.6154017857142857,0.7,0.0,0.0,0.0,0.0,8.3,0.0,10.5,19.25
호소,대청호,회남,2023-03-06,5.8,7.6,12.2,5.7,0.9,2.9,0.0,0.0,0.0,0.0,0.0,0.0,0.0,1.6191964285714284,0.7,0.0,0.0,0.0,0.0,8.3,0.0,10.5,19.25
호소,대청호,추동,2023-03-06,6.3,7.7,12.6,3.8,1.4,3.9,0.0,0.0,0.0,0.0,0.0,0.0,0.0,1.6229910714285714,0.7,0.0,0.0,0.0,0.0,8.3,0.0,10.5,19.25
호소,대청호,문의,2023-03-13,7.1,7.5,11.6,3.4,1.5,3.5,0.0,0.0,0.0,0.0,0.0,0.0,0.0,1.6267857142857143,0.7,0.0,0.0,0.0,0.0,3.5,0.0,10.9,21.29
호소,대청호,추동,2023-03-13,7.0,7.5,12.0,3.0,1.6,3.1,0.0,0.0,0.0,0.0,0.0,0.0,0.0,1.630580357142857,0.7,0.0,0.0,0.0,0.0,3.5,0.0,10.9,21.29
호소,대청호,회남,2023-03-13,6.6,7.5,12.1,4.3,1.5,3.4,0.0,0.0,0.0,0.0,0.0,0.0,0.0,1.634375,0.7,0.0,0.0,0.0,0.0,3.5,0.0,10.9,21.29
호소,대청호,회남,2023-03-20,7.2,7.6,12.1,4.7,1.1,3.6,0.0,0.0,0.0,0.0,0.0,0.0,0.0,1.6381696428571428,0.7,0.0,0.0,0.0,0.0,10.6,0.0,10.1,20.84
호소,대청호,추동,2023-03-20,8.2,7.6,11.9,3.2,1.2,3.1,0.0,0.0,0.0,0.0,0.0,0.0,0.0,1.6419642857142858,0.7,0.0,0.0,0.0,0.0,10.6,0.0,10.1,20.84
호소,대청호,문의,2023-03-20,7.0,7.4,11.3,4.8,1.3,2.6,0.0,0.0,0.0,0.0,0.0,0.0,0.0,1.6457589285714285,0.7,0.0,0.0,0.0,0.0,10.6,0.0,10.1,20.84
호소,대청호,추동,2023-03-27,9.0,7.8,11.7,3.3,1.6,3.2,0.0,0.0,0.0,0.0,0.0,0.0,0.0,1.6495535714285714,0.7,0.0,0.0,0.0,0.0,7.4,0.0,11.2,23.38
호소,대청호,회남,2023-03-27,7.4,7.7,11.8,4.3,1.1,2.9,0.0,0.0,0.0,0.0,0.0,0.0,0.0,1.6533482142857143,0.7,0.0,0.0,0.0,0.0,7.4,0.0,11.2,23.38
호소,대청호,문의,2023-03-27,8.6,7.9,11.9,4.3,1.5,3.2,0.0,0.0,0.0,0.0,0.0,0.0,0.0,1.657142857142857,0.7,0.0,0.0,0.0,0.0,7.4,0.0,11.2,23.38
호소,대청호,추동,2023-04-03,9.3,7.7,11.3,3.0,1.5,3.4,0.0,0.0,0.0,0.0,0.0,0.0,0.0,1.6609375,0.7,0.0,0.0,0.0,0.0,16.8,0.0,11.1,23.32
호소,대청호,문의,2023-04-03,11.8,8.0,12.2,3.8,1.5,3.2,0.0,0.0,0.0,0.0,0.0,0.0,0.0,1.6647321428571429,0.7,0.0,0.0,0.0,0.0,16.8,0.0,11.1,23.32
호소,대청호,회남,2023-04-03,8.3,7.7,11.7,3.5,1.0,3.7,0.0,0.0,0.0,0.0,0.0,0.0,0.0,1.6685267857142856,0.7,0.0,0.0,0.0,0.0,16.8,0.0,11.1,23.32
호소,대청호,추동,2023-04-10,9.7,7.8,11.0,3.2,2.2,3.7,0.0,0.0,0.0,0.0,0.0,0.0,0.0,1.6723214285714285,0.7,0.0,0.0,0.0,0.0,12.6,0.0,11.3,23.51
호소,대청호,문의,2023-04-10,11.6,8.0,11.5,3.9,1.5,3.7,0.0,0.0,0.0,0.0,0.0,0.0,0.0,1.6761160714285714,0.7,0.0,0.0,0.0,0.0,12.6,0.0,11.3,23.51
호소,대청호,회남,2023-04-10,8.9,7.8,11.3,3.0,1.3,4.3,0.0,0.0,0.0,0.0,0.0,0.0,0.0,1.6799107142857141,0.7,0.0,0.0,0.0,0.0,12.6,0.0,11.3,23.51
호소,대청호,추동,2023-04-17,11.1,8.0,10.9,2.9,2.3,3.5,0.0,0.0,0.0,0.0,0.0,0.0,0.0,1.683705357142857,0.7,0.0,0.0,0.0,0.0,13.6,0.0,10.8,23.73
호소,대청호,문의,2023-04-17,11.6,8.0,11.6,3.7,1.3,4.5,0.0,0.0,0.0,0.0,0.0,0.0,0.0,1.6875,0.7,0.0,0.0,0.0,0.0,13.6,0.0,10.8,23.73
호소,대청호,회남,2023-04-17,15.4,7.9,11.0,2.5,1.5,4.3,0.0,0.0,0.0,0.0,0.0,0.0,0.0,1.6912946428571427,0.7,0.0,0.0,0.0,0.0,13.6,0.0,10.8,23.73
호소,대청호,회남,2023-04-24,10.2,7.9,10.4,2.5,1.6,5.6,0.0,0.0,0.0,0.0,0.0,0.0,0.0,1.6950892857142856,0.7,0.0,0.0,0.0,0.0,15.0,0.0,4.1,17.15
호소,대청호,추동,2023-04-24,12.6,8.0,10.3,2.7,2.5,3.3,0.0,0.0,0.0,0.0,0.0,0.0,0.0,1.6988839285714286,0.7,0.0,0.0,0.0,0.0,15.0,0.0,4.1,17.15
호소,대청호,문의,2023-04-24,14.4,8.2,11.2,3.6,1.9,4.1,0.0,0.0,0.0,0.0,0.0,0.0,0.0,1.7026785714285713,0.7,0.0,0.0,0.0,0.0,15.0,0.0,4.1,17.15
호소,대청호,회남,2023-05-02,10.9,8.0,9.8,2.8,1.9,3.5,0.0,0.0,0.0,0.0,0.0,0.0,0.0,1.7064732142857142,0.7,0.0,0.0,0.0,0.0,17.0,0.0,10.2,25.5
호소,대청호,추동,2023-05-02,12.3,8.0,9.7,2.2,3.7,3.6,0.0,0.0,0.0,0.0,0.0,0.0,0.0,1.7102678571428571,0.7,0.0,0.0,0.0,0.0,17.0,0.0,10.2,25.5
호소,대청호,문의,2023-05-02,15.3,8.2,10.8,2.6,2.2,2.3,0.0,0.0,0.0,0.0,0.0,0.0,0.0,1.7140625,0.7,0.0,0.0,0.0,0.0,17.0,0.0,10.2,25.5
호소,대청호,추동,2023-05-08,12.8,7.7,9.2,2.3,2.8,3.5,0.0,0.0,0.0,0.0,0.0,0.0,0.0,1.7178571428571427,0.7,0.0,0.0,0.0,0.0,13.7,0.0,11.2,26.74
호소,대청호,문의,2023-05-08,15.5,8.2,10.6,2.6,2.2,4.6,0.0,0.0,0.0,0.0,0.0,0.0,0.0,1.7216517857142857,0.7,0.0,0.0,0.0,0.0,13.7,0.0,11.2,26.74
호소,대청호,회남,2023-05-08,11.0,7.8,9.0,2.4,2.0,4.5,0.0,0.0,0.0,0.0,0.0,0.0,0.0,1.7254464285714286,0.7,0.0,0.0,0.0,0.0,13.7,0.0,11.2,26.74
호소,대청호,추동,2023-05-15,14.8,8.3,9.7,2.2,2.7,10.2,0.0,0.0,0.0,0.0,0.0,0.0,0.0,1.7292410714285713,0.7,0.0,0.0,0.0,0.0,20.5,0.0,12.7,27.74
호소,대청호,문의,2023-05-15,17.2,8.6,11.1,3.9,1.5,5.0,0.0,0.0,0.0,0.0,0.0,0.0,0.0,1.7330357142857142,0.7,0.0,0.0,0.0,0.0,20.5,0.0,12.7,27.74
호소,대청호,회남,2023-05-15,12.6,8.1,8.7,1.4,3.2,19.7,0.0,0.0,0.0,0.0,0.0,0.0,0.0,1.7368303571428572,0.7,0.0,0.0,0.0,0.0,20.5,0.0,12.7,27.74
호소,대청호,추동,2023-05-22,16.8,8.3,10.1,2.8,1.9,10.1,0.0,0.0,0.0,0.0,0.0,0.0,0.0,1.7406249999999999,0.7,0.0,0.0,0.0,0.0,17.5,5.7,3.4,13.64
호소,대청호,문의,2023-05-22,17.3,8.5,10.7,4.5,1.5,6.7,0.0,0.0,0.0,0.0,0.0,0.0,0.0,1.7444196428571428,0.7,0.0,0.0,0.0,0.0,17.5,5.7,3.4,13.64
호소,대청호,회남,2023-05-22,12.4,8.0,8.1,2.7,2.1,5.0,0.0,0.0,0.0,0.0,0.0,0.0,0.0,1.7482142857142857,0.7,0.0,0.0,0.0,0.0,17.5,5.7,3.4,13.64
호소,대청호,문의,2023-05-30,18.5,8.5,10.2,4.3,1.8,3.8,0.0,0.0,0.0,0.0,0.0,0.0,0.0,1.7520089285714284,0.7,0.0,0.0,0.0,0.0,21.6,0.0,7.0,22.34
호소,대청호,회남,2023-05-30,14.0,7.9,6.0,2.3,5.0,5.6,0.0,0.0,0.0,0.0,0.0,0.0,0.0,1.7558035714285714,0.7,0.0,0.0,0.0,0.0,21.6,0.0,7.0,22.34
호소,대청호,추동,2023-05-30,16.2,8.3,9.1,3.4,2.1,13.8,0.0,0.0,0.0,0.0,0.0,0.0,0.0,1.7595982142857143,0.7,0.0,0.0,0.0,0.0,21.6,0.0,7.0,22.34
호소,대청호,문의,2023-06-05,21.2,8.5,10.2,4.2,2.0,3.7,0.0,0.0,0.0,0.0,0.0,0.0,0.0,1.763392857142857,0.7,0.0,0.0,0.0,0.0,21.5,0.0,9.4,23.26
호소,대청호,회남,2023-06-05,14.6,8.1,7.1,2.2,3.4,5.5,0.0,0.0,0.0,0.0,0.0,0.0,0.0,1.7671875,0.7,0.0,0.0,0.0,0.0,21.5,0.0,9.4,23.26
호소,대청호,추동,2023-06-05,18.8,8.3,9.1,2.3,1.9,5.0,0.0,0.0,0.0,0.0,0.0,0.0,0.0,1.7709821428571428,0.7,0.0,0.0,0.0,0.0,21.5,0.0,9.4,23.26
호소,대청호,회남,2023-06-12,16.7,8.0,5.9,2.4,2.4,2.8,334.0,80.0,254.0,0.0,0.0,0.0,0.0,1.7747767857142858,0.7,0.0,0.0,0.0,0.0,23.3,0.0,8.6,26.75
호소,대청호,추동,2023-06-12,20.0,8.2,7.4,2.4,1.9,4.7,0.0,0.0,0.0,0.0,0.0,0.0,0.0,1.7785714285714285,0.7,0.0,0.0,0.0,0.0,23.3,0.0,8.6,26.75
호소,대청호,문의,2023-06-12,22.3,8.4,9.3,4.7,1.7,3.8,770.0,180.0,506.0,0.0,84.0,0.0,0.0,1.7823660714285714,0.7,0.0,0.0,0.0,0.0,23.3,0.0,8.6,26.75
호소,대청호,문의,2023-06-19,23.9,8.5,9.2,3.7,3.1,12.8,496.0,0.0,12.0,0.0,484.0,0.0,0.0,1.7861607142857143,0.7,0.0,0.0,0.0,0.0,27.0,0.0,11.2,26.78
호소,대청호,회남,2023-06-19,16.5,7.9,5.5,3.0,2.0,6.5,176.0,44.0,48.0,0.0,84.0,0.0,0.0,1.789955357142857,0.7,0.0,0.0,0.0,0.0,27.0,0.0,11.2,26.78
호소,대청호,추동,2023-06-19,21.9,8.1,6.7,3.0,2.2,8.5,0.0,0.0,0.0,0.0,0.0,0.0,0.0,1.79375,0.7,0.0,0.0,0.0,0.0,27.0,0.0,11.2,26.78
호소,대청호,회남,2023-06-26,18.0,7.9,4.5,2.0,3.9,8.8,0.0,0.0,0.0,0.0,0.0,0.0,0.0,1.7975446428571429,0.7,0.0,0.0,0.0,0.0,23.8,54.5,0.0,5.04
호소,대청호,추동,2023-06-26,22.6,8.0,6.0,1.5,2.7,10.3,72.0,0.0,0.0,0.0,72.0,0.0,0.0,1.8013392857142856,0.7,0.0,0.0,0.0,0.0,23.8,54.5,0.0,5.04
호소,대청호,문의,2023-06-26,25.9,8.6,9.3,3.0,2.6,10.4,230.0,0.0,54.0,0.0,176.0,0.0,0.0,1.8051339285714285,0.7,0.0,0.0,0.0,0.0,23.8,54.5,0.0,5.04
호소,대청호,추동,2023-07-03,24.2,8.2,6.3,3.2,2.3,7.3,32.0,0.0,0.0,0.0,32.0,0.0,0.0,1.8089285714285714,0.7,0.0,0.0,0.0,0.0,28.4,0.0,6.4,21.03
호소,대청호,문의,2023-07-03,25.4,8.2,6.7,3.0,2.0,4.4,240.0,0.0,68.0,0.0,172.0,0.0,0.0,1.8127232142857141,0.7,0.0,0.0,0.0,0.0,28.4,0.0,6.4,21.03
호소,대청호,회남,2023-07-03,18.6,7.9,4.6,2.1,3.5,5.0,760.0,760.0,0.0,0.0,0.0,0.0,0.0,1.816517857142857,0.7,0.0,0.0,0.0,0.0,28.4,0.0,6.4,21.03
호소,대청호,문의,2023-07-10,25.4,7.7,5.5,2.0,4.8,5.6,82.0,0.0,34.0,0.0,48.0,0.0,0.0,1.8203125,0.7,0.0,0.0,0.0,0.0,26.5,36.2,8.3,22.11
호소,대청호,추동,2023-07-10,24.7,7.9,5.3,1.5,4.9,9.6,164.0,0.0,0.0,0.0,164.0,0.0,0.0,1.8241071428571427,0.7,0.0,0.0,0.0,0.0,26.5,36.2,8.3,22.11
호소,대청호,회남,2023-07-10,19.5,7.8,6.0,1.5,8.5,7.0,0.0,0.0,0.0,0.0,0.0,0.0,0.0,1.8279017857142856,0.7,0.0,0.0,0.0,0.0,26.5,36.2,8.3,22.11
호소,대청호,추동,2023-07-17,23.0,6.7,4.6,1.0,13.8,6.1,176.0,0.0,0.0,0.0,176.0,0.0,0.0,1.8316964285714286,0.7,0.0,0.0,0.0,0.0,25.4,30.9,3.8,17.49
호소,대청호,문의,2023-07-17,23.7,6.9,4.9,1.0,47.6,3.1,232.0,0.0,0.0,0.0,232.0,0.0,0.0,1.8354910714285713,0.7,0.0,0.0,0.0,0.0,25.4,30.9,3.8,17.49
호소,대청호,회남,2023-07-17,22.4,6.6,7.7,0.4,62.3,3.6,26.0,0.0,26.0,0.0,0.0,0.0,0.0,1.8392857142857142,0.7,0.0,0.0,0.0,0.0,25.4,30.9,3.8,17.49
호소,대청호,문의,2023-07-24,23.099999999999998,6.8999999999999995,7.675,0.875,49.55,4.075,204.5,185.0,19.5,0.0,0.0,0.0,0.0,1.8430803571428571,0.7,0.0,0.0,0.0,0.0,26.1,5.1,3.9,14.9
호소,대청호,회남,2023-07-24,23.799999999999997,7.199999999999999,7.65,1.35,36.8,4.55,383.0,370.0,13.0,0.0,0.0,0.0,0.0,1.846875,0.7,0.0,0.0,0.0,0.0,26.1,5.1,3.9,14.9
호소,대청호,추동,2023-07-24,24.5,7.5,7.625,1.8249999999999997,24.049999999999997,5.025,561.5,555.0,6.5,0.0,0.0,0.0,0.0,1.8506696428571427,0.7,0.0,0.0,0.0,0.0,26.1,5.1,3.9,14.9
호소,대청호,회남,2023-07-31,25.2,7.8,7.6,2.3,11.3,5.5,740.0,740.0,0.0,0.0,0.0,0.0,0.0,1.8544642857142857,0.7,0.0,0.0,0.0,0.0,27.8,0.0,9.1,21.85
호소,대청호,추동,2023-07-31,24.8,8.1,8.1,1.1,8.7,14.1,4106.0,1020.0,3050.0,0.0,36.0,0.0,0.0,1.8582589285714286,0.7,0.0,0.0,0.0,0.0,27.8,0.0,9.1,21.85
호소,대청호,문의,2023-07-31,26.0,8.3,8.8,1.0,9.9,20.5,4898.0,4272.0,550.0,0.0,76.0,0.0,0.0,1.8620535714285713,0.7,0.0,0.0,0.0,0.0,27.8,0.0,9.1,21.85
호소,대청호,회남,2023-08-07,25.7,7.8,7.6,2.1,16.5,14.4,4580.0,4580.0,0.0,0.0,0.0,0.0,0.0,1.8658482142857142,0.7,0.0,0.0,0.0,0.0,29.7,0.0,8.3,22.87
호소,대청호,문의,2023-08-07,27.0,8.7,9.7,1.2,8.9,17.8,7324.0,7220.0,0.0,104.0,0.0,0.0,0.0,1.8696428571428572,0.7,0.0,0.0,0.0,0.0,29.7,0.0,8.3,22.87
호소,대청호,추동,2023-08-07,25.8,7.9,7.5,1.4,6.4,34.3,4676.0,480.0,3972.0,224.0,0.0,0.0,0.0,1.8734374999999999,0.7,0.0,0.0,0.0,0.0,29.7,0.0,8.3,22.87
호소,대청호,추동,2023-08-14,25.7,8.0,7.8,1.2,7.5,29.7,6852.0,3300.0,2236.0,1316.0,0.0,0.0,0.0,1.8772321428571428,0.7,0.0,0.0,0.0,0.0,28.1,0.0,9.2,23.99
호소,대청호,회남,2023-08-14,24.6,7.8,9.0,1.2,29.1,19.6,6372.0,6300.0,72.0,0.0,0.0,0.0,0.0,1.8810267857142857,0.7,0.0,0.0,0.0,0.0,28.1,0.0,9.2,23.99
호소,대청호,문의,2023-08-14,26.7,8.4,9.3,1.0,8.8,29.3,16068.0,15520.0,0.0,548.0,0.0,0.0,0.0,1.8848214285714284,0.7,0.0,0.0,0.0,0.0,28.1,0.0,9.2,23.99
호소,대청호,문의,2023-08-21,27.4,8.8,8.5,0.5,18.9,47.0,29712.0,28900.0,0.0,812.0,0.0,0.0,0.0,1.8886160714285714,0.7,0.0,0.0,0.0,0.0,29.2,0.0,8.0,19.76
호소,대청호,추동,2023-08-21,26.4,8.0,7.1,1.0,10.7,24.8,9092.0,6100.0,1088.0,1904.0,0.0,0.0,0.0,1.8924107142857143,0.7,0.0,0.0,0.0,0.0,29.2,0.0,8.0,19.76
호소,대청호,회남,2023-08-21,25.9,8.2,8.9,0.8,17.3,17.5,9204.0,8880.0,12.0,312.0,0.0,0.0,0.0,1.896205357142857,0.7,0.0,0.0,0.0,0.0,29.2,0.0,8.0,19.76
호소,대청호,문의,2023-08-24,26.4,8.2,7.4,0.4,12.7,41.5,30068.0,29920.0,0.0,148.0,0.0,0.0,0.0,1.9,0.7,0.0,0.0,0.0,0.0,25.5,44.3,0.6,8.54
호소,대청호,문의,2023-08-28,26.2,8.4,7.1,0.6,23.1,60.7,73584.0,73240.0,0.0,344.0,0.0,0.0,0.0,2.0,0.7,0.0,0.0,0.0,0.0,26.1,0.0,1.1,11.02
호소,대청호,추동,2023-08-28,25.4,8.0,5.0,0.8,6.7,16.5,9042.0,3940.0,242.0,4860.0,0.0,0.0,0.0,1.6,0.7,0.0,0.0,0.0,0.0,26.1,0.0,1.1,11.02
호소,대청호,회남,2023-08-28,24.9,8.0,7.8,0.6,19.1,29.0,12408.0,12360.0,0.0,48.0,0.0,0.0,0.0,1.2000000000000002,0.7,0.0,0.0,0.0,0.0,26.1,0.0,1.1,11.02
호소,대청호,문의,2023-08-31,25.9,8.2,5.5,1.0,10.0,18.9,18948.0,18900.0,0.0,48.0,0.0,0.0,0.0,0.8,0.7,0.0,0.0,0.0,0.0,22.5,0.0,4.3,15.62
호소,대청호,문의,2023-09-04,26.9,8.4,7.0,0.3,33.3,59.4,94208.0,93240.0,0.0,968.0,0.0,0.0,0.0,1.7,0.7,0.0,0.0,0.0,0.0,27.4,0.0,2.6,15.27
호소,대청호,추동,2023-09-04,26.2,8.0,6.6,0.6,13.0,26.3,38812.0,25440.0,268.0,13104.0,0.0,0.0,0.0,1.5999999999999999,0.7,0.0,0.0,0.0,0.0,27.4,0.0,2.6,15.27
호소,대청호,회남,2023-09-04,25.0,7.7,7.3,1.1,11.8,19.1,8220.0,7920.0,128.0,172.0,0.0,0.0,0.0,1.5,0.7,0.0,0.0,0.0,0.0,27.4,0.0,2.6,15.27
호소,대청호,문의,2023-09-07,26.2,8.2,6.0,1.0,14.8,33.1,51248.0,50520.0,0.0,728.0,0.0,0.0,0.0,1.4,0.7,0.0,0.0,0.0,0.0,25.0,0.0,12.0,24.37
호소,대청호,문의,2023-09-11,26.3,8.4,5.8,0.4,19.4,28.7,56024.0,55680.0,0.0,344.0,0.0,0.0,0.0,1.7,0.7,0.0,0.0,0.0,0.0,25.2,0.0,6.6,16.71
호소,대청호,회남,2023-09-11,24.8,7.8,5.7,1.7,8.5,7.4,6548.0,6260.0,192.0,96.0,0.0,0.0,0.0,1.7,0.7,0.0,0.0,0.0,0.0,25.2,0.0,6.6,16.71
호소,대청호,추동,2023-09-11,25.9,8.0,5.4,0.7,17.7,28.0,35504.0,19080.0,164.0,16260.0,0.0,0.0,0.0,1.7,0.7,0.0,0.0,0.0,0.0,25.2,0.0,6.6,16.71
호소,대청호,문의,2023-09-18,26.3,8.1,5.4,0.5,18.5,28.7,42000.0,42000.0,0.0,0.0,0.0,0.0,0.0,1.7,0.7,0.0,0.0,0.0,0.0,24.5,2.2,7.4,19.23
호소,대청호,회남,2023-09-18,24.3,7.4,3.8,2.3,9.0,5.5,4604.0,3520.0,0.0,1084.0,0.0,0.0,0.0,1.15,0.7,0.0,0.0,0.0,0.0,24.5,2.2,7.4,19.23
호소,대청호,추동,2023-09-18,25.8,7.4,4.3,0.7,9.1,14.0,7752.0,5240.0,0.0,2512.0,0.0,0.0,0.0,0.6,0.7,0.0,0.0,0.0,0.0,24.5,2.2,7.4,19.23
호소,대청호,추동,2023-09-21,25.2,7.0,3.7,1.8,18.7,6.4,5942.0,3820.0,162.0,1960.0,0.0,0.0,0.0,0.5,0.7,0.0,0.0,0.0,0.0,18.4,3.0,0.0,6.85
호소,대청호,문의,2023-09-21,25.3,7.5,3.4,1.3,16.8,10.8,8148.0,8148.0,0.0,0.0,0.0,0.0,0.0,1.3,0.7,0.0,0.0,0.0,0.0,18.4,3.0,0.0,6.85
호소,대청호,회남,2023-09-25,23.9,7.0,5.0,2.3,6.3,11.3,2888.0,2020.0,0.0,868.0,0.0,0.0,1.5,1.2935251798561151,0.7,0.0,0.0,0.0,0.0,21.4,4.0,2.9,13.23
호소,대청호,문의,2023-09-25,25.1,7.5,4.0,1.4,9.8,10.7,7542.0,7174.0,0.0,368.0,0.0,0.0,3.0,1.2870503597122303,0.7,0.0,0.0,0.0,0.0,21.4,4.0,2.9,13.23
호소,대청호,추동,2023-09-25,24.8,7.0,3.6,1.5,6.6,6.1,5864.0,5180.0,0.0,588.0,96.0,0.058394160583941604,3.0072992700729926,1.2805755395683454,0.7,0.0,0.0,0.0,0.0,21.4,4.0,2.9,13.23
호소,대청호,회남,2023-10-04,23.3,7.0,5.1,2.5,2.8,6.9,598.0,420.0,178.0,0.0,0.0,0.11678832116788321,3.0145985401459856,1.2741007194244605,0.7,0.0,0.0,0.0,0.0,17.8,0.0,8.2,17.26
호소,대청호,문의,2023-10-04,24.1,7.1,5.0,1.7,7.0,9.9,6872.0,4920.0,0.0,1952.0,0.0,0.17518248175182483,3.021897810218978,1.2676258992805756,0.7,0.0,0.0,0.0,0.0,17.8,0.0,8.2,17.26
호소,대청호,추동,2023-10-04,23.8,7.1,4.2,1.7,4.3,13.9,3906.0,3680.0,226.0,0.0,0.0,0.23357664233576642,3.0291970802919708,1.2611510791366907,0.7,0.0,0.0,0.0,0.0,17.8,0.0,8.2,17.26
호소,대청호,회남,2023-10-10,22.8,7.2,6.0,1.8,5.2,15.8,630.0,360.0,270.0,0.0,0.0,0.291970802919708,3.0364963503649633,1.2546762589928058,0.7,0.0,0.0,0.0,0.0,16.5,0.0,9.4,17.68
호소,대청호,문의,2023-10-10,23.1,7.4,6.2,1.7,5.3,13.5,5344.0,5320.0,0.0,24.0,0.0,0.35036496350364965,3.0437956204379564,1.2482014388489209,0.7,0.0,0.0,0.0,0.0,16.5,0.0,9.4,17.68
호소,대청호,추동,2023-10-10,23.1,7.2,6.5,1.9,3.7,7.5,2084.0,1650.0,434.0,0.0,0.0,0.40875912408759124,3.051094890510949,1.241726618705036,0.7,0.0,0.0,0.0,0.0,16.5,0.0,9.4,17.68
호소,대청호,회남,2023-10-16,22.0,7.1,7.0,1.7,5.6,15.9,206.0,80.0,126.0,0.0,0.0,0.46715328467153283,3.0583941605839415,1.235251798561151,0.7,0.0,0.0,0.0,0.0,14.7,0.0,8.9,15.47
호소,대청호,문의,2023-10-16,22.3,7.3,6.9,1.5,7.1,15.1,6592.0,6300.0,292.0,0.0,0.0,0.5255474452554745,3.065693430656934,1.2287769784172662,0.7,0.0,0.0,0.0,0.0,14.7,0.0,8.9,15.47
호소,대청호,추동,2023-10-16,22.3,7.3,7.2,1.8,4.1,21.4,3838.0,1840.0,1998.0,0.0,0.0,0.583941605839416,3.072992700729927,1.2223021582733813,0.7,0.0,0.0,0.0,0.0,14.7,0.0,8.9,15.47
호소,대청호,문의,2023-10-23,21.2,7.4,6.7,2.3,3.8,13.2,3370.0,3000.0,370.0,0.0,0.0,0.6423357664233577,3.0802919708029197,1.2158273381294964,0.7,0.0,0.0,0.0,0.0,13.7,0.0,7.3,12.92
호소,대청호,추동,2023-10-23,20.9,7.4,8.1,1.6,3.8,25.0,1730.0,1100.0,630.0,0.0,0.0,0.7007299270072993,3.0875912408759123,1.2093525179856115,0.7,0.0,0.0,0.0,0.0,13.7,0.0,7.3,12.92
호소,대청호,회남,2023-10-23,21.3,7.4,7.4,1.8,3.6,16.5,640.0,480.0,64.0,0.0,96.0,0.7591240875912408,3.094890510948905,1.2028776978417266,0.7,0.0,0.0,0.0,0.0,13.7,0.0,7.3,12.92
호소,대청호,문의,2023-10-30,20.7,7.1,7.2,1.5,5.0,18.7,4498.0,4080.0,418.0,0.0,0.0,0.8175182481751825,3.102189781021898,1.1964028776978417,0.7,0.0,0.0,0.0,0.0,14.1,0.0,9.6,14.52
호소,대청호,추동,2023-10-30,20.4,7.1,7.8,2.6,2.9,16.5,2154.0,2020.0,134.0,0.0,0.0,0.875912408759124,3.1094890510948905,1.1899280575539568,0.7,0.0,0.0,0.0,0.0,14.1,0.0,9.6,14.52
호소,대청호,회남,2023-10-30,20.4,7.0,6.9,2.0,3.9,8.5,260.0,260.0,0.0,0.0,0.0,0.9343065693430657,3.116788321167883,1.183453237410072,0.7,0.0,0.0,0.0,0.0,14.1,0.0,9.6,14.52
호소,대청호,회남,2023-11-06,19.9,7.0,7.0,2.5,3.4,6.1,0.0,0.0,0.0,0.0,0.0,0.9927007299270073,3.124087591240876,1.176978417266187,0.7,0.0,0.0,0.0,0.0,15.5,11.5,3.1,7.65
호소,대청호,추동,2023-11-06,20.2,7.0,7.6,2.2,3.2,10.8,520.0,520.0,0.0,0.0,0.0,1.051094890510949,3.1313868613138687,1.1705035971223021,0.7,0.0,0.0,0.0,0.0,15.5,11.5,3.1,7.65
호소,대청호,문의,2023-11-06,20.3,7.2,7.2,1.7,3.6,11.4,3040.0,2860.0,180.0,0.0,0.0,1.1094890510948905,3.1386861313868613,1.1640287769784172,0.7,0.0,0.0,0.0,0.0,15.5,11.5,3.1,7.65
호소,대청호,추동,2023-11-13,17.6,7.1,8.1,2.1,3.5,10.9,760.0,760.0,0.0,0.0,0.0,1.167883211678832,3.145985401459854,1.1575539568345323,0.7,0.0,0.0,0.0,0.0,2.4,0.0,9.4,13.97
호소,대청호,문의,2023-11-13,18.0,7.1,7.7,1.8,5.5,11.6,3360.0,3360.0,0.0,0.0,0.0,1.2262773722627738,3.153284671532847,1.1510791366906474,0.7,0.0,0.0,0.0,0.0,2.4,0.0,9.4,13.97
호소,대청호,회남,2023-11-13,18.3,7.0,7.5,2.3,3.1,8.0,42.0,0.0,42.0,0.0,0.0,1.2846715328467153,3.1605839416058394,1.1446043165467628,0.7,0.0,0.0,0.0,0.0,2.4,0.0,9.4,13.97
호소,대청호,문의,2023-11-20,16.5,7.1,7.7,3.0,2.5,9.2,914.0,860.0,54.0,0.0,0.0,1.3430656934306568,3.167883211678832,1.1381294964028776,0.7,0.0,0.0,0.0,0.0,6.0,0.0,9.2,12.87
호소,대청호,회남,2023-11-20,16.5,7.1,7.8,2.0,4.1,6.0,126.0,100.0,26.0,0.0,0.0,1.4014598540145986,3.1751824817518246,1.131654676258993,0.7,0.0,0.0,0.0,0.0,6.0,0.0,9.2,12.87
호소,대청호,추동,2023-11-20,16.0,7.2,8.3,2.6,2.5,4.4,528.0,460.0,0.0,68.0,0.0,1.4598540145985401,3.1824817518248176,1.1251798561151078,0.7,0.0,0.0,0.0,0.0,6.0,0.0,9.2,12.87
호소,대청호,문의,2023-11-27,15.2,7.0,7.9,2.7,2.4,8.9,896.0,840.0,56.0,0.0,0.0,1.5182481751824817,3.18978102189781,1.1187050359712232,0.7,0.0,0.0,0.0,0.0,7.0,3.0,0.8,3.19
호소,대청호,회남,2023-11-27,15.0,7.1,8.1,3.0,4.9,5.6,260.0,260.0,0.0,0.0,0.0,1.5766423357664232,3.197080291970803,1.1122302158273383,0.7,0.0,0.0,0.0,0.0,7.0,3.0,0.8,3.19
호소,대청호,추동,2023-11-27,14.7,7.1,8.8,2.5,2.9,9.4,634.0,580.0,54.0,0.0,0.0,1.635036496350365,3.204379562043796,1.1057553956834534,0.7,0.0,0.0,0.0,0.0,7.0,3.0,0.8,3.19
호소,대청호,문의,2023-12-04,13.3,7.2,8.9,3.5,2.5,4.6,360.0,360.0,0.0,0.0,0.0,1.6934306569343065,3.2116788321167884,1.0992805755395685,0.7,0.0,0.0,0.0,0.0,2.3,0.0,8.7,11.41
호소,대청호,추동,2023-12-04,12.9,7.2,9.4,3.3,2.0,6.2,296.0,260.0,36.0,0.0,0.0,1.751824817518248,3.218978102189781,1.0928057553956836,0.7,0.0,0.0,0.0,0.0,2.3,0.0,8.7,11.41
호소,대청호,회남,2023-12-04,13.3,7.1,8.7,3.7,3.2,3.5,186.0,160.0,26.0,0.0,0.0,1.8102189781021898,3.2262773722627736,1.0863309352517987,0.7,0.0,0.0,0.0,0.0,2.3,0.0,8.7,11.41
호소,대청호,문의,2023-12-11,13.2,7.1,8.6,3.1,1.7,4.3,0.0,0.0,0.0,0.0,0.0,1.8686131386861313,3.2335766423357666,1.0798561151079138,0.7,0.0,0.0,0.0,0.0,11.9,37.0,0.0,0.85
호소,대청호,회남,2023-12-11,12.2,7.0,9.0,2.7,3.8,4.1,52.0,0.0,52.0,0.0,0.0,1.9270072992700729,3.240875912408759,1.073381294964029,0.7,0.0,0.0,0.0,0.0,11.9,37.0,0.0,0.85
호소,대청호,추동,2023-12-11,12.6,7.1,9.2,3.5,1.7,4.1,240.0,240.0,0.0,0.0,0.0,1.9854014598540146,3.2481751824817517,1.066906474820144,0.7,0.0,0.0,0.0,0.0,11.9,37.0,0.0,0.85
호소,대청호,추동,2023-12-18,11.3,7.1,9.8,3.5,2.7,4.6,180.0,180.0,0.0,0.0,0.0,2.043795620437956,3.2554744525547443,1.060431654676259,0.7,0.0,0.0,0.0,0.0,-5.6,0.0,5.8,8.85
호소,대청호,문의,2023-12-18,11.5,7.0,9.0,2.8,2.3,3.6,0.0,0.0,0.0,0.0,0.0,2.102189781021898,3.2627737226277373,1.0539568345323742,0.7,0.0,0.0,0.0,0.0,-5.6,0.0,5.8,8.85
호소,대청호,회남,2023-12-18,10.9,7.3,9.9,4.1,3.8,4.0,108.0,0.0,52.0,0.0,56.0,2.1605839416058394,3.27007299270073,1.0474820143884893,0.7,0.0,0.0,0.0,0.0,-5.6,0.0,5.8,8.85
호소,대청호,회남,2023-12-26,9.2,7.0,10.1,4.2,4.8,6.0,0.0,0.0,0.0,0.0,0.0,2.218978102189781,3.2773722627737225,1.0410071942446044,0.7,0.0,0.0,0.0,0.0,2.2,0.0,5.5,9.78
호소,대청호,추동,2023-12-26,9.1,7.1,10.6,2.8,1.7,2.2,0.0,0.0,0.0,0.0,0.0,2.2773722627737225,3.2846715328467155,1.0345323741007195,0.7,0.0,0.0,0.0,0.0,2.2,0.0,5.5,9.78
호소,대청호,문의,2023-12-26,9.7,7.1,9.4,3.0,1.7,5.6,160.0,160.0,0.0,0.0,0.0,2.335766423357664,3.291970802919708,1.0280575539568346,0.7,0.0,0.0,0.0,0.0,2.2,0.0,5.5,9.78
호소,대청호,추동,2024-01-02,9.0,7.1,10.5,3.8,1.7,6.0,0.0,0.0,0.0,0.0,0.0,2.3941605839416056,3.2992700729927007,1.0215827338129497,0.7,0.0,0.0,0.0,0.0,4.0,0.0,0.0,2.9
호소,대청호,문의,2024-01-02,9.1,7.1,10.4,3.5,1.8,5.0,0.0,0.0,0.0,0.0,0.0,2.4525547445255476,3.3065693430656933,1.0151079136690648,0.7,0.0,0.0,0.0,0.0,4.0,0.0,0.0,2.9
호소,대청호,회남,2024-01-02,8.3,7.0,10.6,3.4,3.4,3.7,160.0,160.0,0.0,0.0,0.0,2.510948905109489,3.3138686131386863,1.00863309352518,0.7,0.0,0.0,0.0,0.0,4.0,0.0,0.0,2.9
호소,대청호,추동,2024-01-08,8.3,7.4,10.7,3.4,1.9,5.8,0.0,0.0,0.0,0.0,0.0,2.5693430656934306,3.321167883211679,1.002158273381295,0.7,0.0,0.0,0.0,0.0,-3.8,0.0,8.7,11.94
호소,대청호,회남,2024-01-08,7.6,7.3,10.6,3.8,2.1,3.9,0.0,0.0,0.0,0.0,0.0,2.627737226277372,3.3284671532846715,0.9956834532374101,0.7,0.0,0.0,0.0,0.0,-3.8,0.0,8.7,11.94
호소,대청호,문의,2024-01-08,8.3,7.4,10.1,4.0,1.9,5.9,0.0,0.0,0.0,0.0,0.0,2.6861313868613137,3.335766423357664,0.9892086330935252,0.7,0.0,0.0,0.0,0.0,-3.8,0.0,8.7,11.94
호소,대청호,추동,2024-01-15,7.4,7.2,11.2,3.5,2.1,6.4,166.0,0.0,166.0,0.0,0.0,2.7445255474452552,3.343065693430657,0.9827338129496404,0.7,0.0,0.0,0.0,0.0,-2.1,0.0,9.0,12.61
호소,대청호,회남,2024-01-15,7.7,7.2,10.7,4.3,2.1,4.4,0.0,0.0,0.0,0.0,0.0,2.802919708029197,3.3503649635036497,0.9762589928057555,0.7,0.0,0.0,0.0,0.0,-2.1,0.0,9.0,12.61
호소,대청호,문의,2024-01-15,7.6,7.2,10.2,3.4,2.2,5.5,0.0,0.0,0.0,0.0,0.0,2.8613138686131387,3.3576642335766422,0.9697841726618706,0.7,0.0,0.0,0.0,0.0,-2.1,0.0,9.0,12.61
호소,대청호,추동,2024-01-22,6.9,7.3,11.8,3.1,1.8,8.6,0.0,0.0,0.0,0.0,0.0,2.9197080291970803,3.3649635036496353,0.9633093525179857,0.7,0.0,0.0,0.0,0.0,-5.4,0.0,1.7,6.36
호소,대청호,회남,2024-01-22,6.9,7.3,11.5,3.0,1.6,6.6,0.0,0.0,0.0,0.0,0.0,2.978102189781022,3.372262773722628,0.9568345323741008,0.7,0.0,0.0,0.0,0.0,-5.4,0.0,1.7,6.36
호소,대청호,문의,2024-01-22,7.1,7.2,11.1,2.4,1.9,6.6,0.0,0.0,0.0,0.0,0.0,3.0364963503649633,3.3795620437956204,0.9503597122302159,0.7,0.0,0.0,0.0,0.0,-5.4,0.0,1.7,6.36
호소,대청호,추동,2024-01-30,6.1,7.5,12.1,2.5,1.9,8.3,0.0,0.0,0.0,0.0,0.0,3.094890510948905,3.386861313868613,0.943884892086331,0.7,0.0,0.0,0.0,0.0,1.3,0.0,9.2,13.5
호소,대청호,회남,2024-01-30,6.3,7.5,11.6,2.8,2.6,7.8,0.0,0.0,0.0,0.0,0.0,3.1532846715328464,3.3941605839416056,0.9374100719424461,0.7,0.0,0.0,0.0,0.0,1.3,0.0,9.2,13.5
호소,대청호,문의,2024-01-30,6.6,7.4,10.8,3.0,2.2,4.3,0.0,0.0,0.0,0.0,0.0,3.2116788321167884,3.4014598540145986,0.9309352517985612,0.7,0.0,0.0,0.0,0.0,1.3,0.0,9.2,13.5
호소,대청호,추동,2024-02-05,6.2,7.5,12.3,2.8,2.2,9.3,0.0,0.0,0.0,0.0,0.0,3.27007299270073,3.408759124087591,0.9244604316546763,0.7,0.0,0.0,0.0,0.0,4.1,12.3,0.0,3.26
호소,대청호,회남,2024-02-05,6.0,7.4,11.9,3.1,2.0,7.6,116.0,0.0,0.0,0.0,116.0,3.3284671532846715,3.4160583941605838,0.9179856115107914,0.7,0.0,0.0,0.0,0.0,4.1,12.3,0.0,3.26
호소,대청호,문의,2024-02-05,6.4,7.3,11.4,2.5,2.2,7.7,44.0,0.0,0.0,0.0,44.0,3.386861313868613,3.423357664233577,0.9115107913669065,0.7,0.0,0.0,0.0,0.0,4.1,12.3,0.0,3.26
호소,대청호,추동,2024-02-13,6.1,7.5,12.4,3.0,1.7,8.2,0.0,0.0,0.0,0.0,0.0,3.4452554744525545,3.4306569343065694,0.9050359712230216,0.7,0.0,0.0,0.0,0.0,8.4,0.0,8.4,14.96
호소,대청호,문의,2024-02-13,6.3,7.1,11.8,4.0,2.3,6.4,0.0,0.0,0.0,0.0,0.0,3.503649635036496,3.437956204379562,0.8985611510791367,0.7,0.0,0.0,0.0,0.0,8.4,0.0,8.4,14.96
호소,대청호,회남,2024-02-13,5.6,7.4,12.3,3.3,1.9,6.4,128.0,0.0,0.0,0.0,128.0,3.562043795620438,3.445255474452555,0.8920863309352518,0.7,0.0,0.0,0.0,0.0,8.4,0.0,8.4,14.96
호소,대청호,회남,2024-02-19,5.8,7.5,12.3,3.1,3.7,7.0,0.0,0.0,0.0,0.0,0.0,3.6204379562043796,3.4525547445255476,0.8856115107913669,0.7,0.0,0.0,0.0,0.0,9.8,16.6,0.0,2.2
호소,대청호,추동,2024-02-19,6.5,7.5,12.3,3.0,3.1,8.8,14.0,0.0,14.0,0.0,0.0,3.678832116788321,3.45985401459854,0.879136690647482,0.7,0.0,0.0,0.0,0.0,9.8,16.6,0.0,2.2
호소,대청호,문의,2024-02-19,6.7,7.4,11.7,2.6,2.5,9.7,0.0,0.0,0.0,0.0,0.0,3.7372262773722627,3.4671532846715327,0.8726618705035971,0.7,0.0,0.0,0.0,0.0,9.8,16.6,0.0,2.2
호소,대청호,추동,2024-02-26,6.6,7.4,12.3,2.9,2.2,9.4,0.0,0.0,0.0,0.0,0.0,3.795620437956204,3.4744525547445253,0.8661870503597122,0.7,0.0,0.0,0.0,0.0,3.7,0.0,7.3,15.85
호소,대청호,문의,2024-02-26,6.5,7.3,11.7,2.6,2.3,8.8,0.0,0.0,0.0,0.0,0.0,3.8540145985401457,3.4817518248175183,0.8597122302158273,0.7,0.0,0.0,0.0,0.0,3.7,0.0,7.3,15.85
호소,대청호,회남,2024-02-26,6.0,7.4,12.4,2.5,2.7,9.4,56.0,0.0,0.0,0.0,56.0,3.9124087591240873,3.489051094890511,0.8532374100719424,0.7,0.0,0.0,0.0,0.0,3.7,0.0,7.3,15.85
호소,대청호,회남,2024-03-04,6.1,7.4,12.8,2.5,2.1,7.4,64.0,0.0,0.0,0.0,64.0,3.9708029197080292,3.4963503649635035,0.8467625899280575,0.7,0.0,0.0,0.0,0.0,6.7,0.0,5.7,13.26
호소,대청호,문의,2024-03-04,6.3,7.4,12.3,1.8,2.4,12.0,0.0,0.0,0.0,0.0,0.0,4.02919708029197,3.5036496350364965,0.8402877697841727,0.7,0.0,0.0,0.0,0.0,6.7,0.0,5.7,13.26
호소,대청호,추동,2024-03-04,6.6,7.4,12.6,2.5,2.1,9.2,0.0,0.0,0.0,0.0,0.0,4.087591240875912,3.510948905109489,0.8338129496402878,0.7,0.0,0.0,0.0,0.0,6.7,0.0,5.7,13.26
호소,대청호,회남,2024-03-11,6.4,7.4,12.7,2.5,2.1,6.4,104.0,0.0,0.0,0.0,104.0,4.145985401459854,3.5182481751824817,0.827338129496403,0.7,0.0,0.0,0.0,0.0,6.4,0.0,4.4,11.04
호소,대청호,문의,2024-03-11,6.5,7.6,12.5,2.4,2.1,10.1,0.0,0.0,0.0,0.0,0.0,4.204379562043796,3.5255474452554747,0.8208633093525181,0.7,0.0,0.0,0.0,0.0,6.4,0.0,4.4,11.04
호소,대청호,추동,2024-03-11,6.6,7.5,12.5,2.5,2.4,8.1,0.0,0.0,0.0,0.0,0.0,4.262773722627737,3.5328467153284673,0.8143884892086332,0.7,0.0,0.0,0.0,0.0,6.4,0.0,4.4,11.04
호소,대청호,회남,2024-03-18,7.2,7.7,12.3,3.8,2.1,3.9,148.0,0.0,12.0,0.0,136.0,4.321167883211679,3.54014598540146,0.8079136690647483,0.7,0.0,0.0,0.0,0.0,7.9,0.0,10.2,21.43
호소,대청호,추동,2024-03-18,7.5,7.8,12.5,2.5,2.4,12.2,0.0,0.0,0.0,0.0,0.0,4.37956204379562,3.5474452554744524,0.8014388489208634,0.7,0.0,0.0,0.0,0.0,7.9,0.0,10.2,21.43
호소,대청호,문의,2024-03-18,6.9,7.9,12.2,2.4,2.2,7.5,0.0,0.0,0.0,0.0,0.0,4.437956204379562,3.554744525547445,0.7949640287769785,0.7,0.0,0.0,0.0,0.0,7.9,0.0,10.2,21.43
호소,대청호,추동,2024-03-25,7.4,7.6,12.2,2.1,2.5,6.1,230.0,230.0,0.0,0.0,0.0,4.4963503649635035,3.562043795620438,0.7884892086330936,0.7,0.0,0.0,0.0,0.0,9.4,6.8,0.0,5.04
호소,대청호,회남,2024-03-25,7.3,7.5,11.8,2.4,2.7,4.2,225.0,0.0,0.0,0.0,225.0,4.554744525547445,3.5693430656934306,0.7820143884892087,0.7,0.0,0.0,0.0,0.0,9.4,6.8,0.0,5.04
호소,대청호,문의,2024-03-25,8.1,7.8,12.6,3.0,2.4,7.9,0.0,0.0,0.0,0.0,0.0,4.613138686131387,3.576642335766423,0.7755395683453238,0.7,0.0,0.0,0.0,0.0,9.4,6.8,0.0,5.04
호소,대청호,회남,2024-04-01,8.7,7.6,11.6,2.5,1.7,5.6,111.0,0.0,0.0,0.0,111.0,4.671532846715328,3.5839416058394162,0.7690647482014389,0.7,0.0,0.0,0.0,0.0,13.1,0.0,11.6,23.63
호소,대청호,문의,2024-04-01,8.4,7.8,12.0,3.5,1.7,5.8,30.0,0.0,0.0,0.0,30.0,4.72992700729927,3.591240875912409,0.762589928057554,0.7,0.0,0.0,0.0,0.0,13.1,0.0,11.6,23.63
호소,대청호,추동,2024-04-01,8.4,7.5,11.8,3.7,1.4,4.4,16.0,0.0,0.0,0.0,16.0,4.788321167883211,3.5985401459854014,0.7561151079136691,0.7,0.0,0.0,0.0,0.0,13.1,0.0,11.6,23.63
호소,대청호,문의,2024-04-08,10.0,8.0,12.2,2.7,1.6,5.3,118.0,0.0,0.0,0.0,118.0,4.846715328467153,3.605839416058394,0.7496402877697842,0.7,0.0,0.0,0.0,0.0,16.5,0.0,5.6,16.25
호소,대청호,추동,2024-04-08,9.9,7.9,11.8,2.8,1.5,3.0,32.0,0.0,0.0,0.0,32.0,4.905109489051095,3.613138686131387,0.7431654676258993,0.7,0.0,0.0,0.0,0.0,16.5,0.0,5.6,16.25
호소,대청호,회남,2024-04-08,9.4,7.7,11.1,2.8,1.6,3.8,172.0,0.0,0.0,0.0,172.0,4.963503649635037,3.6204379562043796,0.7366906474820144,0.7,0.0,0.0,0.0,0.0,16.5,0.0,5.6,16.25
호소,대청호,문의,2024-04-15,11.7,8.4,12.0,3.5,1.8,5.6,14.0,0.0,0.0,0.0,14.0,5.021897810218978,3.627737226277372,0.7302158273381295,0.7,0.0,0.0,0.0,0.0,16.2,7.5,0.0,3.29
호소,대청호,추동,2024-04-15,11.5,7.9,11.1,2.7,1.4,2.7,98.0,0.0,0.0,0.0,98.0,5.08029197080292,3.6350364963503647,0.7237410071942446,0.7,0.0,0.0,0.0,0.0,16.2,7.5,0.0,3.29
호소,대청호,회남,2024-04-15,10.5,7.9,10.8,1.8,1.6,4.9,24.0,0.0,0.0,0.0,24.0,5.138686131386861,3.6423357664233578,0.7172661870503598,0.7,0.0,0.0,0.0,0.0,16.2,7.5,0.0,3.29
호소,대청호,회남,2024-04-22,10.9,7.8,10.1,2.4,1.5,4.0,98.0,0.0,0.0,0.0,98.0,5.197080291970803,3.6496350364963503,0.7107913669064749,0.7,0.0,0.0,0.0,0.0,17.4,0.0,6.2,19.42
호소,대청호,추동,2024-04-22,11.7,7.9,10.5,3.0,1.7,3.9,4.0,0.0,0.0,0.0,4.0,5.255474452554744,3.656934306569343,0.70431654676259,0.7,0.0,0.0,0.0,0.0,17.4,0.0,6.2,19.42
호소,대청호,문의,2024-04-22,12.2,8.0,11.5,3.5,1.8,5.8,0.0,0.0,0.0,0.0,0.0,5.313868613138686,3.664233576642336,0.6978417266187051,0.7,0.0,0.0,0.0,0.0,17.4,0.0,6.2,19.42
호소,대청호,회남,2024-04-29,11.4,7.8,10.0,1.8,2.1,4.9,28.0,0.0,0.0,0.0,28.0,5.372262773722627,3.6715328467153285,0.6913669064748202,0.7,0.0,0.0,0.0,0.0,17.2,0.8,0.0,6.96
호소,대청호,추동,2024-04-29,12.1,8.0,10.2,2.7,2.1,6.2,0.0,0.0,0.0,0.0,0.0,5.430656934306569,3.678832116788321,0.6848920863309353,0.7,0.0,0.0,0.0,0.0,17.2,0.8,0.0,6.96
호소,대청호,문의,2024-04-29,13.1,8.2,11.2,3.0,2.1,8.5,0.0,0.0,0.0,0.0,0.0,5.4890510948905105,3.6861313868613137,0.6784172661870504,0.7,0.0,0.0,0.0,0.0,17.2,0.8,0.0,6.96
호소,대청호,회남,2024-05-07,11.4,7.8,8.8,2.1,2.3,7.7,0.0,0.0,0.0,0.0,0.0,5.547445255474452,3.6934306569343063,0.6719424460431656,0.7,0.0,0.0,0.0,0.0,12.9,14.1,0.0,5.6
호소,대청호,추동,2024-05-07,12.2,8.0,9.5,3.3,2.5,12.5,88.0,0.0,0.0,0.0,88.0,5.605839416058394,3.7007299270072993,0.6654676258992807,0.7,0.0,0.0,0.0,0.0,12.9,14.1,0.0,5.6
호소,대청호,문의,2024-05-07,12.8,8.0,9.7,4.2,1.9,5.4,0.0,0.0,0.0,0.0,0.0,5.664233576642336,3.708029197080292,0.6589928057553958,0.7,0.0,0.0,0.0,0.0,12.9,14.1,0.0,5.6
호소,대청호,추동,2024-05-13,13.2,8.0,9.7,4.7,1.8,14.1,305.0,305.0,0.0,0.0,0.0,5.7226277372262775,3.7153284671532845,0.6525179856115109,0.7,0.0,0.0,0.0,0.0,17.6,0.0,13.4,29.96
호소,대청호,문의,2024-05-13,13.9,8.2,10.7,3.8,1.5,10.4,228.0,228.0,0.0,0.0,0.0,5.781021897810219,3.7226277372262775,0.646043165467626,0.7,0.0,0.0,0.0,0.0,17.6,0.0,13.4,29.96
호소,대청호,회남,2024-05-13,12.5,8.1,9.0,2.5,2.2,7.8,0.0,0.0,0.0,0.0,0.0,5.839416058394161,3.72992700729927,0.6395683453237411,0.7,0.0,0.0,0.0,0.0,17.6,0.0,13.4,29.96
호소,대청호,추동,2024-05-20,14.3,8.3,9.8,2.4,2.5,10.8,49.0,0.0,0.0,0.0,49.0,5.897810218978102,3.7372262773722627,0.6330935251798562,0.7,0.0,0.0,0.0,0.0,19.3,0.0,4.7,19.61
호소,대청호,문의,2024-05-20,15.3,8.4,10.8,4.5,1.4,8.2,345.0,345.0,0.0,0.0,0.0,5.956204379562044,3.7445255474452557,0.6266187050359713,0.7,0.0,0.0,0.0,0.0,19.3,0.0,4.7,19.61
호소,대청호,회남,2024-05-20,14.2,8.3,8.3,3.2,2.5,7.2,0.0,0.0,0.0,0.0,0.0,6.014598540145985,3.7518248175182483,0.6201438848920864,0.7,0.0,0.0,0.0,0.0,19.3,0.0,4.7,19.61
호소,대청호,추동,2024-05-27,14.9,8.2,9.3,2.6,1.6,8.4,30.0,0.0,0.0,0.0,30.0,6.072992700729927,3.759124087591241,0.6136690647482015,0.7,0.0,0.0,0.0,0.0,18.5,0.0,10.9,24.38
호소,대청호,회남,2024-05-27,13.0,7.9,8.1,3.0,1.8,5.7,115.0,0.0,115.0,0.0,0.0,6.131386861313868,3.7664233576642334,0.6071942446043166,0.7,0.0,0.0,0.0,0.0,18.5,0.0,10.9,24.38
호소,대청호,문의,2024-05-27,16.8,8.3,10.0,4.0,1.3,5.4,52.0,38.0,0.0,0.0,14.0,6.18978102189781,3.773722627737226,0.6007194244604317,0.7,0.0,0.0,0.0,0.0,18.5,0.0,10.9,24.38
호소,대청호,문의,2024-06-03,18.5,8.5,10.2,3.6,1.6,4.0,566.0,445.0,0.0,0.0,121.0,6.248175182481751,3.781021897810219,0.5942446043165468,0.7,0.0,0.0,0.0,0.0,20.8,0.0,12.8,29.53
호소,대청호,추동,2024-06-03,16.9,8.4,8.8,4.0,1.4,4.6,86.0,59.0,0.0,0.0,27.0,6.306569343065693,3.7883211678832116,0.5877697841726619,0.7,0.0,0.0,0.0,0.0,20.8,0.0,12.8,29.53
호소,대청호,회남,2024-06-03,14.8,8.1,6.6,2.1,1.8,6.5,671.0,564.0,76.0,0.0,31.0,6.364963503649635,3.795620437956204,0.581294964028777,0.7,0.0,0.0,0.0,0.0,20.8,0.0,12.8,29.53
호소,대청호,회남,2024-06-10,15.8,8.2,6.1,4.9,1.6,6.0,57.0,0.0,0.0,0.0,57.0,6.423357664233577,3.802919708029197,0.5748201438848921,0.7,0.0,0.0,0.0,0.0,24.7,0.0,10.8,27.56
호소,대청호,문의,2024-06-10,21.3,8.6,10.2,3.0,1.4,5.8,347.0,98.0,0.0,0.0,249.0,6.481751824817518,3.81021897810219,0.5683453237410072,0.7,0.0,0.0,0.0,0.0,24.7,0.0,10.8,27.56
호소,대청호,추동,2024-06-10,18.5,8.3,7.8,2.8,1.9,6.8,0.0,0.0,0.0,0.0,0.0,6.54014598540146,3.8175182481751824,0.5618705035971223,0.7,0.0,0.0,0.0,0.0,24.7,0.0,10.8,27.56
호소,대청호,회남,2024-06-17,17.0,8.3,5.3,4.0,1.3,3.5,136.0,59.0,49.0,0.0,28.0,6.598540145985401,3.8248175182481754,0.5553956834532374,0.7,0.0,0.0,0.0,0.0,23.4,0.0,7.5,20.53
호소,대청호,추동,2024-06-17,22.1,8.5,7.9,2.1,1.9,9.8,813.0,752.0,0.0,0.0,61.0,6.656934306569343,3.832116788321168,0.5489208633093526,0.7,0.0,0.0,0.0,0.0,23.4,0.0,7.5,20.53
호소,대청호,문의,2024-06-17,23.4,8.9,11.0,2.4,1.9,7.6,705.0,191.0,48.0,0.0,466.0,6.7153284671532845,3.8394160583941606,0.5424460431654677,0.7,0.0,0.0,0.0,0.0,23.4,0.0,7.5,20.53
호소,대청호,추동,2024-06-24,22.0,8.4,6.9,1.9,2.2,8.0,413.0,351.0,0.0,0.0,62.0,6.773722627737226,3.846715328467153,0.5359712230215828,0.7,0.0,0.0,0.0,0.0,25.3,0.0,8.1,24.9
호소,대청호,문의,2024-06-24,23.8,8.7,9.3,2.3,2.3,7.3,433.0,214.0,145.0,0.0,74.0,6.8321167883211675,3.8540145985401457,0.529496402877698,0.7,0.0,0.0,0.0,0.0,25.3,0.0,8.1,24.9
호소,대청호,회남,2024-06-24,17.8,8.1,4.8,3.1,1.7,2.9,0.0,0.0,0.0,0.0,0.0,6.890510948905109,3.8613138686131387,0.523021582733813,0.7,0.0,0.0,0.0,0.0,25.3,0.0,8.1,24.9
호소,대청호,회남,2024-07-01,18.9,8.5,4.6,3.5,1.8,2.9,41.0,0.0,15.0,0.0,26.0,6.948905109489051,3.8686131386861313,0.5165467625899282,0.7,0.0,0.0,0.0,0.0,26.2,0.0,8.7,24.37
호소,대청호,추동,2024-07-01,23.4,8.6,6.5,2.7,2.3,13.9,141.0,57.0,32.0,0.0,52.0,7.007299270072992,3.875912408759124,0.5100719424460433,0.7,0.0,0.0,0.0,0.0,26.2,0.0,8.7,24.37
호소,대청호,문의,2024-07-01,24.6,8.9,8.1,1.7,3.2,8.3,610.0,118.0,492.0,0.0,0.0,7.065693430656934,3.883211678832117,0.5035971223021584,0.7,0.0,0.0,0.0,0.0,26.2,0.0,8.7,24.37
호소,대청호,문의,2024-07-08,24.7,8.4,7.2,2.1,2.1,5.5,830.0,671.0,61.0,0.0,98.0,7.124087591240876,3.8905109489051095,0.49712230215827347,0.7,0.0,0.0,0.0,0.0,23.9,137.5,0.0,3.05
호소,대청호,추동,2024-07-08,23.7,8.0,6.0,2.1,2.6,10.2,189.0,66.0,48.0,0.0,75.0,7.182481751824818,3.897810218978102,0.49064748201438857,0.7,0.0,0.0,0.0,0.0,23.9,137.5,0.0,3.05
호소,대청호,회남,2024-07-08,18.7,7.7,3.1,1.8,2.7,6.5,0.0,0.0,0.0,0.0,0.0,7.240875912408759,3.905109489051095,0.4841726618705037,0.7,0.0,0.0,0.0,0.0,23.9,137.5,0.0,3.05
호소,대청호,문의,2024-07-15,24.3,8.3,6.6,0.3,14.3,7.0,461.0,116.0,0.0,0.0,345.0,7.299270072992701,3.9124087591240877,0.4776978417266188,0.7,0.0,0.0,0.0,0.0,26.6,0.2,7.0,20.76
호소,대청호,회남,2024-07-15,22.8,8.3,7.9,0.2,123.0,7.4,680.0,464.0,0.0,0.0,216.0,7.357664233576642,3.9197080291970803,0.4712230215827339,0.7,0.0,0.0,0.0,0.0,26.6,0.2,7.0,20.76
호소,대청호,추동,2024-07-15,23.9,8.6,6.3,0.2,16.7,5.9,803.0,577.0,137.0,0.0,89.0,7.416058394160584,3.927007299270073,0.464748201438849,0.7,0.0,0.0,0.0,0.0,26.6,0.2,7.0,20.76
호소,대청호,회남,2024-07-23,23.7,7.6,7.1,0.7,58.4,23.7,160.0,96.0,0.0,0.0,64.0,7.474452554744525,3.9343065693430654,0.4582733812949641,0.7,0.0,0.0,0.0,0.0,27.2,3.9,0.0,4.96
호소,대청호,문의,2024-07-23,25.4,7.7,6.5,1.2,14.5,13.9,1933.0,925.0,132.0,123.0,753.0,7.532846715328467,3.9416058394160585,0.4517985611510792,0.7,0.0,0.0,0.0,0.0,27.2,3.9,0.0,4.96
호소,대청호,추동,2024-07-23,24.4,7.9,5.6,1.8,13.9,12.7,909.0,143.0,0.0,0.0,766.0,7.591240875912408,3.948905109489051,0.4453237410071943,0.7,0.0,0.0,0.0,0.0,27.2,3.9,0.0,4.96
호소,대청호,회남,2024-07-29,23.8,7.7,5.2,1.7,47.4,6.8,6064.0,5690.0,0.0,0.0,374.0,7.64963503649635,3.9562043795620436,0.4388489208633094,0.7,0.0,0.0,0.0,0.0,28.6,0.0,5.6,18.2
호소,대청호,문의,2024-07-29,26.4,8.8,6.4,1.3,6.2,8.7,3284.0,1764.0,103.0,149.0,1268.0,7.708029197080291,3.9635036496350367,0.4323741007194245,0.7,0.0,0.0,0.0,0.0,28.6,0.0,5.6,18.2
호소,대청호,추동,2024-07-29,25.3,8.6,5.8,1.6,6.9,11.8,3098.0,525.0,141.0,0.0,2432.0,7.766423357664233,3.9708029197080292,0.4258992805755396,0.7,0.0,0.0,0.0,0.0,28.6,0.0,5.6,18.2
호소,대청호,추동,2024-08-05,26.9,9.3,5.9,1.2,5.5,6.4,11809.0,2885.0,0.0,0.0,8924.0,7.8248175182481745,3.978102189781022,0.4194244604316547,0.7,0.0,0.0,0.0,0.0,27.4,34.3,5.4,15.35
호소,대청호,문의,2024-08-05,27.8,9.4,7.9,1.3,6.9,12.3,43992.0,18760.0,0.0,0.0,25232.0,7.883211678832117,3.985401459854015,0.4129496402877698,0.7,0.0,0.0,0.0,0.0,27.4,34.3,5.4,15.35
호소,대청호,회남,2024-08-05,25.6,9.3,8.0,1.5,48.4,3.6,25760.0,25760.0,0.0,0.0,0.0,7.9416058394160585,3.9927007299270074,0.4064748201438849,0.7,0.0,0.0,0.0,0.0,27.4,34.3,5.4,15.35
호소,대청호,문의,2024-08-12,28.0,9.8,7.9,1.0,5.9,11.4,38105.0,9140.0,150.0,83.0,28732.0,8.0,4.0,0.4,0.7,0.0,0.0,0.0,0.0,30.5,0.0,11.1,24.7
호소,대청호,추동,2024-08-12,26.7,9.5,6.5,1.2,4.2,7.0,8180.0,680.0,14.0,569.0,6917.0,9.5,4.0,0.0,0.1,0.0,0.0,0.0,0.0,30.5,0.0,11.1,24.7
호소,대청호,회남,2024-08-12,25.9,9.3,8.5,0.2,42.6,18.8,85601.0,83050.0,105.0,0.0,2446.0,11.0,4.0,0.8,1.8,0.0,0.2,0.0,0.0,30.5,0.0,11.1,24.7
호소,대청호,문의,2024-08-14,27.8,8.8,5.7,0.7,5.6,13.7,29240.0,11520.0,130.0,166.0,17424.0,4.0,5.0,0.5,1.0,0.0,0.1,0.0,0.0,29.5,0.0,12.4,26.45
호소,대청호,회남,2024-08-14,25.2,8.4,6.4,0.6,41.1,22.0,64852.0,61300.0,70.0,0.0,3482.0,5.0,9.0,0.9,2.0,0.0,0.3,0.0,0.0,29.5,0.0,12.4,26.45
호소,대청호,회남,2024-08-19,25.3,8.5,7.1,0.9,24.4,15.8,32982.0,31900.0,39.0,27.0,1016.0,0.0,11.0,0.9,1.5,0.0,0.1,0.0,0.0,29.9,0.1,9.0,21.04
호소,대청호,추동,2024-08-19,26.9,8.8,5.3,1.8,4.3,14.8,8418.0,2665.0,0.0,975.0,4778.0,5.5,11.0,0.75,1.2,0.0,0.1,0.0,0.0,29.9,0.1,9.0,21.04
호소,대청호,문의,2024-08-19,27.7,9.0,5.6,0.8,5.9,7.2,42552.0,16420.0,0.0,600.0,25532.0,11.0,11.0,0.6,0.9,0.0,0.1,0.0,0.0,29.9,0.1,9.0,21.04
호소,대청호,회남,2024-08-22,25.3,8.2,5.4,1.1,13.3,14.5,28211.0,26840.0,91.0,1202.0,78.0,10.0,11.0,0.8,2.4,0.0,0.1,0.0,0.0,28.5,0.5,4.7,13.87
호소,대청호,문의,2024-08-22,27.5,9.2,5.3,1.4,5.8,19.4,38407.0,17510.0,0.0,1207.0,19690.0,2.0,8.0,0.8,1.9,0.0,0.2,0.0,0.0,28.5,0.5,4.7,13.87
호소,대청호,문의,2024-08-26,27.6,8.9,4.8,1.1,5.7,10.8,22472.0,21605.0,0.0,25.0,842.0,0.0,0.0,0.7,1.7,0.0,0.2,0.0,0.0,27.9,0.0,2.6,13.01
호소,대청호,추동,2024-08-26,26.6,8.6,4.1,1.9,4.1,6.5,5902.0,5200.0,0.0,336.0,366.0,1.0,0.0,0.7,1.6,0.0,0.15000000000000002,0.2,0.0,27.9,0.0,2.6,13.01
호소,대청호,회남,2024-08-26,24.9,8.5,5.9,0.9,27.9,13.1,40717.0,38870.0,0.0,1485.0,362.0,2.0,0.0,0.7,1.5,0.0,0.1,0.4,0.0,27.9,0.0,2.6,13.01
호소,대청호,문의,2024-08-29,26.5,9.1,3.9,1.3,6.9,13.6,22003.0,20500.0,0.0,1225.0,278.0,0.0,4.0,0.6,2.4,0.0,0.2,0.0,0.0,27.0,3.0,8.8,19.49
호소,대청호,회남,2024-08-29,24.5,8.8,3.4,1.2,20.5,7.3,16147.0,9770.0,50.0,5842.0,485.0,12.0,6.0,0.3,0.6,0.0,0.0,0.0,0.0,27.0,3.0,8.8,19.49
호소,대청호,문의,2024-09-02,27.3,9.0,4.9,1.2,4.5,9.9,22385.0,21200.0,0.0,1085.0,100.0,0.0,3.0,0.6,1.6,0.0,0.1,0.0,0.0,24.8,0.0,1.5,8.26
호소,대청호,추동,2024-09-02,26.6,8.8,5.3,0.9,7.3,13.5,28952.0,26160.0,0.0,2465.0,327.0,3.5,1.5,0.5,1.1,0.0,0.05,0.0,0.0,24.8,0.0,1.5,8.26
호소,대청호,회남,2024-09-02,24.3,8.4,4.3,1.3,24.1,11.7,20749.0,18830.0,129.0,850.0,940.0,7.0,0.0,0.4,0.6,0.0,0.0,0.0,0.0,24.8,0.0,1.5,8.26
호소,대청호,문의,2024-09-05,27.5,8.9,5.5,1.4,6.1,12.1,28860.0,26330.0,0.0,2390.0,140.0,0.0,0.0,0.6,2.0,0.0,0.2,0.0,0.0,27.2,0.0,6.8,18.91
호소,대청호,회남,2024-09-05,24.6,8.0,2.9,1.8,16.9,9.0,11065.0,7690.0,111.0,1912.0,1352.0,24.0,4.0,0.3,0.7,0.0,0.1,0.0,0.0,27.2,0.0,6.8,18.91
호소,대청호,회남,2024-09-09,24.8,8.4,3.5,1.4,21.3,6.8,17201.0,13920.0,228.0,2155.0,898.0,39.0,0.0,0.3,0.4,0.0,0.0,0.0,0.0,29.0,0.0,6.5,18.6
호소,대청호,문의,2024-09-09,27.4,8.9,4.2,1.3,4.2,9.0,19328.0,18430.0,0.0,756.0,142.0,0.0,0.0,0.5,1.5,0.0,0.1,0.0,0.0,29.0,0.0,6.5,18.6
호소,대청호,추동,2024-09-09,27.1,9.0,6.1,1.0,9.7,12.9,37106.0,32370.0,60.0,3888.0,788.0,22.0,1.5,0.35,0.9,0.0,0.05,0.0,0.0,29.0,0.0,6.5,18.6
호소,대청호,회남,2024-09-12,24.4,8.4,3.7,1.2,20.2,8.0,16319.0,14060.0,737.0,798.0,724.0,44.0,3.0,0.2,0.3,0.0,0.0,0.0,0.0,26.5,4.1,0.0,8.28
호소,대청호,추동,2024-09-12,27.2,9.1,5.6,0.9,9.3,11.8,28667.0,25890.0,44.0,1210.0,1523.0,31.0,4.0,0.6,1.6,0.0,0.2,0.0,0.0,26.5,4.1,0.0,8.28
호소,대청호,문의,2024-09-12,27.9,9.2,5.0,1.2,3.5,8.6,12675.0,11870.0,0.0,555.0,250.0,0.0,4.0,0.4,0.9,0.0,0.1,0.0,0.0,26.5,4.1,0.0,8.28
호소,대청호,회남,2024-09-19,24.0,8.1,2.9,1.6,20.4,7.1,8756.0,6240.0,911.0,1079.0,526.0,90.0,0.0,0.0,0.0,0.0,0.0,0.0,0.0,28.5,0.0,4.9,16.45
호소,대청호,추동,2024-09-19,27.5,8.8,4.4,1.6,11.0,10.3,24892.0,21750.0,208.0,1208.0,1726.0,19.0,0.0,0.3,0.5,0.0,0.0,0.0,0.0,28.5,0.0,4.9,16.45
호소,대청호,문의,2024-09-19,28.6,9.1,5.2,1.4,5.3,8.3,22266.0,16020.0,0.0,4926.0,1320.0,0.0,0.0,0.3,0.5,0.0,0.0,0.0,0.0,28.5,0.0,4.9,16.45
호소,대청호,추동,2024-09-23,26.1,7.2,4.2,0.6,10.0,7.6,11553.0,10815.0,137.0,49.0,552.0,33.0,0.0,0.2,0.3,0.0,0.0,0.0,0.0,21.0,0.0,11.3,22.27
호소,대청호,문의,2024-09-23,26.7,8.1,3.7,1.3,5.0,6.7,11994.0,9330.0,0.0,2410.0,254.0,0.0,3.0,0.1,0.2,0.0,0.0,0.0,0.0,21.0,0.0,11.3,22.27
호소,대청호,회남,2024-09-23,23.9,6.7,1.8,1.0,21.9,3.9,2735.0,2380.0,209.0,64.0,82.0,47.0,9.0,0.0,0.0,0.0,0.0,0.0,0.0,21.0,0.0,11.3,22.27
호소,대청호,문의,2024-09-26,26.9,8.6,5.1,1.2,4.5,8.2,17586.0,10020.0,8.0,6915.0,643.0,40.0,0.0,0.2,0.4,0.0,0.0,0.0,0.0,24.1,0.0,5.6,15.14
호소,대청호,추동,2024-09-26,26.1,8.4,5.3,0.8,9.8,16.5,27725.0,27080.0,103.0,64.0,478.0,0.0,2.0,0.3,0.5,0.0,0.0,0.0,0.0,24.1,0.0,5.6,15.14
호소,대청호,회남,2024-09-30,23.7,7.3,3.9,1.6,8.7,22.1,14538.0,13054.0,1127.0,0.0,357.0,1.5,1.0,0.25,0.4,0.0,0.0,0.0,0.0,21.0,0.0,11.0,19.94
호소,대청호,문의,2024-09-30,25.9,7.8,4.6,1.7,3.4,6.4,16302.0,7815.0,0.0,7567.0,920.0,3.0,0.0,0.2,0.3,0.0,0.0,0.0,0.0,21.0,0.0,11.0,19.94
호소,대청호,추동,2024-09-30,25.5,7.6,5.3,1.2,7.9,12.6,21154.0,19029.0,1282.0,290.0,553.0,6.0,0.0,0.2,0.2,0.0,0.0,0.0,0.0,21.0,0.0,11.0,19.94
호소,대청호,문의,2024-10-02,24.8,7.2,3.4,1.7,8.0,9.1,10568.0,9006.0,958.0,157.0,447.0,157.0,0.0,0.2,0.2,0.0,0.0,0.0,0.0,14.9,0.0,8.6,19.18
호소,대청호,추동,2024-10-02,24.6,7.1,4.3,1.3,4.4,1.9,9203.0,3738.0,0.0,4689.0,776.0,0.0,0.0,0.2,0.4,0.0,0.0,0.0,0.0,14.9,0.0,8.6,19.18
호소,대청호,문의,2024-10-07,24.0,6.9,5.2,2.2,4.9,1.9,12039.0,10636.0,0.0,521.0,882.0,0.0,0.0,0.3,0.6,0.0,0.0,0.0,0.0,17.0,2.3,1.0,8.24
호소,대청호,추동,2024-10-07,23.7,7.0,4.6,1.3,5.7,6.6,16506.0,13625.0,719.0,905.0,1257.0,68.0,0.0,0.2,0.2,0.0,0.0,0.0,0.0,17.0,2.3,1.0,8.24
호소,대청호,회남,2024-10-07,22.5,6.9,3.4,2.2,10.7,14.0,6316.0,6194.0,0.0,35.0,87.0,36.0,0.0,0.35,0.55,0.0,0.0,0.0,0.0,17.0,2.3,1.0,8.24
호소,대청호,문의,2024-10-10,23.7,7.2,6.1,2.2,5.8,10.0,12482.0,11564.0,0.0,430.0,488.0,4.0,0.0,0.5,0.9,0.0,0.0,0.0,0.0,17.7,0.0,5.9,12.93
호소,대청호,추동,2024-10-10,23.6,7.2,6.3,1.6,5.7,21.2,9544.0,8805.0,119.0,108.0,512.0,13.0,4.0,0.2,0.2,0.0,0.0,0.0,0.0,17.7,0.0,5.9,12.93
호소,대청호,문의,2024-10-14,23.1,7.1,6.0,2.7,2.4,9.5,8977.0,8189.0,0.0,233.0,555.0,2.0,0.0,0.0,0.1,0.0,0.0,0.0,0.0,17.7,8.3,0.0,3.57
호소,대청호,추동,2024-10-14,23.0,7.0,6.3,1.7,4.7,22.9,8332.0,7623.0,0.0,580.0,129.0,0.0,5.0,0.0,0.1,0.0,0.0,0.0,0.0,17.7,8.3,0.0,3.57
호소,대청호,회남,2024-10-14,22.1,7.0,4.2,2.5,10.8,11.2,1325.0,1250.0,0.0,0.0,75.0,5.0,2.5,0.1,0.25,0.0,0.0,0.0,0.0,17.7,8.3,0.0,3.57
호소,대청호,문의,2024-10-17,23.0,7.1,5.7,2.7,1.7,5.4,5709.0,5225.0,0.0,145.0,339.0,10.0,0.0,0.2,0.4,0.0,0.0,0.0,0.0,19.1,0.0,6.3,13.99
호소,대청호,문의,2024-10-21,22.0,7.0,6.0,2.8,2.4,8.4,2944.0,2663.0,0.0,0.0,281.0,9.923076923076923,0.0,0.20078740157480315,0.39842519685039374,0.0,0.0007874015748031497,0.0,0.0,13.9,0.4,0.7,6.66
호소,대청호,추동,2024-10-21,21.9,7.1,7.3,1.7,3.7,29.8,2404.0,1981.0,0.0,270.0,153.0,9.846153846153847,0.0,0.2015748031496063,0.3968503937007874,0.0,0.0015748031496062994,0.0,0.0,13.9,0.4,0.7,6.66
호소,대청호,회남,2024-10-21,21.3,7.0,4.3,3.0,9.8,8.0,430.0,325.0,0.0,50.0,55.0,9.76923076923077,0.0,0.20236220472440947,0.3952755905511811,0.0,0.0023622047244094492,0.0,0.0,13.9,0.4,0.7,6.66
호소,대청호,문의,2024-10-28,21.1,7.0,6.8,2.6,2.9,7.5,597.0,380.0,0.0,0.0,217.0,9.692307692307692,0.0,0.2031496062992126,0.3937007874015748,0.0,0.003149606299212599,0.0,0.0,14.8,0.0,0.4,5.37
호소,대청호,추동,2024-10-28,20.9,7.0,7.6,2.0,2.9,13.0,2133.0,1383.0,0.0,412.0,338.0,9.615384615384615,0.0,0.20393700787401575,0.39212598425196854,0.0,0.003937007874015749,0.0,0.0,14.8,0.0,0.4,5.37
호소,대청호,회남,2024-10-28,20.9,7.0,4.6,2.7,7.0,3.2,94.0,0.0,0.0,0.0,94.0,9.538461538461538,0.0,0.2047244094488189,0.3905511811023622,0.0,0.0047244094488188984,0.0,0.0,14.8,0.0,0.4,5.37
호소,대청호,추동,2024-11-04,20.3,7.2,8.0,2.0,2.7,22.2,1152.0,863.0,0.0,106.0,183.0,9.461538461538462,0.0,0.20551181102362207,0.3889763779527559,0.0,0.005511811023622048,0.0,0.0,14.5,0.0,4.6,9.85
호소,대청호,회남,2024-11-04,19.9,7.1,6.3,2.3,4.7,6.8,73.0,0.0,0.0,0.0,73.0,9.384615384615385,0.0,0.2062992125984252,0.38740157480314963,0.0,0.006299212598425198,0.0,0.0,14.5,0.0,4.6,9.85
호소,대청호,문의,2024-11-04,20.5,6.9,6.4,2.3,1.9,11.8,158.0,60.0,0.0,0.0,98.0,9.307692307692308,0.0,0.20708661417322835,0.38582677165354334,0.0,0.007086614173228347,0.0,0.0,14.5,0.0,4.6,9.85
호소,대청호,회남,2024-11-11,19.2,7.2,7.4,2.9,3.7,7.2,172.0,113.0,0.0,0.0,59.0,9.23076923076923,0.0,0.2078740157480315,0.384251968503937,0.0,0.007874015748031498,0.0,0.0,13.3,0.0,9.1,12.95
호소,대청호,문의,2024-11-11,19.3,7.5,7.4,2.8,1.8,6.9,162.0,0.0,0.0,0.0,162.0,9.153846153846153,0.0,0.20866141732283466,0.3826771653543307,0.0,0.008661417322834647,0.0,0.0,13.3,0.0,9.1,12.95
호소,대청호,추동,2024-11-11,19.2,7.3,8.2,2.6,1.9,15.9,837.0,563.0,0.0,94.0,180.0,9.076923076923077,0.0,0.2094488188976378,0.38110236220472443,0.0,0.009448818897637797,0.0,0.0,13.3,0.0,9.1,12.95
호소,대청호,추동,2024-11-18,18.0,7.0,8.4,2.2,2.4,22.2,955.0,543.0,0.0,280.0,132.0,9.0,0.0,0.21023622047244095,0.37952755905511815,0.0,0.010236220472440946,0.0,0.0,2.6,0.0,9.2,13.99
호소,대청호,문의,2024-11-18,18.2,6.8,7.0,3.6,2.9,15.6,755.0,570.0,0.0,0.0,185.0,8.923076923076923,0.0,0.2110236220472441,0.3779527559055118,0.0,0.011023622047244096,0.0,0.0,2.6,0.0,9.2,13.99
호소,대청호,회남,2024-11-18,17.9,6.9,7.2,2.8,4.3,12.0,39.0,0.0,0.0,0.0,39.0,8.846153846153847,0.0,0.21181102362204726,0.3763779527559055,0.0,0.011811023622047246,0.0,0.0,2.6,0.0,9.2,13.99
호소,대청호,회남,2024-11-25,16.9,6.9,7.5,2.5,3.3,7.2,40.0,0.0,0.0,0.0,40.0,8.76923076923077,0.0,0.2125984251968504,0.37480314960629924,0.0,0.012598425196850395,0.0,0.0,9.7,0.3,7.5,10.98
호소,대청호,추동,2024-11-25,16.7,7.0,8.2,3.5,2.4,10.6,68.0,0.0,0.0,0.0,68.0,8.692307692307692,0.0,0.21338582677165355,0.37322834645669295,0.0,0.013385826771653545,0.0,0.0,9.7,0.3,7.5,10.98
호소,대청호,문의,2024-11-25,16.9,6.8,6.4,3.3,1.4,6.9,115.0,0.0,0.0,115.0,0.0,8.615384615384615,0.0,0.2141732283464567,0.3716535433070866,0.0,0.014173228346456694,0.0,0.0,9.7,0.3,7.5,10.98
호소,대청호,회남,2024-12-02,15.3,7.0,7.9,2.5,3.8,5.1,0.0,0.0,0.0,0.0,0.0,8.538461538461538,0.0,0.21496062992125986,0.3700787401574803,0.0,0.014960629921259844,0.0,0.0,8.3,0.0,5.1,7.75
호소,대청호,문의,2024-12-02,15.5,6.9,7.0,4.0,1.5,6.1,0.0,0.0,0.0,0.0,0.0,8.461538461538462,0.0,0.215748031496063,0.36850393700787404,0.0,0.015748031496062995,0.0,0.0,8.3,0.0,5.1,7.75
호소,대청호,추동,2024-12-02,14.8,7.1,8.6,3.0,1.9,9.7,257.0,220.0,0.0,0.0,37.0,8.384615384615385,0.0,0.21653543307086615,0.36692913385826775,0.0,0.016535433070866145,0.0,0.0,8.3,0.0,5.1,7.75
호소,대청호,문의,2024-12-09,13.7,6.9,8.1,4.2,1.8,7.9,0.0,0.0,0.0,0.0,0.0,8.307692307692307,0.0,0.2173228346456693,0.3653543307086614,0.0,0.017322834645669295,0.0,0.0,2.0,0.0,5.7,8.68
호소,대청호,추동,2024-12-09,13.2,6.9,9.0,3.5,1.9,7.8,0.0,0.0,0.0,0.0,0.0,8.23076923076923,0.0,0.21811023622047246,0.3637795275590551,0.0,0.018110236220472444,0.0,0.0,2.0,0.0,5.7,8.68
호소,대청호,회남,2024-12-09,13.5,6.8,8.4,2.5,5.6,4.4,0.0,0.0,0.0,0.0,0.0,8.153846153846153,0.0,0.2188976377952756,0.36220472440944884,0.0,0.018897637795275594,0.0,0.0,2.0,0.0,5.7,8.68
호소,대청호,추동,2024-12-16,11.8,7.0,9.2,3.3,2.0,6.4,90.0,0.0,0.0,0.0,90.0,8.076923076923077,0.0,0.21968503937007874,0.36062992125984256,0.0,0.019685039370078743,0.0,0.0,2.7,0.1,6.8,10.22
호소,대청호,회남,2024-12-16,12.0,7.0,8.8,3.0,3.8,4.0,0.0,0.0,0.0,0.0,0.0,8.0,0.0,0.2204724409448819,0.3590551181102362,0.0,0.020472440944881893,0.0,0.0,2.7,0.1,6.8,10.22
호소,대청호,문의,2024-12-16,12.3,6.9,8.2,3.8,1.7,5.6,0.0,0.0,0.0,0.0,0.0,7.923076923076923,0.0,0.22125984251968506,0.35748031496062993,0.0,0.021259842519685043,0.0,0.0,2.7,0.1,6.8,10.22
호소,대청호,문의,2024-12-23,10.7,6.8,8.6,3.5,1.5,3.9,0.0,0.0,0.0,0.0,0.0,7.846153846153846,0.0,0.2220472440944882,0.35590551181102364,0.0,0.022047244094488192,0.0,0.0,-0.4,0.0,4.2,6.87
호소,대청호,추동,2024-12-23,10.3,7.0,9.7,3.5,1.7,7.1,0.0,0.0,0.0,0.0,0.0,7.769230769230769,0.0,0.22283464566929134,0.35433070866141736,0.0,0.022834645669291342,0.0,0.0,-0.4,0.0,4.2,6.87
호소,대청호,회남,2024-12-23,10.7,7.0,9.3,3.0,2.2,4.3,60.0,0.0,0.0,0.0,60.0,7.692307692307692,0.0,0.22362204724409449,0.352755905511811,0.0,0.02362204724409449,0.0,0.0,-0.4,0.0,4.2,6.87
호소,대청호,회남,2024-12-30,9.5,7.2,9.7,3.2,3.1,5.1,0.0,0.0,0.0,0.0,0.0,7.615384615384615,0.0,0.22440944881889763,0.35118110236220473,0.0,0.02440944881889764,0.0,0.0,6.7,0.0,2.1,5.55
호소,대청호,문의,2024-12-30,9.9,7.1,8.7,2.8,1.4,4.6,0.0,0.0,0.0,0.0,0.0,7.538461538461538,0.0,0.2251968503937008,0.34960629921259845,0.0,0.02519685039370079,0.0,0.0,6.7,0.0,2.1,5.55
호소,대청호,추동,2024-12-30,9.3,7.2,10.1,2.8,1.8,7.1,140.0,140.0,0.0,0.0,0.0,7.461538461538462,0.0,0.22598425196850394,0.34803149606299216,0.0,0.02598425196850394,0.0,0.0,6.7,0.0,2.1,5.55
호소,대청호,추동,2025-01-06,8.5,7.1,10.4,2.9,1.8,4.8,0.0,0.0,0.0,0.0,0.0,7.384615384615385,0.0,0.22677165354330708,0.3464566929133858,0.0,0.02677165354330709,0.0,0.0,2.0,1.8,1.2,4.69
호소,대청호,문의,2025-01-06,9.0,7.1,9.0,2.6,3.5,4.2,130.0,130.0,0.0,0.0,0.0,7.3076923076923075,0.0,0.22755905511811025,0.34488188976377954,0.0,0.02755905511811024,0.0,0.0,2.0,1.8,1.2,4.69
호소,대청호,회남,2025-01-06,8.7,7.1,10.1,3.6,2.5,7.4,97.0,0.0,0.0,0.0,97.0,7.230769230769231,0.0,0.2283464566929134,0.34330708661417325,0.0,0.02834645669291339,0.0,0.0,2.0,1.8,1.2,4.69
호소,대청호,회남,2025-01-13,7.5,7.0,10.5,4.5,1.4,5.9,0.0,0.0,0.0,0.0,0.0,7.153846153846153,0.0,0.22913385826771654,0.34173228346456697,0.0,0.02913385826771654,0.0,0.0,1.1,0.0,7.8,11.61
호소,대청호,추동,2025-01-13,7.0,7.0,10.8,3.6,1.8,6.3,0.0,0.0,0.0,0.0,0.0,7.076923076923077,0.0,0.22992125984251968,0.3401574803149606,0.0,0.029921259842519688,0.0,0.0,1.1,0.0,7.8,11.61
호소,대청호,문의,2025-01-13,7.8,6.9,9.3,2.7,2.6,4.2,0.0,0.0,0.0,0.0,0.0,7.0,0.0,0.23070866141732282,0.33858267716535434,0.0,0.030708661417322838,0.0,0.0,1.1,0.0,7.8,11.61
호소,대청호,추동,2025-01-20,6.5,6.9,11.1,4.2,1.4,5.4,0.0,0.0,0.0,0.0,0.0,6.923076923076923,0.0,0.231496062992126,0.33700787401574805,0.0,0.03149606299212599,0.0,0.0,2.8,0.0,3.0,7.09
호소,대청호,회남,2025-01-20,7.0,7.0,10.8,3.7,1.8,4.5,0.0,0.0,0.0,0.0,0.0,6.846153846153846,0.0,0.23228346456692914,0.3354330708661417,0.0,0.03228346456692914,0.0,0.0,2.8,0.0,3.0,7.09
호소,대청호,문의,2025-01-20,7.3,6.8,9.5,3.0,2.6,4.9,0.0,0.0,0.0,0.0,0.0,6.769230769230769,0.0,0.23307086614173228,0.33385826771653543,0.0,0.03307086614173229,0.0,0.0,2.8,0.0,3.0,7.09
호소,대청호,추동,2025-01-31,6.975,6.875,9.925,3.275,2.25,5.1000000000000005,0.0,0.0,0.0,0.0,0.0,6.692307692307692,0.0,0.23385826771653545,0.33228346456692914,0.0,0.03385826771653544,0.0,0.0,1.9,0.0,1.3,7.44
호소,대청호,회남,2025-01-31,6.65,6.949999999999999,10.35,3.55,1.9,5.300000000000001,0.0,0.0,0.0,0.0,0.0,6.615384615384615,0.0,0.2346456692913386,0.33070866141732286,0.0,0.03464566929133859,0.0,0.0,1.9,0.0,1.3,7.44
호소,대청호,문의,2025-01-31,6.325,7.0249999999999995,10.774999999999999,3.8249999999999997,1.55,5.5,0.0,0.0,0.0,0.0,0.0,6.538461538461538,0.0,0.23543307086614174,0.3291338582677166,0.0,0.03543307086614174,0.0,0.0,1.9,0.0,1.3,7.44
호소,대청호,추동,2025-02-03,6.0,7.1,11.2,4.1,1.2,5.7,0.0,0.0,0.0,0.0,0.0,6.461538461538462,0.0,0.23622047244094488,0.32755905511811023,0.0,0.03622047244094489,0.0,0.0,-1.4,0.2,9.0,15.17
호소,대청호,회남,2025-02-03,6.0,7.0,11.2,4.3,1.5,4.8,0.0,0.0,0.0,0.0,0.0,6.384615384615385,0.0,0.23700787401574802,0.32598425196850395,0.0,0.03700787401574804,0.0,0.0,-1.4,0.2,9.0,15.17
호소,대청호,문의,2025-02-03,6.4,6.8,10.2,3.5,1.6,4.2,0.0,0.0,0.0,0.0,0.0,6.3076923076923075,0.0,0.2377952755905512,0.32440944881889766,0.0,0.03779527559055119,0.0,0.0,-1.4,0.2,9.0,15.17
호소,대청호,문의,2025-02-10,5.4,6.8,11.1,4.7,1.5,5.6,0.0,0.0,0.0,0.0,0.0,6.23076923076923,0.0,0.23858267716535433,0.3228346456692913,0.0,0.03858267716535434,0.0,0.0,-2.6,0.0,5.1,10.56
호소,대청호,추동,2025-02-10,4.8,7.0,12.1,3.4,1.5,6.7,0.0,0.0,0.0,0.0,0.0,6.153846153846153,0.0,0.23937007874015748,0.32125984251968503,0.0,0.03937007874015749,0.0,0.0,-2.6,0.0,5.1,10.56
호소,대청호,회남,2025-02-10,5.3,7.0,11.6,3.7,1.6,4.8,0.0,0.0,0.0,0.0,0.0,6.076923076923077,0.0,0.24015748031496062,0.31968503937007875,0.0,0.040157480314960636,0.0,0.0,-2.6,0.0,5.1,10.56
호소,대청호,문의,2025-02-17,5.6,6.7,11.5,3.6,1.3,6.1,0.0,0.0,0.0,0.0,0.0,6.0,0.0,0.24094488188976376,0.31811023622047246,0.0,0.040944881889763786,0.0,0.0,1.3,0.0,10.0,17.69
호소,대청호,회남,2025-02-17,5.2,6.9,11.8,4.1,1.3,4.2,74.0,0.0,0.0,0.0,74.0,5.9230769230769225,0.0,0.24173228346456693,0.3165354330708662,0.0,0.041732283464566935,0.0,0.0,1.3,0.0,10.0,17.69
호소,대청호,추동,2025-02-17,4.8,6.9,12.3,3.1,1.6,6.2,0.0,0.0,0.0,0.0,0.0,5.846153846153846,0.0,0.24251968503937008,0.31496062992125984,0.0,0.042519685039370085,0.0,0.0,1.3,0.0,10.0,17.69
호소,대청호,추동,2025-02-24,4.5,7.0,12.7,3.2,1.5,5.8,0.0,0.0,0.0,0.0,0.0,5.769230769230769,0.0,0.24330708661417322,0.31338582677165355,0.0,0.043307086614173235,0.0,0.0,-0.7,0.0,10.3,19.21
호소,대청호,회남,2025-02-24,4.9,7.0,12.1,3.7,1.7,4.4,0.0,0.0,0.0,0.0,0.0,5.692307692307692,0.0,0.2440944881889764,0.31181102362204727,0.0,0.044094488188976384,0.0,0.0,-0.7,0.0,10.3,19.21
호소,대청호,문의,2025-02-24,5.1,6.9,12.2,2.5,1.4,6.3,0.0,0.0,0.0,0.0,0.0,5.615384615384615,0.0,0.24488188976377953,0.3102362204724409,0.0,0.044881889763779534,0.0,0.0,-0.7,0.0,10.3,19.21
호소,대청호,문의,2025-03-04,5.3,7.1,12.0,3.1,2.0,6.8,0.0,0.0,0.0,0.0,0.0,5.538461538461538,0.0,0.24566929133858267,0.30866141732283464,0.0,0.045669291338582683,0.0,0.0,3.4,0.9,0.8,6.16
호소,대청호,추동,2025-03-04,5.2,7.2,12.7,2.9,7.7,7.1,0.0,0.0,0.0,0.0,0.0,5.461538461538462,0.0,0.24645669291338582,0.30708661417322836,0.0,0.04645669291338583,0.0,0.0,3.4,0.9,0.8,6.16
호소,대청호,회남,2025-03-04,4.9,7.1,12.2,3.3,1.6,4.9,130.0,0.0,0.0,0.0,130.0,5.384615384615384,0.0,0.24724409448818896,0.30551181102362207,0.0,0.04724409448818898,0.0,0.0,3.4,0.9,0.8,6.16
호소,대청호,문의,2025-03-10,6.2,7.0,12.3,3.8,1.4,2.4,0.0,0.0,0.0,0.0,0.0,5.3076923076923075,0.0,0.24803149606299213,0.3039370078740158,0.0,0.04803149606299213,0.0,0.0,8.2,0.0,10.8,17.64
호소,대청호,추동,2025-03-10,6.1,7.3,13.0,3.2,1.5,6.8,0.0,0.0,0.0,0.0,0.0,5.230769230769231,0.0,0.24881889763779527,0.30236220472440944,0.0,0.04881889763779528,0.0,0.0,8.2,0.0,10.8,17.64
호소,대청호,회남,2025-03-10,5.7,7.3,12.5,3.5,1.7,4.5,24.0,0.0,0.0,0.0,24.0,5.153846153846153,0.0,0.24960629921259841,0.30078740157480316,0.0,0.04960629921259843,0.0,0.0,8.2,0.0,10.8,17.64
호소,대청호,추동,2025-03-17,6.9,7.3,12.6,3.2,2.1,4.1,22.0,0.0,0.0,0.0,22.0,5.076923076923077,0.0,0.2503937007874016,0.2992125984251969,0.0,0.05039370078740158,0.0,0.0,3.8,0.0,11.1,21.51
호소,대청호,문의,2025-03-17,7.1,7.4,12.3,3.8,1.1,4.9,0.0,0.0,0.0,0.0,0.0,5.0,0.0,0.2511811023622047,0.29763779527559053,0.0,0.05118110236220473,0.0,0.0,3.8,0.0,11.1,21.51
호소,대청호,회남,2025-03-17,5.8,7.3,12.3,3.3,2.1,2.5,0.0,0.0,0.0,0.0,0.0,4.9230769230769225,0.0,0.25196850393700787,0.29606299212598425,0.0,0.05196850393700788,0.0,0.0,3.8,0.0,11.1,21.51
호소,대청호,회남,2025-03-24,9.5,7.3,11.5,2.5,1.3,1.7,0.0,0.0,0.0,0.0,0.0,4.846153846153846,0.0,0.25275590551181104,0.29448818897637796,0.0,0.05275590551181103,0.0,0.0,16.6,0.0,8.3,19.25
호소,대청호,문의,2025-03-24,10.3,7.1,11.8,2.3,1.5,2.1,0.0,0.0,0.0,0.0,0.0,4.769230769230769,0.0,0.25354330708661416,0.2929133858267717,0.0,0.05354330708661418,0.0,0.0,16.6,0.0,8.3,19.25
호소,대청호,추동,2025-03-24,7.2,7.3,12.1,4.5,1.6,1.5,0.0,0.0,0.0,0.0,0.0,4.692307692307692,0.0,0.2543307086614173,0.2913385826771654,0.0,0.05433070866141733,0.0,0.0,16.6,0.0,8.3,19.25
호소,대청호,회남,2025-03-31,7.9,7.1,11.7,4.4,2.1,3.8,122.0,0.0,0.0,0.0,122.0,4.615384615384615,0.0,0.25511811023622044,0.28976377952755905,0.0,0.05511811023622048,0.0,0.0,8.1,0.0,8.8,21.06
호소,대청호,문의,2025-03-31,8.4,7.0,11.6,3.8,2.1,2.7,36.0,0.0,0.0,0.0,36.0,4.538461538461538,0.0,0.2559055118110236,0.28818897637795277,0.0,0.05590551181102363,0.0,0.0,8.1,0.0,8.8,21.06
호소,대청호,추동,2025-03-31,8.2,7.1,11.8,3.5,1.8,4.8,0.0,0.0,0.0,0.0,0.0,4.461538461538462,0.0,0.2566929133858268,0.2866141732283465,0.0,0.05669291338582678,0.0,0.0,8.1,0.0,8.8,21.06
호소,대청호,회남,2025-04-08,8.8,7.3,11.6,4.7,0.9,2.8,0.0,0.0,0.0,0.0,0.0,4.384615384615384,0.0,0.2574803149606299,0.28503937007874014,0.0,0.05748031496062993,0.0,0.0,15.6,0.0,10.4,23.97
호소,대청호,문의,2025-04-08,10.3,7.2,11.9,3.0,1.4,1.8,0.0,0.0,0.0,0.0,0.0,4.3076923076923075,0.0,0.25826771653543307,0.28346456692913385,0.0,0.05826771653543308,0.0,0.0,15.6,0.0,10.4,23.97
호소,대청호,추동,2025-04-08,8.6,7.4,11.7,3.7,1.5,2.7,0.0,0.0,0.0,0.0,0.0,4.230769230769231,0.0,0.25905511811023624,0.28188976377952757,0.0,0.05905511811023623,0.0,0.0,15.6,0.0,10.4,23.97
호소,대청호,문의,2025-04-14,11.0,8.1,11.5,2.3,1.8,6.8,0.0,0.0,0.0,0.0,0.0,4.153846153846153,0.0,0.25984251968503935,0.2803149606299213,0.0,0.059842519685039376,0.0,0.0,5.1,6.2,0.9,9.1
호소,대청호,추동,2025-04-14,8.8,7.8,11.3,2.3,2.3,4.8,0.0,0.0,0.0,0.0,0.0,4.076923076923077,0.0,0.2606299212598425,0.278740157480315,0.0,0.060629921259842526,0.0,0.0,5.1,6.2,0.9,9.1
호소,대청호,회남,2025-04-14,8.8,7.9,11.4,2.8,1.6,5.6,0.0,0.0,0.0,0.0,0.0,4.0,0.0,0.2614173228346457,0.27716535433070866,0.0,0.061417322834645675,0.0,0.0,5.1,6.2,0.9,9.1
호소,대청호,문의,2025-04-21,12.6,8.2,11.2,3.0,1.4,3.3,54.0,0.0,0.0,0.0,54.0,3.9230769230769225,0.0,0.2622047244094488,0.2755905511811024,0.0,0.062204724409448825,0.0,0.0,21.5,0.0,8.1,23.31
호소,대청호,추동,2025-04-21,14.0,7.9,9.3,3.6,1.7,2.2,0.0,0.0,0.0,0.0,0.0,3.846153846153846,0.0,0.262992125984252,0.2740157480314961,0.0,0.06299212598425198,0.0,0.0,21.5,0.0,8.1,23.31
호소,대청호,회남,2025-04-21,10.2,8.1,11.1,3.3,1.5,6.7,0.0,0.0,0.0,0.0,0.0,3.769230769230769,0.0,0.2637795275590551,0.27244094488188975,0.0,0.06377952755905512,0.0,0.0,21.5,0.0,8.1,23.31
호소,대청호,회남,2025-04-28,10.4,7.9,10.6,3.4,1.5,3.4,0.0,0.0,0.0,0.0,0.0,3.6923076923076916,0.0,0.26456692913385826,0.27086614173228346,0.0,0.06456692913385828,0.0,0.0,15.3,0.0,12.7,28.33
호소,대청호,문의,2025-04-28,12.7,8.0,11.1,3.0,1.4,3.2,0.0,0.0,0.0,0.0,0.0,3.615384615384615,0.0,0.26535433070866143,0.2692913385826772,0.0,0.06535433070866142,0.0,0.0,15.3,0.0,12.7,28.33
호소,대청호,추동,2025-04-28,11.5,7.8,10.6,3.5,2.2,3.1,0.0,0.0,0.0,0.0,0.0,3.5384615384615383,0.0,0.26614173228346455,0.26771653543307083,0.0,0.06614173228346458,0.0,0.0,15.3,0.0,12.7,28.33
호소,대청호,문의,2025-05-07,14.4,8.0,10.6,3.0,2.0,2.6,0.0,0.0,0.0,0.0,0.0,3.461538461538461,0.0,0.2669291338582677,0.2661417322834646,0.0,0.06692913385826772,0.0,0.0,14.7,0.0,10.6,26.59
호소,대청호,회남,2025-05-07,10.9,7.6,9.7,6.6,1.2,1.2,0.0,0.0,0.0,0.0,0.0,3.384615384615384,0.0,0.26771653543307083,0.26456692913385826,0.0,0.06771653543307088,0.0,0.0,14.7,0.0,10.6,26.59
호소,대청호,추동,2025-05-07,12.4,7.7,10.0,3.8,1.7,2.4,0.0,0.0,0.0,0.0,0.0,3.3076923076923075,0.0,0.268503937007874,0.262992125984252,0.0,0.06850393700787402,0.0,0.0,14.7,0.0,10.6,26.59
호소,대청호,추동,2025-05-12,12.6,7.7,10.2,3.7,1.6,3.3,0.0,0.0,0.0,0.0,0.0,3.23076923076923,0.0,0.2692913385826772,0.2614173228346457,0.0,0.06929133858267718,0.0,0.0,17.7,0.0,13.0,28.78
호소,대청호,회남,2025-05-12,11.3,7.6,9.4,5.5,1.7,2.1,0.0,0.0,0.0,0.0,0.0,3.1538461538461533,0.0,0.2700787401574803,0.25984251968503935,0.0,0.07007874015748032,0.0,0.0,17.7,0.0,13.0,28.78
호소,대청호,문의,2025-05-12,14.7,7.9,10.3,3.7,2.1,3.2,0.0,0.0,0.0,0.0,0.0,3.0769230769230766,0.0,0.27086614173228346,0.25826771653543307,0.0,0.07086614173228348,0.0,0.0,17.7,0.0,13.0,28.78
호소,대청호,문의,2025-05-19,15.3,8.3,10.1,3.5,1.7,3.3,0.0,0.0,0.0,0.0,0.0,3.0,0.0,0.2716535433070866,0.2566929133858268,0.0,0.07165354330708662,0.0,0.0,18.8,0.0,4.3,15.54
호소,대청호,추동,2025-05-19,14.8,8.1,10.2,3.5,2.0,4.8,0.0,0.0,0.0,0.0,0.0,2.9230769230769225,0.0,0.27244094488188975,0.25511811023622044,0.0,0.07244094488188978,0.0,0.0,18.8,0.0,4.3,15.54
호소,대청호,회남,2025-05-19,12.0,8.0,8.9,4.3,1.4,2.8,0.0,0.0,0.0,0.0,0.0,2.846153846153846,0.0,0.2732283464566929,0.2535433070866142,0.0,0.07322834645669292,0.0,0.0,18.8,0.0,4.3,15.54
호소,대청호,회남,2025-05-26,12.8,7.7,8.4,5.1,1.3,4.3,24.0,0.0,24.0,0.0,0.0,2.769230769230769,0.0,0.2740157480314961,0.25196850393700787,0.0,0.07401574803149608,0.0,0.0,19.7,0.0,3.2249999999999996,13.989999999999998
호소,대청호,추동,2025-05-26,15.0,7.9,9.7,2.8,1.4,4.3,0.0,0.0,0.0,0.0,0.0,2.6923076923076916,0.0,0.2748031496062992,0.2503937007874016,0.0,0.07480314960629922,0.0,0.0,19.7,0.0,2.15,12.44
호소,대청호,문의,2025-05-26,17.0,8.2,10.0,5.7,1.2,3.2,72.0,0.0,0.0,0.0,72.0,2.615384615384615,0.0,0.2755905511811023,0.24881889763779527,0.0,0.07559055118110238,0.0,0.0,19.7,0.0,1.0750000000000002,10.89
호소,대청호,문의,2025-06-02,19.1,8.4,10.2,5.5,1.2,3.2,56.0,0.0,0.0,0.0,56.0,2.5384615384615383,0.0,0.2763779527559055,0.247244094488189,0.0,0.07637795275590552,0.0,0.0,20.4,0.0,0.0,9.34
호소,대청호,회남,2025-06-02,13.5,7.7,7.9,4.5,1.7,3.5,0.0,0.0,0.0,0.0,0.0,2.461538461538461,0.0,0.27716535433070866,0.24566929133858267,0.0,0.07716535433070867,0.0,0.0,20.4,0.0,0.0,9.34
호소,대청호,추동,2025-06-02,16.9,8.0,9.4,4.3,1.3,3.4,0.0,0.0,0.0,0.0,0.0,2.384615384615384,0.0,0.27795275590551183,0.2440944881889764,0.0,0.07795275590551182,0.0,0.0,20.4,0.0,0.0,9.34
호소,대청호,회남,2025-06-09,15.5,7.7,6.7,3.6,1.4,4.0,210.0,200.0,0.0,0.0,10.0,2.3076923076923075,0.0,0.27874015748031494,0.24251968503937008,0.0,0.07874015748031497,0.0,0.0,25.5,0.0,9.9,26.19
호소,대청호,문의,2025-06-09,22.1,8.5,9.8,2.5,1.2,4.9,67.0,0.0,0.0,0.0,67.0,2.23076923076923,0.0,0.2795275590551181,0.2409448818897638,0.0,0.07952755905511812,0.0,0.0,25.5,0.0,9.9,26.19
호소,대청호,추동,2025-06-09,18.5,8.1,9.5,2.9,1.5,5.6,0.0,0.0,0.0,0.0,0.0,2.1538461538461533,0.0,0.28031496062992123,0.23937007874015748,0.0,0.08031496062992127,0.0,0.0,25.5,0.0,9.9,26.19
호소,대청호,문의,2025-06-16,23.3,8.6,9.7,3.6,1.2,6.3,111.0,0.0,0.0,0.0,111.0,2.0769230769230766,0.0,0.2811023622047244,0.2377952755905512,0.0,0.08110236220472442,0.0,0.0,24.2,26.3,3.8,12.91
호소,대청호,회남,2025-06-16,16.1,7.5,4.7,2.3,2.1,5.5,24.0,0.0,0.0,0.0,24.0,2.0,0.0,0.28188976377952757,0.23622047244094488,0.0,0.08188976377952757,0.0,0.0,24.2,26.3,3.8,12.91
호소,대청호,추동,2025-06-16,21.7,8.1,8.9,2.4,2.0,7.6,38.0,0.0,0.0,0.0,38.0,1.9230769230769234,0.0,0.2826771653543307,0.2346456692913386,0.0,0.08267716535433071,0.0,0.0,24.2,26.3,3.8,12.91
호소,대청호,회남,2025-06-23,18.9,7.5,4.7,1.9,6.1,5.8,191.0,130.0,0.0,0.0,61.0,1.846153846153845,0.0,0.28346456692913385,0.23307086614173228,0.0,0.08346456692913387,0.0,0.0,25.1,0.0,13.5,29.0
호소,대청호,추동,2025-06-23,24.4,8.1,8.5,2.3,2.5,6.6,146.0,100.0,0.0,0.0,46.0,1.7692307692307683,0.0,0.28425196850393697,0.231496062992126,0.0,0.08425196850393701,0.0,0.0,25.1,0.0,13.5,29.0
호소,대청호,문의,2025-06-23,25.5,8.1,8.3,1.8,4.2,5.7,90.0,0.0,0.0,0.0,90.0,1.6923076923076916,0.0,0.28503937007874014,0.22992125984251968,0.0,0.08503937007874017,0.0,0.0,25.1,0.0,13.5,29.0
호소,대청호,추동,2025-06-30,24.8,7.9,6.5,2.0,2.4,5.7,331.0,150.0,168.0,0.0,13.0,1.615384615384615,0.0,0.2858267716535433,0.2283464566929134,0.0,0.08582677165354331,0.0,0.0,29.1,0.0,11.7,28.75
호소,대청호,회남,2025-06-30,21.0,7.8,6.0,1.7,4.1,5.0,626.0,570.0,0.0,0.0,56.0,1.5384615384615383,0.0,0.2866141732283464,0.22677165354330708,0.0,0.08661417322834647,0.0,0.0,29.1,0.0,11.7,28.75
호소,대청호,문의,2025-06-30,25.1,7.9,7.0,2.2,1.9,4.7,118.0,72.0,0.0,0.0,46.0,1.4615384615384617,0.0,0.2874015748031496,0.2251968503937008,0.0,0.08740157480314961,0.0,0.0,29.1,0.0,11.7,28.75
호소,대청호,추동,2025-07-07,25.5,8.0,5.7,2.7,2.8,7.1,982.0,540.0,188.0,0.0,254.0,1.3846153846153832,0.0,0.2881889763779527,0.22362204724409449,0.0,0.08818897637795277,0.0,0.0,30.0,0.0,8.6,24.07
호소,대청호,회남,2025-07-07,21.7,7.8,5.7,3.7,3.4,4.1,620.0,620.0,0.0,0.0,0.0,1.3076923076923066,0.0,0.2889763779527559,0.2220472440944882,0.0,0.08897637795275591,0.0,0.0,30.0,0.0,8.6,24.07
호소,대청호,문의,2025-07-07,26.0,8.0,5.6,3.3,1.7,6.8,759.0,590.0,0.0,0.0,169.0,1.23076923076923,0.0,0.28976377952755905,0.2204724409448819,0.0,0.08976377952755907,0.0,0.0,30.0,0.0,8.6,24.07
호소,대청호,회남,2025-07-14,20.6,8.6,6.8,1.3,3.3,7.4,1276.0,840.0,0.0,0.0,436.0,1.1538461538461533,0.0,0.2905511811023622,0.2188976377952756,0.0,0.09055118110236221,0.0,0.0,23.4,20.9,4.0,16.43
호소,대청호,문의,2025-07-14,26.0,8.1,5.3,3.4,2.2,4.7,569.0,30.0,0.0,0.0,539.0,1.0769230769230766,0.0,0.29133858267716534,0.2173228346456693,0.0,0.09133858267716537,0.0,0.0,23.4,20.9,4.0,16.43
호소,대청호,추동,2025-07-14,24.9,7.9,4.3,2.4,2.2,5.6,826.0,810.0,0.0,0.0,16.0,1.0,0.0,0.2921259842519685,0.215748031496063,0.0,0.09212598425196851,0.0,0.0,23.4,20.9,4.0,16.43
호소,대청호,문의,2025-07-21,24.7,7.9,5.1,2.4,5.4,7.6,9948.0,7760.0,0.0,0.0,2188.0,0.9230769230769234,0.0,0.2929133858267716,0.2141732283464567,0.0,0.09291338582677167,0.0,0.0,28.4,0.0,9.1,23.59
호소,대청호,추동,2025-07-21,25.1,7.7,3.9,2.2,6.4,6.7,1073.0,820.0,0.0,0.0,253.0,0.8461538461538449,0.0,0.2937007874015748,0.2125984251968504,0.0,0.09370078740157481,0.0,0.0,28.4,0.0,9.1,23.59
호소,대청호,회남,2025-07-21,20.6,7.7,5.3,1.3,14.4,8.4,710.0,250.0,0.0,0.0,460.0,0.7692307692307683,0.0,0.29448818897637796,0.2110236220472441,0.0,0.09448818897637797,0.0,0.0,28.4,0.0,9.1,23.59
호소,대청호,문의,2025-07-28,26.9,7.8,4.5,2.9,3.3,3.8,3096.0,2842.0,110.0,0.0,144.0,0.6923076923076916,0.0,0.2952755905511811,0.2094488188976378,0.0,0.09527559055118111,0.0,0.0,30.9,0.0,8.375,20.76
호소,대청호,추동,2025-07-28,25.0,7.3,3.9,2.5,4.2,1.4,950.0,817.0,0.0,0.0,133.0,0.615384615384615,0.0,0.29606299212598425,0.2078740157480315,0.0,0.09606299212598426,0.0,0.0,30.9,0.0,7.65,20.76
호소,대청호,회남,2025-07-28,25.0,7.8,6.7,2.1,6.9,6.6,4705.0,4547.0,0.0,0.0,158.0,0.5384615384615383,0.0,0.29685039370078736,0.2062992125984252,0.0,0.09685039370078741,0.0,0.0,30.9,0.0,6.925,20.76
호소,대청호,문의,2025-08-04,26.9,8.5,5.6,1.1,4.2,20.0,17585.0,3273.0,348.0,0.0,13964.0,0.4615384615384617,0.0,0.29763779527559053,0.2047244094488189,0.0,0.09763779527559056,0.0,0.0,28.4,11.4,6.2,20.96
호소,대청호,회남,2025-08-04,24.5,7.7,6.7,0.9,8.1,18.1,23323.0,22433.0,0.0,0.0,890.0,0.38461538461538325,0.0,0.2984251968503937,0.2031496062992126,0.0,0.0984251968503937,0.0,0.0,28.4,11.4,6.2,20.96
호소,대청호,추동,2025-08-04,25.2,7.9,4.7,2.1,4.0,7.8,896.0,513.0,0.0,107.0,276.0,0.3076923076923066,0.0,0.2992125984251968,0.2015748031496063,0.0,0.09921259842519686,0.0,0.0,28.4,11.4,6.2,20.96
호소,대청호,문의,2025-08-11,27.6,8.1,4.9,1.2,3.7,15.8,11129.0,10610.0,0.0,340.0,179.0,0.23076923076922995,0.0,0.3,0.2,0.0,0.1,0.0,0.0,24.3,2.3,0.3,7.51
호소,대청호,추동,2025-08-11,26.3,7.8,5.4,2.3,2.9,12.6,4228.0,3430.0,0.0,381.0,417.0,0.1538461538461533,0.0,0.6499999999999999,0.55,0.0,0.2,0.0,0.0,24.3,2.3,0.3,7.51
호소,대청호,회남,2025-08-11,24.4,8.0,6.7,0.8,11.9,30.4,38665.0,38627.0,0.0,0.0,38.0,0.07692307692307665,0.0,1.0,0.9,0.0,0.3,0.0,0.0,24.3,2.3,0.3,7.51
호소,대청호,회남,2025-08-13,24.6,7.7,5.0,0.9,11.0,15.7,23733.0,23713.0,0.0,0.0,20.0,0.0,0.0,0.8,0.5,0.0,0.1,0.0,0.0,26.8,5.4,2.2,12.9
호소,대청호,문의,2025-08-13,28.1,8.4,5.6,1.3,3.4,14.7,9922.0,9413.0,0.0,380.0,129.0,0.0,4.0,0.5,0.4,0.0,0.1,0.0,0.0,26.8,5.4,2.2,12.9
호소,대청호,회남,2025-08-18,24.2,8.1,6.6,0.4,38.0,31.9,194194.0,194125.0,0.0,0.0,69.0,0.0,0.0,2.4,3.2,0.2,0.5,0.1,0.2,29.2,0.0,8.6,22.31
호소,대청호,추동,2025-08-18,27.5,7.8,5.0,1.4,4.4,9.9,9604.0,9145.0,0.0,185.0,274.0,0.0,0.0,1.3,1.75,0.1,0.25,0.05,0.1,29.2,0.0,8.6,22.31
호소,대청호,문의,2025-08-18,28.3,8.0,3.8,1.3,3.9,9.1,11661.0,10678.0,0.0,871.0,112.0,0.0,0.0,0.2,0.3,0.0,0.0,0.0,0.0,29.2,0.0,8.6,22.31
호소,대청호,회남,2025-08-21,26.0,8.0,6.4,0.6,10.1,15.2,40667.0,40505.0,0.0,0.0,162.0,0.0,0.0,0.6,1.0,0.1,0.2,0.0,0.1,29.9,0.0,9.1,22.13
호소,대청호,문의,2025-08-21,29.4,8.1,4.3,1.5,7.0,12.4,28737.0,28620.0,0.0,0.0,117.0,0.0,0.0,0.4,0.6,0.0,0.1,0.0,0.1,29.9,0.0,9.1,22.13
호소,대청호,추동,2025-08-25,27.0,7.9,4.0,1.7,2.9,16.0,7460.0,4513.0,125.0,2360.0,462.0,0.0,0.0,0.4,0.6,0.0,0.1,0.0,0.1,30.3,0.0,8.6,22.17
호소,대청호,회남,2025-08-25,25.4,7.9,5.9,0.8,9.3,14.1,24560.0,24195.0,0.0,0.0,365.0,0.0,0.0,0.4,0.6,0.0,0.1,0.0,0.1,30.3,0.0,8.6,22.17
호소,대청호,문의,2025-08-25,28.9,7.9,3.7,2.3,4.9,10.1,22641.0,19588.0,0.0,2737.0,316.0,0.0,3.0,0.5,0.8,0.0,0.1,0.0,0.1,30.3,0.0,8.6,22.17
호소,대청호,회남,2025-08-28,26.0,8.1,4.7,0.8,12.3,13.9,28182.0,27818.0,0.0,0.0,364.0,0.0,0.0,0.2,0.4,0.0,0.1,0.0,0.0,28.1,0.0,8.2,20.75
호소,대청호,문의,2025-08-28,28.8,8.2,3.8,1.7,4.4,12.4,12484.0,11136.0,0.0,1059.0,289.0,0.0,3.0,0.4,0.7,0.0,0.1,0.0,0.1,28.1,0.0,8.2,20.75
호소,대청호,추동,2025-09-01,27.2,7.6,4.4,1.7,3.6,5.7,5412.0,3971.0,117.0,132.0,1192.0,0.0,1.5,0.4,0.7,0.05,0.1,0.0,0.1,26.8,7.4,5.6,16.24
호소,대청호,회남,2025-09-01,25.4,7.9,4.4,1.1,8.9,10.3,30536.0,30071.0,0.0,0.0,465.0,0.0,0.0,0.4,0.7,0.1,0.1,0.0,0.1,26.8,7.4,5.6,16.24
호소,대청호,문의,2025-09-01,28.9,8.1,3.7,1.6,5.7,7.4,8565.0,7971.0,0.0,308.0,286.0,0.0,3.0,0.2,0.5,0.0,0.0,0.0,0.0,26.8,7.4,5.6,16.24
호소,대청호,문의,2025-09-04,28.0,8.0,3.5,2.1,4.5,6.4,7885.0,7139.0,18.0,625.0,103.0,0.0,4.0,0.2,0.3,0.0,0.0,0.0,0.0,26.1,0.4,4.0,11.25
호소,대청호,회남,2025-09-04,24.4,8.0,4.1,0.8,9.8,8.5,26975.0,26248.0,0.0,0.0,727.0,0.0,0.0,0.3,0.5,0.0,0.1,0.0,0.0,26.1,0.4,4.0,11.25
호소,대청호,회남,2025-09-08,24.0,7.6,3.2,1.0,9.2,11.8,24974.0,24011.0,0.0,0.0,963.0,0.0,0.0,0.4,0.6,0.0,0.1,0.0,0.0,22.2,0.0,0.1,7.38
호소,대청호,문의,2025-09-08,27.9,8.2,3.4,2.0,4.3,4.3,6920.0,6682.0,0.0,215.0,23.0,0.0,5.0,0.1,0.2,0.0,0.0,0.0,0.0,22.2,0.0,0.1,7.38
호소,대청호,추동,2025-09-08,27.1,7.8,4.8,1.6,6.8,8.9,15506.0,14118.0,0.0,1015.0,373.0,0.0,2.5,0.2,0.30000000000000004,0.0,0.0,0.0,0.0,22.2,0.0,0.1,7.38
호소,대청호,회남,2025-09-11,25.2,7.7,2.5,1.3,9.8,8.3,23710.0,23660.0,0.0,0.0,50.0,0.0,0.0,0.3,0.4,0.0,0.0,0.0,0.0,24.9,0.0,9.3,20.72
호소,대청호,추동,2025-09-15,26.1,7.6,4.6,1.8,7.5,14.2,30297.0,28930.0,233.0,418.0,716.0,0.0,0.0,0.6,1.1,0.0,0.1,0.0,0.0,25.3,0.0,2.4,13.39
호소,대청호,회남,2025-09-15,24.8,7.6,2.9,1.0,13.0,9.2,23673.0,23542.0,0.0,0.0,131.0,0.0,0.0,0.4,0.6,0.0,0.1,0.0,0.0,25.3,0.0,2.4,13.39
호소,대청호,문의,2025-09-15,27.8,8.5,5.1,2.0,5.1,6.6,14821.0,12888.0,0.0,1672.0,261.0,36.0,0.0,0.6000000000000001,0.7,0.0,0.1,0.0,0.0,25.3,0.0,2.4,13.39
호소,대청호,추동,2025-09-18,26.3,8.0,5.2,1.3,5.8,16.5,26209.0,24423.0,446.0,430.0,910.0,72.0,0.0,0.8,0.8,0.0,0.1,0.0,0.0,21.9,0.0,4.3,11.71
호소,대청호,회남,2025-09-18,24.3,7.7,3.1,1.5,7.3,6.0,10402.0,10320.0,0.0,0.0,82.0,0.0,0.0,0.5,0.4,0.0,0.1,0.0,0.0,21.9,0.0,4.3,11.71
호소,대청호,추동,2025-09-22,25.8,7.5,6.5,1.9,6.3,14.1,13172.0,11597.0,307.0,468.0,800.0,118.0,0.0,0.4,0.4,0.0,0.1,0.0,0.0,21.2,0.0,2.1,12.18
호소,대청호,문의,2025-09-22,26.2,7.7,5.5,2.0,4.7,4.3,12733.0,10679.0,0.0,1760.0,294.0,59.0,1.5,0.4,0.4,0.0,0.1,0.0,0.0,21.2,0.0,2.1,12.18
호소,대청호,회남,2025-09-22,23.3,7.1,3.3,1.9,6.6,5.2,7141.0,7050.0,0.0,0.0,91.0,0.0,3.0,0.3,0.2,0.0,0.0,0.0,0.0,21.2,0.0,2.1,12.18
호소,대청호,문의,2025-09-25,26.0,7.9,6.1,2.5,4.3,9.0,11498.0,9369.0,0.0,1865.0,264.0,0.0,4.0,0.5,0.5,0.0,0.1,0.0,0.0,22.2,14.8,0.0,3.67
호소,대청호,추동,2025-09-25,25.6,7.7,6.3,1.5,6.7,16.9,26287.0,21755.0,924.0,2933.0,675.0,143.0,0.0,0.5,0.5,0.0,0.1,0.0,0.0,22.2,14.8,0.0,3.67
호소,대청호,회남,2025-09-25,23.4,7.1,2.7,1.0,4.7,7.0,8609.0,8521.0,0.0,0.0,88.0,0.0,3.0,0.4,0.3,0.0,0.1,0.0,0.0,22.2,14.8,0.0,3.67
호소,대청호,회남,2025-09-29,22.8,7.1,3.4,2.4,4.0,5.5,12387.0,12111.0,0.0,175.0,101.0,0.0,0.0,0.3,0.3,0.0,0.0,0.0,0.0,19.9,0.0,4.7,13.08
호소,대청호,추동,2025-09-29,25.2,7.5,5.8,1.7,4.9,17.4,14209.0,12505.0,326.0,634.0,744.0,78.0,0.0,0.4,0.4,0.0,0.1,0.0,0.0,19.9,0.0,4.7,13.08
호소,대청호,문의,2025-09-29,25.7,7.5,6.2,2.7,3.4,4.8,8407.0,7180.0,0.0,1010.0,217.0,0.0,0.0,0.3,0.3,0.0,0.0,0.0,0.0,19.9,0.0,4.7,13.08
호소,대청호,추동,2025-10-01,25.1,7.5,5.8,1.5,6.9,15.6,12170.0,10396.0,150.0,1289.0,335.0,85.0,0.0,0.5,0.4,0.0,0.1,0.0,0.0,20.3,0.0,10.4,18.46
호소,대청호,문의,2025-10-01,25.5,7.5,5.8,2.0,2.9,6.4,9946.0,8711.0,0.0,770.0,465.0,0.0,0.0,0.3,0.3,0.0,0.0,0.0,0.0,20.3,0.0,10.4,18.46
호소,대청호,추동,2025-10-08,24.1,7.6,7.4,1.2,5.6,27.7,23868.0,21513.0,667.0,1140.0,548.0,167.0,0.0,0.4,0.4,0.0,0.1,0.0,0.0,21.2,1.3,1.7,9.18
호소,대청호,회남,2025-10-10,23.2,7.1,4.1,2.3,2.3,4.7,3314.0,2854.0,57.0,80.0,323.0,139.33333333333334,0.0,0.1,0.1,0.0,0.0,0.0,0.0,21.5,0.0,2.4,11.11
호소,대청호,문의,2025-10-10,24.3,7.4,6.3,2.7,3.0,10.4,13254.0,9414.0,0.0,2042.0,1798.0,111.66666666666666,0.0,0.25,0.30000000000000004,0.0,0.05,0.0,0.0,21.5,0.0,2.4,11.11
호소,대청호,추동,2025-10-10,24.0,7.4,7.4,1.6,5.1,29.3,25014.0,21399.0,229.0,2789.0,597.0,84.0,0.0,0.4,0.5,0.0,0.1,0.0,0.0,21.5,0.0,2.4,11.11
호소,대청호,문의,2025-10-13,23.9,7.2,5.2,2.6,3.4,8.2,8730.0,6490.0,0.0,1505.0,735.0,56.0,0.0,0.2,0.2,0.0,0.0,0.0,0.0,18.6,58.3,0.0,1.58
호소,대청호,회남,2025-10-14,22.8,7.3,5.9,2.9,3.9,11.7,5465.0,4851.0,66.0,380.0,168.0,28.0,0.0,0.4,0.35,0.0,0.05,0.0,0.0,18.3,5.7,0.0,5.48
호소,대청호,추동,2025-10-14,23.5,7.2,5.4,1.9,4.7,22.3,18134.0,15825.0,0.0,2000.0,309.0,0.0,0.0,0.6,0.5,0.0,0.1,0.0,0.0,18.3,5.7,0.0,5.48
호소,대청호,추동,2025-10-16,23.5,7.5,7.5,1.6,6.9,21.3,17406.0,16305.0,0.0,755.0,346.0,6.0,0.0,0.6,0.5,0.0,0.1,0.0,0.0,19.4,30.6,0.0,6.6
호소,대청호,문의,2025-10-20,22.8,7.3,6.4,2.0,2.6,11.7,10083.0,7521.0,0.0,2495.0,67.0,4.0,0.0,0.5333333333333333,0.5,0.0,0.06666666666666668,0.0,0.0,11.5,0.0,9.7,15.82
호소,대청호,회남,2025-10-20,22.0,7.3,7.2,1.8,3.5,10.9,4051.0,3469.0,0.0,515.0,67.0,2.0,0.0,0.4666666666666667,0.5,0.0,0.03333333333333334,0.0,0.0,11.5,0.0,9.7,15.82
호소,대청호,추동,2025-10-20,22.8,7.3,7.3,1.6,6.7,20.8,13266.0,11442.0,0.0,1675.0,149.0,0.0,0.0,0.4,0.5,0.0,0.0,0.0,0.0,11.5,0.0,9.7,15.82
호소,대청호,추동,2025-10-22,22.2,7.3,7.4,1.4,4.9,20.4,14385.0,12897.0,0.0,1305.0,183.0,0.0,0.0,0.3,0.8,0.0,0.0,0.0,0.0,13.4,0.0,6.3,13.02
호소,대청호,문의,2025-10-27,21.2,7.1,7.0,2.4,3.1,22.1,7472.0,7214.0,0.0,32.0,226.0,0.0,0.0,0.1,0.3,0.0,0.0,0.0,0.0,9.5,0.0,9.9,16.69
호소,대청호,추동,2025-10-27,21.2,7.3,7.7,1.6,4.5,20.6,14127.0,13466.0,0.0,510.0,151.0,0.0,0.0,0.3,0.8,0.0,0.0,0.0,0.0,9.5,0.0,9.9,16.69
호소,대청호,회남,2025-10-27,20.7,7.3,7.3,2.7,3.0,12.6,2653.0,2493.0,0.0,85.0,75.0,0.0,0.0,0.25,0.75,0.0,0.0,0.0,0.0,9.5,0.0,9.9,16.69
호소,대청호,추동,2025-10-29,20.6,7.5,8.1,1.4,5.0,16.8,15860.0,15608.0,0.0,86.0,166.0,0.0,0.0,0.2,0.7,0.0,0.0,0.0,0.0,9.6,0.0,9.7,15.18
호소,대청호,회남,2025-11-03,19.5,5.9,7.8,2.3,4.6,15.2,2050.0,2031.0,0.0,0.0,19.0,0.0,0.0,0.2,0.6666666666666666,0.0,0.0,0.0,0.0,7.0,0.0,9.7,14.94
호소,대청호,문의,2025-11-03,19.5,7.4,8.1,2.0,3.5,21.0,9342.0,9232.0,0.0,30.0,80.0,0.0,0.0,0.2,0.6333333333333333,0.0,0.0,0.0,0.0,7.0,0.0,9.7,14.94
호소,대청호,추동,2025-11-03,19.4,7.5,8.8,1.5,5.9,21.3,18429.0,18381.0,0.0,0.0,48.0,0.0,0.0,0.2,0.6,0.0,0.0,0.0,0.0,7.0,0.0,9.7,14.94
호소,대청호,추동,2025-11-06,19.0,7.4,8.6,1.7,4.3,15.9,15606.0,15432.0,0.0,0.0,174.0,0.0,0.0,0.1,0.4,0.0,0.0,0.0,0.0,11.3,0.0,6.4,11.62
호소,대청호,문의,2025-11-10,18.7,7.5,8.6,2.1,3.0,28.1,7664.0,7618.0,0.0,0.0,46.0,0.0,0.0,0.1,0.3666666666666667,0.0,0.0,0.0,0.0,8.9,0.0,9.6,14.54
호소,대청호,회남,2025-11-10,18.1,7.6,8.1,2.9,2.0,7.4,1780.0,1700.0,0.0,0.0,80.0,0.0,0.0,0.1,0.3333333333333333,0.0,0.0,0.0,0.0,8.9,0.0,9.6,14.54
호소,대청호,추동,2025-11-10,18.5,7.6,8.8,1.9,4.2,13.2,14645.0,14431.0,0.0,0.0,214.0,0.0,0.0,0.1,0.3,0.0,0.0,0.0,0.0,8.9,0.0,9.6,14.54
호소,대청호,추동,2025-11-13,17.9,7.6,9.0,2.3,3.2,12.1,17266.0,17183.0,0.0,0.0,83.0,0.0,0.0,0.1,0.3,0.0,0.0,0.0,0.0,9.3,0.0,8.1,11.2
호소,대청호,회남,2025-11-17,17.2,7.5,8.2,2.2,1.7,7.8,2280.0,2241.0,0.0,0.0,39.0,0.0,0.0,0.1,0.25,0.0,0.0,0.0,0.0,5.6,0.0,8.3,11.08
호소,대청호,추동,2025-11-17,17.2,7.7,9.0,2.1,3.1,13.3,13499.0,13382.0,0.0,8.0,109.0,0.0,0.0,0.1,0.2,0.0,0.0,0.0,0.0,5.6,0.0,8.3,11.08
호소,대청호,문의,2025-11-17,17.4,7.5,8.0,2.8,1.7,13.3,2473.0,2473.0,0.0,0.0,0.0,0.0,0.0,0.1,0.2,0.0,0.0,0.0,0.0,5.6,0.0,8.3,11.08
호소,대청호,추동,2025-11-20,16.3,7.6,9.3,2.2,6.8,7.1,9630.0,9524.0,0.0,0.0,106.0,0.0,0.0,0.1,0.2,0.0,0.0,0.0,0.0,8.5,0.0,5.3,10.38
호소,대청호,회남,2025-11-24,16.1,7.6,8.4,2.5,1.9,7.2,893.0,825.0,0.0,25.0,43.0,0.0,0.0,0.1,0.15000000000000002,0.0,0.0,0.0,0.0,12.0,0.0,6.5,9.68
호소,대청호,추동,2025-11-24,15.8,7.8,9.4,3.0,2.4,13.4,4238.0,4073.0,0.0,0.0,165.0,0.0,0.0,0.1,0.1,0.0,0.0,0.0,0.0,12.0,0.0,6.5,9.68
호소,대청호,문의,2025-11-24,16.2,7.5,8.0,4.1,1.1,9.3,1108.0,1108.0,0.0,0.0,0.0,0.0,0.0,0.1,0.1,0.0,0.0,0.0,0.0,12.0,0.0,6.5,9.68
호소,대청호,문의,2025-12-01,15.1,7.7,9.0,3.6,1.2,9.8,169.0,152.0,0.0,0.0,17.0,0.0,0.0,0.1,0.1,0.0,0.0,0.0,0.0,7.9,0.0,8.6,11.82
호소,대청호,추동,2025-12-01,14.6,7.7,9.6,3.0,5.4,13.4,1638.0,1432.0,7.0,0.0,199.0,0.0,0.0,0.1,0.1,0.0,0.0,0.0,0.0,7.9,0.0,8.6,11.82
호소,대청호,회남,2025-12-01,14.8,7.6,9.0,3.4,1.7,8.4,117.0,0.0,0.0,95.0,22.0,0.0,0.0,0.1,0.1,0.0,0.0,0.0,0.0,7.9,0.0,8.6,11.82
호소,대청호,회남,2025-12-08,13.2,7.7,9.3,3.7,1.8,6.7,174.0,85.0,0.0,0.0,89.0,0.0,0.0,0.1,0.1,0.0,0.0,0.0,0.0,4.9,0.0,8.6,11.61
호소,대청호,추동,2025-12-08,12.8,7.8,10.0,3.0,1.6,8.8,547.0,290.0,40.0,0.0,217.0,0.0,0.0,0.1,0.1,0.0,0.0,0.0,0.0,4.9,0.0,8.6,11.61
호소,대청호,문의,2025-12-08,13.4,7.5,8.8,3.6,1.3,9.0,110.0,110.0,0.0,0.0,0.0,0.0,0.0,0.1,0.1,0.0,0.0,0.0,0.0,4.9,0.0,8.6,11.61
호소,대청호,추동,2025-12-15,11.7,7.8,10.0,3.7,1.2,6.1,392.0,210.0,0.0,0.0,182.0,0.0,0.0,0.1,0.1,0.0,0.0,0.0,0.0,1.8,0.0,1.6,6.82
호소,대청호,회남,2025-12-15,12.0,7.7,9.4,3.5,3.5,6.1,233.0,200.0,0.0,0.0,33.0,0.0,0.0,0.1,0.1,0.0,0.0,0.0,0.0,1.8,0.0,1.6,6.82
호소,대청호,문의,2025-12-15,12.1,7.7,9.5,3.6,1.2,9.1,175.0,170.0,0.0,0.0,5.0,0.0,0.0,0.1,0.1,0.0,0.0,0.0,0.0,1.8,0.0,1.6,6.82
호소,대청호,회남,2025-12-22,10.6,7.6,9.6,3.7,2.6,6.1,0.0,0.0,0.0,0.0,0.0,0.0,0.0,0.1,0.1,0.0,0.0,0.0,0.0,-0.5,0.0,8.1,10.9
호소,대청호,문의,2025-12-22,11.1,7.6,9.4,4.0,1.2,9.8,55.0,55.0,0.0,0.0,0.0,0.0,0.0,0.1,0.1,0.0,0.0,0.0,0.0,-0.5,0.0,8.1,10.9
호소,대청호,추동,2025-12-22,10.9,7.7,9.7,3.6,1.2,8.1,141.0,0.0,0.0,0.0,141.0,0.0,0.0,0.1,0.1,0.0,0.0,0.0,0.0,-0.5,0.0,8.1,10.9
호소,대청호,회남,2025-12-29,9.8,7.6,9.8,3.8,1.3,7.1,138.0,0.0,0.0,0.0,138.0,0.0,0.0,0.1,0.1,0.0,0.0,0.0,0.0,5.3,1.0,2.6,5.33
호소,대청호,문의,2025-12-29,10.0,7.4,8.7,2.7,1.6,4.3,0.0,0.0,0.0,0.0,0.0,0.0,0.0,0.1,0.1,0.0,0.0,0.0,0.0,5.3,1.0,2.6,5.33
호소,대청호,추동,2025-12-29,9.4,7.6,10.0,3.2,1.4,5.4,206.0,120.0,0.0,0.0,86.0,0.0,0.0,0.1,0.1,0.0,0.0,0.0,0.0,5.3,1.0,2.6,5.33
호소,대청호,회남,2026-01-05,8.0,7.7,11.0,3.7,1.4,3.7,265.0,52.0,0.0,0.0,213.0,0.0,0.0,0.1,0.1,0.0,0.0,0.0,0.0,-0.2,0.0,8.4,11.35
호소,대청호,문의,2026-01-05,8.8,7.5,9.8,2.4,1.5,3.7,0.0,0.0,0.0,0.0,0.0,0.0,0.0,0.1,0.1,0.0,0.0,0.0,0.0,-0.2,0.0,8.4,11.35
호소,대청호,추동,2026-01-05,8.5,7.6,10.4,4.0,1.6,4.5,49.0,0.0,0.0,0.0,49.0,0.0,0.0,0.1,0.1,0.0,0.0,0.0,0.0,-0.2,0.0,8.4,11.35
호소,대청호,회남,2026-01-12,7.1,7.8,11.1,4.1,1.4,4.7,18.0,0.0,0.0,0.0,18.0,0.0,0.0,0.1,0.1,0.0,0.0,0.0,0.0,-1.5,1.3,3.7,6.5
호소,대청호,문의,2026-01-12,7.4,7.6,10.0,2.7,2.7,3.5,0.0,0.0,0.0,0.0,0.0,0.0,0.0,0.1,0.1,0.0,0.0,0.0,0.0,-1.5,1.3,3.7,6.5
호소,대청호,추동,2026-01-12,7.5,7.7,10.7,3.0,1.5,2.3,50.0,0.0,0.0,0.0,50.0,0.0,0.0,0.1,0.1,0.0,0.0,0.0,0.0,-1.5,1.3,3.7,6.5
호소,대청호,추동,2026-01-19,7.0,7.4,10.7,3.5,1.4,4.8,0.0,0.0,0.0,0.0,0.0,0.0,0.0,0.1,0.1,0.0,0.0,0.0,0.0,-1.0,0.6,3.9,7.56
호소,대청호,문의,2026-01-19,7.5,7.2,9.2,2.5,1.6,2.9,160.0,160.0,0.0,0.0,0.0,0.0,0.0,0.1,0.1,0.0,0.0,0.0,0.0,-1.0,0.6,3.9,7.56
호소,대청호,회남,2026-01-19,6.8,7.3,10.9,3.8,1.6,4.7,303.0,130.0,0.0,0.0,173.0,0.0,0.0,0.1,0.1,0.0,0.0,0.0,0.0,-1.0,0.6,3.9,7.56
호소,대청호,회남,2026-01-26,5.5,7.7,11.4,4.8,1.2,4.3,359.0,0.0,0.0,0.0,359.0,0.0,0.0,0.1,0.1,0.0,0.0,0.0,0.0,-3.5,0.0,4.6,9.93
호소,대청호,문의,2026-01-26,6.2,7.4,10.1,3.2,1.6,3.4,0.0,0.0,0.0,0.0,0.0,0.0,0.0,0.1,0.1,0.0,0.0,0.0,0.0,-3.5,0.0,4.6,9.93
호소,대청호,추동,2026-01-26,5.9,7.6,11.2,5.0,1.4,3.8,136.0,0.0,0.0,0.0,136.0,0.0,0.0,0.1,0.1,0.0,0.0,0.0,0.0,-3.5,0.0,4.6,9.93
호소,대청호,추동,2026-02-02,4.8,7.6,11.8,4.0,1.4,3.3,268.0,0.0,0.0,0.0,268.0,0.0,0.0,0.1,0.1,0.0,0.0,0.0,0.0,-1.9,2.4,7.1,11.79
호소,대청호,회남,2026-02-02,5.2,7.6,11.5,4.7,1.6,4.7,92.0,0.0,0.0,0.0,92.0,0.0,0.0,0.1,0.1,0.0,0.0,0.0,0.0,-1.9,2.4,7.1,11.79
호소,대청호,문의,2026-02-02,5.7,7.4,10.4,3.5,2.4,3.1,150.0,94.0,0.0,0.0,56.0,0.0,0.0,0.1,0.1,0.0,0.0,0.0,0.0,-1.9,2.4,7.1,11.79
호소,대청호,추동,2026-02-09,4.6,7.6,11.9,3.8,1.2,4.1,226.0,0.0,0.0,0.0,226.0,0.0,0.0,0.1,0.1,0.0,0.0,0.0,0.0,-2.0,0.0,9.6,15.56
호소,대청호,회남,2026-02-09,4.9,7.7,11.8,2.7,1.1,5.1,128.0,0.0,0.0,0.0,128.0,0.0,0.0,0.1,0.1,0.0,0.0,0.0,0.0,-2.0,0.0,9.6,15.56
호소,대청호,문의,2026-02-09,5.2,7.5,11.2,3.1,1.8,2.2,226.0,74.0,0.0,0.0,152.0,0.0,0.0,0.1,0.1,0.0,0.0,0.0,0.0,-2.0,0.0,9.6,15.56
호소,대청호,문의,2026-02-19,5.8,7.5,11.3,3.2,1.7,4.2,0.0,0.0,0.0,0.0,0.0,0.0,0.0,0.1,0.1,0.0,0.0,0.0,0.0,2.1,0.0,10.2,17.73
호소,대청호,추동,2026-02-19,5.2,7.7,12.3,3.8,1.3,5.0,124.0,0.0,0.0,0.0,124.0,0.0,0.0,0.1,0.1,0.0,0.0,0.0,0.0,2.1,0.0,10.2,17.73
호소,대청호,회남,2026-02-19,5.1,7.5,12.0,4.8,1.4,5.0,36.0,0.0,0.0,0.0,36.0,0.0,0.0,0.1,0.1,0.0,0.0,0.0,0.0,2.1,0.0,10.2,17.73
호소,대청호,추동,2026-02-23,5.6,7.7,12.2,4.0,1.5,4.2,136.0,0.0,0.0,0.0,136.0,0.0,0.0,0.1,0.1,0.0,0.0,0.0,0.0,3.0,0.0,6.6,14.71
호소,대청호,문의,2026-02-23,6.1,7.5,11.4,3.7,1.4,4.3,172.0,0.0,0.0,0.0,172.0,0.0,0.0,0.1,0.1,0.0,0.0,0.0,0.0,3.0,0.0,6.6,14.71
호소,대청호,회남,2026-02-23,5.3,7.7,12.1,3.7,1.5,4.8,142.0,0.0,0.0,0.0,142.0,0.0,0.0,0.1,0.1,0.0,0.0,0.0,0.0,3.0,0.0,6.6,14.71
호소,대청호,추동,2026-03-03,6.2,7.7,12.2,3.2,2.2,4.1,244.0,0.0,0.0,0.0,244.0,0.0,0.0,0.1,0.1,0.0,0.0,0.0,0.0,6.9,0.1,3.6,12.68
호소,대청호,회남,2026-03-03,5.6,7.8,12.1,3.5,1.4,4.5,68.0,0.0,0.0,0.0,68.0,0.0,0.0,0.1,0.1,0.0,0.0,0.0,0.0,6.9,0.1,3.6,12.68
호소,대청호,문의,2026-03-03,5.9,7.5,11.2,3.5,1.6,4.0,128.0,0.0,0.0,0.0,128.0,0.0,0.0,0.1,0.1,0.0,0.0,0.0,0.0,6.9,0.1,3.6,12.68
호소,대청호,문의,2026-03-09,6.2,7.6,11.4,3.4,1.3,4.2,0.0,0.0,0.0,0.0,0.0,0.0,0.0,0.1,0.1,0.0,0.0,0.0,0.0,2.8,0.0,3.5,9.35
호소,대청호,회남,2026-03-09,5.6,7.7,12.3,3.5,2.3,4.8,78.0,0.0,0.0,0.0,78.0,0.0,0.0,0.1,0.1,0.0,0.0,0.0,0.0,2.8,0.0,3.5,9.35
호소,대청호,추동,2026-03-09,6.2,7.8,12.2,3.5,2.3,4.7,349.0,0.0,0.0,0.0,349.0,0.0,0.0,0.1,0.1,0.0,0.0,0.0,0.0,2.8,0.0,3.5,9.35
호소,대청호,회남,2026-03-16,6.2,7.8,12.2,3.5,1.6,5.2,178.0,0.0,0.0,0.0,178.0,0.0,0.0,0.1,0.1,0.0,0.0,0.0,0.0,7.5,0.0,9.0,18.77
호소,대청호,추동,2026-03-16,7.1,7.9,12.3,3.3,1.6,4.3,373.0,0.0,0.0,0.0,373.0,0.0,0.0,0.1,0.1,0.0,0.0,0.0,0.0,7.5,0.0,9.0,18.77
호소,대청호,문의,2026-03-16,6.4,7.7,11.1,3.1,1.0,3.3,0.0,0.0,0.0,0.0,0.0,0.0,0.0,0.1,0.1,0.0,0.0,0.0,0.0,7.5,0.0,9.0,18.77
호소,대청호,추동,2026-03-23,7.9,7.8,11.8,3.6,1.8,5.0,63.0,63.0,0.0,0.0,0.0,0.0,0.0,0.1,0.1,0.0,0.0,0.0,0.0,11.8,0.0,11.5,22.54
호소,대청호,회남,2026-03-23,7.0,7.8,12.0,3.8,1.5,4.0,50.0,0.0,0.0,0.0,50.0,0.0,0.0,0.1,0.1,0.0,0.0,0.0,0.0,11.8,0.0,11.5,22.54
호소,대청호,문의,2026-03-23,7.2,7.7,11.4,3.1,1.0,3.3,27.0,0.0,0.0,0.0,27.0,0.0,0.0,0.1,0.1,0.0,0.0,0.0,0.0,11.8,0.0,11.5,22.54
호소,대청호,회남,2026-03-30,8.1,7.8,11.6,3.7,1.6,4.1,151.0,0.0,0.0,0.0,151.0,0.0,0.0,0.1,0.1,0.0,0.0,0.0,0.0,12.9,11.3,0.7,6.98
호소,대청호,문의,2026-03-30,8.6,7.8,11.4,3.5,1.5,3.5,72.0,0.0,0.0,0.0,72.0,0.0,0.0,0.1,0.1,0.0,0.0,0.0,0.0,12.9,11.3,0.7,6.98
호소,대청호,추동,2026-03-30,8.6,7.9,11.4,3.8,1.5,4.0,98.0,98.0,0.0,0.0,0.0,0.0,0.0,0.1,0.1,0.0,0.0,0.0,0.0,12.9,11.3,0.7,6.98
호소,대청호,추동,2026-04-06,9.0,7.7,11.4,3.2,1.7,4.0,0.0,0.0,0.0,0.0,0.0,0.0,0.0,0.1,0.1,0.0,0.0,0.0,0.0,10.0,7.3,0.0,4.66
호소,대청호,회남,2026-04-06,8.7,7.6,11.4,3.5,1.0,4.2,56.0,0.0,0.0,0.0,56.0,0.0,0.0,0.1,0.1,0.0,0.0,0.0,0.0,10.0,7.3,0.0,4.66
호소,대청호,문의,2026-04-06,12.4,7.9,11.3,2.9,1.4,3.4,0.0,0.0,0.0,0.0,0.0,0.0,0.0,0.1,0.1,0.0,0.0,0.0,0.0,10.0,7.3,0.0,4.66
호소,대청호,추동,2026-04-13,11.3,7.9,10.9,4.2,1.5,2.0,0.0,0.0,0.0,0.0,0.0,0.0,0.0,0.1,0.1,0.0,0.0,0.0,0.0,19.0,0.0,11.1,25.85
호소,대청호,문의,2026-04-13,13.0,8.0,11.1,3.1,1.8,2.6,13.0,0.0,0.0,0.0,13.0,0.0,0.0,0.1,0.1,0.0,0.0,0.0,0.0,19.0,0.0,11.1,25.85
호소,대청호,회남,2026-04-13,8.8,7.7,11.3,3.4,0.9,5.5,145.0,0.0,0.0,0.0,145.0,0.0,0.0,0.1,0.1,0.0,0.0,0.0,0.0,19.0,0.0,11.1,25.85
호소,대청호,추동,2026-04-20,12.7,8.1,11.0,3.4,2.0,3.8,0.0,0.0,0.0,0.0,0.0,0.0,0.0,0.1,0.1,0.0,0.0,0.0,0.0,13.3,0.2,2.0,6.48
호소,대청호,문의,2026-04-20,13.6,7.9,10.7,3.9,1.5,3.3,0.0,0.0,0.0,0.0,0.0,0.0,0.0,0.1,0.1,0.0,0.0,0.0,0.0,13.3,0.2,2.0,6.48
호소,대청호,회남,2026-04-20,9.7,8.1,10.9,3.5,1.4,4.3,54.0,0.0,0.0,0.0,54.0,0.0,0.0,0.1,0.1,0.0,0.0,0.0,0.0,13.3,0.2,2.0,6.48
호소,대청호,회남,2026-04-27,10.4,8.1,10.6,2.0,1.8,4.3,0.0,0.0,0.0,0.0,0.0,0.0,0.0,0.1,0.1,0.0,0.0,0.0,0.0,13.3,0.0,2.0,6.48
호소,대청호,문의,2026-04-27,16.1,8.1,10.7,2.5,1.7,4.3,0.0,0.0,0.0,0.0,0.0,0.0,0.0,0.1,0.1,0.0,0.0,0.0,0.0,13.3,0.0,2.0,6.48
호소,대청호,추동,2026-04-27,15.5,8.3,10.7,3.5,2.4,4.3,0.0,0.0,0.0,0.0,0.0,0.0,0.0,0.1,0.1,0.0,0.0,0.0,0.0,13.3,0.0,2.0,6.48
