조사일	수온(℃)	pH	DO(㎎/L)	투명도	탁도	Chl-a (㎎/㎥)	유해남조류 세포수 (cells/㎖)	유해남조류 우점종 및 세포수(속별)	유해남조류 우점종 및 세포수(속별).1	유해남조류 우점종 및 세포수(속별).2	유해남조류 우점종 및 세포수(속별).3	냄새물질 (ng/L)	냄새물질 (ng/L).1	조류독소(㎍/L)	조류독소(㎍/L).1	조류독소(㎍/L).2	조류독소(㎍/L).3	조류독소(㎍/L).4	조류독소(㎍/L).5	평균기온(°C)	일강수량(mm)	합계 일조시간(hr)	합계 일사량(MJ/m2)	과거_수온(℃)	과거_남조류(cells/㎖)	채수위치_문의	채수위치_추동	채수위치_회남
2015-01-12	8.8	8.2	13.3	2.9	1.7	4.5	0	0	0	0	0	0	0	0	0.7	0	0	0	0	-1.8	0	8.9	12.35	8.8	0	TRUE	FALSE	FALSE
2015-01-19	8.8	8.2	13.3	2.9	1.7	4.5	0	0	0	0	0	0	0	0	0.7	0	0	0	0	1.8	0	2.3	5.16	8.8	0	TRUE	FALSE	FALSE
2015-01-26	8.8	8.2	13.3	2.9	1.7	4.5	0	0	0	0	0	0	0	0	0.7	0	0	0	0	5.3	0.3	0	1.82	8.8	0	TRUE	FALSE	FALSE
2015-02-02	8.8	8.2	13.3	2.9	1.7	4.5	0	0	0	0	0	0	0	0	0.7	0	0	0	0	-0.5	0	8	13.14	8.8	0	TRUE	FALSE	FALSE
2015-02-09	8.8	8.2	13.3	2.9	1.7	4.5	0	0	0	0	0	0	0	0	0.7	0	0	0	0	-4.5	0	9.1	14.99	8.8	0	TRUE	FALSE	FALSE
2015-02-16	8.8	8.2	13.3	2.9	1.7	4.5	0	0	0	0	0	0	0	0	0.7	0	0	0	0	4.8	17	0	1.33	8.8	0	TRUE	FALSE	FALSE
2015-02-23	8.8	8.2	13.3	2.9	1.7	4.5	0	0	0	0	0	0	0	0	0.7	0	0	0	0	3	0	6.9	15.66	8.8	0	TRUE	FALSE	FALSE
2015-03-02	8.8	8.2	13.3	2.9	1.7	4.5	48	0	0	0	48	0	0	0	0.7	0	0	0	0	3.8	0	10.5	20.08	8.8	0	TRUE	FALSE	FALSE
2015-03-09	8.8	8.2	13.3	2.9	1.7	4.5	0	0	0	0	0	0	0	0	0.7	0	0	0	0	4.4	0	9.1	18.79	8.8	48	TRUE	FALSE	FALSE
2015-03-16	8.8	8.2	13.3	2.9	1.7	4.5	0	0	0	0	0	0	0	0	0.7	0	0	0	0	10.3	0	9.3	19.06	8.8	0	TRUE	FALSE	FALSE
2015-03-23	8.8	8.2	13.3	2.9	1.7	4.5	0	0	0	0	0	0	0	0	0.7	0	0	0	0	5.3	0	11.6	24.63	8.8	0	TRUE	FALSE	FALSE
2015-03-30	8.8	8.2	13.3	2.9	1.7	4.5	0	0	0	0	0	0	0	0	0.7	0	0	0	0	14.8	0	10.3	22.87	8.8	0	TRUE	FALSE	FALSE
2015-04-06	8.8	8.2	13.3	2.9	1.7	4.5	0	0	0	0	0	0	0	0	0.7	0	0	0	0	10.4	2.1	0	5.41	8.8	0	TRUE	FALSE	FALSE
2015-04-13	8.8	8.2	13.3	2.9	1.7	4.5	0	0	0	0	0	0	0	0	0.7	0	0	0	0	10.8	1.5	0.2	5.43	8.8	0	TRUE	FALSE	FALSE
2015-04-20	8.8	8.2	13.3	2.9	1.7	4.5	0	0	0	0	0	0	0	0	0.7	0	0	0	0	11.5	13	0	3.63	8.8	0	TRUE	FALSE	FALSE
2015-04-27	8.8	8.2	13.3	2.9	1.7	4.5	0	0	0	0	0	0	0	0	0.7	0	0	0	0	19.3	0	12.4	27.61	8.8	0	TRUE	FALSE	FALSE
2015-05-04	8.8	8.2	13.3	2.9	1.7	4.5	0	0	0	0	0	0	0	0	0.7	0	0	0	0	16.4	0	11.8	27.61	8.8	0	TRUE	FALSE	FALSE
2015-05-11	8.8	8.2	13.3	2.9	1.7	4.5	0	0	0	0	0	0	0	0	0.7	0	0	0	0	18.2	10	5.3	16.62	8.8	0	TRUE	FALSE	FALSE
2015-05-18	8.8	8.2	13.3	2.9	1.7	4.5	28	0	0	0	28	0	0	0	0.7	0	0	0	0	18.7	0	5.6	18.34	8.8	0	TRUE	FALSE	FALSE
2015-05-26	8.8	8.2	13.3	2.9	1.7	4.5	28	0	0	0	28	0	0	0	0.7	0	0	0	0	22.3	0	13.3	31.86	8.8	28	TRUE	FALSE	FALSE
2015-06-01	8.8	8.2	13.3	2.9	1.7	4.5	0	0	0	0	0	0	0	0	0.7	0	0	0	0	23.3	0	12.5	28.27	8.8	28	TRUE	FALSE	FALSE
2015-06-08	8.8	8.2	13.3	2.9	1.7	4.5	120	86	0	0	34	0	0	0	0.7	0	0	0	0	22	0	1.3	12.78	8.8	0	TRUE	FALSE	FALSE
2015-06-15	8.8	8.2	13.3	2.9	1.7	4.5	0	0	0	0	0	0	0	0	0.7	0	0	0	0	24.9	0	5.1	19.87	8.8	120	TRUE	FALSE	FALSE
2015-06-22	8.8	8.2	13.3	2.9	1.7	4.5	0	0	0	0	0	0	0	0	0.7	0	0	0	0	24.4	0	7.1	23.5	8.8	0	TRUE	FALSE	FALSE
2015-06-29	8.8	8.2	13.3	2.9	1.7	4.5	142	74	0	0	68	0	0	0	0.7	0	0	0	0	25.7	0	10.1	26.28	8.8	0	TRUE	FALSE	FALSE
2015-07-06	8.8	8.2	13.3	2.9	1.7	4.5	548	156	0	0	392	0	0	0	0.7	0	0	0	0	24.3	0	8.5	23.09	8.8	142	TRUE	FALSE	FALSE
2015-07-13	8.8	8.2	13.3	2.9	1.7	4.5	140	0	126	0	14	0	0	0	0.7	0	0	0	0	23.9	4.6	0.1	6.15	8.8	548	TRUE	FALSE	FALSE
2015-07-20	8.8	8.2	13.3	2.9	1.7	4.5	366	0	98	0	268	11	0	0	0.7	0	0	0	0	27.4	0	4.2	19.86	8.8	140	TRUE	FALSE	FALSE
2015-07-27	8.8	8.2	13.3	2.9	1.7	4.5	64	64	0	0	0	0	0	0	0.7	0	0	0	0	25.7	4	2.3	8.13	8.8	366	TRUE	FALSE	FALSE
2015-08-03	8.8	8.2	13.3	2.9	1.7	4.5	502	270	146	0	86	0	0	0	0.7	0	0	0	0	29	0	13	27.86	8.8	64	TRUE	FALSE	FALSE
2015-08-10	8.8	8.2	13.3	2.9	1.7	4.5	28	0	28	0	0	0	0	0	0.7	0	0	0	0	26.3	0	1.6	14.28	8.8	502	TRUE	FALSE	FALSE
2015-08-17	8.8	8.2	13.3	2.9	1.7	4.5	486	60	0	0	426	40	0	0	0.7	0	0	0	0	26.8	0	11.2	23.9	8.8	28	TRUE	FALSE	FALSE
2015-08-24	8.8	8.2	13.3	2.9	1.7	4.5	374	220	0	0	154	26	0	0	0.7	0	0	0	0	26.5	0	4.3	15.03	8.8	486	TRUE	FALSE	FALSE
2015-08-31	8.8	8.2	13.3	2.9	1.7	4.5	532	0	268	0	264	11	0	0	0.7	0	0	0	0	25.3	0	10	20.98	8.8	374	TRUE	FALSE	FALSE
2015-09-07	8.8	8.2	13.3	2.9	1.7	4.5	288	0	24	0	264	15	0	0	0.7	0	0	0	0	22.6	0	12.2	26.26	8.8	532	TRUE	FALSE	FALSE
2015-09-14	8.8	8.2	13.3	2.9	1.7	4.5	1008	356	338	0	314	41	0	0	0.7	0	0	0	0	19.9	0	11.1	22.54	8.8	288	TRUE	FALSE	FALSE
2015-09-21	8.8	8.2	13.3	2.9	1.7	4.5	2294	1020	116	882	276	24	0	0	0.7	0	0	0	0	21.9	0	10.6	21.9	8.8	1008	TRUE	FALSE	FALSE
2015-09-30	8.8	8.2	13.3	2.9	1.7	4.5	942	0	106	0	836	26	0	0	0.7	0	0	0	0	21.1	0	1.7	11.49	8.8	2294	TRUE	FALSE	FALSE
2015-10-05	8.8	8.2	13.3	2.9	1.7	4.5	676	0	138	102	436	16	0	0	0.7	0	0	0	0	17.8	0	10.8	19.85	8.8	942	TRUE	FALSE	FALSE
2015-10-12	8.8	8.2	13.3	2.9	1.7	4.5	726	320	100	0	306	22	11	0	0.7	0	0	0	0	13.6	0.7	8.3	16.28	8.8	676	TRUE	FALSE	FALSE
2015-10-19	8.8	8.2	13.3	2.9	1.7	4.5	732	0	236	0	496	16	20	0	0.7	0	0	0	0	17.1	0	8.7	14.34	8.8	726	TRUE	FALSE	FALSE
2015-10-26	8.8	8.2	13.3	2.9	1.7	4.5	1358	720	196	108	334	19	30	0	0.7	0	0	0	0	16.9	0	7.4	13.75	8.8	732	TRUE	FALSE	FALSE
2015-11-02	8.8	8.2	13.3	2.9	1.7	4.5	410	120	96	0	194	17	48	0	0.7	0	0	0	0	9.4	0	6.8	11.73	8.8	1358	TRUE	FALSE	FALSE
2015-11-09	8.8	8.2	13.3	2.9	1.7	4.5	212	0	90	0	122	25	38	0	0.7	0	0	0	0	13.1	1.7	0.7	4.44	8.8	410	TRUE	FALSE	FALSE
2015-11-16	8.8	8.2	13.3	2.9	1.7	4.5	332	0	64	0	268	46	0	0	0.7	0	0	0	0	11.7	26.3	0.1	3.76	8.8	212	TRUE	FALSE	FALSE
2015-11-25	8.8	8.2	13.3	2.9	1.7	4.5	374	0	118	0	256	26	0	0	0.7	0	0	0	0	5.7	8.7	0	1.61	8.8	332	TRUE	FALSE	FALSE
2015-11-30	8.8	8.2	13.3	2.9	1.7	4.5	308	0	0	0	308	0	0	0	0.7	0	0	0	0	6.9	0	5.3	8	8.8	374	TRUE	FALSE	FALSE
2015-12-07	8.8	8.2	13.3	2.9	1.7	4.5	58	0	0	0	58	0	0	0	0.7	0	0	0	0	2.1	0	8.7	11.5	8.8	308	TRUE	FALSE	FALSE
2015-12-14	8.8	8.2	13.3	2.9	1.7	4.5	250	0	0	0	250	0	0	0	0.7	0	0	0	0	7.2	9.9	0	2.04	8.8	58	TRUE	FALSE	FALSE
2015-12-21	8.8	8.2	13.3	2.9	1.7	4.5	176	0	0	0	176	0	0	0	0.7	0	0	0	0	4.3	1.2	5.1	6.95	8.8	250	TRUE	FALSE	FALSE
2015-12-28	8.8	8.2	13.3	2.9	1.7	4.5	406	0	22	0	384	0	0	0	0.7	0	0	0	0	-3.2	0	7.5	11.12	8.8	176	TRUE	FALSE	FALSE
2016-01-05	8.8	8.2	13.3	2.9	1.7	4.5	108	0	0	0	108	0	0	0	0.7	0	0	0	0	-0.6	0	4.8	7.72	8.8	406	TRUE	FALSE	FALSE
2016-01-11	8.8	8.2	13.3	2.9	1.7	4.5	134	0	0	0	134	0	0	0	0.7	0	0	0	0	-1.8	0	8.7	11.6	8.8	108	TRUE	FALSE	FALSE
2016-01-18	8.8	8.2	13.3	2.9	1.7	4.5	26	0	0	0	26	0	0	0	0.7	0	0	0	0	-3.1	3.5	4.3	6.16	8.8	134	TRUE	FALSE	FALSE
2016-01-25	8.8	8.2	13.3	2.9	1.7	4.5	0	0	0	0	0	0	0	0	0.7	0	0	0	0	-7.8	0.1	7.8	12.09	8.8	26	TRUE	FALSE	FALSE
2016-02-01	8.8	8.2	13.3	2.9	1.7	4.5	0	0	0	0	0	0	0	0	0.7	0	0	0	0	-3.9	0	9.3	14.95	8.8	0	TRUE	FALSE	FALSE
2016-02-11	8.8	8.2	13.3	2.9	1.7	4.5	0	0	0	0	0	0	0	0	0.7	0	0	0	0	6.8	0.4	4.1	9.97	8.8	0	TRUE	FALSE	FALSE
2016-02-15	8.8	8.2	13.3	2.9	1.7	4.5	0	0	0	0	0	0	0	0	0.7	0	0	0	0	-3.3	0	9.1	17.51	8.8	0	TRUE	FALSE	FALSE
2016-02-22	8.8	8.2	13.3	2.9	1.7	4.5	0	0	0	0	0	0	0	0	0.7	0	0	0	0	2.9	0	1.6	9.29	8.8	0	TRUE	FALSE	FALSE
2016-03-02	8.8	8.2	13.3	2.9	1.7	4.5	0	0	0	0	0	0	0	0	0.7	0	0	0	0	3	0	10.6	19.68	8.8	0	TRUE	FALSE	FALSE
2016-03-07	8.8	8.2	13.3	2.9	1.7	4.5	0	0	0	0	0	0	0	0	0.7	0	0	0	0	9	0	3.2	9.72	8.8	0	TRUE	FALSE	FALSE
2016-03-14	8.8	8.2	13.3	2.9	1.7	4.5	0	0	0	0	0	0	0	0	0.7	0	0	0	0	4.4	0	6	11.89	8.8	0	TRUE	FALSE	FALSE
2016-03-21	8.8	8.2	13.3	2.9	1.7	4.5	0	0	0	0	0	0	0	0	0.7	0	0	0	0	9.5	0	10.3	21.51	8.8	0	TRUE	FALSE	FALSE
2016-03-28	8.8	8.2	13.3	2.9	1.7	4.5	0	0	0	0	0	0	0	0	0.7	0	0	0	0	9.4	0	11.6	24.33	8.8	0	TRUE	FALSE	FALSE
2016-04-04	8.8	8.2	13.3	2.9	1.7	4.5	0	0	0	0	0	0	0	0	0.7	0	0	0	0	13.5	0	6.8	19.2	8.8	0	TRUE	FALSE	FALSE
2016-04-11	9.1	7.7	12.1	3.2	1.1	4.4	0	0	0	0	0	0	0	0	0.7	0	0	0	0	13.2	0	11.4	26.86	8.8	0	TRUE	FALSE	FALSE
2016-04-18	12.1	8.2	11.3	2	2.5	5.1	0	0	0	0	0	0	0	0	0.7	0	0	0	0	12.3	1.7	9.6	23.73	9.1	0	TRUE	FALSE	FALSE
2016-04-25	14.7	8.3	11.4	2.7	1.8	4.5	0	0	0	0	0	2	0	0	0.7	0	0	0	0	17.7	0	11.6	26.84	12.1	0	TRUE	FALSE	FALSE
2016-05-02	14.4	8.2	11.5	2.2	1.7	6.9	0	0	0	0	0	0	0	0	0.7	0	0	0	0	19.8	6.3	8.3	22.04	14.7	0	TRUE	FALSE	FALSE
2016-05-09	16.1	8.1	12.2	2.4	1.5	8.8	0	0	0	0	0	0	0	0	0.7	0	0	0	0	20	0	2.9	18.29	14.4	0	TRUE	FALSE	FALSE
2016-05-16	17	8.4	11.4	4.3	1.4	7.4	0	0	0	0	0	0	0	0	0.7	0	0	0	0	15.9	5.2	11.7	29.91	16.1	0	TRUE	FALSE	FALSE
2016-05-23	19.9	8.2	11.9	4.9	1.2	3.3	0	0	0	0	0	0	0	0	0.7	0	0	0	0	23.1	0	10.5	26.78	17	0	TRUE	FALSE	FALSE
2016-05-30	20.5	8.1	10.6	5.1	2	3.2	0	0	0	0	0	0	0	0	0.7	0	0	0	0	22	0	12.2	29.85	19.9	0	TRUE	FALSE	FALSE
2016-06-07	21.9	8.2	9.6	4.3	2	6.7	0	0	0	0	0	1	0	0	0.7	0	0	0	0	21.9	1.2	4.1	17.95	20.5	0	TRUE	FALSE	FALSE
2016-06-13	23.2	8.3	10.1	4.4	1.9	4.7	0	0	0	0	0	0	0	0	0.7	0	0	0	0	24.6	0	8.7	24.26	21.9	0	TRUE	FALSE	FALSE
2016-06-20	24.6	8.6	10.4	3.7	1.5	6.6	0	0	0	0	0	0	0	0	0.7	0	0	0	0	24.2	2.2	5.8	19.67	23.2	0	TRUE	FALSE	FALSE
2016-06-27	25.1	8.6	10	3.7	2.1	7.5	0	0	0	0	0	0	0	0	0.7	0	0	0	0	23.3	5.5	5.1	16.32	24.6	0	TRUE	FALSE	FALSE
2016-07-04	25	8.5	8.7	2.4	27.6	5.7	0	0	0	0	0	0	0	0	0.7	0	0	0	0	22.1	179.1	0	3.42	25.1	0	TRUE	FALSE	FALSE
2016-07-11	24.2	8	7.1	3	7.8	3.4	0	0	0	0	0	0	0	0	0.7	0	0	0	0	27.1	0.3	2.8	16.95	25	0	TRUE	FALSE	FALSE
2016-07-18	23.1	7.9	5.7	2.5	9.6	6.7	180	54	0	0	126	0	0	0	0.7	0	0	0	0	24.3	0	8.3	20.07	24.2	0	TRUE	FALSE	FALSE
2016-07-25	24.9	8.3	6.8	1.7	5.6	15.1	8170	6998	736	0	436	0.024096386	0	0	0.7	0	0	0	0	29.2	0	6.7	15.99	23.1	180	TRUE	FALSE	FALSE
2016-08-01	25.1	8.3	5.8	2	4.9	8.7	7724	5890	42	1280	512	0.096385542	0	0	0.7	0	0	0	0	28.7	0	4.9	19.06	24.9	8170	TRUE	FALSE	FALSE
2016-08-08	26.2	8.5	5.8	2	3.2	7.8	5282	3568	12	318	1384	0.192771084	0	0	0.7	0	0	0	0	29.7	0	11.9	24.82	25.1	7724	TRUE	FALSE	FALSE
2016-08-16	27	8.7	5.5	1.4	3.3	9.8	8630	7564	0	328	738	0.265060241	0	0	0.7	0	0	0	0	29.9	0	9	23.67	26.2	5282	TRUE	FALSE	FALSE
2016-08-22	27.1	8.5	5.3	1.5	3.1	9.2	6466	6216	0	176	74	0.337349398	0	0	0.7	0	0	0	0	30.3	0	11.4	23.9	27	8630	TRUE	FALSE	FALSE
2016-08-29	25.5	8.7	4.8	1.3	3.5	13.5	2542	2488	0	0	54	0.43373494	0	0	0.7	0	0	0	0	20.5	3.1	9.9	22.85	27.1	6466	TRUE	FALSE	FALSE
2016-09-05	25.1	8.8	6.1	1.5	7.1	27.5	8496	8400	0	0	96	0.457831325	0	0	0.7	0	0	0	0	26.2	0	5	13.15	25.5	2542	TRUE	FALSE	FALSE
2016-09-12	25.5	8.7	5.1	1.6	3.5	16.7	8540	8540	0	0	0	0.578313253	0	0	0.7	0	0	0	0	23.5	9.8	5.7	15.95	25.1	8496	TRUE	FALSE	FALSE
2016-09-19	25.2	8.1	6.2	1.9	4.8	10.3	5638	5490	0	90	58	0.65060241	0	0	0.7	0	0	0	0	20	0	0.4	10.3	25.5	8540	TRUE	FALSE	FALSE
2016-09-26	24	8	4.6	2.1	3.8	7.7	8418	8310	52	0	56	0.698795181	0	0	0.7	0	0	0	0	22.1	0	2.5	9.8	25.2	5638	TRUE	FALSE	FALSE
2016-10-04	23.8	8	7	2.7	3.5	10.5	3862	3364	0	436	62	0.746987952	0	0	0.7	0	0	0	0	22.1	0	8.7	19.62	24	8418	TRUE	FALSE	FALSE
2016-10-10	22.3	7.6	7.3	2.9	4	7.1	3898	3660	0	0	238	0.86746988	0	0	0.7	0	0	0	0	12.7	0	6.3	13.15	23.8	3862	TRUE	FALSE	FALSE
2016-10-17	21.4	8.6	6.7	3.3	2.5	6.8	3448	3260	24	36	128	0.939759036	0	0	0.7	0	0	0	0	17.6	1	6.9	14.43	22.3	3898	TRUE	FALSE	FALSE
2016-10-24	20.5	7.4	7.2	2.7	2.7	7	860	860	0	0	0	0.987951807	0	0	0.7	0	0	0	0	15.5	0	8.9	15.78	21.4	3448	TRUE	FALSE	FALSE
2016-10-31	18.9	7.5	6.5	2.9	2.2	5.7	180	180	0	0	0	1.036144578	0	0	0.7	0	0	0	0	7.8	0	0	2.68	20.5	860	TRUE	FALSE	FALSE
2016-11-07	17.7	7.5	6.9	2.8	2.6	5.9	0	0	0	0	0	1.156626506	0	0	0.7	0	0	0	0	14.3	2.7	5.2	10.18	18.9	180	TRUE	FALSE	FALSE
2016-11-14	16.8	7.2	7.5	3.5	2.3	7.8	0	0	0	0	0	1.228915663	0	0	0.7	0	0	0	0	15.3	0.1	6.7	10.67	17.7	0	TRUE	FALSE	FALSE
2016-11-21	15.7	7.6	8.6	3.1	2.3	15.2	0	0	0	0	0	1.253012048	0	0	0.7	0	0	0	0	8.7	0.1	0	2.33	16.8	0	TRUE	FALSE	FALSE
2016-11-28	13.8	7.5	9.5	3.2	2.2	15.9	0	0	0	0	0	1.373493976	0	0	0.7	0	0	0	0	2.8	0	8	11.58	15.7	0	TRUE	FALSE	FALSE
2016-12-05	12.8	7.4	9	3	1.8	16.6	0	0	0	0	0	1.421686747	0	0	0.7	0	0	0	0	8.9	0.2	3.7	6.22	13.8	0	TRUE	FALSE	FALSE
2016-12-12	11.5	7.5	9.4	4	1.9	10.3	0	0	0	0	0	1.518072289	0	0	0.7	0	0	0	0	4.3	0	6.5	8.18	12.8	0	TRUE	FALSE	FALSE
2016-12-19	10.6	8.4	9.4	3	2	5.5	38	0	0	0	38	1.590361446	0	0	0.7	0	0	0	0	7.8	1.8	0.9	3.97	11.5	0	TRUE	FALSE	FALSE
2016-12-26	9.8	8.4	9.4	3.3	2	2.4	0	0	0	0	0	1.638554217	0	0	0.7	0	0	0	0	3.1	10.8	0	1.48	10.6	38	TRUE	FALSE	FALSE
2017-01-02	8.9	8.2	9.2	3.8	1.5	1.6	0	0	0	0	0	1.710843373	0	0	0.7	0	0	0	0	4.7	0	4.5	7.77	9.8	0	TRUE	FALSE	FALSE
2017-01-09	8.7	8.3	10.1	4.2	1.8	1.8	0	0	0	0	0	1.759036145	0	0	0.7	0	0	0	0	4.3	0	6.4	8.35	8.9	0	TRUE	FALSE	FALSE
2017-01-16	7.1	7.6	9.8	3.5	1.5	2	0	0	0	0	0	1.879518072	0	0	0.7	0	0	0	0	-3.9	0	9.1	13.58	8.7	0	TRUE	FALSE	FALSE
2017-01-23	6.1	7.6	9.5	3.3	1.5	1.8	0	0	0	0	0	1.951807229	0	0	0.7	0	0	0	0	-6.5	0	8.9	14.14	7.1	0	TRUE	FALSE	FALSE
2017-01-31	5.9	8.1	10	4.5	1.3	1.6	0	0	0	0	0	1.975903614	0	0	0.7	0	0	0	0	-4.2	0	7.9	13.67	6.1	0	TRUE	FALSE	FALSE
2017-02-06	5.7	8.6	11.2	3.4	2	1.6	0	0	0	0	0	2.072289157	0	0	0.7	0	0	0	0	0	0	8.7	14.07	5.9	0	TRUE	FALSE	FALSE
2017-02-13	5.1	7	11	4	1.4	1.9	0	0	0	0	0	2.144578313	0	0	0.7	0	0	0	0	0.3	0.6	5.7	11.33	5.7	0	TRUE	FALSE	FALSE
2017-02-20	5.6	7.7	11.4	3.6	3.2	2.1	0	0	0	0	0	2.240963855	0	0	0.7	0	0	0	0	1.3	15.3	7	15.09	5.1	0	TRUE	FALSE	FALSE
2017-02-27	5.9	7.6	11.9	4.3	1.3	2.5	120	0	0	0	120	2.289156627	0	0	0.7	0	0	0	0	4.2	0	10.1	18.64	5.6	0	TRUE	FALSE	FALSE
2017-03-06	6.1	7.9	11.8	2.1	1.7	2.3	0	0	0	0	0	2.337349398	0	0	0.7	0	0	0	0	1.8	0	10.8	21.82	5.9	120	TRUE	FALSE	FALSE
2017-03-13	6.3	7.5	12.2	4.3	1.3	2.3	0	0	0	0	0	2.409638554	0	0	0.7	0	0	0	0	8	0	9.3	20.41	6.1	0	TRUE	FALSE	FALSE
2017-03-20	6.5	7.5	12.3	3.9	1.8	2.4	0	0	0	0	0	2.530120482	0	0	0.7	0	0	0	0	8.6	0.1	2.3	7.39	6.3	0	TRUE	FALSE	FALSE
2017-03-27	8.1	7.8	12.5	3.5	1.7	2.3	36	0	0	0	36	2.554216867	0	0	0.7	0	0	0	0	6.4	1.6	5.2	10.9	6.5	0	TRUE	FALSE	FALSE
2017-04-03	7.8	7.7	12.6	4.6	1.6	1.9	130	0	0	0	130	2.626506024	0	0	0.7	0	0	0	0	12	0	11.7	25.31	8.1	36	TRUE	FALSE	FALSE
2017-04-10	10.2	7.7	13.3	5.2	1.2	1.8	0	0	0	0	0	2.698795181	0	0	0.7	0	0	0	0	15.1	0	10.3	25.92	7.8	130	TRUE	FALSE	FALSE
2017-04-17	11.2	8	12.2	3.9	2.2	1.7	22	0	0	0	22	2.771084337	0	0	0.7	0	0	0	0	13.7	26.8	1.9	3.39	10.2	0	TRUE	FALSE	FALSE
2017-04-24	12.7	8.2	11.7	5.9	2	1.9	0	0	0	0	0	2.843373494	0	0	0.7	0	0	0	0	15.2	0	12	29	11.2	22	TRUE	FALSE	FALSE
2017-05-02	14.3	8.3	11.2	6.4	1.3	3.2	0	0	0	0	0	2.915662651	0	0	0.7	0	0	0	0	20	0	11.5	25	12.7	0	TRUE	FALSE	FALSE
2017-05-08	14.2	7.7	11.5	2.4	1.2	3.2	0	0	0	0	0	2.987951807	0	0	0.7	0	0	0	0	18.2	0	4.2	16.62	14.3	0	TRUE	FALSE	FALSE
2017-05-15	16.6	8.2	10.5	3.4	1.6	3.4	34	0	0	0	34	3.084337349	0	0	0.7	0	0	0	0	16.7	0	13.2	31.16	14.2	0	TRUE	FALSE	FALSE
2017-05-22	17.8	8.8	8.7	4.1	1.5	3.1	0	0	0	0	0	3.13253012	0	0	0.7	0	0	0	0	21.7	0	13.3	30.86	16.6	34	TRUE	FALSE	FALSE
2017-05-29	18.8	8.3	11.7	3.9	1.5	3.7	0	0	0	0	0	3.228915663	0	0	0.7	0	0	0	0	24.1	0	12.2	28.74	17.8	0	TRUE	FALSE	FALSE
2017-06-05	20.4	8.9	11.8	2.3	2	6.7	0	0	0	0	0	3.325301205	0	0	0.7	0	0	0	0	22.6	0	12.3	29.88	18.8	0	TRUE	FALSE	FALSE
2017-06-12	21.4	9	11.8	1.9	2.4	11	0	0	0	0	0	3.397590361	0	0	0.7	0	0	0	0	22.1	0	9.1	25.05	20.4	0	TRUE	FALSE	FALSE
2017-06-19	22.4	9.2	12.8	1.9	2.7	13.4	48	0	0	0	48	3.469879518	0	0	0.7	0	0	0	0	26.1	0	12.4	28.64	21.4	0	TRUE	FALSE	FALSE
2017-06-26	23.4	9.3	12.3	2.7	2.3	4.8	0	0	0	0	0	3.518072289	0	0	0.7	0	0	0	0	23.9	1.8	4.1	15.51	22.4	48	TRUE	FALSE	FALSE
2017-07-03	25.5	9	9.6	1.1	13.2	2.9	0	0	0	0	0	3.56626506	0	0	0.7	0	0	0	0	25.3	69.9	0.6	8.72	23.4	0	TRUE	FALSE	FALSE
2017-07-10	26.3	8.9	10.1	0.8	6	6.3	0	0	0	0	0	3.638554217	0	0	0.7	0	0	0	0	25.8	35	0.6	7.68	25.5	0	TRUE	FALSE	FALSE
2017-07-17	26.3	8.5	9	1.7	6.4	2.1	0	0	0	0	0	3.710843373	0	0	0.7	0	0	0	0	25.6	7.1	0	8.58	26.3	0	TRUE	FALSE	FALSE
2017-07-24	26.6	8.4	8.4	2.8	3.4	2.4	980	980	0	0	0	3.78313253	0	0	0.7	0	0	0	0	28.8	0.7	0	8.75	26.3	0	TRUE	FALSE	FALSE
2017-07-31	26.5	8.3	7.2	0.9	3	3.7	1960	1960	0	0	0	3.903614458	0	0	0.7	0	0	0	0	25.1	29.2	0	3.86	26.6	980	TRUE	FALSE	FALSE
2017-08-07	27.8	8.2	5.3	4.5	2	4.2	2660	1600	0	1060	0	3.951807229	0	0	0.7	0	0	0	0	29.4	0	11.2	24.26	26.5	1960	TRUE	FALSE	FALSE
2017-08-14	27.2	8.3	5.4	2.8	3.4	6	5224	2882	146	2000	196	2.666666667	0	0	0.7	0	0	0	0	22.4	65	0.2	6.15	27.8	2660	TRUE	FALSE	FALSE
2017-08-21	26.9	8.3	5.3	2.5	2.5	5	9540	8340	72	488	640	0	0	0	0.7	0	0	0	0	24.7	36.1	0.1	6.86	27.2	5224	TRUE	FALSE	FALSE
2017-08-28	26.6	8.4	4.3	1.8	3.6	7.3	918	420	168	268	62	0	0	0	0.7	0	0	0	0	24.8	35.2	3.8	12.7	26.9	9540	TRUE	FALSE	FALSE
2017-09-04	26.3	8.6	5.9	1.8	5.8	8.5	4724	2760	10	1798	156	0	0	0	0.7	0	0	0	0	22.4	0	8.5	21.18	26.6	918	TRUE	FALSE	FALSE
2017-09-11	25.6	8.1	5.3	2.7	3.3	9.3	1242	660	0	474	108	0	0.018987342	0	0.7	0	0	0	0	20.4	77	0.3	6.29	26.3	4724	TRUE	FALSE	FALSE
2017-09-18	25.1	7.8	6.8	2.6	2.7	7.6	1444	500	0	944	0	0	0.037974684	0	0.7	0	0	0	0	21.3	0	10.8	21.21	25.6	1242	TRUE	FALSE	FALSE
2017-09-25	24.7	8.1	7.4	2.1	2.8	9.2	1618	1340	6	272	0	0	0.094936709	0	0.7	0	0	0	0	23.1	0	8.3	18.79	25.1	1444	TRUE	FALSE	FALSE
2017-09-29	22.2	8.1	7.6	2.9	1.8	8.3	506	180	0	326	0	0	0.151898734	0	0.7	0	0	0	0	15.8	0	10.5	19.62	24.7	1618	TRUE	FALSE	FALSE
2017-10-10	23.5	8.4	10.3	2	2.6	15.9	604	280	0	286	38	0	0.208860759	0	0.7	0	0	0	0	22.3	0	5	12.58	22.2	506	TRUE	FALSE	FALSE
2017-10-16	22	7.2	7	2.6	2.3	18.5	392	260	0	132	0	0	0.265822785	0	0.7	0	0	0	0	16	0	4.4	11.15	23.5	604	TRUE	FALSE	FALSE
2017-10-23	21	8.3	7.4	2.8	2.1	9	1768	1220	0	522	26	0	0.32278481	0	0.7	0	0	0	0	13	0	9.8	16.83	22	392	TRUE	FALSE	FALSE
2017-10-30	19.8	7.5	7.1	4.2	1.7	6.3	660	88	0	522	50	0	0.379746835	0	0.7	0	0	0	0	7	0	9.9	16.92	21	1768	TRUE	FALSE	FALSE
2017-11-06	18.7	7.8	7.8	4	1.7	7.6	496	200	0	150	146	0	0.474683544	0	0.7	0	0	0	0	9.2	0	9.2	14.46	19.8	660	TRUE	FALSE	FALSE
2017-11-13	17.4	7.8	8.4	3.8	1.3	7.6	434	380	0	28	26	0	0.53164557	0	0.7	0	0	0	0	7.3	0	1.5	6.49	18.7	496	TRUE	FALSE	FALSE
2017-11-20	15.3	7.8	8.6	2.9	1.5	7.1	488	440	0	0	48	0	0.550632911	0	0.7	0	0	0	0	3.7	0	7.7	11.92	17.4	434	TRUE	FALSE	FALSE
2017-11-27	13.9	7.6	9	3.4	2.1	5	34	34	0	0	0	0	0.607594937	0	0.7	0	0	0	0	3.1	0	8.3	11.09	15.3	488	TRUE	FALSE	FALSE
2017-12-04	12.6	7.9	9.2	3.8	1.7	3.8	0	0	0	0	0	0	0.664556962	0	0.7	0	0	0	0	2.3	0	7.4	11.67	13.9	34	TRUE	FALSE	FALSE
2017-12-11	10.9	7.7	9.4	3.2	1.7	4	0	0	0	0	0	0	0.759493671	0	0.7	0	0	0	0	-4.2	0.6	2.4	6.19	12.6	0	TRUE	FALSE	FALSE
2017-12-18	9.1	7.7	9.8	3	1.5	5.1	0	0	0	0	0	0	0.797468354	0	0.7	0	0	0	0	1	0	7	9.51	10.9	0	TRUE	FALSE	FALSE
2017-12-26	8.4	7.7	10.5	3.4	1.6	5.6	0	0	0	0	0	0	0.85443038	0	0.7	0	0	0	0	-1.1	0.3	5.5	4.31	9.1	0	TRUE	FALSE	FALSE
2018-01-02	7.5	7.7	10.5	3.1	2.7	5.7	0	0	0	0	0	0	0.930379747	0	0.7	0	0	0	0	-1	0	0.3	2.33	8.4	0	TRUE	FALSE	FALSE
2018-01-08	6.8	7.5	10.9	3.7	1.7	4.6	0	0	0	0	0	0	0.949367089	0	0.7	0	0	0	0	1.5	3.6	0	1.05	7.5	0	TRUE	FALSE	FALSE
2018-01-15	6.2	7.6	11.9	3.4	1.9	4.1	0	0	0	0	0	0	1.044303797	0	0.7	0	0	0	0	5.5	0	7.5	6.4	6.8	0	TRUE	FALSE	FALSE
2018-01-22	6	7.2	9.3	3.7	1.7	9.8	0	0	0	0	0	0	1.063291139	0	0.7	0	0	0	0	3	0.8	1.2	6.34	6.2	0	TRUE	FALSE	FALSE
2018-01-29	5.125	7.525	11.65	5.325	1.25	3.675	0	0	0	0	0	0	1.120253165	0	0.7	0	0	0	0	-6.8	0	9.2	8.42	6	0	TRUE	FALSE	FALSE
2018-02-05	3.4	7.1	12.3	4.3	1.5	3.3	0	0	0	0	0	0	1.215189873	0	0.7	0	0	0	0	-8.1	0	9.1	8.58	5.125	0	TRUE	FALSE	FALSE
2018-02-12	3.73	7.28	12.54	4.36	1.65	3.63	0	0	0	0	0	0	1.272151899	0	0.7	0	0	0	0	-4.8	1.4	4.7	6.75	3.4	0	TRUE	FALSE	FALSE
2018-02-19	3.84	7.34	12.62	4.38	1.7	3.74	0	0	0	0	0	0	1.291139241	0	0.7	0	0	0	0	2.5	0	8.4	8.54	3.73	0	TRUE	FALSE	FALSE
2018-02-26	4.28	7.58	12.94	4.46	1.9	4.18	0	0	0	0	0	0	1.367088608	0	0.7	0	0	0	0	4	0	10.5	12.46	3.84	0	TRUE	FALSE	FALSE
2018-03-05	5.1	7.6	12.7	4.1	2.5	3.4	0	0	0	0	0	0	1.424050633	0	0.7	0	0	0	0	6.6	18.6	0	4.88	4.28	0	TRUE	FALSE	FALSE
2018-03-12	5.7	7.8	13	3.6	1.4	3.9	0	0	0	0	0	0	1.5	0	0.7	0	0	0	0	8.6	0	10.3	20.14	5.1	0	TRUE	FALSE	FALSE
2018-03-19	6.3	8.3	12.6	3.9	2.2	2.5	0	0	0	0	0	0	1.518987342	0	0.7	0	0	0	0	8.3	22	0	2.91	5.7	0	TRUE	FALSE	FALSE
2018-03-26	7.3	7.4	12.5	4.2	1.8	2.3	0	0	0	0	0	0	1.613924051	0	0.7	0	0	0	0	12.4	0	10.5	23.01	6.3	0	TRUE	FALSE	FALSE
2018-04-02	8.8	7.7	12.6	2.6	2.3	2.8	0	0	0	0	0	0	1.670886076	0	0.7	0	0	0	0	18.3	0	10.3	14.24	7.3	0	TRUE	FALSE	FALSE
2018-04-09	9.2	7.9	12.1	2.7	2.2	2.9	0	0	0	0	0	0	1.727848101	0	0.7	0	0	0	0	11.9	0	10.9	25.58	8.8	0	TRUE	FALSE	FALSE
2018-04-16	9.7	8.1	12.3	3	2.5	2.5	0	0	0	0	0	0	1.784810127	0	0.7	0	0	0	0	11.6	0	10.9	26.77	9.2	0	TRUE	FALSE	FALSE
2018-04-23	11.9	7.4	11.2	2.4	2.7	4.6	0	0	0	0	0	0	1.803797468	0	0.7	0	0	0	0	11.4	38.9	0	1.07	9.7	0	TRUE	FALSE	FALSE
2018-04-30	12.7	7.7	10.6	4.5	2.2	3.2	0	0	0	0	0	0	1.898734177	0	0.7	0	0	0	0	20.3	0	9.9	16.7	11.9	0	TRUE	FALSE	FALSE
2018-05-08	13.6	8.1	10.4	3.1	2.4	5.5	0	0	0	0	0	0	1.917721519	0	0.7	0	0	0	0	16.5	0	7.1	23.37	12.7	0	TRUE	FALSE	FALSE
2018-05-14	15.2	8.1	10.6	3.2	1.5	4.2	0	0	0	0	0	0	1.974683544	0	0.7	0	0	0	0	19.6	0	8.7	25.33	13.6	0	TRUE	FALSE	FALSE
2018-05-21	16.1	8.3	11.4	3.4	1.8	11.8	68	0	0	0	68	0	2.03164557	0	0.7	0	0	0	0	17.5	0	10	27.26	15.2	0	TRUE	FALSE	FALSE
2018-05-28	17.7	8.6	12.4	2.4	1.8	16.8	164	0	164	0	0	0	2.126582278	0	0.7	0	0	0	0	23	0	10.9	29.34	16.1	68	TRUE	FALSE	FALSE
2018-06-04	19	8.7	13.1	2.7	2	16.5	0	0	0	0	0	0	2.164556962	0	0.7	0	0	0	0	23.5	0	7.8	24.41	17.7	164	TRUE	FALSE	FALSE
2018-06-11	21.6	9	12.1	2.8	2.1	19.7	96	0	96	0	0	0	2.221518987	0	0.7	0	0	0	0	20.4	0	1.1	13.74	19	0	TRUE	FALSE	FALSE
2018-06-18	20.8	8.8	11.1	2.8	1.9	17.4	76	0	76	0	0	0	2.297468354	0	0.7	0	0	0	0	25.7	0	10.3	26.28	21.6	96	TRUE	FALSE	FALSE
2018-06-25	22.7	9	11.6	3.1	2.2	11.2	0	0	0	0	0	0	2.316455696	0	0.7	0	0	0	0	26.6	0	5.8	19.9	20.8	76	TRUE	FALSE	FALSE
2018-07-02	23.7	8.9	12.1	2.2	11	9.6	840	840	0	0	0	0	2.392405063	0	0.7	0	0	0	0	22.8	43.9	0.2	5.7	22.7	0	TRUE	FALSE	FALSE
2018-07-09	24.2	8.8	9.5	1.8	3.1	8.6	832	800	32	0	0	0	2.430379747	0	0.7	0	0	0	0	20.5	35.5	0	3.94	23.7	840	TRUE	FALSE	FALSE
2018-07-16	26.7	8	9.8	1.5	3.4	8	866	660	152	0	54	0	2.506329114	0	0.7	0	0	0	0	29.7	0	11.5	26.1	24.2	832	TRUE	FALSE	FALSE
2018-07-23	26.1	8.5	7.3	2.5	2.7	8.1	840	840	0	0	0	0	2.582278481	0	0.7	0	0	0	0	30.8	0	10.3	24.03	26.7	866	TRUE	FALSE	FALSE
2018-07-30	25.8	8.6	7.8	1.5	4.3	9.5	5874	4840	0	880	154	0	2.639240506	0	0.7	0	0	0	0	30.5	0	10.2	23.95	26.1	840	TRUE	FALSE	FALSE
2018-08-06	27	9.1	9.8	1.2	6.8	14	8036	7040	0	864	132	0	2.696202532	0	0.7	0	0	0	0	30.8	0	7.1	20.51	25.8	5874	TRUE	FALSE	FALSE
2018-08-13	27.3	9.1	7	1.8	4.4	12.5	2076	700	0	1188	188	0	2.715189873	0	0.7	0	0	0	0	31.2	0	9.1	21.87	27	8036	TRUE	FALSE	FALSE
2018-08-20	27.3	9.2	7	1.5	5	11.9	7836	5960	206	1500	170	0	2.810126582	0	0.7	0	0	0	0	29.4	0	7.7	20.17	27.3	2076	TRUE	FALSE	FALSE
2018-08-27	26.7	9.5	7.3	1.7	4.6	12.9	7060	4220	0	0	2840	0	2.867088608	0	0.7	0	0	0	0	23.6	53	0	4	27.3	7836	TRUE	FALSE	FALSE
2018-09-03	25	8.7	4.1	2.1	2.7	7.1	844	780	0	0	64	0	2.886075949	0	0.7	0	0	0	0	24.4	89.8	1.6	10.93	26.7	7060	TRUE	FALSE	FALSE
2018-09-10	24	8.4	4.2	2.1	4.7	4.6	4848	2500	0	2220	128	0	2.981012658	0	0.7	0	0	0	0	22.1	0	11.2	21.6	25	844	TRUE	FALSE	FALSE
2018-09-17	23.6	7.8	4.7	2.5	3.8	4.9	4140	2580	0	1560	0	0	2	0.033333333	0.7	0	0	0	0	22.7	0	9.6	21.01	24	4848	TRUE	FALSE	FALSE
2018-09-27	23.1	7	5.4	2.1	3.4	8.2	2640	2640	0	0	0	0	0.996865204	0.200626959	0.7	0	0	0	0	18.6	0	11.4	22.29	23.6	4140	TRUE	FALSE	FALSE
2018-10-01	22.6	7.2	6.6	2.7	3.4	8.6	640	640	0	0	0	0	0.987460815	0.202507837	0.7	0	0	0	0	15.5	1.7	5.1	14.3	23.1	2640	TRUE	FALSE	FALSE
2018-10-08	21.9	7.1	6.7	2.3	3.6	10.4	1886	1886	0	0	0	0	0.978056426	0.204388715	0.7	0	0	0	0	13.8	0	8.1	17.41	22.6	640	TRUE	FALSE	FALSE
2018-10-15	20.9	7	7.2	2	3	17.6	880	844	0	36	0	0	0.968652038	0.206269592	0.7	0	0	0	0	14.2	0	9	15.17	21.9	1886	TRUE	FALSE	FALSE
2018-10-22	19.8	7.3	8.2	2.1	2.4	25.2	734	660	0	0	74	0	0.952978056	0.209404389	0.7	0	0	0	0	13.4	0	5.8	13.11	20.9	880	TRUE	FALSE	FALSE
2018-10-29	18.4	7.2	8.3	2.7	2.3	14.6	828	440	0	204	184	0	0.943573668	0.211285266	0.7	0	0	0	0	9.1	0.2	3.2	7.29	19.8	734	TRUE	FALSE	FALSE
2018-11-05	17.5	7.2	8.3	3.6	2.1	8.7	444	0	38	0	406	0	0.934169279	0.213166144	0.7	0	0	0	0	10.5	0	9.3	13.12	18.4	828	TRUE	FALSE	FALSE
2018-11-12	16.8	7.4	8.4	3.5	1.9	10.2	684	440	0	0	244	0	0.927899687	0.214420063	0.7	0	0	0	0	8.8	0	9.3	13.92	17.5	444	TRUE	FALSE	FALSE
2018-11-19	15.8	7.4	8.8	3.5	1.9	17.4	74	0	0	0	74	0	0.918495298	0.21630094	0.7	0	0	0	0	8.6	0	8.4	12.78	16.8	684	TRUE	FALSE	FALSE
2018-11-26	14.6	7.3	9.1	3.2	2	17.5	86	0	0	0	86	0	0.905956113	0.218808777	0.7	0	0	0	0	6.1	0	5.7	10.48	15.8	74	TRUE	FALSE	FALSE
2018-12-03	13.8	7.4	9.6	3.4	2	17.9	74	0	74	0	0	0	0.902821317	0.219435737	0.7	0	0	0	0	12.6	10.6	0	1.92	14.6	86	TRUE	FALSE	FALSE
2018-12-10	11.9	7.1	9.5	3.3	1.8	11.8	32	0	0	0	32	0	0.887147335	0.222570533	0.7	0	0	0	0	-2.8	0	8.7	11.7	13.8	74	TRUE	FALSE	FALSE
2018-12-17	10.2	7.1	9.2	3.7	1.5	5.8	14	0	0	0	14	0	0.877742947	0.224451411	0.7	0	0	0	0	3.6	0.1	7.2	10.18	11.9	32	TRUE	FALSE	FALSE
2018-12-24	9.6	7.1	9.5	4.5	1.3	4.5	0	0	0	0	0	0	0.871473354	0.225705329	0.7	0	0	0	0	-0.9	0	8.6	11.51	10.2	14	TRUE	FALSE	FALSE
2019-01-02	7.5	7.5	10.3	4.8	1.7	4.7	0	0	0	0	0	0	0.858934169	0.228213166	0.7	0	0	0	0	-3.3	0	8.7	11.86	9.6	0	TRUE	FALSE	FALSE
2019-01-07	7	7.5	11.3	3.3	2	5.1	0	0	0	0	0	0	0.849529781	0.230094044	0.7	0	0	0	0	-1.2	0	7.9	10.43	7.5	0	TRUE	FALSE	FALSE
2019-01-14	6.7	7.5	11.5	4.1	1.7	3.2	0	0	0	0	0	0	0.846394984	0.230721003	0.7	0	0	0	0	1.7	0	4.5	8.33	7	0	TRUE	FALSE	FALSE
2019-01-21	6	7.5	11.1	4.5	1.3	5.2	0	0	0	0	0	0	0.830721003	0.233855799	0.7	0	0	0	0	0.2	0	7.4	10.71	6.7	0	TRUE	FALSE	FALSE
2019-01-28	5.6	7.4	10.8	4.7	1.8	3.8	0	0	0	0	0	0	0.821316614	0.235736677	0.7	0	0	0	0	2.3	0.8	8.4	12.31	6	0	TRUE	FALSE	FALSE
2019-02-07	5.5	7.4	11.1	4.1	1.7	4.3	0	0	0	0	0	0	0.811912226	0.237617555	0.7	0	0	0	0	1.8	0	7	12.59	5.6	0	TRUE	FALSE	FALSE
2019-02-11	5	7.6	12	3.9	2	5.2	0	0	0	0	0	0	0.808777429	0.238244514	0.7	0	0	0	0	-1.7	0	9.7	16.2	5.5	0	TRUE	FALSE	FALSE
2019-02-18	5	7.6	10.4	4.5	1.8	5.3	0	0	0	0	0	0	0.799373041	0.240125392	0.7	0	0	0	0	1.9	0.1	4.3	10.72	5	0	TRUE	FALSE	FALSE
2019-02-25	5.2	7.6	12.7	4.7	3.6	5.7	44	0	0	0	44	0	0.78369906	0.243260188	0.7	0	0	0	0	5.7	0	9.7	16.76	5	0	TRUE	FALSE	FALSE
2019-03-04	5.6	7.7	12.4	3.2	2	4.6	0	0	0	0	0	0	0.780564263	0.243887147	0.7	0	0	0	0	10	0	7.3	15.02	5.2	44	TRUE	FALSE	FALSE
2019-03-11	5.6	7.7	11.7	3.1	1.9	4.6	0	0	0	0	0	0	0.764890282	0.247021944	0.7	0	0	0	0	5.7	0.8	2.5	9.52	5.6	0	TRUE	FALSE	FALSE
2019-03-18	5.8	7.7	12.1	3.1	1.9	5.4	0	0	0	0	0	0	0.75862069	0.248275862	0.7	0	0	0	0	7.1	0	5.9	15.73	5.6	0	TRUE	FALSE	FALSE
2019-03-25	6.5	7.9	12.8	3.1	1.9	4	0	0	0	0	0	0	0.746081505	0.250783699	0.7	0	0	0	0	7.2	0	8.4	19.45	5.8	0	TRUE	FALSE	FALSE
2019-04-01	6.6	7.8	11.9	3	2.3	3.7	0	0	0	0	0	0	0.742946708	0.251410658	0.7	0	0	0	0	6.1	0	8.6	18.98	6.5	0	TRUE	FALSE	FALSE
2019-04-08	7.8	7.8	12.3	3.5	1.5	3.6	0	0	0	0	0	0	0.730407524	0.253918495	0.7	0	0	0	0	12.6	0	11.1	24.93	6.6	0	TRUE	FALSE	FALSE
2019-04-15	8	7.8	11.6	3.5	1.8	3.5	0	0	0	0	0	0	0.721003135	0.255799373	0.7	0	0	0	0	11.6	0	12.3	27	7.8	0	TRUE	FALSE	FALSE
2019-04-22	10.2	8.3	12.7	3.5	2	5.4	0	0	0	0	0	0	0.70846395	0.25830721	0.7	0	0	0	0	20.5	0	11.5	27.2	8	0	TRUE	FALSE	FALSE
2019-04-29	9.9	8.2	12.1	3.3	2.3	6.4	0	0	0	0	0	0	0.702194357	0.259561129	0.7	0	0	0	0	11	16.6	1.1	7.1	10.2	0	TRUE	FALSE	FALSE
2019-05-07	10.9	8.3	11.9	1.9	2.1	7.6	0	0	0	0	0	0	0.689655172	0.262068966	0.7	0	0	0	0	14.9	0	13.1	30.53	9.9	0	TRUE	FALSE	FALSE
2019-05-13	12.7	8.7	13.3	2.8	2.9	6.5	38	0	0	0	38	0	0.680250784	0.263949843	0.7	0	0	0	0	20.1	0	8	21.85	10.9	0	TRUE	FALSE	FALSE
2019-05-20	12.5	8.6	12.4	2.8	2.5	7.2	0	0	0	0	0	0	0.670846395	0.265830721	0.7	0	0	0	0	17.1	6	8	24.19	12.7	38	TRUE	FALSE	FALSE
2019-05-27	14.8	8.5	12.9	2.7	3	6.8	0	0	0	0	0	0	0.667711599	0.26645768	0.7	0	0	0	0	17.9	14.4	0	4.12	12.5	0	TRUE	FALSE	FALSE
2019-06-03	15.4	8.5	12.3	2.3	2.3	6.3	616	592	0	0	24	0	0.655172414	0.268965517	0.7	0	0	0	0	23.4	0	12.5	29.65	14.8	0	TRUE	FALSE	FALSE
2019-06-10	16.6	8.5	13	3.9	2.2	3.6	0	0	0	0	0	0	0.648902821	0.270219436	0.7	0	0	0	0	18.9	11.1	2.2	18.56	15.4	616	TRUE	FALSE	FALSE
2019-06-17	17.7	8.6	13	4.2	1.9	6.4	0	0	0	0	0	0	0.63322884	0.273354232	0.7	0	0	0	0	22.2	0	11.6	30.07	16.6	0	TRUE	FALSE	FALSE
2019-06-24	19	8.6	11.9	5.5	1.4	3.9	0	0	0	0	0	0	0.630094044	0.273981191	0.7	0	0	0	0	24.9	0	11.9	27.58	17.7	0	TRUE	FALSE	FALSE
2019-07-01	18.5	8.3	10.1	5	1.8	6.2	0	0	0	0	0	0	0.620689655	0.275862069	0.7	0	0	0	0	23.7	0	3.6	15	19	0	TRUE	FALSE	FALSE
2019-07-08	20.5	8.6	11.1	4.7	2.4	9.6	98	0	0	0	98	0	0.60815047	0.278369906	0.7	0	0	0	0	24.5	0.6	8.6	23.87	18.5	0	TRUE	FALSE	FALSE
2019-07-15	22.9	8.9	9.4	6.2	2.5	8	0	0	0	0	0	0	0.601880878	0.279623824	0.7	0	0	0	0	23.8	12.8	2.3	12.99	20.5	98	TRUE	FALSE	FALSE
2019-07-22	22.6	8.6	8.5	3.8	2.2	4.2	82	0	0	0	82	0	0.589341693	0.282131661	0.7	0	0	0	0	27.9	0	8.2	21.55	22.9	0	TRUE	FALSE	FALSE
2019-07-29	25.2	8.4	8.2	1.5	2.9	3.8	124	0	0	0	124	0	0.576802508	0.284639498	0.7	0	0	0	0	28.5	0	12.6	26.98	22.6	82	TRUE	FALSE	FALSE
2019-08-05	26.6	8.3	7	4.9	2	4.9	1566	0	0	0	1566	0	0.573667712	0.285266458	0.7	0	0	0	0	30.7	0	10.3	24.33	25.2	124	TRUE	FALSE	FALSE
2019-08-12	27.5	8.6	7	4.1	2.6	4.8	734	0	112	0	622	0	0.561128527	0.287774295	0.7	0	0	0	0	29	1.3	1.7	11.4	26.6	1566	TRUE	FALSE	FALSE
2019-08-19	26.7	8	5.3	4.1	3.2	6.2	3610	340	0	0	3270	0	0.554858934	0.289028213	0.7	0	0	0	0	26.5	0	9.9	24.06	27.5	734	TRUE	FALSE	FALSE
2019-08-26	27.7	8.6	5.9	4.1	2.6	5.7	2154	0	74	0	2080	0	0.542319749	0.29153605	0.7	0	0	0	0	25.9	0	10.2	22.82	26.7	3610	TRUE	FALSE	FALSE
2019-09-02	26.7	9.7	5.7	2.6	2.7	5.6	578	220	0	88	270	0	0.536050157	0.292789969	0.7	0	0	0	0	22.6	10.2	0.2	10.34	27.7	2154	TRUE	FALSE	FALSE
2019-09-09	25.9	9	5.3	2.2	5.3	5.1	510	440	0	0	70	0	0.520376176	0.295924765	0.7	0	0	0	0	24	12.1	0	6.83	26.7	578	TRUE	FALSE	FALSE
2019-09-16	26.3	8.3	5.8	2.6	2.5	5.2	980	760	0	84	136	0	0.517241379	0.296551724	0.7	0	0	0	0	24.5	0	9.6	20.63	25.9	510	TRUE	FALSE	FALSE
2019-09-23	24.4	7.5	6.4	3.5	2.7	5.5	530	140	0	84	306	0	0.504702194	0.299059561	0.7	0	0	0	0	17.8	0.1	4.2	14.12	26.3	980	TRUE	FALSE	FALSE
2019-09-30	23.3	7.7	5	2.9	2.5	5.5	486	0	146	92	248	0	0.495297806	0.300940439	0.7	0	0	0	0	22.1	0	10.1	19.86	24.4	530	TRUE	FALSE	FALSE
2019-10-07	23.2	7.3	4.6	3.2	3	4.4	760	240	96	188	236	0	0.485893417	0.302821317	0.7	0	0	0	0	15.7	11.8	0	3.77	23.3	486	TRUE	FALSE	FALSE
2019-10-14	21.8	7.5	6.1	2.3	3.8	11.1	954	0	0	92	862	0	0.473354232	0.305329154	0.7	0	0	0	0	14.6	0	7.9	13.38	23.2	760	TRUE	FALSE	FALSE
2019-10-21	21	7.6	6.4	3.3	2.1	13.7	338	160	0	104	74	0	0.467084639	0.306583072	0.7	0	0	0	0	15.5	0	7.7	16.28	21.8	954	TRUE	FALSE	FALSE
2019-10-28	20	7.9	9	3.4	2.8	26.5	368	0	182	0	186	0	0.460815047	0.307836991	0.7	0	0	0	0	11.9	0	8.8	15.67	21	338	TRUE	FALSE	FALSE
2019-11-04	19.4	7.7	9.5	2.4	2.9	38	342	0	26	0	316	0	0.448275862	0.310344828	0.7	0	0	0	0	13.6	0	9.2	13.59	20	368	TRUE	FALSE	FALSE
2019-11-11	18	8.2	10	2.5	4.2	45.9	398	0	128	0	270	0	0.435736677	0.312852665	0.7	0	0	0	0	11.7	1.3	2.3	6.03	19.4	342	TRUE	FALSE	FALSE
2019-11-18	16.8	7.8	8.9	2.8	2.6	13.4	134	0	0	0	134	0	0.426332288	0.314733542	0.7	0	0	0	0	7.7	15.3	2.6	6.74	18	398	TRUE	FALSE	FALSE
2019-11-25	15.7	7.7	8.7	4.2	2	7.6	406	120	36	0	250	0	0.420062696	0.315987461	0.7	0	0	0	0	3.6	0	0	5.64	16.8	134	TRUE	FALSE	FALSE
2019-12-02	14.3	7.6	8.6	4.8	2	5.8	696	0	58	0	638	0	0.407523511	0.318495298	0.7	0	0	0	0	2.7	0	7.3	11.01	15.7	406	TRUE	FALSE	FALSE
2019-12-09	12.6	7.6	8.6	4.7	2.9	6.1	656	0	0	0	656	0	0.401253918	0.319749216	0.7	0	0	0	0	3.3	0	7.4	9.6	14.3	696	TRUE	FALSE	FALSE
2019-12-16	11.8	7.5	8.7	3.6	2.4	5	524	0	0	0	524	0	0.39184953	0.321630094	0.7	0	0	0	0	7.9	0	8.1	9.77	12.6	656	TRUE	FALSE	FALSE
2019-12-23	10.8	7.6	8.9	3.1	2.3	4.9	832	0	0	0	832	0	0.379310345	0.324137931	0.7	0	0	0	0	3.8	0.1	2.9	6.74	11.8	524	TRUE	FALSE	FALSE
2019-12-30	9.9	7.6	9.2	3.2	2.8	7	782	0	0	0	782	0	0.376175549	0.32476489	0.7	0	0	0	0	4.2	1.5	0.7	3.84	10.8	832	TRUE	FALSE	FALSE
2020-01-06	8.9	7.6	9	3.5	2.1	5.4	406	0	0	0	406	0	0.360501567	0.327899687	0.7	0	0	0	0	2.9	10.3	0	1.9	9.9	782	TRUE	FALSE	FALSE
2020-01-13	8.4	7.5	9.5	3.5	2.4	5.1	770	0	0	0	770	0	0.351097179	0.329780564	0.7	0	0	0	0	0.2	0	4.2	6.83	8.9	406	TRUE	FALSE	FALSE
2020-01-20	7.7	7.2	9	3.1	2.2	3.7	508	0	0	0	508	0	0.344827586	0.331034483	0.7	0	0	0	0	3.4	0	6.9	11.72	8.4	770	TRUE	FALSE	FALSE
2020-01-28	7.7	7.4	9.4	4.2	2	2.6	334	0	0	0	334	0	0.338557994	0.332288401	0.7	0	0	0	0	6.3	0	2	8.18	7.7	508	TRUE	FALSE	FALSE
2020-02-03	7.4	7.2	9.6	3.2	2.4	4	332	0	0	0	332	0	0.329153605	0.334169279	0.7	0	0	0	0	1.5	0	8.4	13.78	7.7	334	TRUE	FALSE	FALSE
2020-02-10	6.8	7.3	10.5	4.1	1.9	4.1	48	0	32	0	16	0	0.319749216	0.336050157	0.7	0	0	0	0	5.1	0	9.4	15.16	7.4	332	TRUE	FALSE	FALSE
2020-02-17	6.9	7.5	10.8	3.9	3.6	4.6	68	0	0	0	68	0	0.304075235	0.339184953	0.7	0	0	0	0	-3.2	0.7	4.7	9.97	6.8	48	TRUE	FALSE	FALSE
2020-02-24	7.1	7.6	11.2	3.8	2.5	4	0	0	0	0	0	0	0.297805643	0.340438871	0.7	0	0	0	0	7.4	0.4	9.9	18.12	6.9	68	TRUE	FALSE	FALSE
2020-03-02	7.6	7.5	11.4	4.3	2.1	3.8	0	0	0	0	0	0	0.285266458	0.342946708	0.7	0	0	0	0	5.3	0	10.2	20.18	7.1	0	TRUE	FALSE	FALSE
2020-03-09	7.5	7.4	10.6	4.3	1.7	3.1	0	0	0	0	0	0	0.282131661	0.343573668	0.7	0	0	0	0	10	1.6	4.8	11.24	7.6	0	TRUE	FALSE	FALSE
2020-03-16	7.4	7.5	10.9	4.1	2.4	2.9	0	0	0	0	0	0	0.272727273	0.345454545	0.7	0	0	0	0	4.4	0	11.3	23.58	7.5	0	TRUE	FALSE	FALSE
2020-03-23	8.1	7.6	11.3	3.2	2.4	3.1	0	0	0	0	0	0	0.257053292	0.348589342	0.7	0	0	0	0	10.2	0	11.6	23.65	7.4	0	TRUE	FALSE	FALSE
2020-03-30	9.4	7.7	10.8	3.7	2.5	3.5	0	0	0	0	0	0	0.250783699	0.34984326	0.7	0	0	0	0	12.2	0	11.5	25.67	8.1	0	TRUE	FALSE	FALSE
2020-04-06	9.3	7.8	10.7	3	1.7	3.5	0	0	0	0	0	0	0.244514107	0.351097179	0.7	0	0	0	0	9.7	0	10.7	25.16	9.4	0	TRUE	FALSE	FALSE
2020-04-13	9.5	7.8	10.8	2.4	2.9	3.7	0	0	0	0	0	0	0.235109718	0.352978056	0.7	0	0	0	0	10.7	0	10.2	26.75	9.3	0	TRUE	FALSE	FALSE
2020-04-20	10.6	7.9	10.6	3.3	2.7	3.5	0	0	0	0	0	0	0.225705329	0.354858934	0.7	0	0	0	0	11	0	3.1	13.08	9.5	0	TRUE	FALSE	FALSE
2020-04-27	10.8	7.8	10.8	2.2	3.4	2.9	0	0	0	0	0	0	0.213166144	0.357366771	0.7	0	0	0	0	12.1	0	9.3	20.92	10.6	0	TRUE	FALSE	FALSE
2020-05-04	14	7.9	10.7	3.1	3.5	2.7	0	0	0	0	0	0	0.200626959	0.359874608	0.7	0	0	0	0	20.6	0	8.6	21.53	10.8	0	TRUE	FALSE	FALSE
2020-05-11	14.5	7.9	10.2	3.5	4.4	3.8	0	0	0	0	0	0	0.191222571	0.361755486	0.7	0	0	0	0	18.5	0	10.6	27.85	14	0	TRUE	FALSE	FALSE
2020-05-18	15.4	8	10.3	4.2	3.1	4.7	0	0	0	0	0	0	0.184952978	0.363009404	0.7	0	0	0	0	20.2	7.6	8	22.43	14.5	0	TRUE	FALSE	FALSE
2020-05-25	16	8.2	10.4	4.9	3.4	10.1	0	0	0	0	0	0	0.178683386	0.364263323	0.7	0	0	0	0	17.8	0	2.8	15.39	15.4	0	TRUE	FALSE	FALSE
2020-06-01	17.4	8.1	10	5.5	3.2	4.5	0	0	0	0	0	0	0.169278997	0.366144201	0.7	0	0	0	0	21.1	0.6	11.6	31.05	16	0	TRUE	FALSE	FALSE
2020-06-08	19.4	8.3	10	7.2	1.9	1.8	0	0	0	0	0	0	0.153605016	0.369278997	0.7	0	0	0	0	26.2	0	12.8	29.28	17.4	0	TRUE	FALSE	FALSE
2020-06-15	20	8.2	9.7	6.4	2.1	2.2	0	0	0	0	0	0	0.147335423	0.370532915	0.7	0	0	0	0	23.3	0	12.4	28.35	19.4	0	TRUE	FALSE	FALSE
2020-06-22	22.4	8.7	10	5.5	2.2	5.3	0	0	0	0	0	0	0.137931034	0.372413793	0.7	0	0	0	0	27.2	0	13.4	30.93	20	0	TRUE	FALSE	FALSE
2020-06-29	22	8.5	9.6	4.6	2.4	6	0	0	0	0	0	0	0.12539185	0.37492163	0.7	0	0	0	0	22.4	41.5	0.4	10.18	22.4	0	TRUE	FALSE	FALSE
2020-07-06	23.5	8.3	9.4	3.9	2.7	6.6	198	0	72	0	126	0	0.115987461	0.376802508	0.7	0	0	0	0	24.3	0.2	5	19.73	22	0	TRUE	FALSE	FALSE
2020-07-13	24.7	8.4	8.5	3.3	2.7	9.7	420	420	0	0	0	0	0.106583072	0.378683386	0.7	0	0	0	0	18.8	117.9	0	3.26	23.5	198	TRUE	FALSE	FALSE
2020-07-20	24.3	8.5	7	3.1	4.1	9.8	814	120	282	0	412	0	0.103448276	0.379310345	0.7	0	0	0	0	24.5	20.2	0.2	4.44	24.7	420	TRUE	FALSE	FALSE
2020-07-27	23.6	8.1	5.3	2.9	6.4	9.9	580	580	0	0	0	0	0.090909091	0.381818182	0.7	0	0	0	0	24.4	2.6	0.3	11.05	24.3	814	TRUE	FALSE	FALSE
2020-08-04	22.7	8.3	6.8	1.5	14.1	12.9	2392	1940	416	0	36	0	0.081504702	0.38369906	0.7	0	0	0	0	27.5	18.5	4.4	17.45	23.6	580	TRUE	FALSE	FALSE
2020-08-12	24.1	8.8	8.2	0.4	46.6	13.5	5068	3680	1166	56	166	0	0.068965517	0.386206897	0.7	0	0	0	0	27.3	17.5	1.7	10.77	22.7	2392	TRUE	FALSE	FALSE
2020-08-18	23.7	9.2	9.3	0.4	28.3	37.7	9870	5400	4298	136	36	0	0.065830721	0.386833856	0.7	0	0	0	0	29.1	0	11.3	26.25	24.1	5068	TRUE	FALSE	FALSE
2020-08-24	24.1	9	8.9	1.2	14.3	15.9	8706	5660	2694	352	0	0	0.053291536	0.389341693	0.7	0	0	0	0	28.5	0	11.5	24.02	23.7	9870	TRUE	FALSE	FALSE
2020-08-31	24.4	8.4	5.7	0.6	22.9	22.5	15276	14780	0	496	0	0	0.040752351	0.39184953	0.7	0	0	0	0	26.7	0.1	6.2	18.31	24.1	8706	TRUE	FALSE	FALSE
2020-09-08	23.6	6.9	6.6	0.5	17.9	9.7	7796	7720	0	76	0	0	0.031347962	0.393730408	0.7	0	0	0	0	24.3	0.2	11	23.34	24.4	15276	TRUE	FALSE	FALSE
2020-09-14	23.6	8.2	6.8	0.8	20.6	14.5	9038	8480	242	316	0	0	0.02507837	0.394984326	0.7	0	0	0	0	21.9	0	10.8	21.57	23.6	7796	TRUE	FALSE	FALSE
2020-09-21	23	8.9	8	0.8	30.4	31.1	21174	19600	758	648	168	0	0.015673981	0.396865204	0.7	0	0	0	0	18	0	11.4	19.87	23.6	9038	TRUE	FALSE	FALSE
2020-09-28	22.4	9	8.5	1	16.1	22	17258	16480	234	544	0	0	0.006269592	0.398746082	0.7	0	0	0	0	18.9	0	11.3	20.77	23	21174	TRUE	FALSE	FALSE
2020-10-05	22.1	8.7	7.6	0.9	16.5	11.5	22976	22700	0	276	0	0	0	0.4	0.7	0	0	0	0	13.6	0	10.6	18.54	22.4	17258	TRUE	FALSE	FALSE
2020-10-07	21.9	9	9.7	0.8	22.8	14.7	31780	31680	0	100	0	0	0	0.6	0.7	0	0	0	0	16.8	0	8.3	16.9	22.1	22976	TRUE	FALSE	FALSE
2020-10-12	21.3	8.3	7.5	1.3	16.7	10	6604	6540	0	64	0	0	0	0.2	0.7	0	0	0	0	17.1	0.4	5.6	12.18	21.9	31780	TRUE	FALSE	FALSE
2020-10-15	20.7	8	7.3	1.2	10.5	8.1	3966	3880	50	36	0	0	0	0.2	0.7	0	0	0	0	11.4	0	7.2	15.39	21.3	6604	TRUE	FALSE	FALSE
2020-10-19	20.2	7.8	6.8	1.3	7.4	6.3	2884	2860	0	24	0	0	0	0.203794643	0.7	0	0	0	0	13.4	0	9.7	15.23	20.7	3966	TRUE	FALSE	FALSE
2020-10-26	19.4	7.8	7	1.8	4.4	5	680	680	0	0	0	0	0	0.218973214	0.7	0	0	0	0	11.8	0	9.6	13.77	20.2	2884	TRUE	FALSE	FALSE
2020-11-02	18.6	7.7	6.9	2.2	4.4	8	272	272	0	0	0	0	0	0.230357143	0.7	0	0	0	0	11.3	0	8	13.36	19.4	680	TRUE	FALSE	FALSE
2020-11-09	17.1	8.2	7.2	2.2	4.6	10.3	80	80	0	0	0	0	0	0.245535714	0.7	0	0	0	0	7.2	0	9.2	13.13	18.6	272	TRUE	FALSE	FALSE
2020-11-16	16.5	7.7	7.1	1.9	3.9	9.9	56	56	0	0	0	0	0	0.256919643	0.7	0	0	0	0	11.3	0	6.8	9.26	17.1	80	TRUE	FALSE	FALSE
2020-11-23	15.5	8	7.6	1.9	4.7	7.7	0	0	0	0	0	0	0	0.264508929	0.7	0	0	0	0	3.9	0	7.7	10.93	16.5	56	TRUE	FALSE	FALSE
2020-11-30	13.9	8.3	8	2.3	4	6	0	0	0	0	0	0	0	0.275892857	0.7	0	0	0	0	1.2	0	8.9	11.15	15.5	0	TRUE	FALSE	FALSE
2020-12-07	12.9	7.6	8.1	2.6	3.4	4.4	0	0	0	0	0	0	0	0.287276786	0.7	0	0	0	0	2.8	0	0.3	3.53	13.9	0	TRUE	FALSE	FALSE
2020-12-14	11.4	8	8.9	2.6	3	5.5	0	0	0	0	0	0	0	0.302455357	0.7	0	0	0	0	-4.7	0	8.8	11.16	12.9	0	TRUE	FALSE	FALSE
2020-12-21	9.9	8.5	9.4	3.4	2.8	3.5	0	0	0	0	0	0	0	0.313839286	0.7	0	0	0	0	0.4	0	4.2	7.04	11.4	0	TRUE	FALSE	FALSE
2020-12-28	9.4	9.7	10.5	3.4	2.1	4.7	0	0	0	0	0	0	0	0.321428571	0.7	0	0	0	0	5.4	0	7	9.55	9.9	0	TRUE	FALSE	FALSE
2021-01-04	7.228571429	8.7	11.1	3.714285714	2.914285714	2.9	0	0	0	0	0	0	0	0.336607143	0.7	0	0	0	0	-2.8	0	5.7	8.09	9.4	0	TRUE	FALSE	FALSE
2021-01-11	6.671428571	8.7	11.3	3.685714286	2.785714286	3.2	0	0	0	0	0	0	0	0.340401786	0.7	0	0	0	0	-6	0	0.3	4.91	7.228571429	0	TRUE	FALSE	FALSE
2021-01-18	5.9	9	11.5	3.9	2	5.5	0	0	0	0	0	0	0	0.359375	0.7	0	0	0	0	-1.5	3.3	2.3	5.97	6.671428571	0	TRUE	FALSE	FALSE
2021-01-25	6.1	8	11.6	3.3	1.9	4.6	0	0	0	0	0	0	0	0.366964286	0.7	0	0	0	0	8.3	0	8.3	10.81	5.9	0	TRUE	FALSE	FALSE
2021-02-01	5.6	7.8	11.6	3.7	2.6	5.1	0	0	0	0	0	0	0	0.378348214	0.7	0	0	0	0	7.3	8.1	3.1	7.52	6.1	0	TRUE	FALSE	FALSE
2021-02-08	5.3	7.7	13.2	3.6	2.3	5.8	0	0	0	0	0	0	0	0.389732143	0.7	0	0	0	0	-1.7	0	9.8	15.57	5.6	0	TRUE	FALSE	FALSE
2021-02-15	5.6	7.8	12.6	3.1	1.4	5.4	0	0	0	0	0	0	0	0.401116071	0.7	0	0	0	0	3	0.5	4.7	7.48	5.3	0	TRUE	FALSE	FALSE
2021-02-22	5.8	7.8	12.9	2.8	2	9	0	0	0	0	0	0	0	0.408705357	0.7	0	0	0	0	11.7	0	10.1	14.94	5.6	0	TRUE	FALSE	FALSE
2021-03-02	5.8	7.8	12	3.5	1.8	5	0	0	0	0	0	0	0	0.423883929	0.7	0	0	0	0	3	0.2	2.5	8.27	5.8	0	TRUE	FALSE	FALSE
2021-03-08	6.6	7.9	12.3	3.6	1.8	3.9	0	0	0	0	0	0	0	0.4390625	0.7	0	0	0	0	8	0	9.7	18.52	5.8	0	TRUE	FALSE	FALSE
2021-03-15	6.9	7.8	12.1	2.5	1.6	3.2	0	0	0	0	0	0	0	0.442857143	0.7	0	0	0	0	11.8	0	8.6	16.61	6.6	0	TRUE	FALSE	FALSE
2021-03-22	8.7	8	12.2	2.7	2.2	4.1	0	0	0	0	0	0	0	0.454241071	0.7	0	0	0	0	7.1	0	11.2	20.01	6.9	0	TRUE	FALSE	FALSE
2021-03-29	10.2	8	12.1	2.7	2.2	5.4	0	0	0	0	0	0	0	0.469419643	0.7	0	0	0	0	12.2	0	7.9	17.36	8.7	0	TRUE	FALSE	FALSE
2021-04-05	9.9	7.9	12	3.4	1.8	2.9	0	0	0	0	0	0	0	0.477008929	0.7	0	0	0	0	11.6	0	12.2	25.14	10.2	0	TRUE	FALSE	FALSE
2021-04-12	12.6	8	11.8	2.5	2.4	2.1	0	0	0	0	0	0	0	0.495982143	0.7	0	0	0	0	13.6	15.3	0	5.55	9.9	0	TRUE	FALSE	FALSE
2021-04-19	11.1	7.7	11	3.3	2.5	1.8	0	0	0	0	0	0	0	0.503571429	0.7	0	0	0	0	13.5	0	12.5	25.96	12.6	0	TRUE	FALSE	FALSE
2021-04-26	14.5	7.9	10.6	4.5	1.9	1.9	0	0	0	0	0	0	0	0.51875	0.7	0	0	0	0	17	0	11.5	24.8	11.1	0	TRUE	FALSE	FALSE
2021-05-03	13.7	8.1	10.4	4	2	3.6	0	0	0	0	0	0	0	0.526339286	0.7	0	0	0	0	15.1	0	11.3	26.95	14.5	0	TRUE	FALSE	FALSE
2021-05-10	13.9	8.2	10.5	1.8	3	11.7	0	0	0	0	0	0	0	0.533928571	0.7	0	0	0	0	12.5	11.1	0.5	4.57	13.7	0	TRUE	FALSE	FALSE
2021-05-17	16.3	8.3	9.8	3	2.4	8.1	0	0	0	0	0	0	0	0.552901786	0.7	0	0	0	0	16.4	3.3	0	5.66	13.9	0	TRUE	FALSE	FALSE
2021-05-24	17.3	8.4	10.3	4.3	3	5.8	0	0	0	0	0	0	0	0.556696429	0.7	0	0	0	0	20.2	0	7.9	22.54	16.3	0	TRUE	FALSE	FALSE
2021-05-31	17.9	8.6	10	3.5	1.9	9	0	0	0	0	0	0	0	0.575669643	0.7	0	0	0	0	20.7	7.1	5	17.04	17.3	0	TRUE	FALSE	FALSE
2021-06-07	19	8.8	9.8	2.8	1.7	5.5	144	28	0	0	116	0	0	0.579464286	0.7	0	0	0	0	23.3	0	9.9	21.91	17.9	0	TRUE	FALSE	FALSE
2021-06-14	21.1	8.7	9.6	2.6	1.7	4.4	0	0	0	0	0	0	0	0.594642857	0.7	0	0	0	0	24.9	0	4.5	17.98	19	144	TRUE	FALSE	FALSE
2021-06-21	22.2	8.8	9.4	3.5	1.5	4.8	214	0	214	0	0	0	0	0.609821429	0.7	0	0	0	0	24.8	0	12.5	26.49	21.1	0	TRUE	FALSE	FALSE
2021-06-28	23.1	8.5	9.3	2.3	2.5	6.8	28	0	28	0	0	0	0	0.621205357	0.7	0	0	0	0	25.6	0	7.8	21.43	22.2	214	TRUE	FALSE	FALSE
2021-07-05	23.7	8.8	8.5	2.2	3.6	7.4	0	0	0	0	0	0	0	0.632589286	0.7	0	0	0	0	22.5	5.6	0	9.83	23.1	28	TRUE	FALSE	FALSE
2021-07-12	24.9	8.7	7.9	2	1.9	9.4	52	0	52	0	0	0	0	0.640178571	0.7	0	0	0	0	28.7	0	6.1	19.5	23.7	0	TRUE	FALSE	FALSE
2021-07-19	25.8	9.2	7.8	1.8	2.4	19.5	466	0	402	0	64	0	0	0.655357143	0.7	0	0	0	0	26.7	0	2	15.35	24.9	52	TRUE	FALSE	FALSE
2021-07-26	25.8	9.9	6.5	2.8	2.9	5.9	494	0	494	0	0	0	0	0.659151786	0.7	0	0	0	0	29.9	0	13.3	25.86	25.8	466	TRUE	FALSE	FALSE
2021-08-02	26.8	10	5.9	2.5	2	8.4	3714	0	722	164	2828	0	0	0.670535714	0.7	0	0	0	0	26	34	1.3	7.89	25.8	494	TRUE	FALSE	FALSE
2021-08-09	27.1	10.3	5.5	1.1	3.7	14.3	7866	300	5614	1584	368	0	0	0.681919643	0.7	0	0	0	0	28.1	0	12.1	23.87	26.8	3714	TRUE	FALSE	FALSE
2021-08-17	27.3	9.2	6.3	1.5	3.3	15.5	3040	800	536	1704	0	0	0	0.693303571	0.7	0	0	0	0	25.5	0.1	7.4	18.23	27.1	7866	TRUE	FALSE	FALSE
2021-08-23	26.4	9.1	5.6	1.5	3.3	12.4	1980	420	0	1560	0	0	0	0.712276786	0.7	0	0	0	0	22.8	65	0	2.9	27.3	3040	TRUE	FALSE	FALSE
2021-08-30	25.6	8.5	3.6	1.6	3.4	9.5	3568	360	0	3208	0	0	0	0.716071429	0.7	0	0	0	0	22.9	0.1	0.3	6.76	26.4	1980	TRUE	FALSE	FALSE
2021-09-06	24.1	8.3	3.7	1.7	3.8	4.6	3044	0	0	3044	0	0	0	0.727455357	0.7	0	0	0	0	20.7	32.2	0.1	5.93	25.6	3568	TRUE	FALSE	FALSE
2021-09-13	24.5	7.9	5.1	1.6	2.7	6.8	7144	3440	0	3704	0	0	0	0.738839286	0.7	0	0	0	0	23.9	0	6.7	15.41	24.1	3044	TRUE	FALSE	FALSE
2021-09-23	23.9	8.2	5.2	1.8	2.3	12.1	1446	1220	54	172	0	0	0	0.750223214	0.7	0	0	0	0	21.1	0	10.7	19.29	24.5	7144	TRUE	FALSE	FALSE
2021-09-27	23.7	7.9	5.9	2.1	2.3	8.8	2056	1160	172	172	552	0	0	0.765401786	0.7	0	0	0	0	22.2	0.2	4.3	13.49	23.9	1446	TRUE	FALSE	FALSE
2021-10-05	24	8	6.7	1.5	1.6	11	2914	2560	82	128	144	0	0	0.780580357	0.7	0	0	0	0	23.4	0	9.7	16.95	23.7	2056	TRUE	FALSE	FALSE
2021-10-12	23.1	7.5	5	2.6	1.7	12.7	644	340	96	56	152	0	0	0.788169643	0.7	0	0	0	0	16.2	0.5	0	2.68	24	2914	TRUE	FALSE	FALSE
2021-10-18	21.7	7.4	7.1	2.2	2.9	21.6	938	420	38	56	424	0	0	0.799553571	0.7	0	0	0	0	9.6	0	10.5	16.91	23.1	644	TRUE	FALSE	FALSE
2021-10-25	20.6	7.3	7.2	3.4	2.1	15.9	360	0	76	0	284	0	0	0.807142857	0.7	0	0	0	0	10.8	0	9.8	15.13	21.7	938	TRUE	FALSE	FALSE
2021-11-01	19.8	7.4	6.9	3.2	1.3	8.7	240	160	0	56	24	0	0	0.818526786	0.7	0	0	0	0	13.4	0	7	10.54	20.6	360	TRUE	FALSE	FALSE
2021-11-08	18.8	7.5	7.4	2.3	2.1	10.6	130	0	82	0	48	0	0	0.833705357	0.7	0	0	0	0	10.3	10.3	1.2	3.1	19.8	240	TRUE	FALSE	FALSE
2021-11-15	17.2	7.4	7.4	3.3	1.8	6.6	36	0	0	0	36	0	0	0.848883929	0.7	0	0	0	0	10.1	0	8.2	10.84	18.8	130	TRUE	FALSE	FALSE
2021-11-22	16.4	7.4	8.2	2.5	2.2	8.6	314	0	278	0	36	0	0	0.860267857	0.7	0	0	0	0	5.3	3.6	4.7	7.37	17.2	36	TRUE	FALSE	FALSE
2021-11-29	14.8	7.5	8.1	2.5	1.5	8.3	300	80	0	36	184	0	0	0.867857143	0.7	0	0	0	0	6.3	0	6.6	9.07	16.4	314	TRUE	FALSE	FALSE
2021-12-06	13.3	7.5	8.4	4.5	1.4	4.1	132	0	0	0	132	0	0	0.879241071	0.7	0	0	0	0	4.4	0	4.4	6.75	14.8	300	TRUE	FALSE	FALSE
2021-12-13	12.2	7.3	8.6	3.9	1.8	5.2	36	0	0	0	36	0	0	0.886830357	0.7	0	0	0	0	-1.6	0	8.8	11.29	13.3	132	TRUE	FALSE	FALSE
2021-12-20	10.8	7.5	8.9	2.4	1.3	5	28	0	0	0	28	0	0	0.902008929	0.7	0	0	0	0	6.7	0	3.8	5.55	12.2	36	TRUE	FALSE	FALSE
2021-12-27	9.2	7.6	9.4	4	1.5	5.2	84	0	0	0	84	0	0	0.913392857	0.7	0	0	0	0	-4.4	0	6.4	9.16	10.8	28	TRUE	FALSE	FALSE
2022-01-03	8.4	7.6	9.7	3.7	1.9	4.6	0	0	0	0	0	0	0	0.920982143	0.7	0	0	0	0	-1.7	0	8.5	10.56	9.2	84	TRUE	FALSE	FALSE
2022-01-10	7.9	7.4	9.5	3.8	1.1	3.5	0	0	0	0	0	0	0	0.939955357	0.7	0	0	0	0	0.7	0	5.4	8.6	8.4	0	TRUE	FALSE	FALSE
2022-01-17	7	7.3	10	3.5	1.1	3.4	0	0	0	0	0	0	0	0.951339286	0.7	0	0	0	0	-3.1	0	4.1	8.59	7.9	0	TRUE	FALSE	FALSE
2022-01-24	6.5	7.2	10.1	4	1.1	3.1	0	0	0	0	0	0	0	0.958928571	0.7	0	0	0	0	4.1	0	5.7	10.13	7	0	TRUE	FALSE	FALSE
2022-02-03	5.8	7.6	10.9	3.7	1.5	4.1	0	0	0	0	0	0	0	0.966517857	0.7	0	0	0	0	-1.7	0	9.4	14.7	6.5	0	TRUE	FALSE	FALSE
2022-02-07	5.4	7.4	11.1	4.1	1.3	3.8	0	0	0	0	0	0	0	0.985491071	0.7	0	0	0	0	-2.1	0	4.1	9.62	5.8	0	TRUE	FALSE	FALSE
2022-02-14	5.6	7.6	11.2	4.6	1.1	3.6	0	0	0	0	0	0	0	0.989285714	0.7	0	0	0	0	4.1	0	7.6	13.23	5.4	0	TRUE	FALSE	FALSE
2022-02-21	4.8	7.5	11.7	4.4	1.2	3.9	0	0	0	0	0	0	0	1.000669643	0.7	0	0	0	0	-0.7	0	7.1	13.57	5.6	0	TRUE	FALSE	FALSE
2022-02-28	5.1	7.5	12.2	3.7	1.4	3.3	0	0	0	0	0	0	0	1.015848214	0.7	0	0	0	0	6.9	0	8.2	14.49	4.8	0	TRUE	FALSE	FALSE
2022-03-07	6.2	7.6	12.3	3.8	1.2	1.8	0	0	0	0	0	0	0	1.031026786	0.7	0	0	0	0	4.3	0	9.7	17.93	5.1	0	TRUE	FALSE	FALSE
2022-03-14	7.1	7.6	12.1	3.6	1.9	2.8	0	0	0	0	0	0	0	1.038616071	0.7	0	0	0	0	11.3	3.2	0.2	2.98	6.2	0	TRUE	FALSE	FALSE
2022-03-21	7.7	7.6	12.2	3.8	1.4	3.2	0	0	0	0	0	0	0	1.053794643	0.7	0	0	0	0	5.8	0	8.7	17.26	7.1	0	TRUE	FALSE	FALSE
2022-03-28	7.8	7.7	11.9	3.8	1.1	2.6	0	0	0	0	0	0	0	1.057589286	0.7	0	0	0	0	7.7	0	11	23	7.7	0	TRUE	FALSE	FALSE
2022-04-04	8.7	7.8	11.9	5.8	0.9	2.3	0	0	0	0	0	0	0	1.068973214	0.7	0	0	0	0	10.8	0	11.8	24.35	7.8	0	TRUE	FALSE	FALSE
2022-04-11	9.9	7.8	11.6	5.4	1.1	2.5	0	0	0	0	0	0	0	1.080357143	0.7	0	0	0	0	20.6	0	11.9	24.42	8.7	0	TRUE	FALSE	FALSE
2022-04-18	10.7	7.8	11.6	4.5	1.9	2.2	0	0	0	0	0	0	0	1.095535714	0.7	0	0	0	0	15	0	7.9	19.83	9.9	0	TRUE	FALSE	FALSE
2022-04-25	12.7	7.9	11.1	5	1.2	1.8	0	0	0	0	0	0	0	1.106919643	0.7	0	0	0	0	20.1	6.7	2.3	13.49	10.7	0	TRUE	FALSE	FALSE
2022-05-02	12	7.9	10.7	4	2.1	2.5	0	0	0	0	0	0	0	1.122098214	0.7	0	0	0	0	13.9	0	10.9	25.19	12.7	0	TRUE	FALSE	FALSE
2022-05-09	12.7	8.3	10.8	3.3	1.5	3.4	0	0	0	0	0	0	0	1.133482143	0.7	0	0	0	0	17.3	2.7	9.8	25.98	12	0	TRUE	FALSE	FALSE
2022-05-16	15.4	8.3	11.5	4.7	1.4	4.8	0	0	0	0	0	0	0	1.141071429	0.7	0	0	0	0	16.6	0	13.4	29.3	12.7	0	TRUE	FALSE	FALSE
2022-05-23	16.3	8.5	10.6	5.1	1.4	4.3	0	0	0	0	0	0	0	1.148660714	0.7	0	0	0	0	22.6	0	10.6	25.03	15.4	0	TRUE	FALSE	FALSE
2022-05-30	17.7	9.2	10.8	4.9	1.1	4.3	0	0	0	0	0	0	0	1.163839286	0.7	0	0	0	0	21.4	0	0.2	11.04	16.3	0	TRUE	FALSE	FALSE
2022-06-07	19.6	8.7	10.7	3.8	1.5	8.2	0	0	0	0	0	0	0	1.175223214	0.7	0	0	0	0	17.3	0	1.6	8	17.7	0	TRUE	FALSE	FALSE
2022-06-13	20.5	8.9	10.7	2.8	2.3	8.7	0	0	0	0	0	0	0	1.190401786	0.7	0	0	0	0	23.1	0	9.8	25.13	19.6	0	TRUE	FALSE	FALSE
2022-06-20	22.5	8.8	9.7	2.7	1.5	5.8	0	0	0	0	0	0	0	1.201785714	0.7	0	0	0	0	26.8	0	8.3	24.21	20.5	0	TRUE	FALSE	FALSE
2022-06-27	24.5	8.7	9.2	2.5	1.7	5.4	0	0	0	0	0	0	0	1.209375	0.7	0	0	0	0	28	3.6	0.4	11.59	22.5	0	TRUE	FALSE	FALSE
2022-07-04	25.9	9.7	8.5	2.8	2	6.8	0	0	0	0	0	0	0	1.224553571	0.7	0	0	0	0	27.6	0	4.9	17.32	24.5	0	TRUE	FALSE	FALSE
2022-07-11	25.8	9.2	8.1	2.6	1.9	8.2	94	0	94	0	0	0	0	1.232142857	0.7	0	0	0	0	25.1	16.3	0.3	9.27	25.9	0	TRUE	FALSE	FALSE
2022-07-18	27.2	8	7.8	2.7	2.4	6.1	0	0	0	0	0	0	0	1.239732143	0.7	0	0	0	0	22.3	57.4	0	4.3	25.8	94	TRUE	FALSE	FALSE
2022-07-25	26.8	9.1	7.3	3.3	1.7	6.4	276	240	0	0	36	0	0	1.258705357	0.7	0	0	0	0	27.2	0.4	8.3	23.38	27.2	0	TRUE	FALSE	FALSE
2022-08-01	28.6	8.8	8.6	3.5	1.4	5.6	0	0	0	0	0	0	0	1.266294643	0.7	0	0	0	0	27.6	4.4	3.7	18	26.8	276	TRUE	FALSE	FALSE
2022-08-08	29.9	8.7	7.9	3.8	1.5	5.1	0	0	0	0	0	0	0	1.277678571	0.7	0	0	0	0	28.6	0	0.1	7.38	28.6	0	TRUE	FALSE	FALSE
2022-08-16	27.5	8	6.1	2.1	6	6.3	72	0	0	0	72	0	0	1.285267857	0.7	0	0	0	0	25.8	32.9	4.4	13.64	29.9	0	TRUE	FALSE	FALSE
2022-08-22	27.2	7.7	4.2	3	2.3	4.4	682	120	38	332	192	0	0	1.304241071	0.7	0	0	0	0	27.3	0	5.3	17.7	27.5	72	TRUE	FALSE	FALSE
2022-08-29	26.4	7.5	3.3	2.7	2.1	6.3	612	0	0	28	584	0	0	1.308035714	0.7	0	0	0	0	19.6	4.5	0	4.19	27.2	682	TRUE	FALSE	FALSE
2022-09-05	26	7.5	5.9	2	2.9	14.3	4060	380	344	156	3180	0	0	1.319419643	0.7	0	0	0	0	22.6	46.5	0	3.94	26.4	612	TRUE	FALSE	FALSE
2022-09-13	24.8	8.1	7.2	1.4	4.6	20.5	4360	1860	2268	44	188	0	0	1.334598214	0.7	0	0	0	0	24.5	0	0.7	10.85	26	4060	TRUE	FALSE	FALSE
2022-09-19	24.3	7.4	4.4	2.9	1.9	5.6	682	460	222	0	0	0	0	1.345982143	0.7	0	0	0	0	24.5	0	8.1	18.7	24.8	4360	TRUE	FALSE	FALSE
2022-09-26	24	7.7	6.1	2.5	2.6	14.6	932	0	260	48	624	0	0	1.357366071	0.7	0	0	0	0	18.7	0	3.4	12.82	24.3	682	TRUE	FALSE	FALSE
2022-10-04	23.8	7.9	8	2.5	3	19.5	636	180	88	332	36	0	0	1.364955357	0.7	0	0	0	0	20	43.5	1.9	9.55	24	932	TRUE	FALSE	FALSE
2022-10-11	21.9	8	8.4	2.2	2.3	29.1	472	0	0	424	48	0	0	1.376339286	0.7	0	0	0	0	12	0	8.5	17.78	23.8	636	TRUE	FALSE	FALSE
2022-10-17	21.7	8	8.4	2.4	1.7	19.4	468	140	0	152	176	0	0	1.3953125	0.7	0	0	0	0	12.4	0	8.6	17.65	21.9	472	TRUE	FALSE	FALSE
2022-10-24	20.1	7.9	8.5	2.8	2	11.5	360	0	0	136	224	0	0	1.406696429	0.7	0	0	0	0	9.7	0	8	15.58	21.7	468	TRUE	FALSE	FALSE
2022-10-31	19.5	7.7	8.1	3.9	1.9	7.8	868	160	0	292	416	0	0	1.418080357	0.7	0	0	0	0	14.1	0	8.6	14.59	20.1	360	TRUE	FALSE	FALSE
2022-11-07	18.1	7.8	8.2	4.4	1.3	7.4	222	0	18	0	204	0	0	1.421875	0.7	0	0	0	0	9.6	0	6.5	10.89	19.5	868	TRUE	FALSE	FALSE
2022-11-14	17.6	7.7	8.1	3.7	2.2	8.3	22	0	22	0	0	0	0	1.440848214	0.7	0	0	0	0	9.5	0	1.6	6.15	18.1	222	TRUE	FALSE	FALSE
2022-11-21	16.5	7.7	8.3	3.4	2	9.5	72	0	0	0	72	0	0	1.444642857	0.7	0	0	0	0	11.7	0	8.5	10.93	17.6	22	TRUE	FALSE	FALSE
2022-11-28	15.3	7.7	8.5	2.7	1.8	9.5	46	0	46	0	0	0	0	1.456026786	0.7	0	0	0	0	7.3	30.1	1.4	2.63	16.5	72	TRUE	FALSE	FALSE
2022-12-05	12.9	7.7	9.2	2.9	1.7	9.6	0	0	0	0	0	0	0	1.467410714	0.7	0	0	0	0	-2.2	0	6.2	9.97	15.3	46	TRUE	FALSE	FALSE
2022-12-12	12	7.7	9	3.7	1.8	8.3	148	0	0	0	148	0	0	1.478794643	0.7	0	0	0	0	1.6	0	4.2	6.82	12.9	0	TRUE	FALSE	FALSE
2022-12-19	9.9	7.4	9.5	3.8	1.7	6.4	0	0	0	0	0	0	0	1.493973214	0.7	0	0	0	0	-5.5	0	8.1	10.6	12	148	TRUE	FALSE	FALSE
2022-12-26	8.1	7.4	9.8	3.5	2	3.8	0	0	0	0	0	0	0	1.5015625	0.7	0	0	0	0	-3.6	0	6.1	8.18	9.9	0	TRUE	FALSE	FALSE
2023-01-02	7.6	7.3	9.3	3.7	1.6	4	64	0	0	0	64	0	0	1.520535714	0.7	0	0	0	0	-3	0	8.5	11.46	8.1	0	TRUE	FALSE	FALSE
2023-01-09	7	7.3	9.2	3.4	1.9	2.7	0	0	0	0	0	0	0	1.528125	0.7	0	0	0	0	1.9	0	3.3	6.14	7.6	64	TRUE	FALSE	FALSE
2023-01-16	7	7.3	9.3	3.9	1.6	3.2	0	0	0	0	0	0	0	1.543303571	0.7	0	0	0	0	-3.1	0	7.7	12.1	7	0	TRUE	FALSE	FALSE
2023-01-25	5.2	7.5	10.8	3.6	1.7	3.2	0	0	0	0	0	0	0	1.547098214	0.7	0	0	0	0	-11.4	0	9.3	14.04	7	0	TRUE	FALSE	FALSE
2023-01-30	4.6	7.4	11	4.4	1.4	2.5	0	0	0	0	0	0	0	1.562276786	0.7	0	0	0	0	-0.4	0	9.4	14.24	5.2	0	TRUE	FALSE	FALSE
2023-02-06	5.3	7.4	11.1	4.4	1.3	2.8	0	0	0	0	0	0	0	1.569866071	0.7	0	0	0	0	2.1	0	6.2	11.59	4.6	0	TRUE	FALSE	FALSE
2023-02-13	5.2	7.4	11.3	4.6	1.4	2.6	0	0	0	0	0	0	0	1.585044643	0.7	0	0	0	0	6.3	0	0.4	6.84	5.3	0	TRUE	FALSE	FALSE
2023-02-20	5.4	7.4	11.4	4.9	1	2.7	0	0	0	0	0	0	0	1.592633929	0.7	0	0	0	0	-0.1	0	7.3	15.94	5.2	0	TRUE	FALSE	FALSE
2023-02-27	5.6	7.5	11.6	4.7	0.8	2.4	0	0	0	0	0	0	0	1.604017857	0.7	0	0	0	0	4.4	0	10.5	18.96	5.4	0	TRUE	FALSE	FALSE
2023-03-06	6	7.6	11.8	4.8	1	2.7	0	0	0	0	0	0	0	1.615401786	0.7	0	0	0	0	8.3	0	10.5	19.25	5.6	0	TRUE	FALSE	FALSE
2023-03-13	7.1	7.5	11.6	3.4	1.5	3.5	0	0	0	0	0	0	0	1.626785714	0.7	0	0	0	0	3.5	0	10.9	21.29	6	0	TRUE	FALSE	FALSE
2023-03-20	7	7.4	11.3	4.8	1.3	2.6	0	0	0	0	0	0	0	1.645758929	0.7	0	0	0	0	10.6	0	10.1	20.84	7.1	0	TRUE	FALSE	FALSE
2023-03-27	8.6	7.9	11.9	4.3	1.5	3.2	0	0	0	0	0	0	0	1.657142857	0.7	0	0	0	0	7.4	0	11.2	23.38	7	0	TRUE	FALSE	FALSE
2023-04-03	11.8	8	12.2	3.8	1.5	3.2	0	0	0	0	0	0	0	1.664732143	0.7	0	0	0	0	16.8	0	11.1	23.32	8.6	0	TRUE	FALSE	FALSE
2023-04-10	11.6	8	11.5	3.9	1.5	3.7	0	0	0	0	0	0	0	1.676116071	0.7	0	0	0	0	12.6	0	11.3	23.51	11.8	0	TRUE	FALSE	FALSE
2023-04-17	11.6	8	11.6	3.7	1.3	4.5	0	0	0	0	0	0	0	1.6875	0.7	0	0	0	0	13.6	0	10.8	23.73	11.6	0	TRUE	FALSE	FALSE
2023-04-24	14.4	8.2	11.2	3.6	1.9	4.1	0	0	0	0	0	0	0	1.702678571	0.7	0	0	0	0	15	0	4.1	17.15	11.6	0	TRUE	FALSE	FALSE
2023-05-02	15.3	8.2	10.8	2.6	2.2	2.3	0	0	0	0	0	0	0	1.7140625	0.7	0	0	0	0	17	0	10.2	25.5	14.4	0	TRUE	FALSE	FALSE
2023-05-08	15.5	8.2	10.6	2.6	2.2	4.6	0	0	0	0	0	0	0	1.721651786	0.7	0	0	0	0	13.7	0	11.2	26.74	15.3	0	TRUE	FALSE	FALSE
2023-05-15	17.2	8.6	11.1	3.9	1.5	5	0	0	0	0	0	0	0	1.733035714	0.7	0	0	0	0	20.5	0	12.7	27.74	15.5	0	TRUE	FALSE	FALSE
2023-05-22	17.3	8.5	10.7	4.5	1.5	6.7	0	0	0	0	0	0	0	1.744419643	0.7	0	0	0	0	17.5	5.7	3.4	13.64	17.2	0	TRUE	FALSE	FALSE
2023-05-30	18.5	8.5	10.2	4.3	1.8	3.8	0	0	0	0	0	0	0	1.752008929	0.7	0	0	0	0	21.6	0	7	22.34	17.3	0	TRUE	FALSE	FALSE
2023-06-05	21.2	8.5	10.2	4.2	2	3.7	0	0	0	0	0	0	0	1.763392857	0.7	0	0	0	0	21.5	0	9.4	23.26	18.5	0	TRUE	FALSE	FALSE
2023-06-12	22.3	8.4	9.3	4.7	1.7	3.8	770	180	506	0	84	0	0	1.782366071	0.7	0	0	0	0	23.3	0	8.6	26.75	21.2	0	TRUE	FALSE	FALSE
2023-06-19	23.9	8.5	9.2	3.7	3.1	12.8	496	0	12	0	484	0	0	1.786160714	0.7	0	0	0	0	27	0	11.2	26.78	22.3	770	TRUE	FALSE	FALSE
2023-06-26	25.9	8.6	9.3	3	2.6	10.4	230	0	54	0	176	0	0	1.805133929	0.7	0	0	0	0	23.8	54.5	0	5.04	23.9	496	TRUE	FALSE	FALSE
2023-07-03	25.4	8.2	6.7	3	2	4.4	240	0	68	0	172	0	0	1.812723214	0.7	0	0	0	0	28.4	0	6.4	21.03	25.9	230	TRUE	FALSE	FALSE
2023-07-10	25.4	7.7	5.5	2	4.8	5.6	82	0	34	0	48	0	0	1.8203125	0.7	0	0	0	0	26.5	36.2	8.3	22.11	25.4	240	TRUE	FALSE	FALSE
2023-07-17	23.7	6.9	4.9	1	47.6	3.1	232	0	0	0	232	0	0	1.835491071	0.7	0	0	0	0	25.4	30.9	3.8	17.49	25.4	82	TRUE	FALSE	FALSE
2023-07-24	23.1	6.9	7.675	0.875	49.55	4.075	204.5	185	19.5	0	0	0	0	1.843080357	0.7	0	0	0	0	26.1	5.1	3.9	14.9	23.7	232	TRUE	FALSE	FALSE
2023-07-31	26	8.3	8.8	1	9.9	20.5	4898	4272	550	0	76	0	0	1.862053571	0.7	0	0	0	0	27.8	0	9.1	21.85	23.1	204.5	TRUE	FALSE	FALSE
2023-08-07	27	8.7	9.7	1.2	8.9	17.8	7324	7220	0	104	0	0	0	1.869642857	0.7	0	0	0	0	29.7	0	8.3	22.87	26	4898	TRUE	FALSE	FALSE
2023-08-14	26.7	8.4	9.3	1	8.8	29.3	16068	15520	0	548	0	0	0	1.884821429	0.7	0	0	0	0	28.1	0	9.2	23.99	27	7324	TRUE	FALSE	FALSE
2023-08-21	27.4	8.8	8.5	0.5	18.9	47	29712	28900	0	812	0	0	0	1.888616071	0.7	0	0	0	0	29.2	0	8	19.76	26.7	16068	TRUE	FALSE	FALSE
2023-08-24	26.4	8.2	7.4	0.4	12.7	41.5	30068	29920	0	148	0	0	0	1.9	0.7	0	0	0	0	25.5	44.3	0.6	8.54	27.4	29712	TRUE	FALSE	FALSE
2023-08-28	26.2	8.4	7.1	0.6	23.1	60.7	73584	73240	0	344	0	0	0	2	0.7	0	0	0	0	26.1	0	1.1	11.02	26.4	30068	TRUE	FALSE	FALSE
2023-08-31	25.9	8.2	5.5	1	10	18.9	18948	18900	0	48	0	0	0	0.8	0.7	0	0	0	0	22.5	0	4.3	15.62	26.2	73584	TRUE	FALSE	FALSE
2023-09-04	26.9	8.4	7	0.3	33.3	59.4	94208	93240	0	968	0	0	0	1.7	0.7	0	0	0	0	27.4	0	2.6	15.27	25.9	18948	TRUE	FALSE	FALSE
2023-09-07	26.2	8.2	6	1	14.8	33.1	51248	50520	0	728	0	0	0	1.4	0.7	0	0	0	0	25	0	12	24.37	26.9	94208	TRUE	FALSE	FALSE
2023-09-11	26.3	8.4	5.8	0.4	19.4	28.7	56024	55680	0	344	0	0	0	1.7	0.7	0	0	0	0	25.2	0	6.6	16.71	26.2	51248	TRUE	FALSE	FALSE
2023-09-18	26.3	8.1	5.4	0.5	18.5	28.7	42000	42000	0	0	0	0	0	1.7	0.7	0	0	0	0	24.5	2.2	7.4	19.23	26.3	56024	TRUE	FALSE	FALSE
2023-09-21	25.3	7.5	3.4	1.3	16.8	10.8	8148	8148	0	0	0	0	0	1.3	0.7	0	0	0	0	18.4	3	0	6.85	26.3	42000	TRUE	FALSE	FALSE
2023-09-25	25.1	7.5	4	1.4	9.8	10.7	7542	7174	0	368	0	0	3	1.28705036	0.7	0	0	0	0	21.4	4	2.9	13.23	25.3	8148	TRUE	FALSE	FALSE
2023-10-04	24.1	7.1	5	1.7	7	9.9	6872	4920	0	1952	0	0.175182482	3.02189781	1.267625899	0.7	0	0	0	0	17.8	0	8.2	17.26	25.1	7542	TRUE	FALSE	FALSE
2023-10-10	23.1	7.4	6.2	1.7	5.3	13.5	5344	5320	0	24	0	0.350364964	3.04379562	1.248201439	0.7	0	0	0	0	16.5	0	9.4	17.68	24.1	6872	TRUE	FALSE	FALSE
2023-10-16	22.3	7.3	6.9	1.5	7.1	15.1	6592	6300	292	0	0	0.525547445	3.065693431	1.228776978	0.7	0	0	0	0	14.7	0	8.9	15.47	23.1	5344	TRUE	FALSE	FALSE
2023-10-23	21.2	7.4	6.7	2.3	3.8	13.2	3370	3000	370	0	0	0.642335766	3.080291971	1.215827338	0.7	0	0	0	0	13.7	0	7.3	12.92	22.3	6592	TRUE	FALSE	FALSE
2023-10-30	20.7	7.1	7.2	1.5	5	18.7	4498	4080	418	0	0	0.817518248	3.102189781	1.196402878	0.7	0	0	0	0	14.1	0	9.6	14.52	21.2	3370	TRUE	FALSE	FALSE
2023-11-06	20.3	7.2	7.2	1.7	3.6	11.4	3040	2860	180	0	0	1.109489051	3.138686131	1.164028777	0.7	0	0	0	0	15.5	11.5	3.1	7.65	20.7	4498	TRUE	FALSE	FALSE
2023-11-13	18	7.1	7.7	1.8	5.5	11.6	3360	3360	0	0	0	1.226277372	3.153284672	1.151079137	0.7	0	0	0	0	2.4	0	9.4	13.97	20.3	3040	TRUE	FALSE	FALSE
2023-11-20	16.5	7.1	7.7	3	2.5	9.2	914	860	54	0	0	1.343065693	3.167883212	1.138129496	0.7	0	0	0	0	6	0	9.2	12.87	18	3360	TRUE	FALSE	FALSE
2023-11-27	15.2	7	7.9	2.7	2.4	8.9	896	840	56	0	0	1.518248175	3.189781022	1.118705036	0.7	0	0	0	0	7	3	0.8	3.19	16.5	914	TRUE	FALSE	FALSE
2023-12-04	13.3	7.2	8.9	3.5	2.5	4.6	360	360	0	0	0	1.693430657	3.211678832	1.099280576	0.7	0	0	0	0	2.3	0	8.7	11.41	15.2	896	TRUE	FALSE	FALSE
2023-12-11	13.2	7.1	8.6	3.1	1.7	4.3	0	0	0	0	0	1.868613139	3.233576642	1.079856115	0.7	0	0	0	0	11.9	37	0	0.85	13.3	360	TRUE	FALSE	FALSE
2023-12-18	11.5	7	9	2.8	2.3	3.6	0	0	0	0	0	2.102189781	3.262773723	1.053956835	0.7	0	0	0	0	-5.6	0	5.8	8.85	13.2	0	TRUE	FALSE	FALSE
2023-12-26	9.7	7.1	9.4	3	1.7	5.6	160	160	0	0	0	2.335766423	3.291970803	1.028057554	0.7	0	0	0	0	2.2	0	5.5	9.78	11.5	0	TRUE	FALSE	FALSE
2024-01-02	9.1	7.1	10.4	3.5	1.8	5	0	0	0	0	0	2.452554745	3.306569343	1.015107914	0.7	0	0	0	0	4	0	0	2.9	9.7	160	TRUE	FALSE	FALSE
2024-01-08	8.3	7.4	10.1	4	1.9	5.9	0	0	0	0	0	2.686131387	3.335766423	0.989208633	0.7	0	0	0	0	-3.8	0	8.7	11.94	9.1	0	TRUE	FALSE	FALSE
2024-01-15	7.6	7.2	10.2	3.4	2.2	5.5	0	0	0	0	0	2.861313869	3.357664234	0.969784173	0.7	0	0	0	0	-2.1	0	9	12.61	8.3	0	TRUE	FALSE	FALSE
2024-01-22	7.1	7.2	11.1	2.4	1.9	6.6	0	0	0	0	0	3.03649635	3.379562044	0.950359712	0.7	0	0	0	0	-5.4	0	1.7	6.36	7.6	0	TRUE	FALSE	FALSE
2024-01-30	6.6	7.4	10.8	3	2.2	4.3	0	0	0	0	0	3.211678832	3.401459854	0.930935252	0.7	0	0	0	0	1.3	0	9.2	13.5	7.1	0	TRUE	FALSE	FALSE
2024-02-05	6.4	7.3	11.4	2.5	2.2	7.7	44	0	0	0	44	3.386861314	3.423357664	0.911510791	0.7	0	0	0	0	4.1	12.3	0	3.26	6.6	0	TRUE	FALSE	FALSE
2024-02-13	6.3	7.1	11.8	4	2.3	6.4	0	0	0	0	0	3.503649635	3.437956204	0.898561151	0.7	0	0	0	0	8.4	0	8.4	14.96	6.4	44	TRUE	FALSE	FALSE
2024-02-19	6.7	7.4	11.7	2.6	2.5	9.7	0	0	0	0	0	3.737226277	3.467153285	0.872661871	0.7	0	0	0	0	9.8	16.6	0	2.2	6.3	0	TRUE	FALSE	FALSE
2024-02-26	6.5	7.3	11.7	2.6	2.3	8.8	0	0	0	0	0	3.854014599	3.481751825	0.85971223	0.7	0	0	0	0	3.7	0	7.3	15.85	6.7	0	TRUE	FALSE	FALSE
2024-03-04	6.3	7.4	12.3	1.8	2.4	12	0	0	0	0	0	4.02919708	3.503649635	0.84028777	0.7	0	0	0	0	6.7	0	5.7	13.26	6.5	0	TRUE	FALSE	FALSE
2024-03-11	6.5	7.6	12.5	2.4	2.1	10.1	0	0	0	0	0	4.204379562	3.525547445	0.820863309	0.7	0	0	0	0	6.4	0	4.4	11.04	6.3	0	TRUE	FALSE	FALSE
2024-03-18	6.9	7.9	12.2	2.4	2.2	7.5	0	0	0	0	0	4.437956204	3.554744526	0.794964029	0.7	0	0	0	0	7.9	0	10.2	21.43	6.5	0	TRUE	FALSE	FALSE
2024-03-25	8.1	7.8	12.6	3	2.4	7.9	0	0	0	0	0	4.613138686	3.576642336	0.775539568	0.7	0	0	0	0	9.4	6.8	0	5.04	6.9	0	TRUE	FALSE	FALSE
2024-04-01	8.4	7.8	12	3.5	1.7	5.8	30	0	0	0	30	4.729927007	3.591240876	0.762589928	0.7	0	0	0	0	13.1	0	11.6	23.63	8.1	0	TRUE	FALSE	FALSE
2024-04-08	10	8	12.2	2.7	1.6	5.3	118	0	0	0	118	4.846715328	3.605839416	0.749640288	0.7	0	0	0	0	16.5	0	5.6	16.25	8.4	30	TRUE	FALSE	FALSE
2024-04-15	11.7	8.4	12	3.5	1.8	5.6	14	0	0	0	14	5.02189781	3.627737226	0.730215827	0.7	0	0	0	0	16.2	7.5	0	3.29	10	118	TRUE	FALSE	FALSE
2024-04-22	12.2	8	11.5	3.5	1.8	5.8	0	0	0	0	0	5.313868613	3.664233577	0.697841727	0.7	0	0	0	0	17.4	0	6.2	19.42	11.7	14	TRUE	FALSE	FALSE
2024-04-29	13.1	8.2	11.2	3	2.1	8.5	0	0	0	0	0	5.489051095	3.686131387	0.678417266	0.7	0	0	0	0	17.2	0.8	0	6.96	12.2	0	TRUE	FALSE	FALSE
2024-05-07	12.8	8	9.7	4.2	1.9	5.4	0	0	0	0	0	5.664233577	3.708029197	0.658992806	0.7	0	0	0	0	12.9	14.1	0	5.6	13.1	0	TRUE	FALSE	FALSE
2024-05-13	13.9	8.2	10.7	3.8	1.5	10.4	228	228	0	0	0	5.781021898	3.722627737	0.646043165	0.7	0	0	0	0	17.6	0	13.4	29.96	12.8	0	TRUE	FALSE	FALSE
2024-05-20	15.3	8.4	10.8	4.5	1.4	8.2	345	345	0	0	0	5.95620438	3.744525547	0.626618705	0.7	0	0	0	0	19.3	0	4.7	19.61	13.9	228	TRUE	FALSE	FALSE
2024-05-27	16.8	8.3	10	4	1.3	5.4	52	38	0	0	14	6.189781022	3.773722628	0.600719424	0.7	0	0	0	0	18.5	0	10.9	24.38	15.3	345	TRUE	FALSE	FALSE
2024-06-03	18.5	8.5	10.2	3.6	1.6	4	566	445	0	0	121	6.248175182	3.781021898	0.594244604	0.7	0	0	0	0	20.8	0	12.8	29.53	16.8	52	TRUE	FALSE	FALSE
2024-06-10	21.3	8.6	10.2	3	1.4	5.8	347	98	0	0	249	6.481751825	3.810218978	0.568345324	0.7	0	0	0	0	24.7	0	10.8	27.56	18.5	566	TRUE	FALSE	FALSE
2024-06-17	23.4	8.9	11	2.4	1.9	7.6	705	191	48	0	466	6.715328467	3.839416058	0.542446043	0.7	0	0	0	0	23.4	0	7.5	20.53	21.3	347	TRUE	FALSE	FALSE
2024-06-24	23.8	8.7	9.3	2.3	2.3	7.3	433	214	145	0	74	6.832116788	3.854014599	0.529496403	0.7	0	0	0	0	25.3	0	8.1	24.9	23.4	705	TRUE	FALSE	FALSE
2024-07-01	24.6	8.9	8.1	1.7	3.2	8.3	610	118	492	0	0	7.065693431	3.883211679	0.503597122	0.7	0	0	0	0	26.2	0	8.7	24.37	23.8	433	TRUE	FALSE	FALSE
2024-07-08	24.7	8.4	7.2	2.1	2.1	5.5	830	671	61	0	98	7.124087591	3.890510949	0.497122302	0.7	0	0	0	0	23.9	137.5	0	3.05	24.6	610	TRUE	FALSE	FALSE
2024-07-15	24.3	8.3	6.6	0.3	14.3	7	461	116	0	0	345	7.299270073	3.912408759	0.477697842	0.7	0	0	0	0	26.6	0.2	7	20.76	24.7	830	TRUE	FALSE	FALSE
2024-07-23	25.4	7.7	6.5	1.2	14.5	13.9	1933	925	132	123	753	7.532846715	3.941605839	0.451798561	0.7	0	0	0	0	27.2	3.9	0	4.96	24.3	461	TRUE	FALSE	FALSE
2024-07-29	26.4	8.8	6.4	1.3	6.2	8.7	3284	1764	103	149	1268	7.708029197	3.96350365	0.432374101	0.7	0	0	0	0	28.6	0	5.6	18.2	25.4	1933	TRUE	FALSE	FALSE
2024-08-05	27.8	9.4	7.9	1.3	6.9	12.3	43992	18760	0	0	25232	7.883211679	3.98540146	0.41294964	0.7	0	0	0	0	27.4	34.3	5.4	15.35	26.4	3284	TRUE	FALSE	FALSE
2024-08-12	28	9.8	7.9	1	5.9	11.4	38105	9140	150	83	28732	8	4	0.4	0.7	0	0	0	0	30.5	0	11.1	24.7	27.8	43992	TRUE	FALSE	FALSE
2024-08-14	27.8	8.8	5.7	0.7	5.6	13.7	29240	11520	130	166	17424	4	5	0.5	1	0	0.1	0	0	29.5	0	12.4	26.45	28	38105	TRUE	FALSE	FALSE
2024-08-19	27.7	9	5.6	0.8	5.9	7.2	42552	16420	0	600	25532	11	11	0.6	0.9	0	0.1	0	0	29.9	0.1	9	21.04	27.8	29240	TRUE	FALSE	FALSE
2024-08-22	27.5	9.2	5.3	1.4	5.8	19.4	38407	17510	0	1207	19690	2	8	0.8	1.9	0	0.2	0	0	28.5	0.5	4.7	13.87	27.7	42552	TRUE	FALSE	FALSE
2024-08-26	27.6	8.9	4.8	1.1	5.7	10.8	22472	21605	0	25	842	0	0	0.7	1.7	0	0.2	0	0	27.9	0	2.6	13.01	27.5	38407	TRUE	FALSE	FALSE
2024-08-29	26.5	9.1	3.9	1.3	6.9	13.6	22003	20500	0	1225	278	0	4	0.6	2.4	0	0.2	0	0	27	3	8.8	19.49	27.6	22472	TRUE	FALSE	FALSE
2024-09-02	27.3	9	4.9	1.2	4.5	9.9	22385	21200	0	1085	100	0	3	0.6	1.6	0	0.1	0	0	24.8	0	1.5	8.26	26.5	22003	TRUE	FALSE	FALSE
2024-09-05	27.5	8.9	5.5	1.4	6.1	12.1	28860	26330	0	2390	140	0	0	0.6	2	0	0.2	0	0	27.2	0	6.8	18.91	27.3	22385	TRUE	FALSE	FALSE
2024-09-09	27.4	8.9	4.2	1.3	4.2	9	19328	18430	0	756	142	0	0	0.5	1.5	0	0.1	0	0	29	0	6.5	18.6	27.5	28860	TRUE	FALSE	FALSE
2024-09-12	27.9	9.2	5	1.2	3.5	8.6	12675	11870	0	555	250	0	4	0.4	0.9	0	0.1	0	0	26.5	4.1	0	8.28	27.4	19328	TRUE	FALSE	FALSE
2024-09-19	28.6	9.1	5.2	1.4	5.3	8.3	22266	16020	0	4926	1320	0	0	0.3	0.5	0	0	0	0	28.5	0	4.9	16.45	27.9	12675	TRUE	FALSE	FALSE
2024-09-23	26.7	8.1	3.7	1.3	5	6.7	11994	9330	0	2410	254	0	3	0.1	0.2	0	0	0	0	21	0	11.3	22.27	28.6	22266	TRUE	FALSE	FALSE
2024-09-26	26.9	8.6	5.1	1.2	4.5	8.2	17586	10020	8	6915	643	40	0	0.2	0.4	0	0	0	0	24.1	0	5.6	15.14	26.7	11994	TRUE	FALSE	FALSE
2024-09-30	25.9	7.8	4.6	1.7	3.4	6.4	16302	7815	0	7567	920	3	0	0.2	0.3	0	0	0	0	21	0	11	19.94	26.9	17586	TRUE	FALSE	FALSE
2024-10-02	24.8	7.2	3.4	1.7	8	9.1	10568	9006	958	157	447	157	0	0.2	0.2	0	0	0	0	14.9	0	8.6	19.18	25.9	16302	TRUE	FALSE	FALSE
2024-10-07	24	6.9	5.2	2.2	4.9	1.9	12039	10636	0	521	882	0	0	0.3	0.6	0	0	0	0	17	2.3	1	8.24	24.8	10568	TRUE	FALSE	FALSE
2024-10-10	23.7	7.2	6.1	2.2	5.8	10	12482	11564	0	430	488	4	0	0.5	0.9	0	0	0	0	17.7	0	5.9	12.93	24	12039	TRUE	FALSE	FALSE
2024-10-14	23.1	7.1	6	2.7	2.4	9.5	8977	8189	0	233	555	2	0	0	0.1	0	0	0	0	17.7	8.3	0	3.57	23.7	12482	TRUE	FALSE	FALSE
2024-10-17	23	7.1	5.7	2.7	1.7	5.4	5709	5225	0	145	339	10	0	0.2	0.4	0	0	0	0	19.1	0	6.3	13.99	23.1	8977	TRUE	FALSE	FALSE
2024-10-21	22	7	6	2.8	2.4	8.4	2944	2663	0	0	281	9.923076923	0	0.200787402	0.398425197	0	0.000787402	0	0	13.9	0.4	0.7	6.66	23	5709	TRUE	FALSE	FALSE
2024-10-28	21.1	7	6.8	2.6	2.9	7.5	597	380	0	0	217	9.692307692	0	0.203149606	0.393700787	0	0.003149606	0	0	14.8	0	0.4	5.37	22	2944	TRUE	FALSE	FALSE
2024-11-04	20.5	6.9	6.4	2.3	1.9	11.8	158	60	0	0	98	9.307692308	0	0.207086614	0.385826772	0	0.007086614	0	0	14.5	0	4.6	9.85	21.1	597	TRUE	FALSE	FALSE
2024-11-11	19.3	7.5	7.4	2.8	1.8	6.9	162	0	0	0	162	9.153846154	0	0.208661417	0.382677165	0	0.008661417	0	0	13.3	0	9.1	12.95	20.5	158	TRUE	FALSE	FALSE
2024-11-18	18.2	6.8	7	3.6	2.9	15.6	755	570	0	0	185	8.923076923	0	0.211023622	0.377952756	0	0.011023622	0	0	2.6	0	9.2	13.99	19.3	162	TRUE	FALSE	FALSE
2024-11-25	16.9	6.8	6.4	3.3	1.4	6.9	115	0	0	115	0	8.615384615	0	0.214173228	0.371653543	0	0.014173228	0	0	9.7	0.3	7.5	10.98	18.2	755	TRUE	FALSE	FALSE
2024-12-02	15.5	6.9	7	4	1.5	6.1	0	0	0	0	0	8.461538462	0	0.215748031	0.368503937	0	0.015748031	0	0	8.3	0	5.1	7.75	16.9	115	TRUE	FALSE	FALSE
2024-12-09	13.7	6.9	8.1	4.2	1.8	7.9	0	0	0	0	0	8.307692308	0	0.217322835	0.365354331	0	0.017322835	0	0	2	0	5.7	8.68	15.5	0	TRUE	FALSE	FALSE
2024-12-16	12.3	6.9	8.2	3.8	1.7	5.6	0	0	0	0	0	7.923076923	0	0.221259843	0.357480315	0	0.021259843	0	0	2.7	0.1	6.8	10.22	13.7	0	TRUE	FALSE	FALSE
2024-12-23	10.7	6.8	8.6	3.5	1.5	3.9	0	0	0	0	0	7.846153846	0	0.222047244	0.355905512	0	0.022047244	0	0	-0.4	0	4.2	6.87	12.3	0	TRUE	FALSE	FALSE
2024-12-30	9.9	7.1	8.7	2.8	1.4	4.6	0	0	0	0	0	7.538461538	0	0.22519685	0.349606299	0	0.02519685	0	0	6.7	0	2.1	5.55	10.7	0	TRUE	FALSE	FALSE
2025-01-06	9	7.1	9	2.6	3.5	4.2	130	130	0	0	0	7.307692308	0	0.227559055	0.34488189	0	0.027559055	0	0	2	1.8	1.2	4.69	9.9	0	TRUE	FALSE	FALSE
2025-01-13	7.8	6.9	9.3	2.7	2.6	4.2	0	0	0	0	0	7	0	0.230708661	0.338582677	0	0.030708661	0	0	1.1	0	7.8	11.61	9	130	TRUE	FALSE	FALSE
2025-01-20	7.3	6.8	9.5	3	2.6	4.9	0	0	0	0	0	6.769230769	0	0.233070866	0.333858268	0	0.033070866	0	0	2.8	0	3	7.09	7.8	0	TRUE	FALSE	FALSE
2025-01-31	6.325	7.025	10.775	3.825	1.55	5.5	0	0	0	0	0	6.538461538	0	0.235433071	0.329133858	0	0.035433071	0	0	1.9	0	1.3	7.44	7.3	0	TRUE	FALSE	FALSE
2025-02-03	6.4	6.8	10.2	3.5	1.6	4.2	0	0	0	0	0	6.307692308	0	0.237795276	0.324409449	0	0.037795276	0	0	-1.4	0.2	9	15.17	6.325	0	TRUE	FALSE	FALSE
2025-02-10	5.4	6.8	11.1	4.7	1.5	5.6	0	0	0	0	0	6.230769231	0	0.238582677	0.322834646	0	0.038582677	0	0	-2.6	0	5.1	10.56	6.4	0	TRUE	FALSE	FALSE
2025-02-17	5.6	6.7	11.5	3.6	1.3	6.1	0	0	0	0	0	6	0	0.240944882	0.318110236	0	0.040944882	0	0	1.3	0	10	17.69	5.4	0	TRUE	FALSE	FALSE
2025-02-24	5.1	6.9	12.2	2.5	1.4	6.3	0	0	0	0	0	5.615384615	0	0.24488189	0.31023622	0	0.04488189	0	0	-0.7	0	10.3	19.21	5.6	0	TRUE	FALSE	FALSE
2025-03-04	5.3	7.1	12	3.1	2	6.8	0	0	0	0	0	5.538461538	0	0.245669291	0.308661417	0	0.045669291	0	0	3.4	0.9	0.8	6.16	5.1	0	TRUE	FALSE	FALSE
2025-03-10	6.2	7	12.3	3.8	1.4	2.4	0	0	0	0	0	5.307692308	0	0.248031496	0.303937008	0	0.048031496	0	0	8.2	0	10.8	17.64	5.3	0	TRUE	FALSE	FALSE
2025-03-17	7.1	7.4	12.3	3.8	1.1	4.9	0	0	0	0	0	5	0	0.251181102	0.297637795	0	0.051181102	0	0	3.8	0	11.1	21.51	6.2	0	TRUE	FALSE	FALSE
2025-03-24	10.3	7.1	11.8	2.3	1.5	2.1	0	0	0	0	0	4.769230769	0	0.253543307	0.292913386	0	0.053543307	0	0	16.6	0	8.3	19.25	7.1	0	TRUE	FALSE	FALSE
2025-03-31	8.4	7	11.6	3.8	2.1	2.7	36	0	0	0	36	4.538461538	0	0.255905512	0.288188976	0	0.055905512	0	0	8.1	0	8.8	21.06	10.3	0	TRUE	FALSE	FALSE
2025-04-08	10.3	7.2	11.9	3	1.4	1.8	0	0	0	0	0	4.307692308	0	0.258267717	0.283464567	0	0.058267717	0	0	15.6	0	10.4	23.97	8.4	36	TRUE	FALSE	FALSE
2025-04-14	11	8.1	11.5	2.3	1.8	6.8	0	0	0	0	0	4.153846154	0	0.25984252	0.280314961	0	0.05984252	0	0	5.1	6.2	0.9	9.1	10.3	0	TRUE	FALSE	FALSE
2025-04-21	12.6	8.2	11.2	3	1.4	3.3	54	0	0	0	54	3.923076923	0	0.262204724	0.275590551	0	0.062204724	0	0	21.5	0	8.1	23.31	11	0	TRUE	FALSE	FALSE
2025-04-28	12.7	8	11.1	3	1.4	3.2	0	0	0	0	0	3.615384615	0	0.265354331	0.269291339	0	0.065354331	0	0	15.3	0	12.7	28.33	12.6	54	TRUE	FALSE	FALSE
2025-05-07	14.4	8	10.6	3	2	2.6	0	0	0	0	0	3.461538462	0	0.266929134	0.266141732	0	0.066929134	0	0	14.7	0	10.6	26.59	12.7	0	TRUE	FALSE	FALSE
2025-05-12	14.7	7.9	10.3	3.7	2.1	3.2	0	0	0	0	0	3.076923077	0	0.270866142	0.258267717	0	0.070866142	0	0	17.7	0	13	28.78	14.4	0	TRUE	FALSE	FALSE
2025-05-19	15.3	8.3	10.1	3.5	1.7	3.3	0	0	0	0	0	3	0	0.271653543	0.256692913	0	0.071653543	0	0	18.8	0	4.3	15.54	14.7	0	TRUE	FALSE	FALSE
2025-05-26	17	8.2	10	5.7	1.2	3.2	72	0	0	0	72	2.615384615	0	0.275590551	0.248818898	0	0.075590551	0	0	19.7	0	1.075	10.89	15.3	0	TRUE	FALSE	FALSE
2025-06-02	19.1	8.4	10.2	5.5	1.2	3.2	56	0	0	0	56	2.538461538	0	0.276377953	0.247244094	0	0.076377953	0	0	20.4	0	0	9.34	17	72	TRUE	FALSE	FALSE
2025-06-09	22.1	8.5	9.8	2.5	1.2	4.9	67	0	0	0	67	2.230769231	0	0.279527559	0.240944882	0	0.079527559	0	0	25.5	0	9.9	26.19	19.1	56	TRUE	FALSE	FALSE
2025-06-16	23.3	8.6	9.7	3.6	1.2	6.3	111	0	0	0	111	2.076923077	0	0.281102362	0.237795276	0	0.081102362	0	0	24.2	26.3	3.8	12.91	22.1	67	TRUE	FALSE	FALSE
2025-06-23	25.5	8.1	8.3	1.8	4.2	5.7	90	0	0	0	90	1.692307692	0	0.28503937	0.22992126	0	0.08503937	0	0	25.1	0	13.5	29	23.3	111	TRUE	FALSE	FALSE
2025-06-30	25.1	7.9	7	2.2	1.9	4.7	118	72	0	0	46	1.461538462	0	0.287401575	0.22519685	0	0.087401575	0	0	29.1	0	11.7	28.75	25.5	90	TRUE	FALSE	FALSE
2025-07-07	26	8	5.6	3.3	1.7	6.8	759	590	0	0	169	1.230769231	0	0.28976378	0.220472441	0	0.08976378	0	0	30	0	8.6	24.07	25.1	118	TRUE	FALSE	FALSE
2025-07-14	26	8.1	5.3	3.4	2.2	4.7	569	30	0	0	539	1.076923077	0	0.291338583	0.217322835	0	0.091338583	0	0	23.4	20.9	4	16.43	26	759	TRUE	FALSE	FALSE
2025-07-21	24.7	7.9	5.1	2.4	5.4	7.6	9948	7760	0	0	2188	0.923076923	0	0.292913386	0.214173228	0	0.092913386	0	0	28.4	0	9.1	23.59	26	569	TRUE	FALSE	FALSE
2025-07-28	26.9	7.8	4.5	2.9	3.3	3.8	3096	2842	110	0	144	0.692307692	0	0.295275591	0.209448819	0	0.095275591	0	0	30.9	0	8.375	20.76	24.7	9948	TRUE	FALSE	FALSE
2025-08-04	26.9	8.5	5.6	1.1	4.2	20	17585	3273	348	0	13964	0.461538462	0	0.297637795	0.204724409	0	0.097637795	0	0	28.4	11.4	6.2	20.96	26.9	3096	TRUE	FALSE	FALSE
2025-08-11	27.6	8.1	4.9	1.2	3.7	15.8	11129	10610	0	340	179	0.230769231	0	0.3	0.2	0	0.1	0	0	24.3	2.3	0.3	7.51	26.9	17585	TRUE	FALSE	FALSE
2025-08-13	28.1	8.4	5.6	1.3	3.4	14.7	9922	9413	0	380	129	0	4	0.5	0.4	0	0.1	0	0	26.8	5.4	2.2	12.9	27.6	11129	TRUE	FALSE	FALSE
2025-08-18	28.3	8	3.8	1.3	3.9	9.1	11661	10678	0	871	112	0	0	0.2	0.3	0	0	0	0	29.2	0	8.6	22.31	28.1	9922	TRUE	FALSE	FALSE
2025-08-21	29.4	8.1	4.3	1.5	7	12.4	28737	28620	0	0	117	0	0	0.4	0.6	0	0.1	0	0.1	29.9	0	9.1	22.13	28.3	11661	TRUE	FALSE	FALSE
2025-08-25	28.9	7.9	3.7	2.3	4.9	10.1	22641	19588	0	2737	316	0	3	0.5	0.8	0	0.1	0	0.1	30.3	0	8.6	22.17	29.4	28737	TRUE	FALSE	FALSE
2025-08-28	28.8	8.2	3.8	1.7	4.4	12.4	12484	11136	0	1059	289	0	3	0.4	0.7	0	0.1	0	0.1	28.1	0	8.2	20.75	28.9	22641	TRUE	FALSE	FALSE
2025-09-01	28.9	8.1	3.7	1.6	5.7	7.4	8565	7971	0	308	286	0	3	0.2	0.5	0	0	0	0	26.8	7.4	5.6	16.24	28.8	12484	TRUE	FALSE	FALSE
2025-09-04	28	8	3.5	2.1	4.5	6.4	7885	7139	18	625	103	0	4	0.2	0.3	0	0	0	0	26.1	0.4	4	11.25	28.9	8565	TRUE	FALSE	FALSE
2025-09-08	27.9	8.2	3.4	2	4.3	4.3	6920	6682	0	215	23	0	5	0.1	0.2	0	0	0	0	22.2	0	0.1	7.38	28	7885	TRUE	FALSE	FALSE
2025-09-15	27.8	8.5	5.1	2	5.1	6.6	14821	12888	0	1672	261	36	0	0.6	0.7	0	0.1	0	0	25.3	0	2.4	13.39	27.9	6920	TRUE	FALSE	FALSE
2025-09-22	26.2	7.7	5.5	2	4.7	4.3	12733	10679	0	1760	294	59	1.5	0.4	0.4	0	0.1	0	0	21.2	0	2.1	12.18	27.8	14821	TRUE	FALSE	FALSE
2025-09-25	26	7.9	6.1	2.5	4.3	9	11498	9369	0	1865	264	0	4	0.5	0.5	0	0.1	0	0	22.2	14.8	0	3.67	26.2	12733	TRUE	FALSE	FALSE
2025-09-29	25.7	7.5	6.2	2.7	3.4	4.8	8407	7180	0	1010	217	0	0	0.3	0.3	0	0	0	0	19.9	0	4.7	13.08	26	11498	TRUE	FALSE	FALSE
2025-10-01	25.5	7.5	5.8	2	2.9	6.4	9946	8711	0	770	465	0	0	0.3	0.3	0	0	0	0	20.3	0	10.4	18.46	25.7	8407	TRUE	FALSE	FALSE
2025-10-10	24.3	7.4	6.3	2.7	3	10.4	13254	9414	0	2042	1798	111.6666667	0	0.25	0.3	0	0.05	0	0	21.5	0	2.4	11.11	25.5	9946	TRUE	FALSE	FALSE
2025-10-13	23.9	7.2	5.2	2.6	3.4	8.2	8730	6490	0	1505	735	56	0	0.2	0.2	0	0	0	0	18.6	58.3	0	1.58	24.3	13254	TRUE	FALSE	FALSE
2025-10-20	22.8	7.3	6.4	2	2.6	11.7	10083	7521	0	2495	67	4	0	0.533333333	0.5	0	0.066666667	0	0	11.5	0	9.7	15.82	23.9	8730	TRUE	FALSE	FALSE
2025-10-27	21.2	7.1	7	2.4	3.1	22.1	7472	7214	0	32	226	0	0	0.1	0.3	0	0	0	0	9.5	0	9.9	16.69	22.8	10083	TRUE	FALSE	FALSE
2025-11-03	19.5	7.4	8.1	2	3.5	21	9342	9232	0	30	80	0	0	0.2	0.633333333	0	0	0	0	7	0	9.7	14.94	21.2	7472	TRUE	FALSE	FALSE
2025-11-10	18.7	7.5	8.6	2.1	3	28.1	7664	7618	0	0	46	0	0	0.1	0.366666667	0	0	0	0	8.9	0	9.6	14.54	19.5	9342	TRUE	FALSE	FALSE
2025-11-17	17.4	7.5	8	2.8	1.7	13.3	2473	2473	0	0	0	0	0	0.1	0.2	0	0	0	0	5.6	0	8.3	11.08	18.7	7664	TRUE	FALSE	FALSE
2025-11-24	16.2	7.5	8	4.1	1.1	9.3	1108	1108	0	0	0	0	0	0.1	0.1	0	0	0	0	12	0	6.5	9.68	17.4	2473	TRUE	FALSE	FALSE
2025-12-01	15.1	7.7	9	3.6	1.2	9.8	169	152	0	0	17	0	0	0.1	0.1	0	0	0	0	7.9	0	8.6	11.82	16.2	1108	TRUE	FALSE	FALSE
2025-12-08	13.4	7.5	8.8	3.6	1.3	9	110	110	0	0	0	0	0	0.1	0.1	0	0	0	0	4.9	0	8.6	11.61	15.1	169	TRUE	FALSE	FALSE
2025-12-15	12.1	7.7	9.5	3.6	1.2	9.1	175	170	0	0	5	0	0	0.1	0.1	0	0	0	0	1.8	0	1.6	6.82	13.4	110	TRUE	FALSE	FALSE
2025-12-22	11.1	7.6	9.4	4	1.2	9.8	55	55	0	0	0	0	0	0.1	0.1	0	0	0	0	-0.5	0	8.1	10.9	12.1	175	TRUE	FALSE	FALSE
2025-12-29	10	7.4	8.7	2.7	1.6	4.3	0	0	0	0	0	0	0	0.1	0.1	0	0	0	0	5.3	1	2.6	5.33	11.1	55	TRUE	FALSE	FALSE
2026-01-05	8.8	7.5	9.8	2.4	1.5	3.7	0	0	0	0	0	0	0	0.1	0.1	0	0	0	0	-0.2	0	8.4	11.35	10	0	TRUE	FALSE	FALSE
2026-01-12	7.4	7.6	10	2.7	2.7	3.5	0	0	0	0	0	0	0	0.1	0.1	0	0	0	0	-1.5	1.3	3.7	6.5	8.8	0	TRUE	FALSE	FALSE
2026-01-19	7.5	7.2	9.2	2.5	1.6	2.9	160	160	0	0	0	0	0	0.1	0.1	0	0	0	0	-1	0.6	3.9	7.56	7.4	0	TRUE	FALSE	FALSE
2026-01-26	6.2	7.4	10.1	3.2	1.6	3.4	0	0	0	0	0	0	0	0.1	0.1	0	0	0	0	-3.5	0	4.6	9.93	7.5	160	TRUE	FALSE	FALSE
2026-02-02	5.7	7.4	10.4	3.5	2.4	3.1	150	94	0	0	56	0	0	0.1	0.1	0	0	0	0	-1.9	2.4	7.1	11.79	6.2	0	TRUE	FALSE	FALSE
2026-02-09	5.2	7.5	11.2	3.1	1.8	2.2	226	74	0	0	152	0	0	0.1	0.1	0	0	0	0	-2	0	9.6	15.56	5.7	150	TRUE	FALSE	FALSE
2026-02-19	5.8	7.5	11.3	3.2	1.7	4.2	0	0	0	0	0	0	0	0.1	0.1	0	0	0	0	2.1	0	10.2	17.73	5.2	226	TRUE	FALSE	FALSE
2026-02-23	6.1	7.5	11.4	3.7	1.4	4.3	172	0	0	0	172	0	0	0.1	0.1	0	0	0	0	3	0	6.6	14.71	5.8	0	TRUE	FALSE	FALSE
2026-03-03	5.9	7.5	11.2	3.5	1.6	4	128	0	0	0	128	0	0	0.1	0.1	0	0	0	0	6.9	0.1	3.6	12.68	6.1	172	TRUE	FALSE	FALSE
2026-03-09	6.2	7.6	11.4	3.4	1.3	4.2	0	0	0	0	0	0	0	0.1	0.1	0	0	0	0	2.8	0	3.5	9.35	5.9	128	TRUE	FALSE	FALSE
2026-03-16	6.4	7.7	11.1	3.1	1	3.3	0	0	0	0	0	0	0	0.1	0.1	0	0	0	0	7.5	0	9	18.77	6.2	0	TRUE	FALSE	FALSE
2026-03-23	7.2	7.7	11.4	3.1	1	3.3	27	0	0	0	27	0	0	0.1	0.1	0	0	0	0	11.8	0	11.5	22.54	6.4	0	TRUE	FALSE	FALSE
2026-03-30	8.6	7.8	11.4	3.5	1.5	3.5	72	0	0	0	72	0	0	0.1	0.1	0	0	0	0	12.9	11.3	0.7	6.98	7.2	27	TRUE	FALSE	FALSE
2026-04-06	12.4	7.9	11.3	2.9	1.4	3.4	0	0	0	0	0	0	0	0.1	0.1	0	0	0	0	10	7.3	0	4.66	8.6	72	TRUE	FALSE	FALSE
2026-04-13	13	8	11.1	3.1	1.8	2.6	13	0	0	0	13	0	0	0.1	0.1	0	0	0	0	19	0	11.1	25.85	12.4	0	TRUE	FALSE	FALSE
2026-04-20	13.6	7.9	10.7	3.9	1.5	3.3	0	0	0	0	0	0	0	0.1	0.1	0	0	0	0	13.3	0.2	2	6.48	13	13	TRUE	FALSE	FALSE
2026-04-27	16.1	8.1	10.7	2.5	1.7	4.3	0	0	0	0	0	0	0	0.1	0.1	0	0	0	0	13.3	0	2	6.48	13.6	0	TRUE	FALSE	FALSE
2015-01-12	8.8	8.2	13.3	2.9	1.7	4.5	28	0	0	0	28	0	0	0	0.7	0	0	0	0	-1.8	0	8.9	12.35	8.8	0	FALSE	TRUE	FALSE
2015-01-19	8.8	8.2	13.3	2.9	1.7	4.5	0	0	0	0	0	0	0	0	0.7	0	0	0	0	1.8	0	2.3	5.16	8.8	28	FALSE	TRUE	FALSE
2015-01-26	8.8	8.2	13.3	2.9	1.7	4.5	0	0	0	0	0	0	0	0	0.7	0	0	0	0	5.3	0.3	0	1.82	8.8	0	FALSE	TRUE	FALSE
2015-02-02	8.8	8.2	13.3	2.9	1.7	4.5	0	0	0	0	0	0	0	0	0.7	0	0	0	0	-0.5	0	8	13.14	8.8	0	FALSE	TRUE	FALSE
2015-02-09	8.8	8.2	13.3	2.9	1.7	4.5	16	0	0	0	16	0	0	0	0.7	0	0	0	0	-4.5	0	9.1	14.99	8.8	0	FALSE	TRUE	FALSE
2015-02-16	8.8	8.2	13.3	2.9	1.7	4.5	52	0	0	0	52	0	0	0	0.7	0	0	0	0	4.8	17	0	1.33	8.8	16	FALSE	TRUE	FALSE
2015-02-23	8.8	8.2	13.3	2.9	1.7	4.5	132	0	0	0	132	0	0	0	0.7	0	0	0	0	3	0	6.9	15.66	8.8	52	FALSE	TRUE	FALSE
2015-03-02	8.8	8.2	13.3	2.9	1.7	4.5	100	0	0	0	100	0	0	0	0.7	0	0	0	0	3.8	0	10.5	20.08	8.8	132	FALSE	TRUE	FALSE
2015-03-09	8.8	8.2	13.3	2.9	1.7	4.5	0	0	0	0	0	0	0	0	0.7	0	0	0	0	4.4	0	9.1	18.79	8.8	100	FALSE	TRUE	FALSE
2015-03-16	8.8	8.2	13.3	2.9	1.7	4.5	94	0	0	0	94	0	0	0	0.7	0	0	0	0	10.3	0	9.3	19.06	8.8	0	FALSE	TRUE	FALSE
2015-03-23	8.8	8.2	13.3	2.9	1.7	4.5	0	0	0	0	0	0	0	0	0.7	0	0	0	0	5.3	0	11.6	24.63	8.8	94	FALSE	TRUE	FALSE
2015-03-30	8.8	8.2	13.3	2.9	1.7	4.5	0	0	0	0	0	0	0	0	0.7	0	0	0	0	14.8	0	10.3	22.87	8.8	0	FALSE	TRUE	FALSE
2015-04-06	8.8	8.2	13.3	2.9	1.7	4.5	0	0	0	0	0	0	0	0	0.7	0	0	0	0	10.4	2.1	0	5.41	8.8	0	FALSE	TRUE	FALSE
2015-04-13	8.8	8.2	13.3	2.9	1.7	4.5	0	0	0	0	0	0	0	0	0.7	0	0	0	0	10.8	1.5	0.2	5.43	8.8	0	FALSE	TRUE	FALSE
2015-04-20	8.8	8.2	13.3	2.9	1.7	4.5	0	0	0	0	0	0	0	0	0.7	0	0	0	0	11.5	13	0	3.63	8.8	0	FALSE	TRUE	FALSE
2015-04-27	8.8	8.2	13.3	2.9	1.7	4.5	0	0	0	0	0	0	0	0	0.7	0	0	0	0	19.3	0	12.4	27.61	8.8	0	FALSE	TRUE	FALSE
2015-05-04	8.8	8.2	13.3	2.9	1.7	4.5	0	0	0	0	0	0	0	0	0.7	0	0	0	0	16.4	0	11.8	27.61	8.8	0	FALSE	TRUE	FALSE
2015-05-11	8.8	8.2	13.3	2.9	1.7	4.5	0	0	0	0	0	0	0	0	0.7	0	0	0	0	18.2	10	5.3	16.62	8.8	0	FALSE	TRUE	FALSE
2015-05-18	8.8	8.2	13.3	2.9	1.7	4.5	44	0	44	0	0	0	0	0	0.7	0	0	0	0	18.7	0	5.6	18.34	8.8	0	FALSE	TRUE	FALSE
2015-05-26	8.8	8.2	13.3	2.9	1.7	4.5	486	486	0	0	0	0	0	0	0.7	0	0	0	0	22.3	0	13.3	31.86	8.8	44	FALSE	TRUE	FALSE
2015-06-01	8.8	8.2	13.3	2.9	1.7	4.5	0	0	0	0	0	0	0	0	0.7	0	0	0	0	23.3	0	12.5	28.27	8.8	486	FALSE	TRUE	FALSE
2015-06-08	8.8	8.2	13.3	2.9	1.7	4.5	0	0	0	0	0	0	0	0	0.7	0	0	0	0	22	0	1.3	12.78	8.8	0	FALSE	TRUE	FALSE
2015-06-15	8.8	8.2	13.3	2.9	1.7	4.5	540	540	0	0	0	0	0	0	0.7	0	0	0	0	24.9	0	5.1	19.87	8.8	0	FALSE	TRUE	FALSE
2015-06-22	8.8	8.2	13.3	2.9	1.7	4.5	0	0	0	0	0	0	0	0	0.7	0	0	0	0	24.4	0	7.1	23.5	8.8	540	FALSE	TRUE	FALSE
2015-06-29	8.8	8.2	13.3	2.9	1.7	4.5	2232	2064	0	36	132	0	0	0	0.7	0	0	0	0	25.7	0	10.1	26.28	8.8	0	FALSE	TRUE	FALSE
2015-07-06	8.8	8.2	13.3	2.9	1.7	4.5	1502	1262	0	0	240	0	0	0	0.7	0	0	0	0	24.3	0	8.5	23.09	8.8	2232	FALSE	TRUE	FALSE
2015-07-13	8.8	8.2	13.3	2.9	1.7	4.5	422	240	0	0	182	0	0	0	0.7	0	0	0	0	23.9	4.6	0.1	6.15	8.8	1502	FALSE	TRUE	FALSE
2015-07-20	8.8	8.2	13.3	2.9	1.7	4.5	532	400	18	0	114	6	0	0	0.7	0	0	0	0	27.4	0	4.2	19.86	8.8	422	FALSE	TRUE	FALSE
2015-07-27	8.8	8.2	13.3	2.9	1.7	4.5	68	0	0	0	68	9	0	0	0.7	0	0	0	0	25.7	4	2.3	8.13	8.8	532	FALSE	TRUE	FALSE
2015-08-03	8.8	8.2	13.3	2.9	1.7	4.5	70	42	0	0	28	11	0	0	0.7	0	0	0	0	29	0	13	27.86	8.8	68	FALSE	TRUE	FALSE
2015-08-10	8.8	8.2	13.3	2.9	1.7	4.5	58	0	32	0	26	14	0	0	0.7	0	0	0	0	26.3	0	1.6	14.28	8.8	70	FALSE	TRUE	FALSE
2015-08-17	8.8	8.2	13.3	2.9	1.7	4.5	84	0	0	0	84	10	0	0	0.7	0	0	0	0	26.8	0	11.2	23.9	8.8	58	FALSE	TRUE	FALSE
2015-08-24	8.8	8.2	13.3	2.9	1.7	4.5	504	140	0	48	316	77	0	0	0.7	0	0	0	0	26.5	0	4.3	15.03	8.8	84	FALSE	TRUE	FALSE
2015-08-31	8.8	8.2	13.3	2.9	1.7	4.5	478	264	46	26	142	12	0	0	0.7	0	0	0	0	25.3	0	10	20.98	8.8	504	FALSE	TRUE	FALSE
2015-09-07	8.8	8.2	13.3	2.9	1.7	4.5	2044	0	56	1446	542	4	0	0	0.7	0	0	0	0	22.6	0	12.2	26.26	8.8	478	FALSE	TRUE	FALSE
2015-09-14	8.8	8.2	13.3	2.9	1.7	4.5	1540	780	274	0	486	39	0	0	0.7	0	0	0	0	19.9	0	11.1	22.54	8.8	2044	FALSE	TRUE	FALSE
2015-09-21	8.8	8.2	13.3	2.9	1.7	4.5	1566	880	74	152	460	12	0	0	0.7	0	0	0	0	21.9	0	10.6	21.9	8.8	1540	FALSE	TRUE	FALSE
2015-09-30	8.8	8.2	13.3	2.9	1.7	4.5	2014	320	36	350	1308	14	0	0	0.7	0	0	0	0	21.1	0	1.7	11.49	8.8	1566	FALSE	TRUE	FALSE
2015-10-05	8.8	8.2	13.3	2.9	1.7	4.5	1074	516	0	22	536	21	10	0	0.7	0	0	0	0	17.8	0	10.8	19.85	8.8	2014	FALSE	TRUE	FALSE
2015-10-12	8.8	8.2	13.3	2.9	1.7	4.5	1592	0	320	372	900	14	19	0	0.7	0	0	0	0	13.6	0.7	8.3	16.28	8.8	1074	FALSE	TRUE	FALSE
2015-10-19	8.8	8.2	13.3	2.9	1.7	4.5	2048	80	484	426	1058	39	36	0	0.7	0	0	0	0	17.1	0	8.7	14.34	8.8	1592	FALSE	TRUE	FALSE
2015-10-26	8.8	8.2	13.3	2.9	1.7	4.5	2000	80	122	68	1730	26	43	0	0.7	0	0	0	0	16.9	0	7.4	13.75	8.8	2048	FALSE	TRUE	FALSE
2015-11-02	8.8	8.2	13.3	2.9	1.7	4.5	1146	70	166	12	898	24	41	0	0.7	0	0	0	0	9.4	0	6.8	11.73	8.8	2000	FALSE	TRUE	FALSE
2015-11-09	8.8	8.2	13.3	2.9	1.7	4.5	1306	60	286	0	960	23	23	0	0.7	0	0	0	0	13.1	1.7	0.7	4.44	8.8	1146	FALSE	TRUE	FALSE
2015-11-16	8.8	8.2	13.3	2.9	1.7	4.5	1870	0	42	0	1828	45	0	0	0.7	0	0	0	0	11.7	26.3	0.1	3.76	8.8	1306	FALSE	TRUE	FALSE
2015-11-25	8.8	8.2	13.3	2.9	1.7	4.5	1762	220	62	0	1480	24	12	0	0.7	0	0	0	0	5.7	8.7	0	1.61	8.8	1870	FALSE	TRUE	FALSE
2015-11-30	8.8	8.2	13.3	2.9	1.7	4.5	1286	0	62	0	1224	10	0	0	0.7	0	0	0	0	6.9	0	5.3	8	8.8	1762	FALSE	TRUE	FALSE
2015-12-07	8.8	8.2	13.3	2.9	1.7	4.5	782	0	42	0	740	0	0	0	0.7	0	0	0	0	2.1	0	8.7	11.5	8.8	1286	FALSE	TRUE	FALSE
2015-12-14	8.8	8.2	13.3	2.9	1.7	4.5	222	0	0	0	222	0	0	0	0.7	0	0	0	0	7.2	9.9	0	2.04	8.8	782	FALSE	TRUE	FALSE
2015-12-21	8.8	8.2	13.3	2.9	1.7	4.5	304	0	0	0	304	0	0	0	0.7	0	0	0	0	4.3	1.2	5.1	6.95	8.8	222	FALSE	TRUE	FALSE
2015-12-28	8.8	8.2	13.3	2.9	1.7	4.5	388	0	0	0	388	0	0	0	0.7	0	0	0	0	-3.2	0	7.5	11.12	8.8	304	FALSE	TRUE	FALSE
2016-01-05	8.8	8.2	13.3	2.9	1.7	4.5	100	0	0	0	100	0	0	0	0.7	0	0	0	0	-0.6	0	4.8	7.72	8.8	388	FALSE	TRUE	FALSE
2016-01-11	8.8	8.2	13.3	2.9	1.7	4.5	186	0	0	0	186	0	0	0	0.7	0	0	0	0	-1.8	0	8.7	11.6	8.8	100	FALSE	TRUE	FALSE
2016-01-18	8.8	8.2	13.3	2.9	1.7	4.5	32	0	0	0	32	0	0	0	0.7	0	0	0	0	-3.1	3.5	4.3	6.16	8.8	186	FALSE	TRUE	FALSE
2016-01-25	8.8	8.2	13.3	2.9	1.7	4.5	0	0	0	0	0	0	0	0	0.7	0	0	0	0	-7.8	0.1	7.8	12.09	8.8	32	FALSE	TRUE	FALSE
2016-02-01	8.8	8.2	13.3	2.9	1.7	4.5	0	0	0	0	0	0	0	0	0.7	0	0	0	0	-3.9	0	9.3	14.95	8.8	0	FALSE	TRUE	FALSE
2016-02-11	8.8	8.2	13.3	2.9	1.7	4.5	0	0	0	0	0	0	0	0	0.7	0	0	0	0	6.8	0.4	4.1	9.97	8.8	0	FALSE	TRUE	FALSE
2016-02-15	8.8	8.2	13.3	2.9	1.7	4.5	0	0	0	0	0	0	0	0	0.7	0	0	0	0	-3.3	0	9.1	17.51	8.8	0	FALSE	TRUE	FALSE
2016-02-22	8.8	8.2	13.3	2.9	1.7	4.5	0	0	0	0	0	0	0	0	0.7	0	0	0	0	2.9	0	1.6	9.29	8.8	0	FALSE	TRUE	FALSE
2016-03-02	8.8	8.2	13.3	2.9	1.7	4.5	0	0	0	0	0	0	0	0	0.7	0	0	0	0	3	0	10.6	19.68	8.8	0	FALSE	TRUE	FALSE
2016-03-07	8.8	8.2	13.3	2.9	1.7	4.5	0	0	0	0	0	0	0	0	0.7	0	0	0	0	9	0	3.2	9.72	8.8	0	FALSE	TRUE	FALSE
2016-03-14	8.8	8.2	13.3	2.9	1.7	4.5	0	0	0	0	0	0	0	0	0.7	0	0	0	0	4.4	0	6	11.89	8.8	0	FALSE	TRUE	FALSE
2016-03-21	8.8	8.2	13.3	2.9	1.7	4.5	0	0	0	0	0	0	0	0	0.7	0	0	0	0	9.5	0	10.3	21.51	8.8	0	FALSE	TRUE	FALSE
2016-03-28	8.8	8.2	13.3	2.9	1.7	4.5	0	0	0	0	0	0	0	0	0.7	0	0	0	0	9.4	0	11.6	24.33	8.8	0	FALSE	TRUE	FALSE
2016-04-04	8.7	8.2	12.8	2.2	2	5.8	0	0	0	0	0	0	0	0	0.7	0	0	0	0	13.5	0	6.8	19.2	8.8	0	FALSE	TRUE	FALSE
2016-04-11	10	8.2	11.5	2.3	2.3	4	0	0	0	0	0	0	0	0	0.7	0	0	0	0	13.2	0	11.4	26.86	8.7	0	FALSE	TRUE	FALSE
2016-04-18	10.2	7.8	11.2	1.8	3.1	5	0	0	0	0	0	0	0	0	0.7	0	0	0	0	12.3	1.7	9.6	23.73	10	0	FALSE	TRUE	FALSE
2016-04-25	12.1	7.9	11.3	2.7	2	4.2	0	0	0	0	0	0	0	0	0.7	0	0	0	0	17.7	0	11.6	26.84	10.2	0	FALSE	TRUE	FALSE
2016-05-02	13.9	8	11.8	3	1.8	5.8	0	0	0	0	0	0	0	0	0.7	0	0	0	0	19.8	6.3	8.3	22.04	12.1	0	FALSE	TRUE	FALSE
2016-05-09	14.5	7.8	11.2	3.6	1.1	5.9	0	0	0	0	0	0	0	0	0.7	0	0	0	0	20	0	2.9	18.29	13.9	0	FALSE	TRUE	FALSE
2016-05-16	15.2	7.8	10.4	4.4	1.3	3.6	12	0	0	0	12	0	0	0	0.7	0	0	0	0	15.9	5.2	11.7	29.91	14.5	0	FALSE	TRUE	FALSE
2016-05-23	16.9	7.8	9.9	4	1.3	3.3	0	0	0	0	0	0	0	0	0.7	0	0	0	0	23.1	0	10.5	26.78	15.2	12	FALSE	TRUE	FALSE
2016-05-30	17.9	7.7	8.6	3.9	1.7	7.3	0	0	0	0	0	0	0	0	0.7	0	0	0	0	22	0	12.2	29.85	16.9	0	FALSE	TRUE	FALSE
2016-06-07	20.1	8	8.2	2.7	2.7	7.8	0	0	0	0	0	3	0	0	0.7	0	0	0	0	21.9	1.2	4.1	17.95	17.9	0	FALSE	TRUE	FALSE
2016-06-13	22.1	8.2	9.7	2.7	2.5	7.3	0	0	0	0	0	4	0	0	0.7	0	0	0	0	24.6	0	8.7	24.26	20.1	0	FALSE	TRUE	FALSE
2016-06-20	23.1	8.3	8.6	2.3	3	8	0	0	0	0	0	0	0	0	0.7	0	0	0	0	24.2	2.2	5.8	19.67	22.1	0	FALSE	TRUE	FALSE
2016-06-27	23.3	8.4	8.2	2.1	3.1	12.2	166	0	166	0	0	0	0	0	0.7	0	0	0	0	23.3	5.5	5.1	16.32	23.1	0	FALSE	TRUE	FALSE
2016-07-04	23.3	8.3	6.3	2.2	8.5	13.1	596	540	30	0	26	0	0	0	0.7	0	0	0	0	22.1	179.1	0	3.42	23.3	166	FALSE	TRUE	FALSE
2016-07-11	23.7	8	7.7	1.3	20.3	7.7	0	0	0	0	0	0	0	0	0.7	0	0	0	0	27.1	0.3	2.8	16.95	23.3	596	FALSE	TRUE	FALSE
2016-07-18	23	7.8	5.8	2.1	14.2	5.9	298	160	94	0	44	0	0	0	0.7	0	0	0	0	24.3	0	8.3	20.07	23.7	0	FALSE	TRUE	FALSE
2016-07-25	24.3	8.1	5.8	1.8	8	7.6	1896	1380	286	0	230	0.072289157	0	0	0.7	0	0	0	0	29.2	0	6.7	15.99	23	298	FALSE	TRUE	FALSE
2016-08-01	24.7	8.4	5.8	1.9	8.6	5.7	7470	3000	536	458	3476	0.120481928	0	0	0.7	0	0	0	0	28.7	0	4.9	19.06	24.3	1896	FALSE	TRUE	FALSE
2016-08-08	25.6	8.1	4.1	1.9	7	3.3	372	80	0	246	46	0.168674699	0	0	0.7	0	0	0	0	29.7	0	11.9	24.82	24.7	7470	FALSE	TRUE	FALSE
2016-08-16	26.1	8.4	4	2.6	5	3.9	3414	3236	0	72	106	0.240963855	0	0	0.7	0	0	0	0	29.9	0	9	23.67	25.6	372	FALSE	TRUE	FALSE
2016-08-22	25.6	8.3	4.7	1.9	5.1	4.5	2056	1760	0	26	270	0.313253012	0	0	0.7	0	0	0	0	30.3	0	11.4	23.9	26.1	3414	FALSE	TRUE	FALSE
2016-08-29	25	7.7	5.6	1.8	5.3	7.2	182	42	0	96	44	0.409638554	0	0	0.7	0	0	0	0	20.5	3.1	9.9	22.85	25.6	2056	FALSE	TRUE	FALSE
2016-09-05	24.6	8.3	5.5	1.8	7.9	7.2	5008	4308	142	254	304	0.481927711	0	0	0.7	0	0	0	0	26.2	0	5	13.15	25	182	FALSE	TRUE	FALSE
2016-09-12	24.6	8.1	5.6	1.8	4.1	8.3	8258	7700	0	140	418	0.554216867	0	0	0.7	0	0	0	0	23.5	9.8	5.7	15.95	24.6	5008	FALSE	TRUE	FALSE
2016-09-19	23.5	7.8	4.9	2.9	5.1	7.3	4648	4514	0	88	46	0.626506024	0	0	0.7	0	0	0	0	20	0	0.4	10.3	24.6	8258	FALSE	TRUE	FALSE
2016-09-26	23.2	7.7	5.6	2.3	4.4	10.4	5108	4820	86	0	202	0.674698795	0	0	0.7	0	0	0	0	22.1	0	2.5	9.8	23.5	4648	FALSE	TRUE	FALSE
2016-10-04	22.8	7.8	5.5	1.9	3.9	11.5	2614	2360	160	0	94	0.771084337	0	0	0.7	0	0	0	0	22.1	0	8.7	19.62	23.2	5108	FALSE	TRUE	FALSE
2016-10-10	22.2	7.6	7.3	2.5	4.4	9.9	1374	700	450	0	224	0.819277108	0	0	0.7	0	0	0	0	12.7	0	6.3	13.15	22.8	2614	FALSE	TRUE	FALSE
2016-10-17	21.4	8.3	5.4	2.1	4	6.1	820	820	0	0	0	0.891566265	0	0	0.7	0	0	0	0	17.6	1	6.9	14.43	22.2	1374	FALSE	TRUE	FALSE
2016-10-24	20.4	7.2	6.5	1.5	5.7	5.7	0	0	0	0	0	1.012048193	0	0	0.7	0	0	0	0	15.5	0	8.9	15.78	21.4	820	FALSE	TRUE	FALSE
2016-10-31	18.8	7.4	6.3	1.8	3.9	4.3	0	0	0	0	0	1.084337349	0	0	0.7	0	0	0	0	7.8	0	0	2.68	20.4	0	FALSE	TRUE	FALSE
2016-11-07	17.5	7.6	7.4	2.4	4.7	5.6	0	0	0	0	0	1.13253012	0	0	0.7	0	0	0	0	14.3	2.7	5.2	10.18	18.8	0	FALSE	TRUE	FALSE
2016-11-14	16.4	7.3	8.5	2.9	3.4	7.8	80	80	0	0	0	1.204819277	0	0	0.7	0	0	0	0	15.3	0.1	6.7	10.67	17.5	0	FALSE	TRUE	FALSE
2016-11-21	15.5	7.6	9.1	3	2.9	13.2	0	0	0	0	0	1.301204819	0	0	0.7	0	0	0	0	8.7	0.1	0	2.33	16.4	80	FALSE	TRUE	FALSE
2016-11-28	13.4	7.6	12	3.4	3.4	18.1	48	0	0	0	48	1.325301205	0	0	0.7	0	0	0	0	2.8	0	8	11.58	15.5	0	FALSE	TRUE	FALSE
2016-12-05	12.4	7.5	10.1	3.2	2.3	17.6	0	0	0	0	0	1.397590361	0	0	0.7	0	0	0	0	8.9	0.2	3.7	6.22	13.4	48	FALSE	TRUE	FALSE
2016-12-12	11.1	7.6	10	4.4	2.4	7.6	0	0	0	0	0	1.493975904	0	0	0.7	0	0	0	0	4.3	0	6.5	8.18	12.4	0	FALSE	TRUE	FALSE
2016-12-19	10.1	8.5	10.2	3.8	1.5	2.8	0	0	0	0	0	1.56626506	0	0	0.7	0	0	0	0	7.8	1.8	0.9	3.97	11.1	0	FALSE	TRUE	FALSE
2016-12-26	9.5	8.4	10.1	3	1.9	2.4	0	0	0	0	0	1.614457831	0	0	0.7	0	0	0	0	3.1	10.8	0	1.48	10.1	0	FALSE	TRUE	FALSE
2017-01-02	8.5	8.3	10.3	3.2	2.6	2	14	0	0	0	14	1.686746988	0	0	0.7	0	0	0	0	4.7	0	4.5	7.77	9.5	0	FALSE	TRUE	FALSE
2017-01-09	8.4	8.6	11.1	3	2	3.3	0	0	0	0	0	1.78313253	0	0	0.7	0	0	0	0	4.3	0	6.4	8.35	8.5	14	FALSE	TRUE	FALSE
2017-01-16	6.7	7.7	11.5	4.2	1.7	3.4	104	0	0	0	104	1.855421687	0	0	0.7	0	0	0	0	-3.9	0	9.1	13.58	8.4	0	FALSE	TRUE	FALSE
2017-01-23	5.7	7.7	11.2	4.7	1.8	2.8	36	0	0	0	36	1.903614458	0	0	0.7	0	0	0	0	-6.5	0	8.9	14.14	6.7	104	FALSE	TRUE	FALSE
2017-01-31	5.1	8	11.3	4.9	1.3	2	64	0	0	0	64	2	0	0	0.7	0	0	0	0	-4.2	0	7.9	13.67	5.7	36	FALSE	TRUE	FALSE
2017-02-06	5	8.7	13.2	3.7	2.2	1.9	152	0	0	0	152	2.048192771	0	0	0.7	0	0	0	0	0	0	8.7	14.07	5.1	64	FALSE	TRUE	FALSE
2017-02-13	4.6	7.1	12.4	3.8	2	1.9	84	0	0	0	84	2.168674699	0	0	0.7	0	0	0	0	0.3	0.6	5.7	11.33	5	152	FALSE	TRUE	FALSE
2017-02-20	5.2	7.8	12.5	2.8	3.4	1.5	78	0	0	0	78	2.21686747	0	0	0.7	0	0	0	0	1.3	15.3	7	15.09	4.6	84	FALSE	TRUE	FALSE
2017-02-27	5.4	7.7	12.7	4.3	2	1.5	42	0	0	0	42	2.313253012	0	0	0.7	0	0	0	0	4.2	0	10.1	18.64	5.2	78	FALSE	TRUE	FALSE
2017-03-06	5.9	7.9	12.3	2.1	2.5	1.5	72	0	0	0	72	2.385542169	0	0	0.7	0	0	0	0	1.8	0	10.8	21.82	5.4	42	FALSE	TRUE	FALSE
2017-03-13	6.5	7.6	12.5	4.5	1.6	1.9	100	0	0	0	100	2.43373494	0	0	0.7	0	0	0	0	8	0	9.3	20.41	5.9	72	FALSE	TRUE	FALSE
2017-03-20	7	7.5	12.6	4.9	2.3	2.1	94	0	0	0	94	2.481927711	0	0	0.7	0	0	0	0	8.6	0.1	2.3	7.39	6.5	100	FALSE	TRUE	FALSE
2017-03-27	7.2	7.6	12.2	2.8	1.6	2.1	0	0	0	0	0	2.578313253	0	0	0.7	0	0	0	0	6.4	1.6	5.2	10.9	7	94	FALSE	TRUE	FALSE
2017-04-03	8.2	7.7	12.4	5.3	1.7	1.9	76	0	0	0	76	2.65060241	0	0	0.7	0	0	0	0	12	0	11.7	25.31	7.2	0	FALSE	TRUE	FALSE
2017-04-10	9.2	7.7	13	5.4	1.6	2	14	0	0	0	14	2.746987952	0	0	0.7	0	0	0	0	15.1	0	10.3	25.92	8.2	76	FALSE	TRUE	FALSE
2017-04-17	10.2	7.9	12.1	3.2	2.5	2	0	0	0	0	0	2.795180723	0	0	0.7	0	0	0	0	13.7	26.8	1.9	3.39	9.2	14	FALSE	TRUE	FALSE
2017-04-24	11	8	11.4	6.7	1.5	2.1	0	0	0	0	0	2.86746988	0	0	0.7	0	0	0	0	15.2	0	12	29	10.2	0	FALSE	TRUE	FALSE
2017-05-02	12.6	8.4	10.8	6	1.7	2.2	6	0	6	0	0	2.963855422	0	0	0.7	0	0	0	0	20	0	11.5	25	11	0	FALSE	TRUE	FALSE
2017-05-08	13.2	8.2	11.1	3.4	2.1	3.5	0	0	0	0	0	3.036144578	0	0	0.7	0	0	0	0	18.2	0	4.2	16.62	12.6	6	FALSE	TRUE	FALSE
2017-05-15	13.2	7.8	10.5	3.7	1.9	2.6	0	0	0	0	0	3.060240964	0	0	0.7	0	0	0	0	16.7	0	13.2	31.16	13.2	0	FALSE	TRUE	FALSE
2017-05-22	15	8.6	10.2	4.2	2.1	4.7	0	0	0	0	0	3.156626506	0	0	0.7	0	0	0	0	21.7	0	13.3	30.86	13.2	0	FALSE	TRUE	FALSE
2017-05-29	16.2	8.1	11.3	2.9	2	4	0	0	0	0	0	3.253012048	0	0	0.7	0	0	0	0	24.1	0	12.2	28.74	15	0	FALSE	TRUE	FALSE
2017-06-05	17.4	8.3	10.4	2.8	2.3	4.8	0	0	0	0	0	3.277108434	0	0	0.7	0	0	0	0	22.6	0	12.3	29.88	16.2	0	FALSE	TRUE	FALSE
2017-06-12	18.1	8.3	10.4	2.2	2.4	4.8	0	0	0	0	0	3.34939759	0	0	0.7	0	0	0	0	22.1	0	9.1	25.05	17.4	0	FALSE	TRUE	FALSE
2017-06-19	20.1	8.6	10.4	2.4	3.2	7.2	0	0	0	0	0	3.421686747	0	0	0.7	0	0	0	0	26.1	0	12.4	28.64	18.1	0	FALSE	TRUE	FALSE
2017-06-26	20.8	8.7	10.1	1.7	2.6	8.8	0	0	0	0	0	3.493975904	0	0	0.7	0	0	0	0	23.9	1.8	4.1	15.51	20.1	0	FALSE	TRUE	FALSE
2017-07-03	21.8	8.4	9.1	1.5	3	9.7	0	0	0	0	0	3.590361446	0	0	0.7	0	0	0	0	25.3	69.9	0.6	8.72	20.8	0	FALSE	TRUE	FALSE
2017-07-10	22.5	8.5	9.3	0.9	4.1	10.7	0	0	0	0	0	3.662650602	0	0	0.7	0	0	0	0	25.8	35	0.6	7.68	21.8	0	FALSE	TRUE	FALSE
2017-07-17	23.2	8.4	8.5	1.7	3.3	6.1	68	0	0	0	68	3.734939759	0	0	0.7	0	0	0	0	25.6	7.1	0	8.58	22.5	0	FALSE	TRUE	FALSE
2017-07-24	24	8.1	6.3	2.1	3.1	4.8	0	0	0	0	0	3.807228916	0	0	0.7	0	0	0	0	28.8	0.7	0	8.75	23.2	68	FALSE	TRUE	FALSE
2017-07-31	24.5	7.8	5.4	2.2	3.2	3.1	0	0	0	0	0	3.855421687	0	0	0.7	0	0	0	0	25.1	29.2	0	3.86	24	0	FALSE	TRUE	FALSE
2017-08-07	25.2	8.2	5.3	3.2	3.2	4.6	0	0	0	0	0	3.927710843	0	0	0.7	0	0	0	0	29.4	0	11.2	24.26	24.5	0	FALSE	TRUE	FALSE
2017-08-14	25.5	8	5.2	1.9	2.9	4	1088	0	0	1054	34	1.333333333	0	0	0.7	0	0	0	0	22.4	65	0.2	6.15	25.2	0	FALSE	TRUE	FALSE
2017-08-21	25.3	7.9	4	1.9	4.4	9.8	14422	13580	78	632	132	0	0	0	0.7	0	0	0	0	24.7	36.1	0.1	6.86	25.5	1088	FALSE	TRUE	FALSE
2017-08-28	26.1	8.2	4.6	1.8	3.8	8.2	3202	3056	0	116	30	0	0	0	0.7	0	0	0	0	24.8	35.2	3.8	12.7	25.3	14422	FALSE	TRUE	FALSE
2017-09-04	26.1	8.3	6.4	1.6	4	10.2	8500	7340	156	582	422	0	0	0	0.7	0	0	0	0	22.4	0	8.5	21.18	26.1	3202	FALSE	TRUE	FALSE
2017-09-11	25.3	7.8	5.7	2.1	4.1	11	3302	2160	0	1028	114	0	0	0	0.7	0	0	0	0	20.4	77	0.3	6.29	26.1	8500	FALSE	TRUE	FALSE
2017-09-18	25	7.9	8.7	1.6	4.5	12.6	5440	2420	84	2434	502	0	0.075949367	0	0.7	0	0	0	0	21.3	0	10.8	21.21	25.3	3302	FALSE	TRUE	FALSE
2017-09-25	24.6	8.2	9.5	1.6	6.4	13.2	3242	2060	0	1040	142	0	0.132911392	0	0.7	0	0	0	0	23.1	0	8.3	18.79	25	5440	FALSE	TRUE	FALSE
2017-09-29	23.4	8.2	8.3	1.9	3.7	10.8	5190	3800	0	1230	160	0	0.170886076	0	0.7	0	0	0	0	15.8	0	10.5	19.62	24.6	3242	FALSE	TRUE	FALSE
2017-10-10	23.3	8.4	12.3	1.9	3.5	17.7	2448	1580	0	868	0	0	0.246835443	0	0.7	0	0	0	0	22.3	0	5	12.58	23.4	5190	FALSE	TRUE	FALSE
2017-10-16	21.9	7.6	8.2	2.3	3.8	11.8	2080	1340	0	740	0	0	0.303797468	0	0.7	0	0	0	0	16	0	4.4	11.15	23.3	2448	FALSE	TRUE	FALSE
2017-10-23	21	7.6	8.2	2.9	4.7	8.7	1432	656	0	748	28	0	0.360759494	0	0.7	0	0	0	0	13	0	9.8	16.83	21.9	2080	FALSE	TRUE	FALSE
2017-10-30	19.8	7.6	8.2	3	4.6	9.5	5614	2776	0	2748	90	0	0.417721519	0	0.7	0	0	0	0	7	0	9.9	16.92	21	1432	FALSE	TRUE	FALSE
2017-11-06	18.6	7.7	8.6	2.8	5.7	10.7	3832	1066	0	2616	150	0	0.436708861	0	0.7	0	0	0	0	9.2	0	9.2	14.46	19.8	5614	FALSE	TRUE	FALSE
2017-11-13	17.1	7.7	8.8	2.6	2.8	10.1	208	80	0	90	38	0	0.512658228	0	0.7	0	0	0	0	7.3	0	1.5	6.49	18.6	3832	FALSE	TRUE	FALSE
2017-11-20	14.9	7.8	9.1	3	3.2	9.5	176	0	0	0	176	0	0.569620253	0	0.7	0	0	0	0	3.7	0	7.7	11.92	17.1	208	FALSE	TRUE	FALSE
2017-11-27	13.4	7.8	9.4	2.3	1.9	6.9	886	820	0	0	66	0	0.626582278	0	0.7	0	0	0	0	3.1	0	8.3	11.09	14.9	176	FALSE	TRUE	FALSE
2017-12-04	12.1	7.8	9.8	3	2.3	5.6	0	0	0	0	0	0	0.683544304	0	0.7	0	0	0	0	2.3	0	7.4	11.67	13.4	886	FALSE	TRUE	FALSE
2017-12-11	10.5	7.8	10.1	3	2.1	6	0	0	0	0	0	0	0.721518987	0	0.7	0	0	0	0	-4.2	0.6	2.4	6.19	12.1	0	FALSE	TRUE	FALSE
2017-12-18	8.5	7.9	10.9	2.8	1.7	6.7	0	0	0	0	0	0	0.816455696	0	0.7	0	0	0	0	1	0	7	9.51	10.5	0	FALSE	TRUE	FALSE
2017-12-26	7.9	7.8	11.7	3.4	1.4	6.8	0	0	0	0	0	0	0.873417722	0	0.7	0	0	0	0	-1.1	0.3	5.5	4.31	8.5	0	FALSE	TRUE	FALSE
2018-01-02	7	7.9	12	3.7	2.5	6.8	0	0	0	0	0	0	0.892405063	0	0.7	0	0	0	0	-1	0	0.3	2.33	7.9	0	FALSE	TRUE	FALSE
2018-01-08	6.4	7.7	12.4	3.1	1.6	5	0	0	0	0	0	0	0.96835443	0	0.7	0	0	0	0	1.5	3.6	0	1.05	7	0	FALSE	TRUE	FALSE
2018-01-15	5.3	7.7	13.7	3.7	1.4	4.7	0	0	0	0	0	0	1.006329114	0	0.7	0	0	0	0	5.5	0	7.5	6.4	6.4	0	FALSE	TRUE	FALSE
2018-01-22	5.7	7.5	11.4	4.7	1.6	3.3	0	0	0	0	0	0	1.082278481	0	0.7	0	0	0	0	3	0.8	1.2	6.34	5.3	0	FALSE	TRUE	FALSE
2018-01-29	4.65	7.55	11.9	5.05	1.3	3.85	0	0	0	0	0	0	1.139240506	0	0.7	0	0	0	0	-6.8	0	9.2	8.42	5.7	0	FALSE	TRUE	FALSE
2018-02-05	3.3	7.5	12.8	4.1	2.4	3.4	0	0	0	0	0	0	1.196202532	0	0.7	0	0	0	0	-8.1	0	9.1	8.58	4.65	0	FALSE	TRUE	FALSE
2018-02-12	3.62	7.22	12.46	4.34	1.6	3.52	0	0	0	0	0	0	1.253164557	0	0.7	0	0	0	0	-4.8	1.4	4.7	6.75	3.3	0	FALSE	TRUE	FALSE
2018-02-19	3.95	7.4	12.7	4.4	1.75	3.85	0	0	0	0	0	0	1.310126582	0	0.7	0	0	0	0	2.5	0	8.4	8.54	3.62	0	FALSE	TRUE	FALSE
2018-02-26	4.17	7.52	12.86	4.44	1.85	4.07	0	0	0	0	0	0	1.348101266	0	0.7	0	0	0	0	4	0	10.5	12.46	3.95	0	FALSE	TRUE	FALSE
2018-03-05	4.4	7.6	13.2	3.1	2.9	3.1	0	0	0	0	0	0	1.443037975	0	0.7	0	0	0	0	6.6	18.6	0	4.88	4.17	0	FALSE	TRUE	FALSE
2018-03-12	5.7	7.8	13.5	1.9	2.4	2.5	0	0	0	0	0	0	1.481012658	0	0.7	0	0	0	0	8.6	0	10.3	20.14	4.4	0	FALSE	TRUE	FALSE
2018-03-19	5.9	8.3	13.2	2.9	2.1	2.6	0	0	0	0	0	0	1.537974684	0	0.7	0	0	0	0	8.3	22	0	2.91	5.7	0	FALSE	TRUE	FALSE
2018-03-26	7.1	7.6	13	2.2	2.9	2.2	0	0	0	0	0	0	1.594936709	0	0.7	0	0	0	0	12.4	0	10.5	23.01	5.9	0	FALSE	TRUE	FALSE
2018-04-02	8.5	7.9	12.9	2	3.8	2.3	0	0	0	0	0	0	1.632911392	0	0.7	0	0	0	0	18.3	0	10.3	14.24	7.1	0	FALSE	TRUE	FALSE
2018-04-09	8	8	12.7	1.8	3.5	2.6	0	0	0	0	0	0	1.708860759	0	0.7	0	0	0	0	11.9	0	10.9	25.58	8.5	0	FALSE	TRUE	FALSE
2018-04-16	9.4	8	12.7	2.5	2.8	2.7	0	0	0	0	0	0	1.765822785	0	0.7	0	0	0	0	11.6	0	10.9	26.77	8	0	FALSE	TRUE	FALSE
2018-04-23	10.8	7.2	10.7	2.7	3.3	4.3	0	0	0	0	0	0	1.82278481	0	0.7	0	0	0	0	11.4	38.9	0	1.07	9.4	0	FALSE	TRUE	FALSE
2018-04-30	12	7.4	10.2	3.4	3.4	3.9	0	0	0	0	0	0	1.860759494	0	0.7	0	0	0	0	20.3	0	9.9	16.7	10.8	0	FALSE	TRUE	FALSE
2018-05-08	11.9	7.9	10	3.7	2.5	5.1	0	0	0	0	0	0	1.955696203	0	0.7	0	0	0	0	16.5	0	7.1	23.37	12	0	FALSE	TRUE	FALSE
2018-05-14	13.9	7.8	10.5	5	1.9	2.7	0	0	0	0	0	0	2.012658228	0	0.7	0	0	0	0	19.6	0	8.7	25.33	11.9	0	FALSE	TRUE	FALSE
2018-05-21	15.1	7.9	10.2	3.4	1.9	4.5	0	0	0	0	0	0	2.050632911	0	0.7	0	0	0	0	17.5	0	10	27.26	13.9	0	FALSE	TRUE	FALSE
2018-05-28	16.1	8	10.4	3.8	2.1	8.4	86	0	0	0	86	0	2.107594937	0	0.7	0	0	0	0	23	0	10.9	29.34	15.1	0	FALSE	TRUE	FALSE
2018-06-04	17.4	8.3	10.5	2.7	1.9	11.4	342	150	192	0	0	0	2.183544304	0	0.7	0	0	0	0	23.5	0	7.8	24.41	16.1	86	FALSE	TRUE	FALSE
2018-06-11	17.4	8.4	10.5	1.8	1.9	11.7	712	660	0	0	52	0	2.202531646	0	0.7	0	0	0	0	20.4	0	1.1	13.74	17.4	342	FALSE	TRUE	FALSE
2018-06-18	20.2	8.4	10.2	2	2.4	9.1	0	0	0	0	0	0	2.259493671	0	0.7	0	0	0	0	25.7	0	10.3	26.28	17.4	712	FALSE	TRUE	FALSE
2018-06-25	19.8	8.4	9	2.8	1.7	7.6	208	0	208	0	0	0	2.335443038	0	0.7	0	0	0	0	26.6	0	5.8	19.9	20.2	0	FALSE	TRUE	FALSE
2018-07-02	21.1	8.2	9.5	1.6	5.1	9.7	128	0	0	0	128	0	2.373417722	0	0.7	0	0	0	0	22.8	43.9	0.2	5.7	19.8	208	FALSE	TRUE	FALSE
2018-07-09	22.5	8.4	7.4	2.1	3.6	9.2	108	0	74	0	34	0	2.46835443	0	0.7	0	0	0	0	20.5	35.5	0	3.94	21.1	128	FALSE	TRUE	FALSE
2018-07-16	28.3	7.9	8.6	2.9	3.7	6.8	178	80	0	0	98	0	2.487341772	0	0.7	0	0	0	0	29.7	0	11.5	26.1	22.5	108	FALSE	TRUE	FALSE
2018-07-23	24.6	8.1	5.6	1.8	3.3	7.9	874	820	0	0	54	0	2.563291139	0	0.7	0	0	0	0	30.8	0	10.3	24.03	28.3	178	FALSE	TRUE	FALSE
2018-07-30	25.1	8.5	6.7	1.4	7.3	6.5	970	840	0	96	34	0	2.620253165	0	0.7	0	0	0	0	30.5	0	10.2	23.95	24.6	874	FALSE	TRUE	FALSE
2018-08-06	25.5	8.2	4.1	1.8	3.6	5.2	974	656	0	318	0	0	2.67721519	0	0.7	0	0	0	0	30.8	0	7.1	20.51	25.1	970	FALSE	TRUE	FALSE
2018-08-13	25	8.4	3.7	1.4	4.2	8.8	7716	7580	0	136	0	0	2.753164557	0	0.7	0	0	0	0	31.2	0	9.1	21.87	25.5	974	FALSE	TRUE	FALSE
2018-08-20	26.6	8.4	4.7	1.9	5	5.4	6852	6260	0	504	88	0	2.772151899	0	0.7	0	0	0	0	29.4	0	7.7	20.17	25	7716	FALSE	TRUE	FALSE
2018-08-27	25.3	8.5	5.3	2	4.6	8.4	1910	1600	0	210	100	0	2.829113924	0	0.7	0	0	0	0	23.6	53	0	4	26.6	6852	FALSE	TRUE	FALSE
2018-09-03	24.5	8.3	4.9	1.7	6.3	6.9	3080	800	164	2116	0	0	2.905063291	0	0.7	0	0	0	0	24.4	89.8	1.6	10.93	25.3	1910	FALSE	TRUE	FALSE
2018-09-10	23.7	8	6.5	2.5	4.5	12.6	2530	1040	18	1284	188	0	2.962025316	0	0.7	0	0	0	0	22.1	0	11.2	21.6	24.5	3080	FALSE	TRUE	FALSE
2018-09-17	23.9	7.7	6	1.2	6.6	24.9	8574	7572	938	64	0	0	1	0.066666667	0.7	0	0	0	0	22.7	0	9.6	21.01	23.7	2530	FALSE	TRUE	FALSE
2018-09-27	23	7.6	8.2	1.3	5.7	33.7	4142	2640	750	752	0	0	0.990595611	0.201880878	0.7	0	0	0	0	18.6	0	11.4	22.29	23.9	8574	FALSE	TRUE	FALSE
2018-10-01	22.5	7.2	8.1	1.5	5.6	35.3	2870	2440	324	24	82	0	0.984326019	0.203134796	0.7	0	0	0	0	15.5	1.7	5.1	14.3	23	4142	FALSE	TRUE	FALSE
2018-10-08	21.8	7.2	8.3	2.4	3	17.5	2272	1820	0	288	164	0	0.971786834	0.205642633	0.7	0	0	0	0	13.8	0	8.1	17.41	22.5	2870	FALSE	TRUE	FALSE
2018-10-15	20.6	7.1	8.2	2.4	2.4	14.3	570	424	0	0	146	0	0.965517241	0.206896552	0.7	0	0	0	0	14.2	0	9	15.17	21.8	2272	FALSE	TRUE	FALSE
2018-10-22	19.9	7.3	8.4	2.7	2.5	16.5	892	516	54	124	198	0	0.956112853	0.208777429	0.7	0	0	0	0	13.4	0	5.8	13.11	20.6	570	FALSE	TRUE	FALSE
2018-10-29	18.3	7.2	8.4	2.2	3	20.3	822	480	106	136	100	0	0.946708464	0.210658307	0.7	0	0	0	0	9.1	0.2	3.2	7.29	19.9	892	FALSE	TRUE	FALSE
2018-11-05	17.3	7.3	9.3	2.6	2.6	23.3	600	0	62	0	538	0	0.937304075	0.212539185	0.7	0	0	0	0	10.5	0	9.3	13.12	18.3	822	FALSE	TRUE	FALSE
2018-11-12	16.7	7.3	9.6	2.5	2.9	25.5	958	108	0	0	850	0	0.931034483	0.213793103	0.7	0	0	0	0	8.8	0	9.3	13.92	17.3	600	FALSE	TRUE	FALSE
2018-11-19	15.8	7.4	10.2	2.8	2.8	28.8	86	0	0	0	86	0	0.921630094	0.215673981	0.7	0	0	0	0	8.6	0	8.4	12.78	16.7	958	FALSE	TRUE	FALSE
2018-11-26	14.4	7.4	10.3	3.1	2.7	21.4	476	0	0	0	476	0	0.912225705	0.217554859	0.7	0	0	0	0	6.1	0	5.7	10.48	15.8	86	FALSE	TRUE	FALSE
2018-12-03	13.6	7.6	10.3	3.9	1.8	10.4	372	0	0	0	372	0	0.896551724	0.220689655	0.7	0	0	0	0	12.6	10.6	0	1.92	14.4	476	FALSE	TRUE	FALSE
2018-12-10	11.6	7.2	10.7	4.2	1.6	6.2	392	0	0	0	392	0	0.890282132	0.221943574	0.7	0	0	0	0	-2.8	0	8.7	11.7	13.6	372	FALSE	TRUE	FALSE
2018-12-17	9.6	7.3	10.3	3.4	1.4	5.8	314	0	0	0	314	0	0.884012539	0.223197492	0.7	0	0	0	0	3.6	0.1	7.2	10.18	11.6	392	FALSE	TRUE	FALSE
2018-12-24	9.4	7.2	10.4	4.1	1.4	5.5	202	0	0	0	202	0	0.868338558	0.226332288	0.7	0	0	0	0	-0.9	0	8.6	11.51	9.6	314	FALSE	TRUE	FALSE
2019-01-02	7.2	7.6	11.5	3.9	1.5	6.1	414	0	0	0	414	0	0.865203762	0.226959248	0.7	0	0	0	0	-3.3	0	8.7	11.86	9.4	202	FALSE	TRUE	FALSE
2019-01-07	6.7	7.6	12.5	4	2	6	264	0	0	0	264	0	0.855799373	0.228840125	0.7	0	0	0	0	-1.2	0	7.9	10.43	7.2	414	FALSE	TRUE	FALSE
2019-01-14	6.3	7.7	12.9	4.2	1.8	5.2	600	0	0	0	600	0	0.843260188	0.231347962	0.7	0	0	0	0	1.7	0	4.5	8.33	6.7	264	FALSE	TRUE	FALSE
2019-01-21	5.6	7.7	12.6	3.9	1.3	4.6	112	0	0	0	112	0	0.833855799	0.23322884	0.7	0	0	0	0	0.2	0	7.4	10.71	6.3	600	FALSE	TRUE	FALSE
2019-01-28	5.2	7.6	12	3.9	1.6	3.6	642	0	0	0	642	0	0.827586207	0.234482759	0.7	0	0	0	0	2.3	0.8	8.4	12.31	5.6	112	FALSE	TRUE	FALSE
2019-02-07	5	7.7	12.7	3.4	2.2	4.3	390	0	0	0	390	0	0.818181818	0.236363636	0.7	0	0	0	0	1.8	0	7	12.59	5.2	642	FALSE	TRUE	FALSE
2019-02-11	4.7	7.7	12.3	3.8	1.8	4.6	156	0	0	0	156	0	0.802507837	0.239498433	0.7	0	0	0	0	-1.7	0	9.7	16.2	5	390	FALSE	TRUE	FALSE
2019-02-18	4.6	7.8	11.4	4.6	2.2	4.5	324	0	0	0	324	0	0.793103448	0.24137931	0.7	0	0	0	0	1.9	0.1	4.3	10.72	4.7	156	FALSE	TRUE	FALSE
2019-02-25	5	7.7	13.6	4	4.1	5.3	36	0	0	0	36	0	0.789968652	0.24200627	0.7	0	0	0	0	5.7	0	9.7	16.76	4.6	324	FALSE	TRUE	FALSE
2019-03-04	6.3	7.8	13	3.3	1.4	5.2	168	0	0	0	168	0	0.777429467	0.244514107	0.7	0	0	0	0	10	0	7.3	15.02	5	36	FALSE	TRUE	FALSE
2019-03-11	6.1	7.9	12.9	3.2	2.3	6	76	0	0	0	76	0	0.768025078	0.246394984	0.7	0	0	0	0	5.7	0.8	2.5	9.52	6.3	168	FALSE	TRUE	FALSE
2019-03-18	6	7.8	12.2	3.6	1.7	3.8	74	0	0	0	74	0	0.755485893	0.248902821	0.7	0	0	0	0	7.1	0	5.9	15.73	6.1	76	FALSE	TRUE	FALSE
2019-03-25	6.1	7.8	12.7	2.8	2.4	4	0	0	0	0	0	0	0.752351097	0.249529781	0.7	0	0	0	0	7.2	0	8.4	19.45	6	74	FALSE	TRUE	FALSE
2019-04-01	6.4	7.8	12.3	3.1	2.5	4.3	0	0	0	0	0	0	0.736677116	0.252664577	0.7	0	0	0	0	6.1	0	8.6	18.98	6.1	0	FALSE	TRUE	FALSE
2019-04-08	7.4	7.8	12.4	2.9	1.5	5	0	0	0	0	0	0	0.727272727	0.254545455	0.7	0	0	0	0	12.6	0	11.1	24.93	6.4	0	FALSE	TRUE	FALSE
2019-04-15	8.5	8	12.1	2.7	2.3	4.4	0	0	0	0	0	0	0.717868339	0.256426332	0.7	0	0	0	0	11.6	0	12.3	27	7.4	0	FALSE	TRUE	FALSE
2019-04-22	9.8	8.2	12.5	3	2.2	5.6	0	0	0	0	0	0	0.711598746	0.257680251	0.7	0	0	0	0	20.5	0	11.5	27.2	8.5	0	FALSE	TRUE	FALSE
2019-04-29	9.7	8.3	11.7	2.5	2.5	8.3	0	0	0	0	0	0	0.705329154	0.258934169	0.7	0	0	0	0	11	16.6	1.1	7.1	9.8	0	FALSE	TRUE	FALSE
2019-05-07	10.9	8.2	10.9	3.3	2.2	6.4	0	0	0	0	0	0	0.692789969	0.261442006	0.7	0	0	0	0	14.9	0	13.1	30.53	9.7	0	FALSE	TRUE	FALSE
2019-05-13	12.4	8.3	11.8	3.2	2.7	5	0	0	0	0	0	0	0.68338558	0.263322884	0.7	0	0	0	0	20.1	0	8	21.85	10.9	0	FALSE	TRUE	FALSE
2019-05-20	11.5	8	11.1	2.6	2.3	4.1	0	0	0	0	0	0	0.673981191	0.265203762	0.7	0	0	0	0	17.1	6	8	24.19	12.4	0	FALSE	TRUE	FALSE
2019-05-27	11.6	7.9	10.6	1.9	4.1	5.7	0	0	0	0	0	0	0.661442006	0.267711599	0.7	0	0	0	0	17.9	14.4	0	4.12	11.5	0	FALSE	TRUE	FALSE
2019-06-03	12.9	8	10.2	3.4	2.7	4.3	0	0	0	0	0	0	0.65830721	0.268338558	0.7	0	0	0	0	23.4	0	12.5	29.65	11.6	0	FALSE	TRUE	FALSE
2019-06-10	13.7	8.3	11.9	2.9	3.1	5.5	0	0	0	0	0	0	0.642633229	0.271473354	0.7	0	0	0	0	18.9	11.1	2.2	18.56	12.9	0	FALSE	TRUE	FALSE
2019-06-17	14.8	8.3	10.8	2.4	2.3	6.4	0	0	0	0	0	0	0.639498433	0.272100313	0.7	0	0	0	0	22.2	0	11.6	30.07	13.7	0	FALSE	TRUE	FALSE
2019-06-24	16.4	8.5	10.4	2	2.2	4.7	0	0	0	0	0	0	0.623824451	0.27523511	0.7	0	0	0	0	24.9	0	11.9	27.58	14.8	0	FALSE	TRUE	FALSE
2019-07-01	16	8.3	8.4	1.6	2.3	3.6	0	0	0	0	0	0	0.614420063	0.277115987	0.7	0	0	0	0	23.7	0	3.6	15	16.4	0	FALSE	TRUE	FALSE
2019-07-08	17.8	8.3	9.2	1.5	2.7	7.1	234	0	178	0	56	0	0.605015674	0.278996865	0.7	0	0	0	0	24.5	0.6	8.6	23.87	16	0	FALSE	TRUE	FALSE
2019-07-15	21.2	8.8	7.5	2.1	3.3	5.8	0	0	0	0	0	0	0.595611285	0.280877743	0.7	0	0	0	0	23.8	12.8	2.3	12.99	17.8	234	FALSE	TRUE	FALSE
2019-07-22	21.7	8.3	7.2	2.3	3.2	7.6	84	0	84	0	0	0	0.592476489	0.281504702	0.7	0	0	0	0	27.9	0	8.2	21.55	21.2	0	FALSE	TRUE	FALSE
2019-07-29	22.5	8.3	5.8	2.8	3.4	7.3	224	140	84	0	0	0	0.579937304	0.284012539	0.7	0	0	0	0	28.5	0	12.6	26.98	21.7	84	FALSE	TRUE	FALSE
2019-08-05	23.1	8.1	4.3	2.8	2.8	3.9	0	0	0	0	0	0	0.567398119	0.286520376	0.7	0	0	0	0	30.7	0	10.3	24.33	22.5	224	FALSE	TRUE	FALSE
2019-08-12	23.7	8.3	3.7	2.4	3	5.1	28	0	0	0	28	0	0.564263323	0.287147335	0.7	0	0	0	0	29	1.3	1.7	11.4	23.1	0	FALSE	TRUE	FALSE
2019-08-19	24.8	8	5.6	2.7	2.9	4.7	466	240	0	0	226	0	0.548589342	0.290282132	0.7	0	0	0	0	26.5	0	9.9	24.06	23.7	28	FALSE	TRUE	FALSE
2019-08-26	25	8.3	5.3	3.4	3.4	4.1	700	700	0	0	0	0	0.545454545	0.290909091	0.7	0	0	0	0	25.9	0	10.2	22.82	24.8	466	FALSE	TRUE	FALSE
2019-09-02	24.3	9.5	5.4	2.5	3.5	6.8	948	760	0	72	116	0	0.532915361	0.293416928	0.7	0	0	0	0	22.6	10.2	0.2	10.34	25	700	FALSE	TRUE	FALSE
2019-09-09	24.8	9.1	5.3	2.5	5.8	6.3	982	0	32	504	446	0	0.523510972	0.295297806	0.7	0	0	0	0	24	12.1	0	6.83	24.3	948	FALSE	TRUE	FALSE
2019-09-16	25	8.4	5.4	2.8	3.1	4.9	924	640	24	96	164	0	0.510971787	0.297805643	0.7	0	0	0	0	24.5	0	9.6	20.63	24.8	982	FALSE	TRUE	FALSE
2019-09-23	24.2	7.6	7.1	2.7	4.4	5.6	2372	1440	158	524	250	0	0.501567398	0.29968652	0.7	0	0	0	0	17.8	0.1	4.2	14.12	25	924	FALSE	TRUE	FALSE
2019-09-30	23.2	7.9	6.7	2.7	4.2	5.4	2106	1140	512	220	234	0	0.492163009	0.301567398	0.7	0	0	0	0	22.1	0	10.1	19.86	24.2	2372	FALSE	TRUE	FALSE
2019-10-07	22.1	7.4	5.7	2.7	3.8	8.2	2654	2200	0	32	422	0	0.489028213	0.302194357	0.7	0	0	0	0	15.7	11.8	0	3.77	23.2	2106	FALSE	TRUE	FALSE
2019-10-14	21.4	7.7	7.2	2.3	4.5	12.9	2352	1900	0	0	452	0	0.479623824	0.304075235	0.7	0	0	0	0	14.6	0	7.9	13.38	22.1	2654	FALSE	TRUE	FALSE
2019-10-21	20.7	8.1	8.3	2.1	3.7	25.9	2148	1140	0	36	972	0	0.463949843	0.307210031	0.7	0	0	0	0	15.5	0	7.7	16.28	21.4	2352	FALSE	TRUE	FALSE
2019-10-28	20.1	8.1	9.8	1.4	4.9	39.2	4484	2040	0	260	2184	0	0.454545455	0.309090909	0.7	0	0	0	0	11.9	0	8.8	15.67	20.7	2148	FALSE	TRUE	FALSE
2019-11-04	19.3	7.6	9.9	2.6	3.2	24.5	4154	1240	0	44	2870	0	0.451410658	0.309717868	0.7	0	0	0	0	13.6	0	9.2	13.59	20.1	4484	FALSE	TRUE	FALSE
2019-11-11	17.8	8	9.5	2.3	3.3	15.3	3382	1100	0	108	2174	0	0.44200627	0.311598746	0.7	0	0	0	0	11.7	1.3	2.3	6.03	19.3	4154	FALSE	TRUE	FALSE
2019-11-18	16.5	7.8	9	2.5	2.8	10.6	3528	1520	32	0	1976	0	0.429467085	0.314106583	0.7	0	0	0	0	7.7	15.3	2.6	6.74	17.8	3382	FALSE	TRUE	FALSE
2019-11-25	15.4	7.8	9	3.6	4.6	9.1	3504	440	0	0	3064	0	0.423197492	0.315360502	0.7	0	0	0	0	3.6	0	0	5.64	16.5	3528	FALSE	TRUE	FALSE
2019-12-02	14.1	7.8	9.3	3.9	2.9	9.7	3518	520	28	0	2970	0	0.410658307	0.317868339	0.7	0	0	0	0	2.7	0	7.3	11.01	15.4	3504	FALSE	TRUE	FALSE
2019-12-09	12.3	7.7	9.5	4.5	2.7	6.8	1706	0	58	0	1648	0	0.404388715	0.319122257	0.7	0	0	0	0	3.3	0	7.4	9.6	14.1	3518	FALSE	TRUE	FALSE
2019-12-16	11.5	7.7	9.5	4	1.9	4.3	486	0	0	0	486	0	0.388714734	0.322257053	0.7	0	0	0	0	7.9	0	8.1	9.77	12.3	1706	FALSE	TRUE	FALSE
2019-12-23	10.5	7.6	9.7	3.8	1.9	4.9	488	160	0	0	328	0	0.382445141	0.323510972	0.7	0	0	0	0	3.8	0.1	2.9	6.74	11.5	486	FALSE	TRUE	FALSE
2019-12-30	9.6	7.7	9.9	3.2	2.6	6	376	0	0	0	376	0	0.369905956	0.326018809	0.7	0	0	0	0	4.2	1.5	0.7	3.84	10.5	488	FALSE	TRUE	FALSE
2020-01-06	8.6	7.7	10.1	3.5	2.3	5.7	592	0	0	0	592	0	0.363636364	0.327272727	0.7	0	0	0	0	2.9	10.3	0	1.9	9.6	376	FALSE	TRUE	FALSE
2020-01-13	8	7.7	10.9	3.5	2.4	5.4	612	0	0	0	612	0	0.354231975	0.329153605	0.7	0	0	0	0	0.2	0	4.2	6.83	8.6	592	FALSE	TRUE	FALSE
2020-01-20	7.4	7.4	10.7	3.2	2.3	5.6	516	0	0	0	516	0	0.347962382	0.330407524	0.7	0	0	0	0	3.4	0	6.9	11.72	8	612	FALSE	TRUE	FALSE
2020-01-28	7.5	7.5	11.1	3.5	2.7	4.5	426	0	0	0	426	0	0.335423197	0.332915361	0.7	0	0	0	0	6.3	0	2	8.18	7.4	516	FALSE	TRUE	FALSE
2020-02-03	7.3	7.4	10.8	4.5	3	3.8	188	0	0	0	188	0	0.322884013	0.335423197	0.7	0	0	0	0	1.5	0	8.4	13.78	7.5	426	FALSE	TRUE	FALSE
2020-02-10	6.8	7.5	11.3	4.2	1.9	3.2	214	0	0	0	214	0	0.313479624	0.337304075	0.7	0	0	0	0	5.1	0	9.4	15.16	7.3	188	FALSE	TRUE	FALSE
2020-02-17	6.5	7.5	11.3	4.1	5.9	2.9	14	0	0	0	14	0	0.307210031	0.338557994	0.7	0	0	0	0	-3.2	0.7	4.7	9.97	6.8	214	FALSE	TRUE	FALSE
2020-02-24	6.9	7.6	11.6	3.8	3.1	3.2	0	0	0	0	0	0	0.300940439	0.339811912	0.7	0	0	0	0	7.4	0.4	9.9	18.12	6.5	14	FALSE	TRUE	FALSE
2020-03-02	7.1	7.6	11.3	3	2.6	4.2	0	0	0	0	0	0	0.29153605	0.34169279	0.7	0	0	0	0	5.3	0	10.2	20.18	6.9	0	FALSE	TRUE	FALSE
2020-03-09	7.7	7.6	11.7	2.5	2.3	4	0	0	0	0	0	0	0.275862069	0.344827586	0.7	0	0	0	0	10	1.6	4.8	11.24	7.1	0	FALSE	TRUE	FALSE
2020-03-16	7.9	7.6	11.9	2.9	4.4	3.8	0	0	0	0	0	0	0.26645768	0.346708464	0.7	0	0	0	0	4.4	0	11.3	23.58	7.7	0	FALSE	TRUE	FALSE
2020-03-23	8.1	7.6	11.7	2.9	2.9	4.1	0	0	0	0	0	0	0.263322884	0.347335423	0.7	0	0	0	0	10.2	0	11.6	23.65	7.9	0	FALSE	TRUE	FALSE
2020-03-30	9.2	7.7	10.8	3	2.8	3.5	0	0	0	0	0	0	0.253918495	0.349216301	0.7	0	0	0	0	12.2	0	11.5	25.67	8.1	0	FALSE	TRUE	FALSE
2020-04-06	9.7	7.9	10.7	3.4	2.2	3.3	0	0	0	0	0	0	0.24137931	0.351724138	0.7	0	0	0	0	9.7	0	10.7	25.16	9.2	0	FALSE	TRUE	FALSE
2020-04-13	10.6	7.8	10.4	3.1	3	2.8	0	0	0	0	0	0	0.231974922	0.353605016	0.7	0	0	0	0	10.7	0	10.2	26.75	9.7	0	FALSE	TRUE	FALSE
2020-04-20	10.6	7.7	9.8	3.2	3.2	3.3	0	0	0	0	0	0	0.222570533	0.355485893	0.7	0	0	0	0	11	0	3.1	13.08	10.6	0	FALSE	TRUE	FALSE
2020-04-27	10.6	7.7	10.4	2.1	3.4	2.9	0	0	0	0	0	0	0.21630094	0.356739812	0.7	0	0	0	0	12.1	0	9.3	20.92	10.6	0	FALSE	TRUE	FALSE
2020-05-04	13.2	8	10.3	2.6	3.8	2.8	0	0	0	0	0	0	0.206896552	0.35862069	0.7	0	0	0	0	20.6	0	8.6	21.53	10.6	0	FALSE	TRUE	FALSE
2020-05-11	13.3	7.9	10.1	3.1	3.9	2.6	0	0	0	0	0	0	0.197492163	0.360501567	0.7	0	0	0	0	18.5	0	10.6	27.85	13.2	0	FALSE	TRUE	FALSE
2020-05-18	14.2	7.9	9.5	4	3.4	3	0	0	0	0	0	0	0.188087774	0.362382445	0.7	0	0	0	0	20.2	7.6	8	22.43	13.3	0	FALSE	TRUE	FALSE
2020-05-25	13.9	8.1	9.6	3.7	3.2	7.1	0	0	0	0	0	0	0.175548589	0.364890282	0.7	0	0	0	0	17.8	0	2.8	15.39	14.2	0	FALSE	TRUE	FALSE
2020-06-01	15.3	8	9.1	4.8	3	5.7	0	0	0	0	0	0	0.166144201	0.36677116	0.7	0	0	0	0	21.1	0.6	11.6	31.05	13.9	0	FALSE	TRUE	FALSE
2020-06-08	17.1	8.2	9.1	2.9	2.7	4.5	0	0	0	0	0	0	0.159874608	0.368025078	0.7	0	0	0	0	26.2	0	12.8	29.28	15.3	0	FALSE	TRUE	FALSE
2020-06-15	17.6	8.3	9.2	1.5	4.1	6.8	0	0	0	0	0	0	0.144200627	0.371159875	0.7	0	0	0	0	23.3	0	12.4	28.35	17.1	0	FALSE	TRUE	FALSE
2020-06-22	19.9	8.3	8.4	3.6	2.8	4.7	180	180	0	0	0	0	0.134796238	0.373040752	0.7	0	0	0	0	27.2	0	13.4	30.93	17.6	0	FALSE	TRUE	FALSE
2020-06-29	20.1	8.2	7.6	2.8	2.9	5	344	280	64	0	0	0	0.131661442	0.373667712	0.7	0	0	0	0	22.4	41.5	0.4	10.18	19.9	180	FALSE	TRUE	FALSE
2020-07-06	21	8.4	7.9	2.6	5	8.5	236	160	76	0	0	0	0.119122257	0.376175549	0.7	0	0	0	0	24.3	0.2	5	19.73	20.1	344	FALSE	TRUE	FALSE
2020-07-13	23.3	8.1	6.2	1.4	4.6	7.7	170	0	118	0	52	0	0.109717868	0.378056426	0.7	0	0	0	0	18.8	117.9	0	3.26	21	236	FALSE	TRUE	FALSE
2020-07-20	22.7	7.8	6.1	1.7	13.5	7.5	214	0	64	0	150	0	0.097178683	0.380564263	0.7	0	0	0	0	24.5	20.2	0.2	4.44	23.3	170	FALSE	TRUE	FALSE
2020-07-27	22.8	8	5.9	1.6	8	7.4	674	360	170	0	144	0	0.087774295	0.382445141	0.7	0	0	0	0	24.4	2.6	0.3	11.05	22.7	214	FALSE	TRUE	FALSE
2020-08-04	21.8	8	6.3	0.5	38.7	11.5	0	0	0	0	0	0	0.078369906	0.384326019	0.7	0	0	0	0	27.5	18.5	4.4	17.45	22.8	674	FALSE	TRUE	FALSE
2020-08-11	21.2	8.3	6.6	0.3	82.7	9.6	148	140	8	0	0	0	0.07523511	0.384952978	0.7	0	0	0	0	26	59.3	0.3	7.34	21.8	0	FALSE	TRUE	FALSE
2020-08-18	22	9.4	8.3	0.6	29.8	7.1	190	120	18	0	52	0	0.062695925	0.387460815	0.7	0	0	0	0	29.1	0	11.3	26.25	21.2	148	FALSE	TRUE	FALSE
2020-08-24	23.4	8.9	8.3	1	17.6	13.6	2376	2000	376	0	0	0	0.056426332	0.388714734	0.7	0	0	0	0	28.5	0	11.5	24.02	22	190	FALSE	TRUE	FALSE
2020-08-31	23.3	8.3	6.1	1	15.8	10.3	3692	3520	108	64	0	0	0.047021944	0.390595611	0.7	0	0	0	0	26.7	0.1	6.2	18.31	23.4	2376	FALSE	TRUE	FALSE
2020-09-08	23.4	7.1	5.9	0.7	23.7	6	3980	3920	36	24	0	0	0.034482759	0.393103448	0.7	0	0	0	0	24.3	0.2	11	23.34	23.3	3692	FALSE	TRUE	FALSE
2020-09-14	23.5	8.1	6.7	0.8	20.2	14.9	3710	3520	190	0	0	0	0.028213166	0.394357367	0.7	0	0	0	0	21.9	0	10.8	21.57	23.4	3980	FALSE	TRUE	FALSE
2020-09-21	22.9	8.3	7.8	0.9	16.8	16.8	8064	7520	544	0	0	0	0.018808777	0.396238245	0.7	0	0	0	0	18	0	11.4	19.87	23.5	3710	FALSE	TRUE	FALSE
2020-09-28	22.3	8.9	8.1	0.9	15	21.8	9138	8140	762	236	0	0	0.003134796	0.399373041	0.7	0	0	0	0	18.9	0	11.3	20.77	22.9	8064	FALSE	TRUE	FALSE
2020-10-05	22.1	8.1	8.3	1.1	11	17.9	5550	5260	138	152	0	0	0	0.533333333	0.7	0	0	0	0	13.6	0	10.6	18.54	22.3	9138	FALSE	TRUE	FALSE
2020-10-12	21.4	8.3	8.6	1.2	10.6	13.1	4798	3960	662	176	0	0	0	0.2	0.7	0	0	0	0	17.1	0.4	5.6	12.18	22.1	5550	FALSE	TRUE	FALSE
2020-10-19	20.3	7.8	7.9	1.6	7.3	8.9	2454	2340	114	0	0	0	0	0.211383929	0.7	0	0	0	0	13.4	0	9.7	15.23	21.4	4798	FALSE	TRUE	FALSE
2020-10-26	19	7.8	8.3	1.9	6.1	11.8	934	882	52	0	0	0	0	0.215178571	0.7	0	0	0	0	11.8	0	9.6	13.77	20.3	2454	FALSE	TRUE	FALSE
2020-11-02	18.3	7.7	8.3	1.6	5.7	13.3	898	540	342	16	0	0	0	0.2265625	0.7	0	0	0	0	11.3	0	8	13.36	19	934	FALSE	TRUE	FALSE
2020-11-09	16.8	8.1	8.5	1.8	5.5	11.3	588	440	148	0	0	0	0	0.237946429	0.7	0	0	0	0	7.2	0	9.2	13.13	18.3	898	FALSE	TRUE	FALSE
2020-11-16	16.4	8.2	8.4	1.9	4	9.2	722	620	102	0	0	0	0	0.253125	0.7	0	0	0	0	11.3	0	6.8	9.26	16.8	588	FALSE	TRUE	FALSE
2020-11-23	15.1	7.8	8.6	1.8	6.3	6.5	734	680	54	0	0	0	0	0.268303571	0.7	0	0	0	0	3.9	0	7.7	10.93	16.4	722	FALSE	TRUE	FALSE
2020-11-30	13.5	8.2	9.1	2.4	4.8	8	0	0	0	0	0	0	0	0.2796875	0.7	0	0	0	0	1.2	0	8.9	11.15	15.1	734	FALSE	TRUE	FALSE
2020-12-07	12.2	7.7	9.3	2.7	3.5	7.2	0	0	0	0	0	0	0	0.291071429	0.7	0	0	0	0	2.8	0	0.3	3.53	13.5	0	FALSE	TRUE	FALSE
2020-12-14	11	7.9	9.6	2.6	3.3	6.5	0	0	0	0	0	0	0	0.298660714	0.7	0	0	0	0	-4.7	0	8.8	11.16	12.2	0	FALSE	TRUE	FALSE
2020-12-21	9	8.4	10.4	2.9	2.5	5.4	0	0	0	0	0	0	0	0.30625	0.7	0	0	0	0	0.4	0	4.2	7.04	11	0	FALSE	TRUE	FALSE
2020-12-28	8.9	9	10.9	3.6	2.5	4.1	0	0	0	0	0	0	0	0.317633929	0.7	0	0	0	0	5.4	0	7	9.55	9	0	FALSE	TRUE	FALSE
2021-01-04	8.342857143	8.7	10.7	3.771428571	3.171428571	2.3	0	0	0	0	0	0	0	0.329017857	0.7	0	0	0	0	-2.8	0	5.7	8.09	8.9	0	FALSE	TRUE	FALSE
2021-01-11	6.114285714	8.7	11.5	3.657142857	2.657142857	3.5	0	0	0	0	0	0	0	0.344196429	0.7	0	0	0	0	-6	0	0.3	4.91	8.342857143	0	FALSE	TRUE	FALSE
2021-01-18	5	8.7	11.9	3.6	2.4	4.1	0	0	0	0	0	0	0	0.351785714	0.7	0	0	0	0	-1.5	3.3	2.3	5.97	6.114285714	0	FALSE	TRUE	FALSE
2021-01-25	5.3	8.3	12.1	3.4	2.7	4.1	0	0	0	0	0	0	0	0.363169643	0.7	0	0	0	0	8.3	0	8.3	10.81	5	0	FALSE	TRUE	FALSE
2021-02-01	5.1	7.7	12.1	3.2	2.7	4.7	0	0	0	0	0	0	0	0.374553571	0.7	0	0	0	0	7.3	8.1	3.1	7.52	5.3	0	FALSE	TRUE	FALSE
2021-02-08	4.8	7.8	13.6	3.5	2.4	4.7	0	0	0	0	0	0	0	0.3859375	0.7	0	0	0	0	-1.7	0	9.8	15.57	5.1	0	FALSE	TRUE	FALSE
2021-02-15	5.4	7.9	12.9	3.2	1.7	9.7	0	0	0	0	0	0	0	0.404910714	0.7	0	0	0	0	3	0.5	4.7	7.48	4.8	0	FALSE	TRUE	FALSE
2021-02-22	5.2	7.9	13.1	2.6	2.8	10.7	0	0	0	0	0	0	0	0.4125	0.7	0	0	0	0	11.7	0	10.1	14.94	5.4	0	FALSE	TRUE	FALSE
2021-03-02	5.9	7.9	13	2.9	2.7	7.1	0	0	0	0	0	0	0	0.420089286	0.7	0	0	0	0	3	0.2	2.5	8.27	5.2	0	FALSE	TRUE	FALSE
2021-03-08	6.7	8	12.5	2.5	2.2	4.3	0	0	0	0	0	0	0	0.431473214	0.7	0	0	0	0	8	0	9.7	18.52	5.9	0	FALSE	TRUE	FALSE
2021-03-15	7.3	8	12.6	2.9	2.7	4.4	0	0	0	0	0	0	0	0.450446429	0.7	0	0	0	0	11.8	0	8.6	16.61	6.7	0	FALSE	TRUE	FALSE
2021-03-22	7.4	7.9	12	2	2.3	3.8	0	0	0	0	0	0	0	0.461830357	0.7	0	0	0	0	7.1	0	11.2	20.01	7.3	0	FALSE	TRUE	FALSE
2021-03-29	7.5	7.8	11.4	2.3	2.6	3	0	0	0	0	0	0	0	0.465625	0.7	0	0	0	0	12.2	0	7.9	17.36	7.4	0	FALSE	TRUE	FALSE
2021-04-05	10	7.8	11.6	4.5	2.6	1.8	0	0	0	0	0	0	0	0.484598214	0.7	0	0	0	0	11.6	0	12.2	25.14	7.5	0	FALSE	TRUE	FALSE
2021-04-12	10.9	7.9	10.9	3.3	3.1	1.7	0	0	0	0	0	0	0	0.4921875	0.7	0	0	0	0	13.6	15.3	0	5.55	10	0	FALSE	TRUE	FALSE
2021-04-19	10.8	7.8	10.6	3	3.5	1.9	0	0	0	0	0	0	0	0.499776786	0.7	0	0	0	0	13.5	0	12.5	25.96	10.9	0	FALSE	TRUE	FALSE
2021-04-26	12.7	7.9	10	4.1	3	3.1	0	0	0	0	0	0	0	0.511160714	0.7	0	0	0	0	17	0	11.5	24.8	10.8	0	FALSE	TRUE	FALSE
2021-05-03	13	8.1	10.1	3.7	2.8	8	0	0	0	0	0	0	0	0.530133929	0.7	0	0	0	0	15.1	0	11.3	26.95	12.7	0	FALSE	TRUE	FALSE
2021-05-10	13.7	8.3	10.2	2	3.5	11	0	0	0	0	0	0	0	0.537723214	0.7	0	0	0	0	12.5	11.1	0.5	4.57	13	0	FALSE	TRUE	FALSE
2021-05-17	14.7	8.2	9.6	2	4.3	8.8	0	0	0	0	0	0	0	0.5453125	0.7	0	0	0	0	16.4	3.3	0	5.66	13.7	0	FALSE	TRUE	FALSE
2021-05-24	15.6	8.2	9.2	3.9	3.6	5.3	284	220	0	0	64	0	0	0.560491071	0.7	0	0	0	0	20.2	0	7.9	22.54	14.7	0	FALSE	TRUE	FALSE
2021-05-31	15.7	8.2	8.8	3.3	1.9	3.1	76	0	0	0	76	0	0	0.568080357	0.7	0	0	0	0	20.7	7.1	5	17.04	15.6	284	FALSE	TRUE	FALSE
2021-06-07	18.3	8.6	9	2.4	1.9	5	0	0	0	0	0	0	0	0.587053571	0.7	0	0	0	0	23.3	0	9.9	21.91	15.7	76	FALSE	TRUE	FALSE
2021-06-14	19.2	8.6	8.5	2.6	1.9	6.9	0	0	0	0	0	0	0	0.590848214	0.7	0	0	0	0	24.9	0	4.5	17.98	18.3	0	FALSE	TRUE	FALSE
2021-06-21	20.7	8.5	7.7	2.6	1.6	4.7	0	0	0	0	0	0	0	0.606026786	0.7	0	0	0	0	24.8	0	12.5	26.49	19.2	0	FALSE	TRUE	FALSE
2021-06-28	21.7	8.6	7	2	2.3	5.3	48	0	48	0	0	0	0	0.613616071	0.7	0	0	0	0	25.6	0	7.8	21.43	20.7	0	FALSE	TRUE	FALSE
2021-07-05	22.3	8.5	6.6	1.8	2.3	7.6	0	0	0	0	0	0	0	0.625	0.7	0	0	0	0	22.5	5.6	0	9.83	21.7	48	FALSE	TRUE	FALSE
2021-07-12	24.1	8.4	5.3	1.9	3.8	7.6	212	0	212	0	0	0	0	0.636383929	0.7	0	0	0	0	28.7	0	6.1	19.5	22.3	0	FALSE	TRUE	FALSE
2021-07-19	24.5	9.1	6.7	1	6.4	37.9	452	220	232	0	0	0	0	0.6515625	0.7	0	0	0	0	26.7	0	2	15.35	24.1	212	FALSE	TRUE	FALSE
2021-07-26	24.9	10	5.2	1.6	5.4	12.9	420	160	228	0	32	0	0	0.666741071	0.7	0	0	0	0	29.9	0	13.3	25.86	24.5	452	FALSE	TRUE	FALSE
2021-08-02	25.3	9.9	4.8	1	6.4	29	0	0	0	0	0	0	0	0.674330357	0.7	0	0	0	0	26	34	1.3	7.89	24.9	420	FALSE	TRUE	FALSE
2021-08-09	27.5	10.9	6.6	1.2	4.5	11	760	760	0	0	0	0	0	0.689508929	0.7	0	0	0	0	28.1	0	12.1	23.87	25.3	0	FALSE	TRUE	FALSE
2021-08-17	26.7	8.8	5	1.4	3.2	8.5	944	900	0	44	0	0	0	0.697098214	0.7	0	0	0	0	25.5	0.1	7.4	18.23	27.5	760	FALSE	TRUE	FALSE
2021-08-23	25.8	8.3	4.4	1.5	4.3	6.4	924	848	0	76	0	0	0	0.708482143	0.7	0	0	0	0	22.8	65	0	2.9	26.7	944	FALSE	TRUE	FALSE
2021-08-30	25.2	8	5.4	1.5	4.3	9.9	2348	1260	0	1088	0	0	0	0.719866071	0.7	0	0	0	0	22.9	0.1	0.3	6.76	25.8	924	FALSE	TRUE	FALSE
2021-09-06	24.2	8.1	6.3	1.9	4	11.1	934	160	42	656	76	0	0	0.73125	0.7	0	0	0	0	20.7	32.2	0.1	5.93	25.2	2348	FALSE	TRUE	FALSE
2021-09-13	24.2	7.9	7.2	1.9	3.3	11.4	2538	1860	142	24	512	0	0	0.742633929	0.7	0	0	0	0	23.9	0	6.7	15.41	24.2	934	FALSE	TRUE	FALSE
2021-09-23	23.5	8.2	7.3	1.5	4.5	23.8	3124	620	2280	48	176	0	0	0.7578125	0.7	0	0	0	0	21.1	0	10.7	19.29	24.2	2538	FALSE	TRUE	FALSE
2021-09-27	23.5	8.3	7.5	1.8	2.9	23	2768	540	1500	344	384	0	0	0.761607143	0.7	0	0	0	0	22.2	0.2	4.3	13.49	23.5	3124	FALSE	TRUE	FALSE
2021-10-05	23.4	7.8	6.6	2.3	2.6	7.6	1968	860	784	180	144	0	0	0.776785714	0.7	0	0	0	0	23.4	0	9.7	16.95	23.5	2768	FALSE	TRUE	FALSE
2021-10-12	23	7.5	6.1	1.2	2.3	12.9	970	380	466	52	72	0	0	0.791964286	0.7	0	0	0	0	16.2	0.5	0	2.68	23.4	1968	FALSE	TRUE	FALSE
2021-10-18	21.7	7.5	8.2	2.2	2.5	13.1	850	560	202	0	88	0	0	0.803348214	0.7	0	0	0	0	9.6	0	10.5	16.91	23	970	FALSE	TRUE	FALSE
2021-10-25	20.4	7.5	7.8	3.3	1.6	8.5	356	0	128	112	116	0	0	0.8109375	0.7	0	0	0	0	10.8	0	9.8	15.13	21.7	850	FALSE	TRUE	FALSE
2021-11-01	19.5	7.5	7.9	2.7	2.1	12.7	468	340	128	0	0	0	0	0.822321429	0.7	0	0	0	0	13.4	0	7	10.54	20.4	356	FALSE	TRUE	FALSE
2021-11-08	18.6	7.6	8.4	4.3	2.6	15.1	44	0	0	0	44	0	0	0.829910714	0.7	0	0	0	0	10.3	10.3	1.2	3.1	19.5	468	FALSE	TRUE	FALSE
2021-11-15	16.7	7.6	8.7	3.3	1.6	13.5	48	0	0	0	48	0	0	0.845089286	0.7	0	0	0	0	10.1	0	8.2	10.84	18.6	44	FALSE	TRUE	FALSE
2021-11-22	16	7.5	8.9	2.7	2.1	8.1	332	0	0	156	176	0	0	0.856473214	0.7	0	0	0	0	5.3	3.6	4.7	7.37	16.7	48	FALSE	TRUE	FALSE
2021-11-29	14.3	7.7	9.2	3.4	1.5	5.9	232	0	0	0	232	0	0	0.8640625	0.7	0	0	0	0	6.3	0	6.6	9.07	16	332	FALSE	TRUE	FALSE
2021-12-06	12.8	7.5	9.4	3.5	1.9	3.4	244	0	0	0	244	0	0	0.883035714	0.7	0	0	0	0	4.4	0	4.4	6.75	14.3	232	FALSE	TRUE	FALSE
2021-12-13	12	7.4	9.2	3.4	1.6	4.7	436	0	72	0	364	0	0	0.894419643	0.7	0	0	0	0	-1.6	0	8.8	11.29	12.8	244	FALSE	TRUE	FALSE
2021-12-20	10.5	7.5	9.8	2.6	1.6	4.3	196	0	0	0	196	0	0	0.905803571	0.7	0	0	0	0	6.7	0	3.8	5.55	12	436	FALSE	TRUE	FALSE
2021-12-27	9	7.7	10.3	3.2	2.3	4.8	192	0	0	0	192	0	0	0.9171875	0.7	0	0	0	0	-4.4	0	6.4	9.16	10.5	196	FALSE	TRUE	FALSE
2022-01-03	7.8	7.7	11.1	3.4	1.4	4.9	320	0	0	0	320	0	0	0.924776786	0.7	0	0	0	0	-1.7	0	8.5	10.56	9	192	FALSE	TRUE	FALSE
2022-01-10	7.5	7.5	10.9	3.2	1.3	4.7	0	0	0	0	0	0	0	0.932366071	0.7	0	0	0	0	0.7	0	5.4	8.6	7.8	320	FALSE	TRUE	FALSE
2022-01-17	6.2	7.3	11.3	3.6	1.5	3.9	24	0	0	0	24	0	0	0.94375	0.7	0	0	0	0	-3.1	0	4.1	8.59	7.5	0	FALSE	TRUE	FALSE
2022-01-24	5.6	7.3	11.5	3.8	1.3	3.1	92	0	0	0	92	0	0	0.955133929	0.7	0	0	0	0	4.1	0	5.7	10.13	6.2	24	FALSE	TRUE	FALSE
2022-02-03	5.4	7.4	11.6	5	1.3	3	36	0	0	0	36	0	0	0.974107143	0.7	0	0	0	0	-1.7	0	9.4	14.7	5.6	92	FALSE	TRUE	FALSE
2022-02-07	4.9	7.3	11.8	4.3	1.6	3.1	0	0	0	0	0	0	0	0.977901786	0.7	0	0	0	0	-2.1	0	4.1	9.62	5.4	36	FALSE	TRUE	FALSE
2022-02-14	5.3	7.5	12	4.5	1.5	3	136	0	0	0	136	0	0	0.996875	0.7	0	0	0	0	4.1	0	7.6	13.23	4.9	0	FALSE	TRUE	FALSE
2022-02-21	4.5	7.5	12.2	3.5	2	3.3	112	0	0	0	112	0	0	1.004464286	0.7	0	0	0	0	-0.7	0	7.1	13.57	5.3	136	FALSE	TRUE	FALSE
2022-02-28	5.1	7.5	12.6	3.4	2.1	2.9	0	0	0	0	0	0	0	1.019642857	0.7	0	0	0	0	6.9	0	8.2	14.49	4.5	112	FALSE	TRUE	FALSE
2022-03-07	5.5	7.6	12.7	4	1.9	2.6	0	0	0	0	0	0	0	1.027232143	0.7	0	0	0	0	4.3	0	9.7	17.93	5.1	0	FALSE	TRUE	FALSE
2022-03-14	6.5	7.7	12.5	3.7	2.4	2.2	0	0	0	0	0	0	0	1.042410714	0.7	0	0	0	0	11.3	3.2	0.2	2.98	5.5	0	FALSE	TRUE	FALSE
2022-03-21	6.7	7.7	12.1	4	1.6	1.6	0	0	0	0	0	0	0	1.046205357	0.7	0	0	0	0	5.8	0	8.7	17.26	6.5	0	FALSE	TRUE	FALSE
2022-03-28	7.6	7.7	11.9	4.6	1.6	1.5	0	0	0	0	0	0	0	1.061383929	0.7	0	0	0	0	7.7	0	11	23	6.7	0	FALSE	TRUE	FALSE
2022-04-04	8.4	7.8	11.7	5.4	1.4	2	0	0	0	0	0	0	0	1.072767857	0.7	0	0	0	0	10.8	0	11.8	24.35	7.6	0	FALSE	TRUE	FALSE
2022-04-11	9.9	7.8	11.7	4.7	1.2	2.4	0	0	0	0	0	0	0	1.084151786	0.7	0	0	0	0	20.6	0	11.9	24.42	8.4	0	FALSE	TRUE	FALSE
2022-04-18	10.6	7.9	11.4	4.6	1.9	2.5	0	0	0	0	0	0	0	1.099330357	0.7	0	0	0	0	15	0	7.9	19.83	9.9	0	FALSE	TRUE	FALSE
2022-04-25	11.6	8.1	11.2	5.8	1.5	2.4	0	0	0	0	0	0	0	1.103125	0.7	0	0	0	0	20.1	6.7	2.3	13.49	10.6	0	FALSE	TRUE	FALSE
2022-05-02	11.7	8.1	10.8	4.6	1.3	2.8	0	0	0	0	0	0	0	1.118303571	0.7	0	0	0	0	13.9	0	10.9	25.19	11.6	0	FALSE	TRUE	FALSE
2022-05-09	13.4	8.2	10.5	3.9	1.5	3.7	0	0	0	0	0	0	0	1.1296875	0.7	0	0	0	0	17.3	2.7	9.8	25.98	11.7	0	FALSE	TRUE	FALSE
2022-05-16	12.7	8.1	10.4	3.8	1.6	3	0	0	0	0	0	0	0	1.137276786	0.7	0	0	0	0	16.6	0	13.4	29.3	13.4	0	FALSE	TRUE	FALSE
2022-05-23	15	8	10.2	4.2	1.2	3.2	0	0	0	0	0	0	0	1.152455357	0.7	0	0	0	0	22.6	0	10.6	25.03	12.7	0	FALSE	TRUE	FALSE
2022-05-30	15.9	8.8	9.4	5	1.2	2.8	0	0	0	0	0	0	0	1.160044643	0.7	0	0	0	0	21.4	0	0.2	11.04	15	0	FALSE	TRUE	FALSE
2022-06-07	17.4	8.5	9.6	3.1	1.6	6.1	0	0	0	0	0	0	0	1.171428571	0.7	0	0	0	0	17.3	0	1.6	8	15.9	0	FALSE	TRUE	FALSE
2022-06-13	18.6	8.4	9.1	2.7	2.1	5.3	0	0	0	0	0	0	0	1.186607143	0.7	0	0	0	0	23.1	0	9.8	25.13	17.4	0	FALSE	TRUE	FALSE
2022-06-20	19.7	8.6	9.4	2.1	2.3	10.9	0	0	0	0	0	0	0	1.197991071	0.7	0	0	0	0	26.8	0	8.3	24.21	18.6	0	FALSE	TRUE	FALSE
2022-06-27	20.4	8.6	8.3	2.6	1.9	5.8	0	0	0	0	0	0	0	1.205580357	0.7	0	0	0	0	28	3.6	0.4	11.59	19.7	0	FALSE	TRUE	FALSE
2022-07-04	24.3	8.8	7.7	2.3	2.7	5.8	48	0	0	0	48	0	0	1.216964286	0.7	0	0	0	0	27.6	0	4.9	17.32	20.4	0	FALSE	TRUE	FALSE
2022-07-11	24.5	9.3	7.5	1.4	2.8	12.4	52	0	0	0	52	0	0	1.2359375	0.7	0	0	0	0	25.1	16.3	0.3	9.27	24.3	48	FALSE	TRUE	FALSE
2022-07-18	23.6	8.1	6.8	2	2.6	9	148	0	56	0	92	0	0	1.247321429	0.7	0	0	0	0	22.3	57.4	0	4.3	24.5	52	FALSE	TRUE	FALSE
2022-07-25	24.4	9.2	6.5	2.4	2.5	8.5	494	112	382	0	0	0	0	1.254910714	0.7	0	0	0	0	27.2	0.4	8.3	23.38	23.6	148	FALSE	TRUE	FALSE
2022-08-01	25.4	9	5.5	2.5	1.9	7.4	880	880	0	0	0	0	0	1.2625	0.7	0	0	0	0	27.6	4.4	3.7	18	24.4	494	FALSE	TRUE	FALSE
2022-08-08	27	8	5.7	1.9	2.7	6.4	788	720	0	0	68	0	0	1.281473214	0.7	0	0	0	0	28.6	0	0.1	7.38	25.4	880	FALSE	TRUE	FALSE
2022-08-16	26.4	7.5	5.3	2.3	2.8	6.6	212	0	0	0	212	0	0	1.2890625	0.7	0	0	0	0	25.8	32.9	4.4	13.64	27	788	FALSE	TRUE	FALSE
2022-08-22	26.6	7.6	4.8	2.1	4	6.4	504	120	52	0	332	0	0	1.296651786	0.7	0	0	0	0	27.3	0	5.3	17.7	26.4	212	FALSE	TRUE	FALSE
2022-08-29	25.8	7.4	5.4	2.3	3.6	8.1	778	200	262	0	316	0	0	1.315625	0.7	0	0	0	0	19.6	4.5	0	4.19	26.6	504	FALSE	TRUE	FALSE
2022-09-05	25.4	7.5	6.3	1.9	3	17.3	858	316	298	0	244	0	0	1.323214286	0.7	0	0	0	0	22.6	46.5	0	3.94	25.8	778	FALSE	TRUE	FALSE
2022-09-13	24.7	7.8	6.6	1.5	6	16.6	3944	660	3012	0	272	0	0	1.330803571	0.7	0	0	0	0	24.5	0	0.7	10.85	25.4	858	FALSE	TRUE	FALSE
2022-09-19	24.6	7.8	5.6	1.9	3.3	15.5	4062	2340	1210	0	512	0	0	1.3421875	0.7	0	0	0	0	24.5	0	8.1	18.7	24.7	3944	FALSE	TRUE	FALSE
2022-09-26	23.8	7.5	5.7	1.9	3.6	21.8	2492	520	772	564	636	0	0	1.361160714	0.7	0	0	0	0	18.7	0	3.4	12.82	24.6	4062	FALSE	TRUE	FALSE
2022-10-04	23.5	7.6	6.3	2.1	3.8	14.6	836	520	104	128	84	0	0	1.36875	0.7	0	0	0	0	20	43.5	1.9	9.55	23.8	2492	FALSE	TRUE	FALSE
2022-10-11	21.8	7.7	8	2.4	2.7	20.2	796	0	108	552	136	0	0	1.383928571	0.7	0	0	0	0	12	0	8.5	17.78	23.5	836	FALSE	TRUE	FALSE
2022-10-17	21.5	8.1	9.1	2.5	2.4	21.4	782	100	38	448	196	0	0	1.387723214	0.7	0	0	0	0	12.4	0	8.6	17.65	21.8	796	FALSE	TRUE	FALSE
2022-10-24	20	8.1	9.2	2.4	2.1	17	902	0	74	704	124	0	0	1.399107143	0.7	0	0	0	0	9.7	0	8	15.58	21.5	782	FALSE	TRUE	FALSE
2022-10-31	19.3	7.9	9.1	3.7	2.1	10.2	890	0	130	632	128	0	0	1.410491071	0.7	0	0	0	0	14.1	0	8.6	14.59	20	902	FALSE	TRUE	FALSE
2022-11-07	17.9	8	9.2	3.5	1.4	8.4	516	0	0	364	152	0	0	1.425669643	0.7	0	0	0	0	9.6	0	6.5	10.89	19.3	890	FALSE	TRUE	FALSE
2022-11-14	17.4	7.8	8.5	3	2.3	7.3	248	0	0	104	144	0	0	1.433258929	0.7	0	0	0	0	9.5	0	1.6	6.15	17.9	516	FALSE	TRUE	FALSE
2022-11-21	16.5	7.8	8.6	3.2	1.9	8	254	0	102	0	152	0	0	1.452232143	0.7	0	0	0	0	11.7	0	8.5	10.93	17.4	248	FALSE	TRUE	FALSE
2022-11-28	15.3	7.8	9	3	2	10.2	84	0	0	0	84	0	0	1.463616071	0.7	0	0	0	0	7.3	30.1	1.4	2.63	16.5	254	FALSE	TRUE	FALSE
2022-12-05	12.8	7.9	9.9	3.5	1.7	10.7	148	0	0	0	148	0	0	1.475	0.7	0	0	0	0	-2.2	0	6.2	9.97	15.3	84	FALSE	TRUE	FALSE
2022-12-12	11.7	7.9	9.9	3.6	2.6	9.4	228	0	0	0	228	0	0	1.482589286	0.7	0	0	0	0	1.6	0	4.2	6.82	12.8	148	FALSE	TRUE	FALSE
2022-12-19	9.4	7.6	10.4	2.9	1.8	7.1	70	0	18	0	52	0	0	1.490178571	0.7	0	0	0	0	-5.5	0	8.1	10.6	11.7	228	FALSE	TRUE	FALSE
2022-12-26	8	7.4	10.1	4	1.8	4	0	0	0	0	0	0	0	1.509151786	0.7	0	0	0	0	-3.6	0	6.1	8.18	9.4	70	FALSE	TRUE	FALSE
2023-01-02	7.1	7.5	10.3	4.2	1.3	4.3	56	0	0	0	56	0	0	1.516741071	0.7	0	0	0	0	-3	0	8.5	11.46	8	0	FALSE	TRUE	FALSE
2023-01-09	6.5	7.5	10.6	3.6	2.2	3.9	0	0	0	0	0	0	0	1.524330357	0.7	0	0	0	0	1.9	0	3.3	6.14	7.1	56	FALSE	TRUE	FALSE
2023-01-16	6.6	7.6	11.3	4	2.4	4.4	0	0	0	0	0	0	0	1.535714286	0.7	0	0	0	0	-3.1	0	7.7	12.1	6.5	0	FALSE	TRUE	FALSE
2023-01-25	5.1	7.6	11.5	3.8	2	4.6	0	0	0	0	0	0	0	1.5546875	0.7	0	0	0	0	-11.4	0	9.3	14.04	6.6	0	FALSE	TRUE	FALSE
2023-01-30	3.9	7.5	12	4.1	1.7	4	0	0	0	0	0	0	0	1.566071429	0.7	0	0	0	0	-0.4	0	9.4	14.24	5.1	0	FALSE	TRUE	FALSE
2023-02-06	4.4	7.5	12.1	4.5	1.4	3.9	0	0	0	0	0	0	0	1.573660714	0.7	0	0	0	0	2.1	0	6.2	11.59	3.9	0	FALSE	TRUE	FALSE
2023-02-13	4.8	7.5	12	4.8	1.1	2.6	0	0	0	0	0	0	0	1.588839286	0.7	0	0	0	0	6.3	0	0.4	6.84	4.4	0	FALSE	TRUE	FALSE
2023-02-20	5.2	7.5	12.1	5.1	1.5	3.2	0	0	0	0	0	0	0	1.596428571	0.7	0	0	0	0	-0.1	0	7.3	15.94	4.8	0	FALSE	TRUE	FALSE
2023-02-27	5.6	7.6	12.3	5.3	1.4	2.7	0	0	0	0	0	0	0	1.6078125	0.7	0	0	0	0	4.4	0	10.5	18.96	5.2	0	FALSE	TRUE	FALSE
2023-03-06	6.3	7.7	12.6	3.8	1.4	3.9	0	0	0	0	0	0	0	1.622991071	0.7	0	0	0	0	8.3	0	10.5	19.25	5.6	0	FALSE	TRUE	FALSE
2023-03-13	7	7.5	12	3	1.6	3.1	0	0	0	0	0	0	0	1.630580357	0.7	0	0	0	0	3.5	0	10.9	21.29	6.3	0	FALSE	TRUE	FALSE
2023-03-20	8.2	7.6	11.9	3.2	1.2	3.1	0	0	0	0	0	0	0	1.641964286	0.7	0	0	0	0	10.6	0	10.1	20.84	7	0	FALSE	TRUE	FALSE
2023-03-27	9	7.8	11.7	3.3	1.6	3.2	0	0	0	0	0	0	0	1.649553571	0.7	0	0	0	0	7.4	0	11.2	23.38	8.2	0	FALSE	TRUE	FALSE
2023-04-03	9.3	7.7	11.3	3	1.5	3.4	0	0	0	0	0	0	0	1.6609375	0.7	0	0	0	0	16.8	0	11.1	23.32	9	0	FALSE	TRUE	FALSE
2023-04-10	9.7	7.8	11	3.2	2.2	3.7	0	0	0	0	0	0	0	1.672321429	0.7	0	0	0	0	12.6	0	11.3	23.51	9.3	0	FALSE	TRUE	FALSE
2023-04-17	11.1	8	10.9	2.9	2.3	3.5	0	0	0	0	0	0	0	1.683705357	0.7	0	0	0	0	13.6	0	10.8	23.73	9.7	0	FALSE	TRUE	FALSE
2023-04-24	12.6	8	10.3	2.7	2.5	3.3	0	0	0	0	0	0	0	1.698883929	0.7	0	0	0	0	15	0	4.1	17.15	11.1	0	FALSE	TRUE	FALSE
2023-05-02	12.3	8	9.7	2.2	3.7	3.6	0	0	0	0	0	0	0	1.710267857	0.7	0	0	0	0	17	0	10.2	25.5	12.6	0	FALSE	TRUE	FALSE
2023-05-08	12.8	7.7	9.2	2.3	2.8	3.5	0	0	0	0	0	0	0	1.717857143	0.7	0	0	0	0	13.7	0	11.2	26.74	12.3	0	FALSE	TRUE	FALSE
2023-05-15	14.8	8.3	9.7	2.2	2.7	10.2	0	0	0	0	0	0	0	1.729241071	0.7	0	0	0	0	20.5	0	12.7	27.74	12.8	0	FALSE	TRUE	FALSE
2023-05-22	16.8	8.3	10.1	2.8	1.9	10.1	0	0	0	0	0	0	0	1.740625	0.7	0	0	0	0	17.5	5.7	3.4	13.64	14.8	0	FALSE	TRUE	FALSE
2023-05-30	16.2	8.3	9.1	3.4	2.1	13.8	0	0	0	0	0	0	0	1.759598214	0.7	0	0	0	0	21.6	0	7	22.34	16.8	0	FALSE	TRUE	FALSE
2023-06-05	18.8	8.3	9.1	2.3	1.9	5	0	0	0	0	0	0	0	1.770982143	0.7	0	0	0	0	21.5	0	9.4	23.26	16.2	0	FALSE	TRUE	FALSE
2023-06-12	20	8.2	7.4	2.4	1.9	4.7	0	0	0	0	0	0	0	1.778571429	0.7	0	0	0	0	23.3	0	8.6	26.75	18.8	0	FALSE	TRUE	FALSE
2023-06-19	21.9	8.1	6.7	3	2.2	8.5	0	0	0	0	0	0	0	1.79375	0.7	0	0	0	0	27	0	11.2	26.78	20	0	FALSE	TRUE	FALSE
2023-06-26	22.6	8	6	1.5	2.7	10.3	72	0	0	0	72	0	0	1.801339286	0.7	0	0	0	0	23.8	54.5	0	5.04	21.9	0	FALSE	TRUE	FALSE
2023-07-03	24.2	8.2	6.3	3.2	2.3	7.3	32	0	0	0	32	0	0	1.808928571	0.7	0	0	0	0	28.4	0	6.4	21.03	22.6	72	FALSE	TRUE	FALSE
2023-07-10	24.7	7.9	5.3	1.5	4.9	9.6	164	0	0	0	164	0	0	1.824107143	0.7	0	0	0	0	26.5	36.2	8.3	22.11	24.2	32	FALSE	TRUE	FALSE
2023-07-17	23	6.7	4.6	1	13.8	6.1	176	0	0	0	176	0	0	1.831696429	0.7	0	0	0	0	25.4	30.9	3.8	17.49	24.7	164	FALSE	TRUE	FALSE
2023-07-24	24.5	7.5	7.625	1.825	24.05	5.025	561.5	555	6.5	0	0	0	0	1.850669643	0.7	0	0	0	0	26.1	5.1	3.9	14.9	23	176	FALSE	TRUE	FALSE
2023-07-31	24.8	8.1	8.1	1.1	8.7	14.1	4106	1020	3050	0	36	0	0	1.858258929	0.7	0	0	0	0	27.8	0	9.1	21.85	24.5	561.5	FALSE	TRUE	FALSE
2023-08-07	25.8	7.9	7.5	1.4	6.4	34.3	4676	480	3972	224	0	0	0	1.8734375	0.7	0	0	0	0	29.7	0	8.3	22.87	24.8	4106	FALSE	TRUE	FALSE
2023-08-14	25.7	8	7.8	1.2	7.5	29.7	6852	3300	2236	1316	0	0	0	1.877232143	0.7	0	0	0	0	28.1	0	9.2	23.99	25.8	4676	FALSE	TRUE	FALSE
2023-08-21	26.4	8	7.1	1	10.7	24.8	9092	6100	1088	1904	0	0	0	1.892410714	0.7	0	0	0	0	29.2	0	8	19.76	25.7	6852	FALSE	TRUE	FALSE
2023-08-28	25.4	8	5	0.8	6.7	16.5	9042	3940	242	4860	0	0	0	1.6	0.7	0	0	0	0	26.1	0	1.1	11.02	26.4	9092	FALSE	TRUE	FALSE
2023-09-04	26.2	8	6.6	0.6	13	26.3	38812	25440	268	13104	0	0	0	1.6	0.7	0	0	0	0	27.4	0	2.6	15.27	25.4	9042	FALSE	TRUE	FALSE
2023-09-11	25.9	8	5.4	0.7	17.7	28	35504	19080	164	16260	0	0	0	1.7	0.7	0	0	0	0	25.2	0	6.6	16.71	26.2	38812	FALSE	TRUE	FALSE
2023-09-18	25.8	7.4	4.3	0.7	9.1	14	7752	5240	0	2512	0	0	0	0.6	0.7	0	0	0	0	24.5	2.2	7.4	19.23	25.9	35504	FALSE	TRUE	FALSE
2023-09-21	25.2	7	3.7	1.8	18.7	6.4	5942	3820	162	1960	0	0	0	0.5	0.7	0	0	0	0	18.4	3	0	6.85	25.8	7752	FALSE	TRUE	FALSE
2023-09-25	24.8	7	3.6	1.5	6.6	6.1	5864	5180	0	588	96	0.058394161	3.00729927	1.28057554	0.7	0	0	0	0	21.4	4	2.9	13.23	25.2	5942	FALSE	TRUE	FALSE
2023-10-04	23.8	7.1	4.2	1.7	4.3	13.9	3906	3680	226	0	0	0.233576642	3.02919708	1.261151079	0.7	0	0	0	0	17.8	0	8.2	17.26	24.8	5864	FALSE	TRUE	FALSE
2023-10-10	23.1	7.2	6.5	1.9	3.7	7.5	2084	1650	434	0	0	0.408759124	3.051094891	1.241726619	0.7	0	0	0	0	16.5	0	9.4	17.68	23.8	3906	FALSE	TRUE	FALSE
2023-10-16	22.3	7.3	7.2	1.8	4.1	21.4	3838	1840	1998	0	0	0.583941606	3.072992701	1.222302158	0.7	0	0	0	0	14.7	0	8.9	15.47	23.1	2084	FALSE	TRUE	FALSE
2023-10-23	20.9	7.4	8.1	1.6	3.8	25	1730	1100	630	0	0	0.700729927	3.087591241	1.209352518	0.7	0	0	0	0	13.7	0	7.3	12.92	22.3	3838	FALSE	TRUE	FALSE
2023-10-30	20.4	7.1	7.8	2.6	2.9	16.5	2154	2020	134	0	0	0.875912409	3.109489051	1.189928058	0.7	0	0	0	0	14.1	0	9.6	14.52	20.9	1730	FALSE	TRUE	FALSE
2023-11-06	20.2	7	7.6	2.2	3.2	10.8	520	520	0	0	0	1.051094891	3.131386861	1.170503597	0.7	0	0	0	0	15.5	11.5	3.1	7.65	20.4	2154	FALSE	TRUE	FALSE
2023-11-13	17.6	7.1	8.1	2.1	3.5	10.9	760	760	0	0	0	1.167883212	3.145985401	1.157553957	0.7	0	0	0	0	2.4	0	9.4	13.97	20.2	520	FALSE	TRUE	FALSE
2023-11-20	16	7.2	8.3	2.6	2.5	4.4	528	460	0	68	0	1.459854015	3.182481752	1.125179856	0.7	0	0	0	0	6	0	9.2	12.87	17.6	760	FALSE	TRUE	FALSE
2023-11-27	14.7	7.1	8.8	2.5	2.9	9.4	634	580	54	0	0	1.635036496	3.204379562	1.105755396	0.7	0	0	0	0	7	3	0.8	3.19	16	528	FALSE	TRUE	FALSE
2023-12-04	12.9	7.2	9.4	3.3	2	6.2	296	260	36	0	0	1.751824818	3.218978102	1.092805755	0.7	0	0	0	0	2.3	0	8.7	11.41	14.7	634	FALSE	TRUE	FALSE
2023-12-11	12.6	7.1	9.2	3.5	1.7	4.1	240	240	0	0	0	1.98540146	3.248175182	1.066906475	0.7	0	0	0	0	11.9	37	0	0.85	12.9	296	FALSE	TRUE	FALSE
2023-12-18	11.3	7.1	9.8	3.5	2.7	4.6	180	180	0	0	0	2.04379562	3.255474453	1.060431655	0.7	0	0	0	0	-5.6	0	5.8	8.85	12.6	240	FALSE	TRUE	FALSE
2023-12-26	9.1	7.1	10.6	2.8	1.7	2.2	0	0	0	0	0	2.277372263	3.284671533	1.034532374	0.7	0	0	0	0	2.2	0	5.5	9.78	11.3	180	FALSE	TRUE	FALSE
2024-01-02	9	7.1	10.5	3.8	1.7	6	0	0	0	0	0	2.394160584	3.299270073	1.021582734	0.7	0	0	0	0	4	0	0	2.9	9.1	0	FALSE	TRUE	FALSE
2024-01-08	8.3	7.4	10.7	3.4	1.9	5.8	0	0	0	0	0	2.569343066	3.321167883	1.002158273	0.7	0	0	0	0	-3.8	0	8.7	11.94	9	0	FALSE	TRUE	FALSE
2024-01-15	7.4	7.2	11.2	3.5	2.1	6.4	166	0	166	0	0	2.744525547	3.343065693	0.982733813	0.7	0	0	0	0	-2.1	0	9	12.61	8.3	0	FALSE	TRUE	FALSE
2024-01-22	6.9	7.3	11.8	3.1	1.8	8.6	0	0	0	0	0	2.919708029	3.364963504	0.963309353	0.7	0	0	0	0	-5.4	0	1.7	6.36	7.4	166	FALSE	TRUE	FALSE
2024-01-30	6.1	7.5	12.1	2.5	1.9	8.3	0	0	0	0	0	3.094890511	3.386861314	0.943884892	0.7	0	0	0	0	1.3	0	9.2	13.5	6.9	0	FALSE	TRUE	FALSE
2024-02-05	6.2	7.5	12.3	2.8	2.2	9.3	0	0	0	0	0	3.270072993	3.408759124	0.924460432	0.7	0	0	0	0	4.1	12.3	0	3.26	6.1	0	FALSE	TRUE	FALSE
2024-02-13	6.1	7.5	12.4	3	1.7	8.2	0	0	0	0	0	3.445255474	3.430656934	0.905035971	0.7	0	0	0	0	8.4	0	8.4	14.96	6.2	0	FALSE	TRUE	FALSE
2024-02-19	6.5	7.5	12.3	3	3.1	8.8	14	0	14	0	0	3.678832117	3.459854015	0.879136691	0.7	0	0	0	0	9.8	16.6	0	2.2	6.1	0	FALSE	TRUE	FALSE
2024-02-26	6.6	7.4	12.3	2.9	2.2	9.4	0	0	0	0	0	3.795620438	3.474452555	0.86618705	0.7	0	0	0	0	3.7	0	7.3	15.85	6.5	14	FALSE	TRUE	FALSE
2024-03-04	6.6	7.4	12.6	2.5	2.1	9.2	0	0	0	0	0	4.087591241	3.510948905	0.83381295	0.7	0	0	0	0	6.7	0	5.7	13.26	6.6	0	FALSE	TRUE	FALSE
2024-03-11	6.6	7.5	12.5	2.5	2.4	8.1	0	0	0	0	0	4.262773723	3.532846715	0.814388489	0.7	0	0	0	0	6.4	0	4.4	11.04	6.6	0	FALSE	TRUE	FALSE
2024-03-18	7.5	7.8	12.5	2.5	2.4	12.2	0	0	0	0	0	4.379562044	3.547445255	0.801438849	0.7	0	0	0	0	7.9	0	10.2	21.43	6.6	0	FALSE	TRUE	FALSE
2024-03-25	7.4	7.6	12.2	2.1	2.5	6.1	230	230	0	0	0	4.496350365	3.562043796	0.788489209	0.7	0	0	0	0	9.4	6.8	0	5.04	7.5	0	FALSE	TRUE	FALSE
2024-04-01	8.4	7.5	11.8	3.7	1.4	4.4	16	0	0	0	16	4.788321168	3.598540146	0.756115108	0.7	0	0	0	0	13.1	0	11.6	23.63	7.4	230	FALSE	TRUE	FALSE
2024-04-08	9.9	7.9	11.8	2.8	1.5	3	32	0	0	0	32	4.905109489	3.613138686	0.743165468	0.7	0	0	0	0	16.5	0	5.6	16.25	8.4	16	FALSE	TRUE	FALSE
2024-04-15	11.5	7.9	11.1	2.7	1.4	2.7	98	0	0	0	98	5.080291971	3.635036496	0.723741007	0.7	0	0	0	0	16.2	7.5	0	3.29	9.9	32	FALSE	TRUE	FALSE
2024-04-22	11.7	7.9	10.5	3	1.7	3.9	4	0	0	0	4	5.255474453	3.656934307	0.704316547	0.7	0	0	0	0	17.4	0	6.2	19.42	11.5	98	FALSE	TRUE	FALSE
2024-04-29	12.1	8	10.2	2.7	2.1	6.2	0	0	0	0	0	5.430656934	3.678832117	0.684892086	0.7	0	0	0	0	17.2	0.8	0	6.96	11.7	4	FALSE	TRUE	FALSE
2024-05-07	12.2	8	9.5	3.3	2.5	12.5	88	0	0	0	88	5.605839416	3.700729927	0.665467626	0.7	0	0	0	0	12.9	14.1	0	5.6	12.1	0	FALSE	TRUE	FALSE
2024-05-13	13.2	8	9.7	4.7	1.8	14.1	305	305	0	0	0	5.722627737	3.715328467	0.652517986	0.7	0	0	0	0	17.6	0	13.4	29.96	12.2	88	FALSE	TRUE	FALSE
2024-05-20	14.3	8.3	9.8	2.4	2.5	10.8	49	0	0	0	49	5.897810219	3.737226277	0.633093525	0.7	0	0	0	0	19.3	0	4.7	19.61	13.2	305	FALSE	TRUE	FALSE
2024-05-27	14.9	8.2	9.3	2.6	1.6	8.4	30	0	0	0	30	6.072992701	3.759124088	0.613669065	0.7	0	0	0	0	18.5	0	10.9	24.38	14.3	49	FALSE	TRUE	FALSE
2024-06-03	16.9	8.4	8.8	4	1.4	4.6	86	59	0	0	27	6.306569343	3.788321168	0.587769784	0.7	0	0	0	0	20.8	0	12.8	29.53	14.9	30	FALSE	TRUE	FALSE
2024-06-10	18.5	8.3	7.8	2.8	1.9	6.8	0	0	0	0	0	6.540145985	3.817518248	0.561870504	0.7	0	0	0	0	24.7	0	10.8	27.56	16.9	86	FALSE	TRUE	FALSE
2024-06-17	22.1	8.5	7.9	2.1	1.9	9.8	813	752	0	0	61	6.656934307	3.832116788	0.548920863	0.7	0	0	0	0	23.4	0	7.5	20.53	18.5	0	FALSE	TRUE	FALSE
2024-06-24	22	8.4	6.9	1.9	2.2	8	413	351	0	0	62	6.773722628	3.846715328	0.535971223	0.7	0	0	0	0	25.3	0	8.1	24.9	22.1	813	FALSE	TRUE	FALSE
2024-07-01	23.4	8.6	6.5	2.7	2.3	13.9	141	57	32	0	52	7.00729927	3.875912409	0.510071942	0.7	0	0	0	0	26.2	0	8.7	24.37	22	413	FALSE	TRUE	FALSE
2024-07-08	23.7	8	6	2.1	2.6	10.2	189	66	48	0	75	7.182481752	3.897810219	0.490647482	0.7	0	0	0	0	23.9	137.5	0	3.05	23.4	141	FALSE	TRUE	FALSE
2024-07-15	23.9	8.6	6.3	0.2	16.7	5.9	803	577	137	0	89	7.416058394	3.927007299	0.464748201	0.7	0	0	0	0	26.6	0.2	7	20.76	23.7	189	FALSE	TRUE	FALSE
2024-07-23	24.4	7.9	5.6	1.8	13.9	12.7	909	143	0	0	766	7.591240876	3.948905109	0.445323741	0.7	0	0	0	0	27.2	3.9	0	4.96	23.9	803	FALSE	TRUE	FALSE
2024-07-29	25.3	8.6	5.8	1.6	6.9	11.8	3098	525	141	0	2432	7.766423358	3.97080292	0.425899281	0.7	0	0	0	0	28.6	0	5.6	18.2	24.4	909	FALSE	TRUE	FALSE
2024-08-05	26.9	9.3	5.9	1.2	5.5	6.4	11809	2885	0	0	8924	7.824817518	3.97810219	0.41942446	0.7	0	0	0	0	27.4	34.3	5.4	15.35	25.3	3098	FALSE	TRUE	FALSE
2024-08-12	26.7	9.5	6.5	1.2	4.2	7	8180	680	14	569	6917	9.5	4	0	0.1	0	0	0	0	30.5	0	11.1	24.7	26.9	11809	FALSE	TRUE	FALSE
2024-08-19	26.9	8.8	5.3	1.8	4.3	14.8	8418	2665	0	975	4778	5.5	11	0.75	1.2	0	0.1	0	0	29.9	0.1	9	21.04	26.7	8180	FALSE	TRUE	FALSE
2024-08-26	26.6	8.6	4.1	1.9	4.1	6.5	5902	5200	0	336	366	1	0	0.7	1.6	0	0.15	0.2	0	27.9	0	2.6	13.01	26.9	8418	FALSE	TRUE	FALSE
2024-09-02	26.6	8.8	5.3	0.9	7.3	13.5	28952	26160	0	2465	327	3.5	1.5	0.5	1.1	0	0.05	0	0	24.8	0	1.5	8.26	26.6	5902	FALSE	TRUE	FALSE
2024-09-09	27.1	9	6.1	1	9.7	12.9	37106	32370	60	3888	788	22	1.5	0.35	0.9	0	0.05	0	0	29	0	6.5	18.6	26.6	28952	FALSE	TRUE	FALSE
2024-09-12	27.2	9.1	5.6	0.9	9.3	11.8	28667	25890	44	1210	1523	31	4	0.6	1.6	0	0.2	0	0	26.5	4.1	0	8.28	27.1	37106	FALSE	TRUE	FALSE
2024-09-19	27.5	8.8	4.4	1.6	11	10.3	24892	21750	208	1208	1726	19	0	0.3	0.5	0	0	0	0	28.5	0	4.9	16.45	27.2	28667	FALSE	TRUE	FALSE
2024-09-23	26.1	7.2	4.2	0.6	10	7.6	11553	10815	137	49	552	33	0	0.2	0.3	0	0	0	0	21	0	11.3	22.27	27.5	24892	FALSE	TRUE	FALSE
2024-09-26	26.1	8.4	5.3	0.8	9.8	16.5	27725	27080	103	64	478	0	2	0.3	0.5	0	0	0	0	24.1	0	5.6	15.14	26.1	11553	FALSE	TRUE	FALSE
2024-09-30	25.5	7.6	5.3	1.2	7.9	12.6	21154	19029	1282	290	553	6	0	0.2	0.2	0	0	0	0	21	0	11	19.94	26.1	27725	FALSE	TRUE	FALSE
2024-10-02	24.6	7.1	4.3	1.3	4.4	1.9	9203	3738	0	4689	776	0	0	0.2	0.4	0	0	0	0	14.9	0	8.6	19.18	25.5	21154	FALSE	TRUE	FALSE
2024-10-07	23.7	7	4.6	1.3	5.7	6.6	16506	13625	719	905	1257	68	0	0.2	0.2	0	0	0	0	17	2.3	1	8.24	24.6	9203	FALSE	TRUE	FALSE
2024-10-10	23.6	7.2	6.3	1.6	5.7	21.2	9544	8805	119	108	512	13	4	0.2	0.2	0	0	0	0	17.7	0	5.9	12.93	23.7	16506	FALSE	TRUE	FALSE
2024-10-14	23	7	6.3	1.7	4.7	22.9	8332	7623	0	580	129	0	5	0	0.1	0	0	0	0	17.7	8.3	0	3.57	23.6	9544	FALSE	TRUE	FALSE
2024-10-21	21.9	7.1	7.3	1.7	3.7	29.8	2404	1981	0	270	153	9.846153846	0	0.201574803	0.396850394	0	0.001574803	0	0	13.9	0.4	0.7	6.66	23	8332	FALSE	TRUE	FALSE
2024-10-28	20.9	7	7.6	2	2.9	13	2133	1383	0	412	338	9.615384615	0	0.203937008	0.392125984	0	0.003937008	0	0	14.8	0	0.4	5.37	21.9	2404	FALSE	TRUE	FALSE
2024-11-04	20.3	7.2	8	2	2.7	22.2	1152	863	0	106	183	9.461538462	0	0.205511811	0.388976378	0	0.005511811	0	0	14.5	0	4.6	9.85	20.9	2133	FALSE	TRUE	FALSE
2024-11-11	19.2	7.3	8.2	2.6	1.9	15.9	837	563	0	94	180	9.076923077	0	0.209448819	0.381102362	0	0.009448819	0	0	13.3	0	9.1	12.95	20.3	1152	FALSE	TRUE	FALSE
2024-11-18	18	7	8.4	2.2	2.4	22.2	955	543	0	280	132	9	0	0.21023622	0.379527559	0	0.01023622	0	0	2.6	0	9.2	13.99	19.2	837	FALSE	TRUE	FALSE
2024-11-25	16.7	7	8.2	3.5	2.4	10.6	68	0	0	0	68	8.692307692	0	0.213385827	0.373228346	0	0.013385827	0	0	9.7	0.3	7.5	10.98	18	955	FALSE	TRUE	FALSE
2024-12-02	14.8	7.1	8.6	3	1.9	9.7	257	220	0	0	37	8.384615385	0	0.216535433	0.366929134	0	0.016535433	0	0	8.3	0	5.1	7.75	16.7	68	FALSE	TRUE	FALSE
2024-12-09	13.2	6.9	9	3.5	1.9	7.8	0	0	0	0	0	8.230769231	0	0.218110236	0.363779528	0	0.018110236	0	0	2	0	5.7	8.68	14.8	257	FALSE	TRUE	FALSE
2024-12-16	11.8	7	9.2	3.3	2	6.4	90	0	0	0	90	8.076923077	0	0.219685039	0.360629921	0	0.019685039	0	0	2.7	0.1	6.8	10.22	13.2	0	FALSE	TRUE	FALSE
2024-12-23	10.3	7	9.7	3.5	1.7	7.1	0	0	0	0	0	7.769230769	0	0.222834646	0.354330709	0	0.022834646	0	0	-0.4	0	4.2	6.87	11.8	90	FALSE	TRUE	FALSE
2024-12-30	9.3	7.2	10.1	2.8	1.8	7.1	140	140	0	0	0	7.461538462	0	0.225984252	0.348031496	0	0.025984252	0	0	6.7	0	2.1	5.55	10.3	0	FALSE	TRUE	FALSE
2025-01-06	8.5	7.1	10.4	2.9	1.8	4.8	0	0	0	0	0	7.384615385	0	0.226771654	0.346456693	0	0.026771654	0	0	2	1.8	1.2	4.69	9.3	140	FALSE	TRUE	FALSE
2025-01-13	7	7	10.8	3.6	1.8	6.3	0	0	0	0	0	7.076923077	0	0.22992126	0.34015748	0	0.02992126	0	0	1.1	0	7.8	11.61	8.5	0	FALSE	TRUE	FALSE
2025-01-20	6.5	6.9	11.1	4.2	1.4	5.4	0	0	0	0	0	6.923076923	0	0.231496063	0.337007874	0	0.031496063	0	0	2.8	0	3	7.09	7	0	FALSE	TRUE	FALSE
2025-01-31	6.975	6.875	9.925	3.275	2.25	5.1	0	0	0	0	0	6.692307692	0	0.233858268	0.332283465	0	0.033858268	0	0	1.9	0	1.3	7.44	6.5	0	FALSE	TRUE	FALSE
2025-02-03	6	7.1	11.2	4.1	1.2	5.7	0	0	0	0	0	6.461538462	0	0.236220472	0.327559055	0	0.036220472	0	0	-1.4	0.2	9	15.17	6.975	0	FALSE	TRUE	FALSE
2025-02-10	4.8	7	12.1	3.4	1.5	6.7	0	0	0	0	0	6.153846154	0	0.239370079	0.321259843	0	0.039370079	0	0	-2.6	0	5.1	10.56	6	0	FALSE	TRUE	FALSE
2025-02-17	4.8	6.9	12.3	3.1	1.6	6.2	0	0	0	0	0	5.846153846	0	0.242519685	0.31496063	0	0.042519685	0	0	1.3	0	10	17.69	4.8	0	FALSE	TRUE	FALSE
2025-02-24	4.5	7	12.7	3.2	1.5	5.8	0	0	0	0	0	5.769230769	0	0.243307087	0.313385827	0	0.043307087	0	0	-0.7	0	10.3	19.21	4.8	0	FALSE	TRUE	FALSE
2025-03-04	5.2	7.2	12.7	2.9	7.7	7.1	0	0	0	0	0	5.461538462	0	0.246456693	0.307086614	0	0.046456693	0	0	3.4	0.9	0.8	6.16	4.5	0	FALSE	TRUE	FALSE
2025-03-10	6.1	7.3	13	3.2	1.5	6.8	0	0	0	0	0	5.230769231	0	0.248818898	0.302362205	0	0.048818898	0	0	8.2	0	10.8	17.64	5.2	0	FALSE	TRUE	FALSE
2025-03-17	6.9	7.3	12.6	3.2	2.1	4.1	22	0	0	0	22	5.076923077	0	0.250393701	0.299212598	0	0.050393701	0	0	3.8	0	11.1	21.51	6.1	0	FALSE	TRUE	FALSE
2025-03-24	7.2	7.3	12.1	4.5	1.6	1.5	0	0	0	0	0	4.692307692	0	0.254330709	0.291338583	0	0.054330709	0	0	16.6	0	8.3	19.25	6.9	22	FALSE	TRUE	FALSE
2025-03-31	8.2	7.1	11.8	3.5	1.8	4.8	0	0	0	0	0	4.461538462	0	0.256692913	0.286614173	0	0.056692913	0	0	8.1	0	8.8	21.06	7.2	0	FALSE	TRUE	FALSE
2025-04-08	8.6	7.4	11.7	3.7	1.5	2.7	0	0	0	0	0	4.230769231	0	0.259055118	0.281889764	0	0.059055118	0	0	15.6	0	10.4	23.97	8.2	0	FALSE	TRUE	FALSE
2025-04-14	8.8	7.8	11.3	2.3	2.3	4.8	0	0	0	0	0	4.076923077	0	0.260629921	0.278740157	0	0.060629921	0	0	5.1	6.2	0.9	9.1	8.6	0	FALSE	TRUE	FALSE
2025-04-21	14	7.9	9.3	3.6	1.7	2.2	0	0	0	0	0	3.846153846	0	0.262992126	0.274015748	0	0.062992126	0	0	21.5	0	8.1	23.31	8.8	0	FALSE	TRUE	FALSE
2025-04-28	11.5	7.8	10.6	3.5	2.2	3.1	0	0	0	0	0	3.538461538	0	0.266141732	0.267716535	0	0.066141732	0	0	15.3	0	12.7	28.33	14	0	FALSE	TRUE	FALSE
2025-05-07	12.4	7.7	10	3.8	1.7	2.4	0	0	0	0	0	3.307692308	0	0.268503937	0.262992126	0	0.068503937	0	0	14.7	0	10.6	26.59	11.5	0	FALSE	TRUE	FALSE
2025-05-12	12.6	7.7	10.2	3.7	1.6	3.3	0	0	0	0	0	3.230769231	0	0.269291339	0.261417323	0	0.069291339	0	0	17.7	0	13	28.78	12.4	0	FALSE	TRUE	FALSE
2025-05-19	14.8	8.1	10.2	3.5	2	4.8	0	0	0	0	0	2.923076923	0	0.272440945	0.25511811	0	0.072440945	0	0	18.8	0	4.3	15.54	12.6	0	FALSE	TRUE	FALSE
2025-05-26	15	7.9	9.7	2.8	1.4	4.3	0	0	0	0	0	2.692307692	0	0.27480315	0.250393701	0	0.07480315	0	0	19.7	0	2.15	12.44	14.8	0	FALSE	TRUE	FALSE
2025-06-02	16.9	8	9.4	4.3	1.3	3.4	0	0	0	0	0	2.384615385	0	0.277952756	0.244094488	0	0.077952756	0	0	20.4	0	0	9.34	15	0	FALSE	TRUE	FALSE
2025-06-09	18.5	8.1	9.5	2.9	1.5	5.6	0	0	0	0	0	2.153846154	0	0.280314961	0.239370079	0	0.080314961	0	0	25.5	0	9.9	26.19	16.9	0	FALSE	TRUE	FALSE
2025-06-16	21.7	8.1	8.9	2.4	2	7.6	38	0	0	0	38	1.923076923	0	0.282677165	0.234645669	0	0.082677165	0	0	24.2	26.3	3.8	12.91	18.5	0	FALSE	TRUE	FALSE
2025-06-23	24.4	8.1	8.5	2.3	2.5	6.6	146	100	0	0	46	1.769230769	0	0.284251969	0.231496063	0	0.084251969	0	0	25.1	0	13.5	29	21.7	38	FALSE	TRUE	FALSE
2025-06-30	24.8	7.9	6.5	2	2.4	5.7	331	150	168	0	13	1.615384615	0	0.285826772	0.228346457	0	0.085826772	0	0	29.1	0	11.7	28.75	24.4	146	FALSE	TRUE	FALSE
2025-07-07	25.5	8	5.7	2.7	2.8	7.1	982	540	188	0	254	1.384615385	0	0.288188976	0.223622047	0	0.088188976	0	0	30	0	8.6	24.07	24.8	331	FALSE	TRUE	FALSE
2025-07-14	24.9	7.9	4.3	2.4	2.2	5.6	826	810	0	0	16	1	0	0.292125984	0.215748031	0	0.092125984	0	0	23.4	20.9	4	16.43	25.5	982	FALSE	TRUE	FALSE
2025-07-21	25.1	7.7	3.9	2.2	6.4	6.7	1073	820	0	0	253	0.846153846	0	0.293700787	0.212598425	0	0.093700787	0	0	28.4	0	9.1	23.59	24.9	826	FALSE	TRUE	FALSE
2025-07-28	25	7.3	3.9	2.5	4.2	1.4	950	817	0	0	133	0.615384615	0	0.296062992	0.207874016	0	0.096062992	0	0	30.9	0	7.65	20.76	25.1	1073	FALSE	TRUE	FALSE
2025-08-04	25.2	7.9	4.7	2.1	4	7.8	896	513	0	107	276	0.307692308	0	0.299212598	0.201574803	0	0.099212598	0	0	28.4	11.4	6.2	20.96	25	950	FALSE	TRUE	FALSE
2025-08-11	26.3	7.8	5.4	2.3	2.9	12.6	4228	3430	0	381	417	0.153846154	0	0.65	0.55	0	0.2	0	0	24.3	2.3	0.3	7.51	25.2	896	FALSE	TRUE	FALSE
2025-08-18	27.5	7.8	5	1.4	4.4	9.9	9604	9145	0	185	274	0	0	1.3	1.75	0.1	0.25	0.05	0.1	29.2	0	8.6	22.31	26.3	4228	FALSE	TRUE	FALSE
2025-08-25	27	7.9	4	1.7	2.9	16	7460	4513	125	2360	462	0	0	0.4	0.6	0	0.1	0	0.1	30.3	0	8.6	22.17	27.5	9604	FALSE	TRUE	FALSE
2025-09-01	27.2	7.6	4.4	1.7	3.6	5.7	5412	3971	117	132	1192	0	1.5	0.4	0.7	0.05	0.1	0	0.1	26.8	7.4	5.6	16.24	27	7460	FALSE	TRUE	FALSE
2025-09-08	27.1	7.8	4.8	1.6	6.8	8.9	15506	14118	0	1015	373	0	2.5	0.2	0.3	0	0	0	0	22.2	0	0.1	7.38	27.2	5412	FALSE	TRUE	FALSE
2025-09-15	26.1	7.6	4.6	1.8	7.5	14.2	30297	28930	233	418	716	0	0	0.6	1.1	0	0.1	0	0	25.3	0	2.4	13.39	27.1	15506	FALSE	TRUE	FALSE
2025-09-18	26.3	8	5.2	1.3	5.8	16.5	26209	24423	446	430	910	72	0	0.8	0.8	0	0.1	0	0	21.9	0	4.3	11.71	26.1	30297	FALSE	TRUE	FALSE
2025-09-22	25.8	7.5	6.5	1.9	6.3	14.1	13172	11597	307	468	800	118	0	0.4	0.4	0	0.1	0	0	21.2	0	2.1	12.18	26.3	26209	FALSE	TRUE	FALSE
2025-09-25	25.6	7.7	6.3	1.5	6.7	16.9	26287	21755	924	2933	675	143	0	0.5	0.5	0	0.1	0	0	22.2	14.8	0	3.67	25.8	13172	FALSE	TRUE	FALSE
2025-09-29	25.2	7.5	5.8	1.7	4.9	17.4	14209	12505	326	634	744	78	0	0.4	0.4	0	0.1	0	0	19.9	0	4.7	13.08	25.6	26287	FALSE	TRUE	FALSE
2025-10-01	25.1	7.5	5.8	1.5	6.9	15.6	12170	10396	150	1289	335	85	0	0.5	0.4	0	0.1	0	0	20.3	0	10.4	18.46	25.2	14209	FALSE	TRUE	FALSE
2025-10-08	24.1	7.6	7.4	1.2	5.6	27.7	23868	21513	667	1140	548	167	0	0.4	0.4	0	0.1	0	0	21.2	1.3	1.7	9.18	25.1	12170	FALSE	TRUE	FALSE
2025-10-10	24	7.4	7.4	1.6	5.1	29.3	25014	21399	229	2789	597	84	0	0.4	0.5	0	0.1	0	0	21.5	0	2.4	11.11	24.1	23868	FALSE	TRUE	FALSE
2025-10-14	23.5	7.2	5.4	1.9	4.7	22.3	18134	15825	0	2000	309	0	0	0.6	0.5	0	0.1	0	0	18.3	5.7	0	5.48	24	25014	FALSE	TRUE	FALSE
2025-10-16	23.5	7.5	7.5	1.6	6.9	21.3	17406	16305	0	755	346	6	0	0.6	0.5	0	0.1	0	0	19.4	30.6	0	6.6	23.5	18134	FALSE	TRUE	FALSE
2025-10-20	22.8	7.3	7.3	1.6	6.7	20.8	13266	11442	0	1675	149	0	0	0.4	0.5	0	0	0	0	11.5	0	9.7	15.82	23.5	17406	FALSE	TRUE	FALSE
2025-10-22	22.2	7.3	7.4	1.4	4.9	20.4	14385	12897	0	1305	183	0	0	0.3	0.8	0	0	0	0	13.4	0	6.3	13.02	22.8	13266	FALSE	TRUE	FALSE
2025-10-27	21.2	7.3	7.7	1.6	4.5	20.6	14127	13466	0	510	151	0	0	0.3	0.8	0	0	0	0	9.5	0	9.9	16.69	22.2	14385	FALSE	TRUE	FALSE
2025-10-29	20.6	7.5	8.1	1.4	5	16.8	15860	15608	0	86	166	0	0	0.2	0.7	0	0	0	0	9.6	0	9.7	15.18	21.2	14127	FALSE	TRUE	FALSE
2025-11-03	19.4	7.5	8.8	1.5	5.9	21.3	18429	18381	0	0	48	0	0	0.2	0.6	0	0	0	0	7	0	9.7	14.94	20.6	15860	FALSE	TRUE	FALSE
2025-11-06	19	7.4	8.6	1.7	4.3	15.9	15606	15432	0	0	174	0	0	0.1	0.4	0	0	0	0	11.3	0	6.4	11.62	19.4	18429	FALSE	TRUE	FALSE
2025-11-10	18.5	7.6	8.8	1.9	4.2	13.2	14645	14431	0	0	214	0	0	0.1	0.3	0	0	0	0	8.9	0	9.6	14.54	19	15606	FALSE	TRUE	FALSE
2025-11-13	17.9	7.6	9	2.3	3.2	12.1	17266	17183	0	0	83	0	0	0.1	0.3	0	0	0	0	9.3	0	8.1	11.2	18.5	14645	FALSE	TRUE	FALSE
2025-11-17	17.2	7.7	9	2.1	3.1	13.3	13499	13382	0	8	109	0	0	0.1	0.2	0	0	0	0	5.6	0	8.3	11.08	17.9	17266	FALSE	TRUE	FALSE
2025-11-20	16.3	7.6	9.3	2.2	6.8	7.1	9630	9524	0	0	106	0	0	0.1	0.2	0	0	0	0	8.5	0	5.3	10.38	17.2	13499	FALSE	TRUE	FALSE
2025-11-24	15.8	7.8	9.4	3	2.4	13.4	4238	4073	0	0	165	0	0	0.1	0.1	0	0	0	0	12	0	6.5	9.68	16.3	9630	FALSE	TRUE	FALSE
2025-12-01	14.6	7.7	9.6	3	5.4	13.4	1638	1432	7	0	199	0	0	0.1	0.1	0	0	0	0	7.9	0	8.6	11.82	15.8	4238	FALSE	TRUE	FALSE
2025-12-08	12.8	7.8	10	3	1.6	8.8	547	290	40	0	217	0	0	0.1	0.1	0	0	0	0	4.9	0	8.6	11.61	14.6	1638	FALSE	TRUE	FALSE
2025-12-15	11.7	7.8	10	3.7	1.2	6.1	392	210	0	0	182	0	0	0.1	0.1	0	0	0	0	1.8	0	1.6	6.82	12.8	547	FALSE	TRUE	FALSE
2025-12-22	10.9	7.7	9.7	3.6	1.2	8.1	141	0	0	0	141	0	0	0.1	0.1	0	0	0	0	-0.5	0	8.1	10.9	11.7	392	FALSE	TRUE	FALSE
2025-12-29	9.4	7.6	10	3.2	1.4	5.4	206	120	0	0	86	0	0	0.1	0.1	0	0	0	0	5.3	1	2.6	5.33	10.9	141	FALSE	TRUE	FALSE
2026-01-05	8.5	7.6	10.4	4	1.6	4.5	49	0	0	0	49	0	0	0.1	0.1	0	0	0	0	-0.2	0	8.4	11.35	9.4	206	FALSE	TRUE	FALSE
2026-01-12	7.5	7.7	10.7	3	1.5	2.3	50	0	0	0	50	0	0	0.1	0.1	0	0	0	0	-1.5	1.3	3.7	6.5	8.5	49	FALSE	TRUE	FALSE
2026-01-19	7	7.4	10.7	3.5	1.4	4.8	0	0	0	0	0	0	0	0.1	0.1	0	0	0	0	-1	0.6	3.9	7.56	7.5	50	FALSE	TRUE	FALSE
2026-01-26	5.9	7.6	11.2	5	1.4	3.8	136	0	0	0	136	0	0	0.1	0.1	0	0	0	0	-3.5	0	4.6	9.93	7	0	FALSE	TRUE	FALSE
2026-02-02	4.8	7.6	11.8	4	1.4	3.3	268	0	0	0	268	0	0	0.1	0.1	0	0	0	0	-1.9	2.4	7.1	11.79	5.9	136	FALSE	TRUE	FALSE
2026-02-09	4.6	7.6	11.9	3.8	1.2	4.1	226	0	0	0	226	0	0	0.1	0.1	0	0	0	0	-2	0	9.6	15.56	4.8	268	FALSE	TRUE	FALSE
2026-02-19	5.2	7.7	12.3	3.8	1.3	5	124	0	0	0	124	0	0	0.1	0.1	0	0	0	0	2.1	0	10.2	17.73	4.6	226	FALSE	TRUE	FALSE
2026-02-23	5.6	7.7	12.2	4	1.5	4.2	136	0	0	0	136	0	0	0.1	0.1	0	0	0	0	3	0	6.6	14.71	5.2	124	FALSE	TRUE	FALSE
2026-03-03	6.2	7.7	12.2	3.2	2.2	4.1	244	0	0	0	244	0	0	0.1	0.1	0	0	0	0	6.9	0.1	3.6	12.68	5.6	136	FALSE	TRUE	FALSE
2026-03-09	6.2	7.8	12.2	3.5	2.3	4.7	349	0	0	0	349	0	0	0.1	0.1	0	0	0	0	2.8	0	3.5	9.35	6.2	244	FALSE	TRUE	FALSE
2026-03-16	7.1	7.9	12.3	3.3	1.6	4.3	373	0	0	0	373	0	0	0.1	0.1	0	0	0	0	7.5	0	9	18.77	6.2	349	FALSE	TRUE	FALSE
2026-03-23	7.9	7.8	11.8	3.6	1.8	5	63	63	0	0	0	0	0	0.1	0.1	0	0	0	0	11.8	0	11.5	22.54	7.1	373	FALSE	TRUE	FALSE
2026-03-30	8.6	7.9	11.4	3.8	1.5	4	98	98	0	0	0	0	0	0.1	0.1	0	0	0	0	12.9	11.3	0.7	6.98	7.9	63	FALSE	TRUE	FALSE
2026-04-06	9	7.7	11.4	3.2	1.7	4	0	0	0	0	0	0	0	0.1	0.1	0	0	0	0	10	7.3	0	4.66	8.6	98	FALSE	TRUE	FALSE
2026-04-13	11.3	7.9	10.9	4.2	1.5	2	0	0	0	0	0	0	0	0.1	0.1	0	0	0	0	19	0	11.1	25.85	9	0	FALSE	TRUE	FALSE
2026-04-20	12.7	8.1	11	3.4	2	3.8	0	0	0	0	0	0	0	0.1	0.1	0	0	0	0	13.3	0.2	2	6.48	11.3	0	FALSE	TRUE	FALSE
2026-04-27	15.5	8.3	10.7	3.5	2.4	4.3	0	0	0	0	0	0	0	0.1	0.1	0	0	0	0	13.3	0	2	6.48	12.7	0	FALSE	TRUE	FALSE
2015-01-12	8.8	8.2	13.3	2.9	1.7	4.5	0	0	0	0	0	0	0	0	0.7	0	0	0	0	-1.8	0	8.9	12.35	8.8	48	FALSE	FALSE	TRUE
2015-01-19	8.8	8.2	13.3	2.9	1.7	4.5	0	0	0	0	0	0	0	0	0.7	0	0	0	0	1.8	0	2.3	5.16	8.8	0	FALSE	FALSE	TRUE
2015-01-26	8.8	8.2	13.3	2.9	1.7	4.5	0	0	0	0	0	0	0	0	0.7	0	0	0	0	5.3	0.3	0	1.82	8.8	0	FALSE	FALSE	TRUE
2015-02-02	8.8	8.2	13.3	2.9	1.7	4.5	0	0	0	0	0	0	0	0	0.7	0	0	0	0	-0.5	0	8	13.14	8.8	0	FALSE	FALSE	TRUE
2015-02-09	8.8	8.2	13.3	2.9	1.7	4.5	68	0	0	0	68	0	0	0	0.7	0	0	0	0	-4.5	0	9.1	14.99	8.8	0	FALSE	FALSE	TRUE
2015-02-16	8.8	8.2	13.3	2.9	1.7	4.5	56	0	56	0	0	0	0	0	0.7	0	0	0	0	4.8	17	0	1.33	8.8	68	FALSE	FALSE	TRUE
2015-02-23	8.8	8.2	13.3	2.9	1.7	4.5	0	0	0	0	0	0	0	0	0.7	0	0	0	0	3	0	6.9	15.66	8.8	56	FALSE	FALSE	TRUE
2015-03-02	8.8	8.2	13.3	2.9	1.7	4.5	0	0	0	0	0	0	0	0	0.7	0	0	0	0	3.8	0	10.5	20.08	8.8	0	FALSE	FALSE	TRUE
2015-03-09	8.8	8.2	13.3	2.9	1.7	4.5	158	0	0	0	158	0	0	0	0.7	0	0	0	0	4.4	0	9.1	18.79	8.8	0	FALSE	FALSE	TRUE
2015-03-16	8.8	8.2	13.3	2.9	1.7	4.5	0	0	0	0	0	0	0	0	0.7	0	0	0	0	10.3	0	9.3	19.06	8.8	158	FALSE	FALSE	TRUE
2015-03-23	8.8	8.2	13.3	2.9	1.7	4.5	0	0	0	0	0	0	0	0	0.7	0	0	0	0	5.3	0	11.6	24.63	8.8	0	FALSE	FALSE	TRUE
2015-03-30	8.8	8.2	13.3	2.9	1.7	4.5	14	0	0	0	14	0	0	0	0.7	0	0	0	0	14.8	0	10.3	22.87	8.8	0	FALSE	FALSE	TRUE
2015-04-06	8.8	8.2	13.3	2.9	1.7	4.5	0	0	0	0	0	0	0	0	0.7	0	0	0	0	10.4	2.1	0	5.41	8.8	14	FALSE	FALSE	TRUE
2015-04-13	8.8	8.2	13.3	2.9	1.7	4.5	0	0	0	0	0	0	0	0	0.7	0	0	0	0	10.8	1.5	0.2	5.43	8.8	0	FALSE	FALSE	TRUE
2015-04-20	8.8	8.2	13.3	2.9	1.7	4.5	18	0	0	0	18	0	0	0	0.7	0	0	0	0	11.5	13	0	3.63	8.8	0	FALSE	FALSE	TRUE
2015-04-27	8.8	8.2	13.3	2.9	1.7	4.5	0	0	0	0	0	0	0	0	0.7	0	0	0	0	19.3	0	12.4	27.61	8.8	18	FALSE	FALSE	TRUE
2015-05-04	8.8	8.2	13.3	2.9	1.7	4.5	184	18	0	0	166	0	0	0	0.7	0	0	0	0	16.4	0	11.8	27.61	8.8	0	FALSE	FALSE	TRUE
2015-05-11	8.8	8.2	13.3	2.9	1.7	4.5	22	0	0	0	22	0	0	0	0.7	0	0	0	0	18.2	10	5.3	16.62	8.8	184	FALSE	FALSE	TRUE
2015-05-18	8.8	8.2	13.3	2.9	1.7	4.5	540	280	86	0	174	10	0	0	0.7	0	0	0	0	18.7	0	5.6	18.34	8.8	22	FALSE	FALSE	TRUE
2015-05-26	8.8	8.2	13.3	2.9	1.7	4.5	16	0	0	0	16	8	0	0	0.7	0	0	0	0	22.3	0	13.3	31.86	8.8	540	FALSE	FALSE	TRUE
2015-06-01	8.8	8.2	13.3	2.9	1.7	4.5	0	0	0	0	0	0	0	0	0.7	0	0	0	0	23.3	0	12.5	28.27	8.8	16	FALSE	FALSE	TRUE
2015-06-08	8.8	8.2	13.3	2.9	1.7	4.5	0	0	0	0	0	0	0	0	0.7	0	0	0	0	22	0	1.3	12.78	8.8	0	FALSE	FALSE	TRUE
2015-06-15	8.8	8.2	13.3	2.9	1.7	4.5	656	620	36	0	0	0	0	0	0.7	0	0	0	0	24.9	0	5.1	19.87	8.8	0	FALSE	FALSE	TRUE
2015-06-22	8.8	8.2	13.3	2.9	1.7	4.5	644	420	224	0	0	0	0	0	0.7	0	0	0	0	24.4	0	7.1	23.5	8.8	656	FALSE	FALSE	TRUE
2015-06-29	8.8	8.2	13.3	2.9	1.7	4.5	78	0	78	0	0	0	0	0	0.7	0	0	0	0	25.7	0	10.1	26.28	8.8	644	FALSE	FALSE	TRUE
2015-07-06	8.8	8.2	13.3	2.9	1.7	4.5	292	220	8	0	64	6	0	0	0.7	0	0	0	0	24.3	0	8.5	23.09	8.8	78	FALSE	FALSE	TRUE
2015-07-13	8.8	8.2	13.3	2.9	1.7	4.5	260	220	0	0	40	18	11	0	0.7	0	0	0	0	23.9	4.6	0.1	6.15	8.8	292	FALSE	FALSE	TRUE
2015-07-20	8.8	8.2	13.3	2.9	1.7	4.5	1406	934	346	0	126	12	0	0	0.7	0	0	0	0	27.4	0	4.2	19.86	8.8	260	FALSE	FALSE	TRUE
2015-07-27	8.8	8.2	13.3	2.9	1.7	4.5	1044	836	164	0	44	18	0	0	0.7	0	0	0	0	25.7	4	2.3	8.13	8.8	1406	FALSE	FALSE	TRUE
2015-08-03	8.8	8.2	13.3	2.9	1.7	4.5	914	720	0	0	194	19	40	0	0.7	0	0	0	0	29	0	13	27.86	8.8	1044	FALSE	FALSE	TRUE
2015-08-10	8.8	8.2	13.3	2.9	1.7	4.5	1020	884	0	14	122	12	48	0	0.7	0	0	0	0	26.3	0	1.6	14.28	8.8	914	FALSE	FALSE	TRUE
2015-08-17	8.8	8.2	13.3	2.9	1.7	4.5	336	318	0	18	0	0	29	0	0.7	0	0	0	0	26.8	0	11.2	23.9	8.8	1020	FALSE	FALSE	TRUE
2015-08-24	8.8	8.2	13.3	2.9	1.7	4.5	922	120	0	610	192	10	24	0	0.7	0	0	0	0	26.5	0	4.3	15.03	8.8	336	FALSE	FALSE	TRUE
2015-08-31	8.8	8.2	13.3	2.9	1.7	4.5	1702	1280	42	220	160	0	0	0	0.7	0	0	0	0	25.3	0	10	20.98	8.8	922	FALSE	FALSE	TRUE
2015-09-07	8.8	8.2	13.3	2.9	1.7	4.5	814	0	266	212	336	12	0	0	0.7	0	0	0	0	22.6	0	12.2	26.26	8.8	1702	FALSE	FALSE	TRUE
2015-09-14	8.8	8.2	13.3	2.9	1.7	4.5	600	0	172	86	342	16	0	0	0.7	0	0	0	0	19.9	0	11.1	22.54	8.8	814	FALSE	FALSE	TRUE
2015-09-21	8.8	8.2	13.3	2.9	1.7	4.5	990	520	36	24	410	5	0	0	0.7	0	0	0	0	21.9	0	10.6	21.9	8.8	600	FALSE	FALSE	TRUE
2015-09-30	8.8	8.2	13.3	2.9	1.7	4.5	1770	720	62	44	944	0	0	0	0.7	0	0	0	0	21.1	0	1.7	11.49	8.8	990	FALSE	FALSE	TRUE
2015-10-05	8.8	8.2	13.3	2.9	1.7	4.5	788	324	64	44	356	0	9	0	0.7	0	0	0	0	17.8	0	10.8	19.85	8.8	1770	FALSE	FALSE	TRUE
2015-10-12	8.8	8.2	13.3	2.9	1.7	4.5	886	0	58	48	780	5	31	0	0.7	0	0	0	0	13.6	0.7	8.3	16.28	8.8	788	FALSE	FALSE	TRUE
2015-10-19	8.8	8.2	13.3	2.9	1.7	4.5	2346	660	354	192	1140	0	0	0	0.7	0	0	0	0	17.1	0	8.7	14.34	8.8	886	FALSE	FALSE	TRUE
2015-10-26	8.8	8.2	13.3	2.9	1.7	4.5	2456	660	630	16	1150	16	47	0	0.7	0	0	0	0	16.9	0	7.4	13.75	8.8	2346	FALSE	FALSE	TRUE
2015-11-02	8.8	8.2	13.3	2.9	1.7	4.5	2136	388	492	0	1256	19	48	0	0.7	0	0	0	0	9.4	0	6.8	11.73	8.8	2456	FALSE	FALSE	TRUE
2015-11-09	8.8	8.2	13.3	2.9	1.7	4.5	1474	0	200	48	1226	17	35	0	0.7	0	0	0	0	13.1	1.7	0.7	4.44	8.8	2136	FALSE	FALSE	TRUE
2015-11-16	8.8	8.2	13.3	2.9	1.7	4.5	1606	120	508	0	978	28	28	0	0.7	0	0	0	0	11.7	26.3	0.1	3.76	8.8	1474	FALSE	FALSE	TRUE
2015-11-25	8.8	8.2	13.3	2.9	1.7	4.5	1078	0	272	0	806	28	0	0	0.7	0	0	0	0	5.7	8.7	0	1.61	8.8	1606	FALSE	FALSE	TRUE
2015-11-30	8.8	8.2	13.3	2.9	1.7	4.5	1052	0	110	0	942	18	0	0	0.7	0	0	0	0	6.9	0	5.3	8	8.8	1078	FALSE	FALSE	TRUE
2015-12-07	8.8	8.2	13.3	2.9	1.7	4.5	728	60	66	0	602	0	0	0	0.7	0	0	0	0	2.1	0	8.7	11.5	8.8	1052	FALSE	FALSE	TRUE
2015-12-14	8.8	8.2	13.3	2.9	1.7	4.5	242	0	0	0	242	0	0	0	0.7	0	0	0	0	7.2	9.9	0	2.04	8.8	728	FALSE	FALSE	TRUE
2015-12-21	8.8	8.2	13.3	2.9	1.7	4.5	448	0	0	0	448	0	0	0	0.7	0	0	0	0	4.3	1.2	5.1	6.95	8.8	242	FALSE	FALSE	TRUE
2015-12-28	8.8	8.2	13.3	2.9	1.7	4.5	368	0	0	0	368	0	0	0	0.7	0	0	0	0	-3.2	0	7.5	11.12	8.8	448	FALSE	FALSE	TRUE
2016-01-05	8.8	8.2	13.3	2.9	1.7	4.5	176	0	0	0	176	0	0	0	0.7	0	0	0	0	-0.6	0	4.8	7.72	8.8	368	FALSE	FALSE	TRUE
2016-01-11	8.8	8.2	13.3	2.9	1.7	4.5	42	0	0	0	42	0	0	0	0.7	0	0	0	0	-1.8	0	8.7	11.6	8.8	176	FALSE	FALSE	TRUE
2016-01-18	8.8	8.2	13.3	2.9	1.7	4.5	84	0	0	0	84	0	0	0	0.7	0	0	0	0	-3.1	3.5	4.3	6.16	8.8	42	FALSE	FALSE	TRUE
2016-01-25	8.8	8.2	13.3	2.9	1.7	4.5	0	0	0	0	0	0	0	0	0.7	0	0	0	0	-7.8	0.1	7.8	12.09	8.8	84	FALSE	FALSE	TRUE
2016-02-01	8.8	8.2	13.3	2.9	1.7	4.5	142	0	0	0	142	0	0	0	0.7	0	0	0	0	-3.9	0	9.3	14.95	8.8	0	FALSE	FALSE	TRUE
2016-02-11	8.8	8.2	13.3	2.9	1.7	4.5	0	0	0	0	0	0	0	0	0.7	0	0	0	0	6.8	0.4	4.1	9.97	8.8	142	FALSE	FALSE	TRUE
2016-02-15	8.8	8.2	13.3	2.9	1.7	4.5	0	0	0	0	0	0	0	0	0.7	0	0	0	0	-3.3	0	9.1	17.51	8.8	0	FALSE	FALSE	TRUE
2016-02-22	8.8	8.2	13.3	2.9	1.7	4.5	0	0	0	0	0	0	0	0	0.7	0	0	0	0	2.9	0	1.6	9.29	8.8	0	FALSE	FALSE	TRUE
2016-03-02	8.8	8.2	13.3	2.9	1.7	4.5	0	0	0	0	0	0	0	0	0.7	0	0	0	0	3	0	10.6	19.68	8.8	0	FALSE	FALSE	TRUE
2016-03-07	8.8	8.2	13.3	2.9	1.7	4.5	0	0	0	0	0	0	0	0	0.7	0	0	0	0	9	0	3.2	9.72	8.8	0	FALSE	FALSE	TRUE
2016-03-14	8.8	8.2	13.3	2.9	1.7	4.5	0	0	0	0	0	0	0	0	0.7	0	0	0	0	4.4	0	6	11.89	8.8	0	FALSE	FALSE	TRUE
2016-03-21	8.8	8.2	13.3	2.9	1.7	4.5	0	0	0	0	0	0	0	0	0.7	0	0	0	0	9.5	0	10.3	21.51	8.8	0	FALSE	FALSE	TRUE
2016-03-28	8.8	8.2	13.3	2.9	1.7	4.5	0	0	0	0	0	0	0	0	0.7	0	0	0	0	9.4	0	11.6	24.33	8.8	0	FALSE	FALSE	TRUE
2016-04-04	7.9	8	12.5	2.5	1.2	5.2	0	0	0	0	0	0	0	0	0.7	0	0	0	0	13.5	0	6.8	19.2	8.8	0	FALSE	FALSE	TRUE
2016-04-11	8.6	8	11	2.5	1.3	6.2	0	0	0	0	0	0	0	0	0.7	0	0	0	0	13.2	0	11.4	26.86	7.9	0	FALSE	FALSE	TRUE
2016-04-18	8.9	7.4	11.4	2.8	1.5	5.3	0	0	0	0	0	0	0	0	0.7	0	0	0	0	12.3	1.7	9.6	23.73	8.6	0	FALSE	FALSE	TRUE
2016-04-25	10.1	7.3	10.7	2.8	1.3	4.3	0	0	0	0	0	0	0	0	0.7	0	0	0	0	17.7	0	11.6	26.84	8.9	0	FALSE	FALSE	TRUE
2016-05-02	11.1	7.8	11.8	2	1.7	6	0	0	0	0	0	0	0	0	0.7	0	0	0	0	19.8	6.3	8.3	22.04	10.1	0	FALSE	FALSE	TRUE
2016-05-09	11.4	7.8	11.3	1.5	1.6	6.8	38	0	0	0	38	0	0	0	0.7	0	0	0	0	20	0	2.9	18.29	11.1	0	FALSE	FALSE	TRUE
2016-05-16	12.2	7.9	10.3	2.5	1.4	6.4	0	0	0	0	0	0	0	0	0.7	0	0	0	0	15.9	5.2	11.7	29.91	11.4	38	FALSE	FALSE	TRUE
2016-05-23	13.6	7.9	10.2	2.5	1.4	4.4	12	0	0	0	12	0	0	0	0.7	0	0	0	0	23.1	0	10.5	26.78	12.2	0	FALSE	FALSE	TRUE
2016-05-30	14.2	7.7	8.5	4.2	1	3.8	0	0	0	0	0	0	0	0	0.7	0	0	0	0	22	0	12.2	29.85	13.6	12	FALSE	FALSE	TRUE
2016-06-07	15.5	7.7	6.8	4.9	1.1	2.5	260	0	182	0	78	2	0	0	0.7	0	0	0	0	21.9	1.2	4.1	17.95	14.2	0	FALSE	FALSE	TRUE
2016-06-13	16.6	7.4	6.2	4.8	1.2	2.3	442	340	70	0	32	3	6	0	0.7	0	0	0	0	24.6	0	8.7	24.26	15.5	260	FALSE	FALSE	TRUE
2016-06-20	16.7	7.5	5.4	4.3	1.7	2.8	90	0	68	0	22	0	0	0	0.7	0	0	0	0	24.2	2.2	5.8	19.67	16.6	442	FALSE	FALSE	TRUE
2016-06-27	16.6	7.5	5	6.7	1.3	3.2	264	26	174	0	64	0	0	0	0.7	0	0	0	0	23.3	5.5	5.1	16.32	16.7	90	FALSE	FALSE	TRUE
2016-07-04	17.3	7.4	3.6	3.9	1.9	6	582	560	0	0	22	0	0	0	0.7	0	0	0	0	22.1	179.1	0	3.42	16.6	264	FALSE	FALSE	TRUE
2016-07-11	20	7.7	7.8	2.4	38.3	4.4	272	272	0	0	0	0	0	0	0.7	0	0	0	0	27.1	0.3	2.8	16.95	17.3	582	FALSE	FALSE	TRUE
2016-07-18	20.8	7.7	6.2	3.2	21	3.4	338	0	56	0	282	5	0	0	0.7	0	0	0	0	24.3	0	8.3	20.07	20	272	FALSE	FALSE	TRUE
2016-07-25	22.9	8	7.2	2.1	18.3	3.7	3146	3020	126	0	0	0.048192771	0	0	0.7	0	0	0	0	29.2	0	6.7	15.99	20.8	338	FALSE	FALSE	TRUE
2016-08-01	22.3	8.2	5.9	2.4	11.3	3.2	5588	5268	108	212	0	0.144578313	0	0	0.7	0	0	0	0	28.7	0	4.9	19.06	22.9	3146	FALSE	FALSE	TRUE
2016-08-08	23.4	8.2	5.6	1.6	12.5	5.4	8598	8152	54	392	0	0.21686747	0	0	0.7	0	0	0	0	29.7	0	11.9	24.82	22.3	5588	FALSE	FALSE	TRUE
2016-08-16	24.2	8.4	5.1	2	9.2	5.7	3422	2700	274	176	272	0.289156627	0	0	0.7	0	0	0	0	29.9	0	9	23.67	23.4	8598	FALSE	FALSE	TRUE
2016-08-22	23.4	8.3	5	1.6	9.7	6.2	8064	7956	86	0	22	0.361445783	0	0	0.7	0	0	0	0	30.3	0	11.4	23.9	24.2	3422	FALSE	FALSE	TRUE
2016-08-29	22.5	7.8	4.8	1.8	8.3	7.3	2324	2322	0	2	0	0.385542169	0	0	0.7	0	0	0	0	20.5	3.1	9.9	22.85	23.4	8064	FALSE	FALSE	TRUE
2016-09-05	22	8.2	3.5	1.9	7.6	5.7	5946	4600	138	1208	0	0.506024096	0	0	0.7	0	0	0	0	26.2	0	5	13.15	22.5	2324	FALSE	FALSE	TRUE
2016-09-12	21.8	7.9	3.3	3	5.1	2.7	2828	2740	0	66	22	0.530120482	0	0	0.7	0	0	0	0	23.5	9.8	5.7	15.95	22	5946	FALSE	FALSE	TRUE
2016-09-19	22.4	7.4	2.1	2.5	7.1	2.7	1700	1600	0	84	16	0.602409639	0	0	0.7	0	0	0	0	20	0	0.4	10.3	21.8	2828	FALSE	FALSE	TRUE
2016-09-26	20.9	7.5	3.5	2.8	6	5.3	300	220	54	0	26	0.722891566	0	0	0.7	0	0	0	0	22.1	0	2.5	9.8	22.4	1700	FALSE	FALSE	TRUE
2016-10-04	21.7	7.6	4.6	2.8	4.7	4.8	868	810	58	0	0	0.795180723	0	0	0.7	0	0	0	0	22.1	0	8.7	19.62	20.9	300	FALSE	FALSE	TRUE
2016-10-10	20.8	7.6	5.4	2.4	7.3	11.8	736	640	82	0	14	0.843373494	0	0	0.7	0	0	0	0	12.7	0	6.3	13.15	21.7	868	FALSE	FALSE	TRUE
2016-10-17	20.4	8.4	7.4	2.9	5.1	13.8	126	80	46	0	0	0.915662651	0	0	0.7	0	0	0	0	17.6	1	6.9	14.43	20.8	736	FALSE	FALSE	TRUE
2016-10-24	19.6	7.2	7.5	3.2	2.5	8.2	316	316	0	0	0	0.963855422	0	0	0.7	0	0	0	0	15.5	0	8.9	15.78	20.4	126	FALSE	FALSE	TRUE
2016-10-31	18.3	7.5	5.5	3.1	3	7.7	0	0	0	0	0	1.060240964	0	0	0.7	0	0	0	0	7.8	0	0	2.68	19.6	316	FALSE	FALSE	TRUE
2016-11-07	17.4	7.6	7.2	2.9	4.3	7.4	16	0	0	16	0	1.108433735	0	0	0.7	0	0	0	0	14.3	2.7	5.2	10.18	18.3	0	FALSE	FALSE	TRUE
2016-11-14	16.5	7.4	8.2	3.6	3.8	5.8	0	0	0	0	0	1.180722892	0	0	0.7	0	0	0	0	15.3	0.1	6.7	10.67	17.4	16	FALSE	FALSE	TRUE
2016-11-21	15.1	7.6	8.8	3	3.1	5	0	0	0	0	0	1.277108434	0	0	0.7	0	0	0	0	8.7	0.1	0	2.33	16.5	0	FALSE	FALSE	TRUE
2016-11-28	14	7.5	7.5	3.3	2.4	6.2	0	0	0	0	0	1.34939759	0	0	0.7	0	0	0	0	2.8	0	8	11.58	15.1	0	FALSE	FALSE	TRUE
2016-12-05	12.7	7.4	8.9	3.2	1.9	6	66	0	28	0	38	1.445783133	0	0	0.7	0	0	0	0	8.9	0.2	3.7	6.22	14	0	FALSE	FALSE	TRUE
2016-12-12	11.3	7.5	9.1	3.8	1.8	4.6	0	0	0	0	0	1.469879518	0	0	0.7	0	0	0	0	4.3	0	6.5	8.18	12.7	66	FALSE	FALSE	TRUE
2016-12-19	10.4	8.4	9.6	4.4	1.6	3.5	84	0	0	0	84	1.542168675	0	0	0.7	0	0	0	0	7.8	1.8	0.9	3.97	11.3	0	FALSE	FALSE	TRUE
2016-12-26	9.5	8.4	9.9	1.3	3.1	2.5	140	0	0	0	140	1.662650602	0	0	0.7	0	0	0	0	3.1	10.8	0	1.48	10.4	84	FALSE	FALSE	TRUE
2017-01-02	8.7	8.4	10.2	4.2	1.8	2.1	32	0	0	0	32	1.734939759	0	0	0.7	0	0	0	0	4.7	0	4.5	7.77	9.5	140	FALSE	FALSE	TRUE
2017-01-09	7.9	8.4	11	4.2	1.9	1.9	28	0	0	0	28	1.807228916	0	0	0.7	0	0	0	0	4.3	0	6.4	8.35	8.7	32	FALSE	FALSE	TRUE
2017-01-16	7.2	7.7	11.1	4.2	1.3	2.1	178	0	0	0	178	1.831325301	0	0	0.7	0	0	0	0	-3.9	0	9.1	13.58	7.9	28	FALSE	FALSE	TRUE
2017-01-23	6.3	7.7	10.8	5.7	1.5	2.9	34	0	0	0	34	1.927710843	0	0	0.7	0	0	0	0	-6.5	0	8.9	14.14	7.2	178	FALSE	FALSE	TRUE
2017-01-31	5.6	8.6	10.5	5.7	1.2	2.2	98	0	0	0	98	2.024096386	0	0	0.7	0	0	0	0	-4.2	0	7.9	13.67	6.3	34	FALSE	FALSE	TRUE
2017-02-06	5.4	8.7	12.8	3.8	1.7	2.4	492	0	0	0	492	2.096385542	0	0	0.7	0	0	0	0	0	0	8.7	14.07	5.6	98	FALSE	FALSE	TRUE
2017-02-13	4.9	7.1	11.9	6.3	1.1	2.1	176	0	0	0	176	2.120481928	0	0	0.7	0	0	0	0	0.3	0.6	5.7	11.33	5.4	492	FALSE	FALSE	TRUE
2017-02-20	5.1	7.8	12.2	3.5	2.8	2.1	142	0	0	0	142	2.192771084	0	0	0.7	0	0	0	0	1.3	15.3	7	15.09	4.9	176	FALSE	FALSE	TRUE
2017-02-27	5.2	7.7	12.6	5.3	1.4	2.3	130	0	0	0	130	2.265060241	0	0	0.7	0	0	0	0	4.2	0	10.1	18.64	5.1	142	FALSE	FALSE	TRUE
2017-03-06	5.4	7.9	12.4	2.9	2.4	2.3	36	0	0	0	36	2.361445783	0	0	0.7	0	0	0	0	1.8	0	10.8	21.82	5.2	130	FALSE	FALSE	TRUE
2017-03-13	6.2	7.6	12.7	4.3	1.6	2.4	248	0	0	0	248	2.457831325	0	0	0.7	0	0	0	0	8	0	9.3	20.41	5.4	36	FALSE	FALSE	TRUE
2017-03-20	6.6	7.5	12.7	4.1	3.2	2	256	0	0	0	256	2.506024096	0	0	0.7	0	0	0	0	8.6	0.1	2.3	7.39	6.2	248	FALSE	FALSE	TRUE
2017-03-27	6.7	7.7	12.5	2.9	1.4	1.8	68	0	0	0	68	2.602409639	0	0	0.7	0	0	0	0	6.4	1.6	5.2	10.9	6.6	256	FALSE	FALSE	TRUE
2017-04-03	7.7	7.6	12.6	5.9	1.1	1.4	172	0	0	0	172	2.674698795	0	0	0.7	0	0	0	0	12	0	11.7	25.31	6.7	68	FALSE	FALSE	TRUE
2017-04-10	8.2	7.6	13.2	3	1.4	1.7	32	0	0	0	32	2.722891566	0	0	0.7	0	0	0	0	15.1	0	10.3	25.92	7.7	172	FALSE	FALSE	TRUE
2017-04-17	8.9	7.9	12	5.2	3.2	2.1	0	0	0	0	0	2.819277108	0	0	0.7	0	0	0	0	13.7	26.8	1.9	3.39	8.2	32	FALSE	FALSE	TRUE
2017-04-24	9.9	8	11.3	8.3	1.3	1.9	0	0	0	0	0	2.891566265	0	0	0.7	0	0	0	0	15.2	0	12	29	8.9	0	FALSE	FALSE	TRUE
2017-05-02	10.9	8.4	10.3	8.1	1.6	1.4	0	0	0	0	0	2.939759036	0	0	0.7	0	0	0	0	20	0	11.5	25	9.9	0	FALSE	FALSE	TRUE
2017-05-08	10.8	8.2	10.5	5.5	1.4	1.8	0	0	0	0	0	3.012048193	0	0	0.7	0	0	0	0	18.2	0	4.2	16.62	10.9	0	FALSE	FALSE	TRUE
2017-05-15	11.6	7.8	10.1	6.7	1.2	1.6	0	0	0	0	0	3.108433735	0	0	0.7	0	0	0	0	16.7	0	13.2	31.16	10.8	0	FALSE	FALSE	TRUE
2017-05-22	12.5	8.5	9	6.4	1.8	2.5	0	0	0	0	0	3.180722892	0	0	0.7	0	0	0	0	21.7	0	13.3	30.86	11.6	0	FALSE	FALSE	TRUE
2017-05-29	12.9	7.9	9.2	6.8	1.3	2.5	0	0	0	0	0	3.204819277	0	0	0.7	0	0	0	0	24.1	0	12.2	28.74	12.5	0	FALSE	FALSE	TRUE
2017-06-05	13.5	7.8	8.7	4.2	1.8	2.7	0	0	0	0	0	3.301204819	0	0	0.7	0	0	0	0	22.6	0	12.3	29.88	12.9	0	FALSE	FALSE	TRUE
2017-06-12	13.4	8	8.8	2.6	1.8	3.6	0	0	0	0	0	3.373493976	0	0	0.7	0	0	0	0	22.1	0	9.1	25.05	13.5	0	FALSE	FALSE	TRUE
2017-06-19	14.4	8.3	8.2	3.1	1.7	2	0	0	0	0	0	3.445783133	0	0	0.7	0	0	0	0	26.1	0	12.4	28.64	13.4	0	FALSE	FALSE	TRUE
2017-06-26	15	8.4	7.9	2.2	1.7	3	0	0	0	0	0	3.542168675	0	0	0.7	0	0	0	0	23.9	1.8	4.1	15.51	14.4	0	FALSE	FALSE	TRUE
2017-07-03	16.1	7.9	5.8	3.9	1.6	2.4	0	0	0	0	0	3.614457831	0	0	0.7	0	0	0	0	25.3	69.9	0.6	8.72	15	0	FALSE	FALSE	TRUE
2017-07-10	16.8	8.1	6.2	2.6	4	3.3	964	0	964	0	0	3.686746988	0	0	0.7	0	0	0	0	25.8	35	0.6	7.68	16.1	0	FALSE	FALSE	TRUE
2017-07-17	19.8	8.3	6.3	2.5	10.6	7.9	4402	3620	782	0	0	3.759036145	0	0	0.7	0	0	0	0	25.6	7.1	0	8.58	16.8	964	FALSE	FALSE	TRUE
2017-07-24	18.8	8.3	6.8	1.9	6.4	6.4	4594	2540	1318	736	0	3.831325301	0	0	0.7	0	0	0	0	28.8	0.7	0	8.75	19.8	4402	FALSE	FALSE	TRUE
2017-07-31	19.8	8.2	5.2	0.9	7.2	13.2	38964	37906	102	834	122	3.879518072	0	0	0.7	0	0	0	0	25.1	29.2	0	3.86	18.8	4594	FALSE	FALSE	TRUE
2017-08-07	21.2	8.5	5.6	1.3	6.4	6	20724	20026	0	620	78	3.975903614	0	0	0.7	0	0	0	0	29.4	0	11.2	24.26	19.8	38964	FALSE	FALSE	TRUE
2017-08-10	20.8	8.1	4.6	1.5	6.6	7.2	18724	17080	286	850	508	4	0	0	0.7	0	0	0	0	26.4	3.8	4	14.59	21.2	20724	FALSE	FALSE	TRUE
2017-08-14	20.1	8.5	4.6	0.5	17.2	25.4	85734	85560	0	174	0	0	0	0	0.7	0	0	0	0	22.4	65	0.2	6.15	20.8	18724	FALSE	FALSE	TRUE
2017-08-17	19.4	7.8	3.9	1	10.3	19.4	63944	63540	0	214	190	0	0	0	0.7	0	0	0	0	25.7	1.2	5.2	17.79	20.1	85734	FALSE	FALSE	TRUE
2017-08-21	20.1	8.2	6.5	0.4	26.6	38.7	206126	205340	0	786	0	0	0	0	0.7	0	0	0	0	24.7	36.1	0.1	6.86	19.4	63944	FALSE	FALSE	TRUE
2017-08-24	20.7	8.1	5.5	0.8	32.1	13.9	77554	76200	116	1180	58	0	0	0	0.7	0	0	0	0	27.5	49.8	3	9.99	20.1	206126	FALSE	FALSE	TRUE
2017-08-28	21.4	8.5	5.1	1	8.7	9.4	31940	31400	0	540	0	0	0	0	0.7	0	0	0	0	24.8	35.2	3.8	12.7	20.7	77554	FALSE	FALSE	TRUE
2017-08-31	20.9	8.1	3.9	1.8	6	7.5	16282	11684	0	4420	178	0	0	0	0.7	0	0	0	0	21.5	0	11.1	24.57	21.4	31940	FALSE	FALSE	TRUE
2017-09-04	23.5	8.4	5	1	6.7	11	11024	9286	36	1658	44	0	0	0	0.7	0	0	0	0	22.4	0	8.5	21.18	20.9	16282	FALSE	FALSE	TRUE
2017-09-07	21	8.3	4.3	2.2	4.8	7.1	5476	4964	0	212	300	0	0	0	0.7	0	0	0	0	21.9	0	5.2	15.98	23.5	11024	FALSE	FALSE	TRUE
2017-09-11	22.2	8	4.5	2.6	5.5	5.1	2854	2344	0	166	344	0	0	0	0.7	0	0	0	0	20.4	77	0.3	6.29	21	5476	FALSE	FALSE	TRUE
2017-09-18	20.5	7.7	4.7	2.1	6.6	6.1	4068	1916	0	1958	194	0	0.056962025	0	0.7	0	0	0	0	21.3	0	10.8	21.21	22.2	2854	FALSE	FALSE	TRUE
2017-09-25	21.6	8	6.5	1.8	4.1	5.5	598	300	0	246	52	0	0.113924051	0	0.7	0	0	0	0	23.1	0	8.3	18.79	20.5	4068	FALSE	FALSE	TRUE
2017-09-29	23.9	8.2	8.4	3.1	2.6	5.8	1368	360	0	914	94	0	0.189873418	0	0.7	0	0	0	0	15.8	0	10.5	19.62	21.6	598	FALSE	FALSE	TRUE
2017-10-10	20.7	8.3	8.1	2.8	5.2	7.1	862	460	0	402	0	0	0.227848101	0	0.7	0	0	0	0	22.3	0	5	12.58	23.9	1368	FALSE	FALSE	TRUE
2017-10-16	18.5	7.3	4.7	3	4.2	5.3	402	180	0	222	0	0	0.284810127	0	0.7	0	0	0	0	16	0	4.4	11.15	20.7	862	FALSE	FALSE	TRUE
2017-10-23	18.8	7.4	4.8	3.3	4.9	3.4	674	160	0	428	86	0	0.341772152	0	0.7	0	0	0	0	13	0	9.8	16.83	18.5	402	FALSE	FALSE	TRUE
2017-10-30	17.3	7.5	5.2	3.8	2.9	4.3	360	0	0	360	0	0	0.398734177	0	0.7	0	0	0	0	7	0	9.9	16.92	18.8	674	FALSE	FALSE	TRUE
2017-11-06	17.9	7.6	6.5	3.8	2.8	4	368	62	0	306	0	0	0.455696203	0	0.7	0	0	0	0	9.2	0	9.2	14.46	17.3	360	FALSE	FALSE	TRUE
2017-11-13	17.2	7.7	8	3	2.2	6.7	38	0	0	38	0	0	0.493670886	0	0.7	0	0	0	0	7.3	0	1.5	6.49	17.9	368	FALSE	FALSE	TRUE
2017-11-20	15.5	7.7	8.4	3.1	2.6	6.6	132	0	0	94	38	0	0.588607595	0	0.7	0	0	0	0	3.7	0	7.7	11.92	17.2	38	FALSE	FALSE	TRUE
2017-11-27	13.9	7.6	8.5	2.6	2	3.5	0	0	0	0	0	0	0.64556962	0	0.7	0	0	0	0	3.1	0	8.3	11.09	15.5	132	FALSE	FALSE	TRUE
2017-12-04	12.4	7.7	9.1	2.9	2.2	3.5	0	0	0	0	0	0	0.702531646	0	0.7	0	0	0	0	2.3	0	7.4	11.67	13.9	0	FALSE	FALSE	TRUE
2017-12-11	10.9	7.7	9.4	3.5	2	3.9	0	0	0	0	0	0	0.740506329	0	0.7	0	0	0	0	-4.2	0.6	2.4	6.19	12.4	0	FALSE	FALSE	TRUE
2017-12-18	9.2	7.8	10.1	2.9	1.6	4.1	0	0	0	0	0	0	0.778481013	0	0.7	0	0	0	0	1	0	7	9.51	10.9	0	FALSE	FALSE	TRUE
2017-12-26	7.9	7.8	11.2	4.1	1.4	7.3	0	0	0	0	0	0	0.835443038	0	0.7	0	0	0	0	-1.1	0.3	5.5	4.31	9.2	0	FALSE	FALSE	TRUE
2018-01-02	7.3	7.8	11.5	4	2.8	4.1	240	240	0	0	0	0	0.911392405	0	0.7	0	0	0	0	-1	0	0.3	2.33	7.9	0	FALSE	FALSE	TRUE
2018-01-08	6.6	7.7	12.3	4.6	2	4.9	0	0	0	0	0	0	0.987341772	0	0.7	0	0	0	0	1.5	3.6	0	1.05	7.3	240	FALSE	FALSE	TRUE
2018-01-15	5.8	7.7	13.3	4.5	1.2	5.4	0	0	0	0	0	0	1.025316456	0	0.7	0	0	0	0	5.5	0	7.5	6.4	6.6	0	FALSE	FALSE	TRUE
2018-01-22	5.6	7.5	11.4	5.6	1.2	3.5	0	0	0	0	0	0	1.101265823	0	0.7	0	0	0	0	3	0.8	1.2	6.34	5.8	0	FALSE	FALSE	TRUE
2018-01-29	4.175	7.575	12.15	4.775	1.35	4.025	0	0	0	0	0	0	1.158227848	0	0.7	0	0	0	0	-6.8	0	9.2	8.42	5.6	0	FALSE	FALSE	TRUE
2018-02-05	3.7	7.6	12.4	4.5	1.4	4.2	0	0	0	0	0	0	1.17721519	0	0.7	0	0	0	0	-8.1	0	9.1	8.58	4.175	0	FALSE	FALSE	TRUE
2018-02-12	3.51	7.16	12.38	4.32	1.55	3.41	0	0	0	0	0	0	1.234177215	0	0.7	0	0	0	0	-4.8	1.4	4.7	6.75	3.7	0	FALSE	FALSE	TRUE
2018-02-19	4.06	7.46	12.78	4.42	1.8	3.96	0	0	0	0	0	0	1.329113924	0	0.7	0	0	0	0	2.5	0	8.4	8.54	3.51	0	FALSE	FALSE	TRUE
2018-02-26	4.39	7.64	13.02	4.48	1.95	4.29	0	0	0	0	0	0	1.386075949	0	0.7	0	0	0	0	4	0	10.5	12.46	4.06	0	FALSE	FALSE	TRUE
2018-03-05	4.5	7.7	13.1	4.5	2	4.4	0	0	0	0	0	0	1.405063291	0	0.7	0	0	0	0	6.6	18.6	0	4.88	4.39	0	FALSE	FALSE	TRUE
2018-03-12	5.5	7.8	13.4	4.2	2.2	3.9	0	0	0	0	0	0	1.462025316	0	0.7	0	0	0	0	8.6	0	10.3	20.14	4.5	0	FALSE	FALSE	TRUE
2018-03-19	5.8	8.3	13.2	2.9	4	4.9	0	0	0	0	0	0	1.556962025	0	0.7	0	0	0	0	8.3	22	0	2.91	5.5	0	FALSE	FALSE	TRUE
2018-03-26	6.7	7.6	13.1	2.5	1.6	5	0	0	0	0	0	0	1.575949367	0	0.7	0	0	0	0	12.4	0	10.5	23.01	5.8	0	FALSE	FALSE	TRUE
2018-04-02	8.6	7.9	12.5	2.8	2.6	5.6	0	0	0	0	0	0	1.651898734	0	0.7	0	0	0	0	18.3	0	10.3	14.24	6.7	0	FALSE	FALSE	TRUE
2018-04-09	8.3	8.1	12.5	3.2	2.3	3.8	0	0	0	0	0	0	1.689873418	0	0.7	0	0	0	0	11.9	0	10.9	25.58	8.6	0	FALSE	FALSE	TRUE
2018-04-16	9.2	8	12.1	4.3	2.2	2.8	0	0	0	0	0	0	1.746835443	0	0.7	0	0	0	0	11.6	0	10.9	26.77	8.3	0	FALSE	FALSE	TRUE
2018-04-23	9.2	7.3	10.5	3	3.5	6.1	0	0	0	0	0	0	1.841772152	0	0.7	0	0	0	0	11.4	38.9	0	1.07	9.2	0	FALSE	FALSE	TRUE
2018-04-30	11.4	7.6	10	2.5	2.2	4.1	0	0	0	0	0	0	1.879746835	0	0.7	0	0	0	0	20.3	0	9.9	16.7	9.2	0	FALSE	FALSE	TRUE
2018-05-08	10.8	7.7	9.3	2.3	2.9	4.1	0	0	0	0	0	0	1.936708861	0	0.7	0	0	0	0	16.5	0	7.1	23.37	11.4	0	FALSE	FALSE	TRUE
2018-05-14	12.9	7.8	9	3	2.4	2.7	0	0	0	0	0	0	1.993670886	0	0.7	0	0	0	0	19.6	0	8.7	25.33	10.8	0	FALSE	FALSE	TRUE
2018-05-21	11.9	7.8	9.4	2	4.3	4.2	0	0	0	0	0	0	2.069620253	0	0.7	0	0	0	0	17.5	0	10	27.26	12.9	0	FALSE	FALSE	TRUE
2018-05-28	13.2	7.8	8.9	2.7	1.8	3.6	998	860	138	0	0	0	2.088607595	0	0.7	0	0	0	0	23	0	10.9	29.34	11.9	0	FALSE	FALSE	TRUE
2018-06-04	14.5	7.9	8	3.7	1.6	3.4	284	0	284	0	0	0	2.14556962	0	0.7	0	0	0	0	23.5	0	7.8	24.41	13.2	998	FALSE	FALSE	TRUE
2018-06-11	15.1	8.2	9.2	1.4	2.6	11.2	772	220	148	0	404	0	2.240506329	0	0.7	0	0	0	0	20.4	0	1.1	13.74	14.5	284	FALSE	FALSE	TRUE
2018-06-18	14.9	8	6.8	1.5	1.6	5	602	500	0	0	102	0	2.278481013	0	0.7	0	0	0	0	25.7	0	10.3	26.28	15.1	772	FALSE	FALSE	TRUE
2018-06-25	15.7	8	6.2	3.2	1.4	4.1	0	0	0	0	0	0	2.35443038	0	0.7	0	0	0	0	26.6	0	5.8	19.9	14.9	602	FALSE	FALSE	TRUE
2018-07-02	16.1	7.8	5.3	2	15.2	6.7	398	0	0	58	340	0	2.411392405	0	0.7	0	0	0	0	22.8	43.9	0.2	5.7	15.7	0	FALSE	FALSE	TRUE
2018-07-09	18.6	8	5.9	2	7.1	9.9	208	80	0	0	128	0	2.449367089	0	0.7	0	0	0	0	20.5	35.5	0	3.94	16.1	398	FALSE	FALSE	TRUE
2018-07-16	20.1	8.1	7.8	1.8	5.2	6.9	322	120	202	0	0	0	2.525316456	0	0.7	0	0	0	0	29.7	0	11.5	26.1	18.6	208	FALSE	FALSE	TRUE
2018-07-23	21.4	8.3	7.5	1.5	8	13.4	940	940	0	0	0	0	2.544303797	0	0.7	0	0	0	0	30.8	0	10.3	24.03	20.1	322	FALSE	FALSE	TRUE
2018-07-30	21.3	8.4	6	2.5	4.4	4.1	740	740	0	0	0	0	2.601265823	0	0.7	0	0	0	0	30.5	0	10.2	23.95	21.4	940	FALSE	FALSE	TRUE
2018-08-06	21.9	8.3	6.2	1.7	4	6.3	4600	3820	220	468	92	0	2.658227848	0	0.7	0	0	0	0	30.8	0	7.1	20.51	21.3	740	FALSE	FALSE	TRUE
2018-08-13	22	8.4	4.5	1.5	5.3	7.1	6190	4440	1538	212	0	0	2.734177215	0	0.7	0	0	0	0	31.2	0	9.1	21.87	21.9	4600	FALSE	FALSE	TRUE
2018-08-20	21.6	8.5	3.9	1.5	4.8	7.5	8322	8000	46	134	142	0	2.791139241	0	0.7	0	0	0	0	29.4	0	7.7	20.17	22	6190	FALSE	FALSE	TRUE
2018-08-27	22.2	8	3.4	1.4	10	12.3	4896	4086	0	810	0	0	2.848101266	0	0.7	0	0	0	0	23.6	53	0	4	21.6	8322	FALSE	FALSE	TRUE
2018-09-03	20.3	8.1	5.9	0.5	20	20.9	47190	41840	38	5312	0	0	2.924050633	0	0.7	0	0	0	0	24.4	89.8	1.6	10.93	22.2	4896	FALSE	FALSE	TRUE
2018-09-10	23.4	8.2	8	2	12.8	12.3	35568	23320	34	12112	102	0	2.943037975	0	0.7	0	0	0	0	22.1	0	11.2	21.6	20.3	47190	FALSE	FALSE	TRUE
2018-09-13	21.6	7.7	6.1	0.8	17.3	12.7	22230	13360	56	8712	102	0	3	0	0.7	0	0	0	0	21.6	0.1	0.7	7.15	23.4	35568	FALSE	FALSE	TRUE
2018-09-17	21.5	7.8	5	1.7	8.1	5.9	3212	2034	14	1088	76	0	0	0.1	0.7	0	0	0	0	22.7	0	9.6	21.01	21.6	22230	FALSE	FALSE	TRUE
2018-09-19	23	8.1	6.6	1.6	8.8	14	8956	7280	316	1060	300	0	1	0.2	0.7	0	0	0	0	21.4	0	0.3	10.24	21.5	3212	FALSE	FALSE	TRUE
2018-09-27	22.3	7.3	5.2	1.5	6.4	14.5	6788	6540	192	0	56	0	0.993730408	0.201253918	0.7	0	0	0	0	18.6	0	11.4	22.29	23	8956	FALSE	FALSE	TRUE
2018-10-01	21.3	6.9	4.9	1.6	5.7	16.8	658	394	124	140	0	0	0.981191223	0.203761755	0.7	0	0	0	0	15.5	1.7	5.1	14.3	22.3	6788	FALSE	FALSE	TRUE
2018-10-08	21.6	7.1	6.1	2.1	4.9	21.2	2506	2480	0	0	26	0	0.97492163	0.205015674	0.7	0	0	0	0	13.8	0	8.1	17.41	21.3	658	FALSE	FALSE	TRUE
2018-10-15	20.2	7	7.1	2.3	4.8	10.2	394	158	0	0	236	0	0.962382445	0.207523511	0.7	0	0	0	0	14.2	0	9	15.17	21.6	2506	FALSE	FALSE	TRUE
2018-10-22	19.1	7.2	7.6	2.7	3	9.3	182	44	0	0	138	0	0.959247649	0.20815047	0.7	0	0	0	0	13.4	0	5.8	13.11	20.2	394	FALSE	FALSE	TRUE
2018-10-29	18.2	7.1	7.4	2.6	2.7	10.1	402	260	0	0	142	0	0.94984326	0.210031348	0.7	0	0	0	0	9.1	0.2	3.2	7.29	19.1	182	FALSE	FALSE	TRUE
2018-11-05	17.5	7.3	8.4	2.5	3.3	11.8	278	0	0	0	278	0	0.940438871	0.211912226	0.7	0	0	0	0	10.5	0	9.3	13.12	18.2	402	FALSE	FALSE	TRUE
2018-11-12	16.6	7.3	8.8	3.1	2.3	13.5	278	0	0	0	278	0	0.92476489	0.215047022	0.7	0	0	0	0	8.8	0	9.3	13.92	17.5	278	FALSE	FALSE	TRUE
2018-11-19	15.4	7.3	9.4	2.8	2.6	23.2	512	320	0	84	108	0	0.915360502	0.2169279	0.7	0	0	0	0	8.6	0	8.4	12.78	16.6	278	FALSE	FALSE	TRUE
2018-11-26	14.6	7.4	9.8	2.9	2.9	19.6	52	0	0	24	28	0	0.909090909	0.218181818	0.7	0	0	0	0	6.1	0	5.7	10.48	15.4	512	FALSE	FALSE	TRUE
2018-12-03	13.3	7.5	9.9	3.9	1.3	10.2	170	0	0	0	170	0	0.89968652	0.220062696	0.7	0	0	0	0	12.6	10.6	0	1.92	14.6	52	FALSE	FALSE	TRUE
2018-12-10	12	7.2	10.6	3.7	2.3	5.3	214	0	0	0	214	0	0.893416928	0.221316614	0.7	0	0	0	0	-2.8	0	8.7	11.7	13.3	170	FALSE	FALSE	TRUE
2018-12-17	10.1	7.3	10.1	3.9	1.6	4.8	676	0	0	0	676	0	0.880877743	0.223824451	0.7	0	0	0	0	3.6	0.1	7.2	10.18	12	214	FALSE	FALSE	TRUE
2018-12-24	8.9	7.2	10.5	4.9	1.7	4.6	34	0	0	0	34	0	0.87460815	0.22507837	0.7	0	0	0	0	-0.9	0	8.6	11.51	10.1	676	FALSE	FALSE	TRUE
2019-01-02	7.5	7.6	11.2	4.5	2.1	5.3	62	0	0	0	62	0	0.862068966	0.227586207	0.7	0	0	0	0	-3.3	0	8.7	11.86	8.9	34	FALSE	FALSE	TRUE
2019-01-07	7	7.6	12.2	4.4	1.9	5.1	302	0	0	0	302	0	0.852664577	0.229467085	0.7	0	0	0	0	-1.2	0	7.9	10.43	7.5	62	FALSE	FALSE	TRUE
2019-01-14	6.3	7.6	12.6	4.8	2.6	4	64	0	0	0	64	0	0.840125392	0.231974922	0.7	0	0	0	0	1.7	0	4.5	8.33	7	302	FALSE	FALSE	TRUE
2019-01-21	5.6	7.6	12.7	4.1	1.2	4.3	82	0	0	0	82	0	0.836990596	0.232601881	0.7	0	0	0	0	0.2	0	7.4	10.71	6.3	64	FALSE	FALSE	TRUE
2019-01-28	5.4	7.6	11.6	4.5	1.3	3.9	144	0	0	0	144	0	0.824451411	0.235109718	0.7	0	0	0	0	2.3	0.8	8.4	12.31	5.6	82	FALSE	FALSE	TRUE
2019-02-07	4.7	7.7	12.2	4.3	1.5	3.7	44	0	0	0	44	0	0.815047022	0.236990596	0.7	0	0	0	0	1.8	0	7	12.59	5.4	144	FALSE	FALSE	TRUE
2019-02-11	4.8	7.6	11.9	4.3	1.5	4.3	26	0	0	0	26	0	0.805642633	0.238871473	0.7	0	0	0	0	-1.7	0	9.7	16.2	4.7	44	FALSE	FALSE	TRUE
2019-02-18	4.7	7.8	11.1	4.1	1.7	4.6	94	0	0	0	94	0	0.796238245	0.240752351	0.7	0	0	0	0	1.9	0.1	4.3	10.72	4.8	26	FALSE	FALSE	TRUE
2019-02-25	4.8	7.6	13	4	5.9	4.6	0	0	0	0	0	0	0.786833856	0.242633229	0.7	0	0	0	0	5.7	0	9.7	16.76	4.7	94	FALSE	FALSE	TRUE
2019-03-04	5.3	7.6	12.5	3.5	2.9	1.7	0	0	0	0	0	0	0.774294671	0.245141066	0.7	0	0	0	0	10	0	7.3	15.02	4.8	0	FALSE	FALSE	TRUE
2019-03-11	5.3	7.8	12.7	3.4	2.6	5	68	0	0	0	68	0	0.771159875	0.245768025	0.7	0	0	0	0	5.7	0.8	2.5	9.52	5.3	0	FALSE	FALSE	TRUE
2019-03-18	5.8	7.8	12.6	3.1	1.6	4.6	0	0	0	0	0	0	0.761755486	0.247648903	0.7	0	0	0	0	7.1	0	5.9	15.73	5.3	68	FALSE	FALSE	TRUE
2019-03-25	5.9	7.9	12.8	3.9	2.4	4	0	0	0	0	0	0	0.749216301	0.25015674	0.7	0	0	0	0	7.2	0	8.4	19.45	5.8	0	FALSE	FALSE	TRUE
2019-04-01	6.5	7.8	12.4	3.2	2.5	4.1	0	0	0	0	0	0	0.739811912	0.252037618	0.7	0	0	0	0	6.1	0	8.6	18.98	5.9	0	FALSE	FALSE	TRUE
2019-04-08	7	7.8	11.9	3.2	2	4.7	0	0	0	0	0	0	0.73354232	0.253291536	0.7	0	0	0	0	12.6	0	11.1	24.93	6.5	0	FALSE	FALSE	TRUE
2019-04-15	7.7	7.8	11.7	3.2	1.8	4.4	0	0	0	0	0	0	0.724137931	0.255172414	0.7	0	0	0	0	11.6	0	12.3	27	7	0	FALSE	FALSE	TRUE
2019-04-22	9.3	8.2	12.3	2.6	3.4	9.4	0	0	0	0	0	0	0.714733542	0.257053292	0.7	0	0	0	0	20.5	0	11.5	27.2	7.7	0	FALSE	FALSE	TRUE
2019-04-29	8.8	8.3	11.3	2.2	2.9	6.7	0	0	0	0	0	0	0.699059561	0.260188088	0.7	0	0	0	0	11	16.6	1.1	7.1	9.3	0	FALSE	FALSE	TRUE
2019-05-07	10.1	7.9	10.1	2.1	2	4.4	0	0	0	0	0	0	0.695924765	0.260815047	0.7	0	0	0	0	14.9	0	13.1	30.53	8.8	0	FALSE	FALSE	TRUE
2019-05-13	10.8	8.4	11.3	2	3.1	6.1	0	0	0	0	0	0	0.686520376	0.262695925	0.7	0	0	0	0	20.1	0	8	21.85	10.1	0	FALSE	FALSE	TRUE
2019-05-20	11.1	8.3	10.4	1.8	2.5	6.3	0	0	0	0	0	0	0.677115987	0.264576803	0.7	0	0	0	0	17.1	6	8	24.19	10.8	0	FALSE	FALSE	TRUE
2019-05-27	11.2	8.3	9.9	2.5	4.5	6.4	508	508	0	0	0	0	0.664576803	0.267084639	0.7	0	0	0	0	17.9	14.4	0	4.12	11.1	0	FALSE	FALSE	TRUE
2019-06-03	11.7	8	8.4	2.5	2.1	4.8	0	0	0	0	0	0	0.652037618	0.269592476	0.7	0	0	0	0	23.4	0	12.5	29.65	11.2	508	FALSE	FALSE	TRUE
2019-06-10	11.9	8.6	10.5	3	2.8	4.4	56	0	42	0	14	0	0.645768025	0.270846395	0.7	0	0	0	0	18.9	11.1	2.2	18.56	11.7	0	FALSE	FALSE	TRUE
2019-06-17	12.4	8	8	5.1	3.6	2.5	18	0	18	0	0	0	0.636363636	0.272727273	0.7	0	0	0	0	22.2	0	11.6	30.07	11.9	56	FALSE	FALSE	TRUE
2019-06-24	13	8.4	6.1	4.8	1.8	2.4	0	0	0	0	0	0	0.626959248	0.27460815	0.7	0	0	0	0	24.9	0	11.9	27.58	12.4	18	FALSE	FALSE	TRUE
2019-07-01	12.5	8.3	5.7	4.7	2.5	2.8	160	160	0	0	0	0	0.617554859	0.276489028	0.7	0	0	0	0	23.7	0	3.6	15	13	0	FALSE	FALSE	TRUE
2019-07-08	13.6	8.5	6.2	3.1	2.3	3.8	74	0	0	0	74	0	0.611285266	0.277742947	0.7	0	0	0	0	24.5	0.6	8.6	23.87	12.5	160	FALSE	FALSE	TRUE
2019-07-15	15.3	8.8	3.9	3.5	4.3	2.4	0	0	0	0	0	0	0.598746082	0.280250784	0.7	0	0	0	0	23.8	12.8	2.3	12.99	13.6	74	FALSE	FALSE	TRUE
2019-07-22	16.6	8.2	3.1	2.7	6.1	3.9	850	716	0	0	134	0	0.586206897	0.282758621	0.7	0	0	0	0	27.9	0	8.2	21.55	15.3	0	FALSE	FALSE	TRUE
2019-07-29	17.1	8.4	4	2.6	4.6	2.8	784	660	0	0	124	0	0.5830721	0.28338558	0.7	0	0	0	0	28.5	0	12.6	26.98	16.6	850	FALSE	FALSE	TRUE
2019-08-05	19.6	8.4	4.1	3.4	3.7	4.3	0	0	0	0	0	0	0.570532915	0.285893417	0.7	0	0	0	0	30.7	0	10.3	24.33	17.1	784	FALSE	FALSE	TRUE
2019-08-12	19.8	8.6	3.9	1.8	4.2	6.9	744	0	0	510	234	0	0.55799373	0.288401254	0.7	0	0	0	0	29	1.3	1.7	11.4	19.6	0	FALSE	FALSE	TRUE
2019-08-19	20.1	8.2	4.1	1.6	3	3.7	734	240	118	44	332	0	0.551724138	0.289655172	0.7	0	0	0	0	26.5	0	9.9	24.06	19.8	744	FALSE	FALSE	TRUE
2019-08-26	20	8.6	3.7	2	4.1	4.6	982	0	84	836	62	0	0.539184953	0.292163009	0.7	0	0	0	0	25.9	0	10.2	22.82	20.1	734	FALSE	FALSE	TRUE
2019-09-02	19.6	10	3.6	1.8	4.8	6.2	2240	0	58	1652	530	0	0.529780564	0.294043887	0.7	0	0	0	0	22.6	10.2	0.2	10.34	20	982	FALSE	FALSE	TRUE
2019-09-09	19.4	9.4	3.3	1.7	9.9	7.9	3328	2460	38	620	210	0	0.526645768	0.294670846	0.7	0	0	0	0	24	12.1	0	6.83	19.6	2240	FALSE	FALSE	TRUE
2019-09-16	20.8	9.9	4.2	2.1	6.1	4.5	1838	1340	14	352	132	0	0.514106583	0.297178683	0.7	0	0	0	0	24.5	0	9.6	20.63	19.4	3328	FALSE	FALSE	TRUE
2019-09-23	19.3	7.4	4.1	2.8	8.8	4.5	2614	2320	0	64	230	0	0.507836991	0.298432602	0.7	0	0	0	0	17.8	0.1	4.2	14.12	20.8	1838	FALSE	FALSE	TRUE
2019-09-30	18.8	7.7	5.6	2.7	5.8	3.9	1744	1460	168	16	100	0	0.498432602	0.30031348	0.7	0	0	0	0	22.1	0	10.1	19.86	19.3	2614	FALSE	FALSE	TRUE
2019-10-07	19.4	7.4	4.8	2.5	7.3	5.4	2024	1740	26	0	258	0	0.482758621	0.303448276	0.7	0	0	0	0	15.7	11.8	0	3.77	18.8	1744	FALSE	FALSE	TRUE
2019-10-14	19.1	7.4	5.2	3	4.8	5.6	220	132	0	0	88	0	0.476489028	0.304702194	0.7	0	0	0	0	14.6	0	7.9	13.38	19.4	2024	FALSE	FALSE	TRUE
2019-10-21	18.7	7.8	5.8	2.9	3.7	7.5	888	780	0	0	108	0	0.470219436	0.305956113	0.7	0	0	0	0	15.5	0	7.7	16.28	19.1	220	FALSE	FALSE	TRUE
2019-10-28	19.1	7.7	7	2.6	4.2	13.9	930	636	52	0	242	0	0.457680251	0.30846395	0.7	0	0	0	0	11.9	0	8.8	15.67	18.7	888	FALSE	FALSE	TRUE
2019-11-04	17.5	7.6	6.5	3	3.5	8.8	518	248	0	44	226	0	0.445141066	0.310971787	0.7	0	0	0	0	13.6	0	9.2	13.59	19.1	930	FALSE	FALSE	TRUE
2019-11-11	18	7.8	8.7	2.7	3.9	12.1	954	360	0	48	546	0	0.438871473	0.312225705	0.7	0	0	0	0	11.7	1.3	2.3	6.03	17.5	518	FALSE	FALSE	TRUE
2019-11-18	16.7	7.7	8.2	2.8	3.6	7.8	928	460	0	0	468	0	0.432601881	0.313479624	0.7	0	0	0	0	7.7	15.3	2.6	6.74	18	954	FALSE	FALSE	TRUE
2019-11-25	15.3	7.6	8.3	3.1	3.6	5.7	596	260	0	0	336	0	0.4169279	0.31661442	0.7	0	0	0	0	3.6	0	0	5.64	16.7	928	FALSE	FALSE	TRUE
2019-12-02	13.7	7.6	8.7	3.4	2.1	5.2	532	0	0	0	532	0	0.413793103	0.317241379	0.7	0	0	0	0	2.7	0	7.3	11.01	15.3	596	FALSE	FALSE	TRUE
2019-12-09	12.7	7.7	8.9	4.3	3.5	4.1	342	180	0	0	162	0	0.398119122	0.320376176	0.7	0	0	0	0	3.3	0	7.4	9.6	13.7	532	FALSE	FALSE	TRUE
2019-12-16	11.5	7.6	9.1	4.7	2.3	3.5	310	80	0	0	230	0	0.394984326	0.321003135	0.7	0	0	0	0	7.9	0	8.1	9.77	12.7	342	FALSE	FALSE	TRUE
2019-12-23	10.4	7.6	9.5	3.8	2	3.1	598	220	0	56	322	0	0.385579937	0.322884013	0.7	0	0	0	0	3.8	0.1	2.9	6.74	11.5	310	FALSE	FALSE	TRUE
2019-12-30	9.8	7.6	9.7	4.5	2.1	3.9	160	0	0	0	160	0	0.373040752	0.32539185	0.7	0	0	0	0	4.2	1.5	0.7	3.84	10.4	598	FALSE	FALSE	TRUE
2020-01-06	8.9	7.7	9.9	5	2.2	3.7	88	0	0	0	88	0	0.36677116	0.326645768	0.7	0	0	0	0	2.9	10.3	0	1.9	9.8	160	FALSE	FALSE	TRUE
2020-01-13	8.1	7.7	10.3	4.2	2.9	3.4	338	0	0	0	338	0	0.357366771	0.328526646	0.7	0	0	0	0	0.2	0	4.2	6.83	8.9	88	FALSE	FALSE	TRUE
2020-01-20	7.1	7.4	10.5	4.2	3	3.6	122	0	0	0	122	0	0.34169279	0.331661442	0.7	0	0	0	0	3.4	0	6.9	11.72	8.1	338	FALSE	FALSE	TRUE
2020-01-28	7	7.5	11	3.6	2.3	3.4	244	0	0	0	244	0	0.332288401	0.33354232	0.7	0	0	0	0	6.3	0	2	8.18	7.1	122	FALSE	FALSE	TRUE
2020-02-03	6.8	7.4	10.9	5	3.6	3.1	258	0	0	0	258	0	0.326018809	0.334796238	0.7	0	0	0	0	1.5	0	8.4	13.78	7	244	FALSE	FALSE	TRUE
2020-02-10	6.6	7.4	11	4.5	2.7	2.7	224	0	0	0	224	0	0.31661442	0.336677116	0.7	0	0	0	0	5.1	0	9.4	15.16	6.8	258	FALSE	FALSE	TRUE
2020-02-17	6.6	7.5	11.3	3.8	11.8	7.1	92	0	0	0	92	0	0.310344828	0.337931034	0.7	0	0	0	0	-3.2	0.7	4.7	9.97	6.6	224	FALSE	FALSE	TRUE
2020-02-24	6.8	7.6	11.4	4.8	4.6	2.9	32	0	0	0	32	0	0.294670846	0.341065831	0.7	0	0	0	0	7.4	0.4	9.9	18.12	6.6	92	FALSE	FALSE	TRUE
2020-03-02	6.7	7.5	11.5	4.2	2.5	3.1	0	0	0	0	0	0	0.288401254	0.342319749	0.7	0	0	0	0	5.3	0	10.2	20.18	6.8	32	FALSE	FALSE	TRUE
2020-03-09	7.3	7.6	11.8	3.9	2.4	3.2	0	0	0	0	0	0	0.278996865	0.344200627	0.7	0	0	0	0	10	1.6	4.8	11.24	6.7	0	FALSE	FALSE	TRUE
2020-03-16	7.5	7.6	11.9	4.2	2.6	4.1	0	0	0	0	0	0	0.269592476	0.346081505	0.7	0	0	0	0	4.4	0	11.3	23.58	7.3	0	FALSE	FALSE	TRUE
2020-03-23	8.1	7.6	11.7	3.3	2.7	3.5	0	0	0	0	0	0	0.260188088	0.347962382	0.7	0	0	0	0	10.2	0	11.6	23.65	7.5	0	FALSE	FALSE	TRUE
2020-03-30	9	7.6	10.8	3.2	2.9	3.2	0	0	0	0	0	0	0.247648903	0.350470219	0.7	0	0	0	0	12.2	0	11.5	25.67	8.1	0	FALSE	FALSE	TRUE
2020-04-06	9.1	7.8	10.4	3.2	2.2	2.7	0	0	0	0	0	0	0.238244514	0.352351097	0.7	0	0	0	0	9.7	0	10.7	25.16	9	0	FALSE	FALSE	TRUE
2020-04-13	9.2	7.7	10.3	2.8	3.1	2.3	0	0	0	0	0	0	0.228840125	0.354231975	0.7	0	0	0	0	10.7	0	10.2	26.75	9.1	0	FALSE	FALSE	TRUE
2020-04-20	9.4	7.5	9.3	4.2	2.7	2.9	0	0	0	0	0	0	0.219435737	0.356112853	0.7	0	0	0	0	11	0	3.1	13.08	9.2	0	FALSE	FALSE	TRUE
2020-04-27	9.9	7.6	9.5	4	2.9	1.8	0	0	0	0	0	0	0.210031348	0.35799373	0.7	0	0	0	0	12.1	0	9.3	20.92	9.4	0	FALSE	FALSE	TRUE
2020-05-04	12.1	7.7	9.7	5.1	5.2	1.4	0	0	0	0	0	0	0.203761755	0.359247649	0.7	0	0	0	0	20.6	0	8.6	21.53	9.9	0	FALSE	FALSE	TRUE
2020-05-11	11.6	7.5	8.6	5.2	3	1.5	0	0	0	0	0	0	0.194357367	0.361128527	0.7	0	0	0	0	18.5	0	10.6	27.85	12.1	0	FALSE	FALSE	TRUE
2020-05-18	12.7	7.8	8.5	4.3	4.7	2	0	0	0	0	0	0	0.181818182	0.363636364	0.7	0	0	0	0	20.2	7.6	8	22.43	11.6	0	FALSE	FALSE	TRUE
2020-05-25	12.5	7.9	8.1	4.4	3.7	3.1	0	0	0	0	0	0	0.172413793	0.365517241	0.7	0	0	0	0	17.8	0	2.8	15.39	12.7	0	FALSE	FALSE	TRUE
2020-06-01	14.2	8	8.2	3.6	4.3	8.1	70	0	70	0	0	0	0.163009404	0.367398119	0.7	0	0	0	0	21.1	0.6	11.6	31.05	12.5	0	FALSE	FALSE	TRUE
2020-06-08	15.9	8.2	7.6	2.7	5	3	366	0	366	0	0	0	0.156739812	0.368652038	0.7	0	0	0	0	26.2	0	12.8	29.28	14.2	70	FALSE	FALSE	TRUE
2020-06-15	15.9	8.2	6	2.4	7.6	3	348	280	0	68	0	0	0.150470219	0.369905956	0.7	0	0	0	0	23.3	0	12.4	28.35	15.9	366	FALSE	FALSE	TRUE
2020-06-22	16.9	8.1	6.5	1.9	3.8	2.3	206	160	46	0	0	0	0.141065831	0.371786834	0.7	0	0	0	0	27.2	0	13.4	30.93	15.9	348	FALSE	FALSE	TRUE
2020-06-29	16	8.4	6.9	1.3	4.6	10.7	460	460	0	0	0	0	0.128526646	0.374294671	0.7	0	0	0	0	22.4	41.5	0.4	10.18	16.9	206	FALSE	FALSE	TRUE
2020-07-06	16.7	7.7	3.5	1.6	4.9	7	72	36	0	0	36	0	0.122257053	0.375548589	0.7	0	0	0	0	24.3	0.2	5	19.73	16	460	FALSE	FALSE	TRUE
2020-07-13	18.7	7.4	2.6	2.1	4.7	6.5	438	80	0	0	358	0	0.112852665	0.377429467	0.7	0	0	0	0	18.8	117.9	0	3.26	16.7	72	FALSE	FALSE	TRUE
2020-07-20	18.4	7.5	6.4	1.3	14	10.1	976	380	92	0	504	0	0.10031348	0.379937304	0.7	0	0	0	0	24.5	20.2	0.2	4.44	18.7	438	FALSE	FALSE	TRUE
2020-07-27	20.3	8.1	8.1	1.4	17.9	17.4	3134	2720	240	0	174	0	0.094043887	0.381191223	0.7	0	0	0	0	24.4	2.6	0.3	11.05	18.4	976	FALSE	FALSE	TRUE
2020-08-04	22.6	8	8.9	1.1	106	21.5	8934	8100	786	0	48	0	0.084639498	0.3830721	0.7	0	0	0	0	27.5	18.5	4.4	17.45	20.3	3134	FALSE	FALSE	TRUE
2020-08-12	21.4	8.4	8.9	0.2	104	2.3	0	0	0	0	0	0	0.072100313	0.385579937	0.7	0	0	0	0	27.3	17.5	1.7	10.77	22.6	8934	FALSE	FALSE	TRUE
2020-08-18	23.3	9	8.8	0.6	28.6	20.8	4004	3040	964	0	0	0	0.059561129	0.388087774	0.7	0	0	0	0	29.1	0	11.3	26.25	21.4	0	FALSE	FALSE	TRUE
2020-08-24	23.2	8.6	10.1	1.6	24.5	13.5	1510	1280	230	0	0	0	0.05015674	0.389968652	0.7	0	0	0	0	28.5	0	11.5	24.02	23.3	4004	FALSE	FALSE	TRUE
2020-08-31	23.2	8.1	6.7	1.7	28.1	9.3	5238	5080	158	0	0	0	0.043887147	0.391222571	0.7	0	0	0	0	26.7	0.1	6.2	18.31	23.2	1510	FALSE	FALSE	TRUE
2020-09-08	23.1	6.9	6.8	0.5	43.6	9.3	2534	2500	34	0	0	0	0.037617555	0.392476489	0.7	0	0	0	0	24.3	0.2	11	23.34	23.2	5238	FALSE	FALSE	TRUE
2020-09-14	22.5	8	8.5	0.8	26.4	16.7	7402	7080	322	0	0	0	0.021943574	0.395611285	0.7	0	0	0	0	21.9	0	10.8	21.57	23.1	2534	FALSE	FALSE	TRUE
2020-09-21	22.4	8.3	7.9	1	15.9	13.8	4998	4660	338	0	0	0	0.012539185	0.397492163	0.7	0	0	0	0	18	0	11.4	19.87	22.5	7402	FALSE	FALSE	TRUE
2020-09-28	22.2	8.6	7	1.1	14.5	10.8	3876	3760	116	0	0	0	0.009404389	0.398119122	0.7	0	0	0	0	18.9	0	11.3	20.77	22.4	4998	FALSE	FALSE	TRUE
2020-10-05	21.8	8.3	5.9	1.6	10.6	6.8	3866	3600	122	144	0	0	0	0.466666667	0.7	0	0	0	0	13.6	0	10.6	18.54	22.2	3876	FALSE	FALSE	TRUE
2020-10-12	21.3	8.1	5.8	1.5	10.3	8.3	2828	2666	138	24	0	0	0	0.2	0.7	0	0	0	0	17.1	0.4	5.6	12.18	21.8	3866	FALSE	FALSE	TRUE
2020-10-19	20.5	7.9	7.4	1.8	6.3	5.4	212	120	0	92	0	0	0	0.207589286	0.7	0	0	0	0	13.4	0	9.7	15.23	21.3	2828	FALSE	FALSE	TRUE
2020-10-26	19.5	7.7	7	1.4	5.5	4.6	0	0	0	0	0	0	0	0.222767857	0.7	0	0	0	0	11.8	0	9.6	13.77	20.5	212	FALSE	FALSE	TRUE
2020-11-02	18.4	7.5	6.9	1.8	5.3	4	0	0	0	0	0	0	0	0.234151786	0.7	0	0	0	0	11.3	0	8	13.36	19.5	0	FALSE	FALSE	TRUE
2020-11-09	16.9	8	7.5	2.1	10.3	7.1	0	0	0	0	0	0	0	0.241741071	0.7	0	0	0	0	7.2	0	9.2	13.13	18.4	0	FALSE	FALSE	TRUE
2020-11-16	16.3	8.1	7.9	2.2	4.2	5.1	160	160	0	0	0	0	0	0.249330357	0.7	0	0	0	0	11.3	0	6.8	9.26	16.9	0	FALSE	FALSE	TRUE
2020-11-23	15.5	7.9	8.1	2.4	7.5	3.3	0	0	0	0	0	0	0	0.260714286	0.7	0	0	0	0	3.9	0	7.7	10.93	16.3	160	FALSE	FALSE	TRUE
2020-11-30	14	8	8.4	2.2	5.8	4.5	0	0	0	0	0	0	0	0.272098214	0.7	0	0	0	0	1.2	0	8.9	11.15	15.5	0	FALSE	FALSE	TRUE
2020-12-07	12.5	7.6	8.7	1.9	5.3	4.7	0	0	0	0	0	0	0	0.283482143	0.7	0	0	0	0	2.8	0	0.3	3.53	14	0	FALSE	FALSE	TRUE
2020-12-14	11	7.8	9.1	2.5	5.2	4	0	0	0	0	0	0	0	0.294866071	0.7	0	0	0	0	-4.7	0	8.8	11.16	12.5	0	FALSE	FALSE	TRUE
2020-12-21	9.6	8.4	9.8	3.1	4	3	0	0	0	0	0	0	0	0.310044643	0.7	0	0	0	0	0.4	0	4.2	7.04	11	0	FALSE	FALSE	TRUE
2020-12-28	8.9	8.7	10.5	3.8	3.3	2	0	0	0	0	0	0	0	0.325223214	0.7	0	0	0	0	5.4	0	7	9.55	9.6	0	FALSE	FALSE	TRUE
2021-01-04	7.785714286	8.7	10.9	3.742857143	3.042857143	2.6	0	0	0	0	0	0	0	0.3328125	0.7	0	0	0	0	-2.8	0	5.7	8.09	8.9	0	FALSE	FALSE	TRUE
2021-01-11	5.557142857	8.7	11.7	3.628571429	2.528571429	3.8	0	0	0	0	0	0	0	0.347991071	0.7	0	0	0	0	-6	0	0.3	4.91	7.785714286	0	FALSE	FALSE	TRUE
2021-01-18	5.7	8.8	11.5	4	2.2	3.3	0	0	0	0	0	0	0	0.355580357	0.7	0	0	0	0	-1.5	3.3	2.3	5.97	5.557142857	0	FALSE	FALSE	TRUE
2021-01-25	5.5	8.6	11.5	4	2.9	3	0	0	0	0	0	0	0	0.370758929	0.7	0	0	0	0	8.3	0	8.3	10.81	5.7	0	FALSE	FALSE	TRUE
2021-02-01	5.1	7.6	11.7	4	2.9	3.6	0	0	0	0	0	0	0	0.382142857	0.7	0	0	0	0	7.3	8.1	3.1	7.52	5.5	0	FALSE	FALSE	TRUE
2021-02-08	4.8	7.9	13.1	3.5	2.5	6.6	0	0	0	0	0	0	0	0.393526786	0.7	0	0	0	0	-1.7	0	9.8	15.57	5.1	0	FALSE	FALSE	TRUE
2021-02-15	4.9	8	12.7	3.2	1.6	9.6	0	0	0	0	0	0	0	0.397321429	0.7	0	0	0	0	3	0.5	4.7	7.48	4.8	0	FALSE	FALSE	TRUE
2021-02-22	5.1	8.1	13.3	3	2.1	13.3	0	0	0	0	0	0	0	0.416294643	0.7	0	0	0	0	11.7	0	10.1	14.94	4.9	0	FALSE	FALSE	TRUE
2021-03-02	5	8	12.8	2.8	2.6	10.4	0	0	0	0	0	0	0	0.427678571	0.7	0	0	0	0	3	0.2	2.5	8.27	5.1	0	FALSE	FALSE	TRUE
2021-03-08	5.6	8	12.9	3.2	1.9	5.6	0	0	0	0	0	0	0	0.435267857	0.7	0	0	0	0	8	0	9.7	18.52	5	0	FALSE	FALSE	TRUE
2021-03-15	6.9	7.9	12.6	3.6	2.3	3.9	0	0	0	0	0	0	0	0.446651786	0.7	0	0	0	0	11.8	0	8.6	16.61	5.6	0	FALSE	FALSE	TRUE
2021-03-22	6.9	7.8	12.3	3.3	1.8	3.2	0	0	0	0	0	0	0	0.458035714	0.7	0	0	0	0	7.1	0	11.2	20.01	6.9	0	FALSE	FALSE	TRUE
2021-03-29	8.3	7.8	11.7	3.2	2.1	2.8	0	0	0	0	0	0	0	0.473214286	0.7	0	0	0	0	12.2	0	7.9	17.36	6.9	0	FALSE	FALSE	TRUE
2021-04-05	8.8	7.7	11.6	2.9	2.3	2.5	0	0	0	0	0	0	0	0.480803571	0.7	0	0	0	0	11.6	0	12.2	25.14	8.3	0	FALSE	FALSE	TRUE
2021-04-12	9.1	7.9	11.3	2	3.5	3.7	0	0	0	0	0	0	0	0.488392857	0.7	0	0	0	0	13.6	15.3	0	5.55	8.8	0	FALSE	FALSE	TRUE
2021-04-19	9.4	7.6	10.5	2.6	2.3	1.9	0	0	0	0	0	0	0	0.507366071	0.7	0	0	0	0	13.5	0	12.5	25.96	9.1	0	FALSE	FALSE	TRUE
2021-04-26	10.6	7.8	10.3	2.3	2.6	3.1	0	0	0	0	0	0	0	0.514955357	0.7	0	0	0	0	17	0	11.5	24.8	9.4	0	FALSE	FALSE	TRUE
2021-05-03	10.5	7.8	9.4	3.6	2.3	2	0	0	0	0	0	0	0	0.522544643	0.7	0	0	0	0	15.1	0	11.3	26.95	10.6	0	FALSE	FALSE	TRUE
2021-05-10	10.9	7.9	9	2.9	2.3	4.9	0	0	0	0	0	0	0	0.541517857	0.7	0	0	0	0	12.5	11.1	0.5	4.57	10.5	0	FALSE	FALSE	TRUE
2021-05-17	12.4	7.9	8.3	2.5	4.1	4.7	0	0	0	0	0	0	0	0.549107143	0.7	0	0	0	0	16.4	3.3	0	5.66	10.9	0	FALSE	FALSE	TRUE
2021-05-24	12.8	8	8.2	2.7	3.4	4.3	0	0	0	0	0	0	0	0.564285714	0.7	0	0	0	0	20.2	0	7.9	22.54	12.4	0	FALSE	FALSE	TRUE
2021-05-31	13.1	8.2	7.3	2.3	2	3.4	0	0	0	0	0	0	0	0.571875	0.7	0	0	0	0	20.7	7.1	5	17.04	12.8	0	FALSE	FALSE	TRUE
2021-06-07	14.5	8.5	6.8	2	2.2	5.3	648	648	0	0	0	0	0	0.583258929	0.7	0	0	0	0	23.3	0	9.9	21.91	13.1	0	FALSE	FALSE	TRUE
2021-06-14	16.8	8.4	6	1.9	1.8	4.2	132	0	132	0	0	0	0	0.5984375	0.7	0	0	0	0	24.9	0	4.5	17.98	14.5	648	FALSE	FALSE	TRUE
2021-06-21	16.1	8.5	5.4	2.3	1.8	3	434	0	370	0	64	0	0	0.602232143	0.7	0	0	0	0	24.8	0	12.5	26.49	16.8	132	FALSE	FALSE	TRUE
2021-06-28	16.9	8.8	5.3	1.4	2.4	4.9	578	220	358	0	0	0	0	0.617410714	0.7	0	0	0	0	25.6	0	7.8	21.43	16.1	434	FALSE	FALSE	TRUE
2021-07-05	17.1	8.4	3.9	2.1	2.9	3.8	640	0	432	0	208	0	0	0.628794643	0.7	0	0	0	0	22.5	5.6	0	9.83	16.9	578	FALSE	FALSE	TRUE
2021-07-12	20.8	8.4	6.7	2.2	27.2	7.2	820	620	68	0	132	0	0	0.643973214	0.7	0	0	0	0	28.7	0	6.1	19.5	17.1	640	FALSE	FALSE	TRUE
2021-07-19	20.8	8.8	5.6	2	13.7	4.2	196	0	196	0	0	0	0	0.647767857	0.7	0	0	0	0	26.7	0	2	15.35	20.8	820	FALSE	FALSE	TRUE
2021-07-26	21.9	9.4	6.3	1.1	10.2	6.3	0	0	0	0	0	0	0	0.662946429	0.7	0	0	0	0	29.9	0	13.3	25.86	20.8	196	FALSE	FALSE	TRUE
2021-08-02	20.6	9.5	6.1	1.2	9.6	6.9	120	120	0	0	0	0	0	0.678125	0.7	0	0	0	0	26	34	1.3	7.89	21.9	0	FALSE	FALSE	TRUE
2021-08-09	21	10.8	4.8	1.4	8.5	6.4	380	380	0	0	0	0	0	0.685714286	0.7	0	0	0	0	28.1	0	12.1	23.87	20.6	120	FALSE	FALSE	TRUE
2021-08-17	22	7.8	4.4	1.6	7.1	7.9	0	0	0	0	0	0	0	0.700892857	0.7	0	0	0	0	25.5	0.1	7.4	18.23	21	380	FALSE	FALSE	TRUE
2021-08-23	22.5	8.1	3.3	1.5	5.9	7	756	720	0	36	0	0	0	0.7046875	0.7	0	0	0	0	22.8	65	0	2.9	22	0	FALSE	FALSE	TRUE
2021-08-30	22.2	7.6	5	2.4	8.6	6.2	784	460	0	324	0	0	0	0.723660714	0.7	0	0	0	0	22.9	0.1	0.3	6.76	22.5	756	FALSE	FALSE	TRUE
2021-09-06	22.6	7.8	5.4	2.2	5.8	6.4	704	520	0	184	0	0	0	0.735044643	0.7	0	0	0	0	20.7	32.2	0.1	5.93	22.2	784	FALSE	FALSE	TRUE
2021-09-13	22.3	7.8	5.8	2.1	4.5	4.7	772	460	224	88	0	0	0	0.746428571	0.7	0	0	0	0	23.9	0	6.7	15.41	22.6	704	FALSE	FALSE	TRUE
2021-09-23	23.1	8	5.7	1.7	3.9	10.8	1940	1000	828	112	0	0	0	0.754017857	0.7	0	0	0	0	21.1	0	10.7	19.29	22.3	772	FALSE	FALSE	TRUE
2021-09-27	22.6	7.9	4.7	2.7	3.9	6.6	590	240	350	0	0	0	0	0.769196429	0.7	0	0	0	0	22.2	0.2	4.3	13.49	23.1	1940	FALSE	FALSE	TRUE
2021-10-05	21.8	8	4.7	2.3	4.4	5.1	800	280	464	56	0	0	0	0.772991071	0.7	0	0	0	0	23.4	0	9.7	16.95	22.6	590	FALSE	FALSE	TRUE
2021-10-12	22.5	7.6	4.4	2.7	3.8	6.3	328	0	264	0	64	0	0	0.784375	0.7	0	0	0	0	16.2	0.5	0	2.68	21.8	800	FALSE	FALSE	TRUE
2021-10-18	21.9	7.3	5.3	2	3.2	7.3	144	0	144	0	0	0	0	0.795758929	0.7	0	0	0	0	9.6	0	10.5	16.91	22.5	328	FALSE	FALSE	TRUE
2021-10-25	20.5	7.3	6.2	2.9	2.4	5.3	204	0	68	0	136	0	0	0.814732143	0.7	0	0	0	0	10.8	0	9.8	15.13	21.9	144	FALSE	FALSE	TRUE
2021-11-01	19.4	7.4	6.5	3	3.9	5.9	520	520	0	0	0	0	0	0.826116071	0.7	0	0	0	0	13.4	0	7	10.54	20.5	204	FALSE	FALSE	TRUE
2021-11-08	18.3	7.4	6.9	3.1	4.2	4.3	460	460	0	0	0	0	0	0.8375	0.7	0	0	0	0	10.3	10.3	1.2	3.1	19.4	520	FALSE	FALSE	TRUE
2021-11-15	17.2	7.4	7.5	2.7	3	5.5	462	0	346	84	32	0	0	0.841294643	0.7	0	0	0	0	10.1	0	8.2	10.84	18.3	460	FALSE	FALSE	TRUE
2021-11-22	15.6	7.5	8	2.7	2.3	4.4	0	0	0	0	0	0	0	0.852678571	0.7	0	0	0	0	5.3	3.6	4.7	7.37	17.2	462	FALSE	FALSE	TRUE
2021-11-29	14.7	7.4	8.5	3	2.5	4.1	92	0	0	0	92	0	0	0.871651786	0.7	0	0	0	0	6.3	0	6.6	9.07	15.6	0	FALSE	FALSE	TRUE
2021-12-06	13.2	7.5	8.9	3.5	2.4	2.4	108	0	0	0	108	0	0	0.875446429	0.7	0	0	0	0	4.4	0	4.4	6.75	14.7	92	FALSE	FALSE	TRUE
2021-12-13	11.4	7.3	9.2	3.5	2.3	3.1	144	0	0	0	144	0	0	0.890625	0.7	0	0	0	0	-1.6	0	8.8	11.29	13.2	108	FALSE	FALSE	TRUE
2021-12-20	10.8	7.5	9.5	3.7	4.1	3	52	0	0	0	52	0	0	0.898214286	0.7	0	0	0	0	6.7	0	3.8	5.55	11.4	144	FALSE	FALSE	TRUE
2021-12-27	9.5	7.7	10	4.1	2.8	2.9	92	0	0	0	92	0	0	0.909598214	0.7	0	0	0	0	-4.4	0	6.4	9.16	10.8	52	FALSE	FALSE	TRUE
2022-01-03	8.4	7.6	10.6	4.1	1.7	3	36	0	0	0	36	0	0	0.928571429	0.7	0	0	0	0	-1.7	0	8.5	10.56	9.5	92	FALSE	FALSE	TRUE
2022-01-10	7.5	7.4	10.5	3.1	3.2	3	168	0	0	0	168	0	0	0.936160714	0.7	0	0	0	0	0.7	0	5.4	8.6	8.4	36	FALSE	FALSE	TRUE
2022-01-17	6.6	7.3	10.8	3.7	2.3	3.2	0	0	0	0	0	0	0	0.947544643	0.7	0	0	0	0	-3.1	0	4.1	8.59	7.5	168	FALSE	FALSE	TRUE
2022-01-24	6.2	7.3	11.1	3.9	1.6	3.4	136	0	0	0	136	0	0	0.962723214	0.7	0	0	0	0	4.1	0	5.7	10.13	6.6	0	FALSE	FALSE	TRUE
2022-02-03	5.5	7.3	11.3	4	1.7	3	0	0	0	0	0	0	0	0.9703125	0.7	0	0	0	0	-1.7	0	9.4	14.7	6.2	136	FALSE	FALSE	TRUE
2022-02-07	5.1	7.3	11.5	4.3	1.1	3.4	84	0	0	0	84	0	0	0.981696429	0.7	0	0	0	0	-2.1	0	4.1	9.62	5.5	0	FALSE	FALSE	TRUE
2022-02-14	5.2	7.5	11.8	4.2	1.8	3.3	0	0	0	0	0	0	0	0.993080357	0.7	0	0	0	0	4.1	0	7.6	13.23	5.1	84	FALSE	FALSE	TRUE
2022-02-21	4.6	7.4	12	3.4	2.2	3.8	56	0	0	0	56	0	0	1.008258929	0.7	0	0	0	0	-0.7	0	7.1	13.57	5.2	0	FALSE	FALSE	TRUE
2022-02-28	4.9	7.5	12.4	3.9	1.4	4.2	0	0	0	0	0	0	0	1.012053571	0.7	0	0	0	0	6.9	0	8.2	14.49	4.6	56	FALSE	FALSE	TRUE
2022-03-07	5.2	7.6	12.5	3.4	1.9	3.7	0	0	0	0	0	0	0	1.0234375	0.7	0	0	0	0	4.3	0	9.7	17.93	4.9	0	FALSE	FALSE	TRUE
2022-03-14	6.1	7.7	12.5	3.4	3.5	3.2	0	0	0	0	0	0	0	1.034821429	0.7	0	0	0	0	11.3	3.2	0.2	2.98	5.2	0	FALSE	FALSE	TRUE
2022-03-21	6.3	7.7	12.2	4.2	1.9	2.4	32	0	0	0	32	0	0	1.05	0.7	0	0	0	0	5.8	0	8.7	17.26	6.1	0	FALSE	FALSE	TRUE
2022-03-28	7	7.8	12.2	4.9	1.6	1.9	0	0	0	0	0	0	0	1.065178571	0.7	0	0	0	0	7.7	0	11	23	6.3	32	FALSE	FALSE	TRUE
2022-04-04	7.8	7.7	11.8	4.8	1.4	2.5	0	0	0	0	0	0	0	1.0765625	0.7	0	0	0	0	10.8	0	11.8	24.35	7	0	FALSE	FALSE	TRUE
2022-04-11	9.6	7.7	11.3	5.5	1.4	2	0	0	0	0	0	0	0	1.087946429	0.7	0	0	0	0	20.6	0	11.9	24.42	7.8	0	FALSE	FALSE	TRUE
2022-04-18	9.1	7.6	11.2	6.3	1.6	1.9	0	0	0	0	0	0	0	1.091741071	0.7	0	0	0	0	15	0	7.9	19.83	9.6	0	FALSE	FALSE	TRUE
2022-04-25	10.6	7.7	10.7	7.7	1.3	1.9	0	0	0	0	0	0	0	1.110714286	0.7	0	0	0	0	20.1	6.7	2.3	13.49	9.1	0	FALSE	FALSE	TRUE
2022-05-02	10.2	7.9	10.4	5	1.4	1.8	0	0	0	0	0	0	0	1.114508929	0.7	0	0	0	0	13.9	0	10.9	25.19	10.6	0	FALSE	FALSE	TRUE
2022-05-09	11.1	8	10	5.8	1.2	1.8	0	0	0	0	0	0	0	1.125892857	0.7	0	0	0	0	17.3	2.7	9.8	25.98	10.2	0	FALSE	FALSE	TRUE
2022-05-16	11.4	8.1	9.9	5.2	1.2	2.2	0	0	0	0	0	0	0	1.144866071	0.7	0	0	0	0	16.6	0	13.4	29.3	11.1	0	FALSE	FALSE	TRUE
2022-05-23	12.4	8.2	9.3	6.1	1.1	2.8	0	0	0	0	0	0	0	1.15625	0.7	0	0	0	0	22.6	0	10.6	25.03	11.4	0	FALSE	FALSE	TRUE
2022-05-30	12.8	8.9	8.7	6.2	1.6	3	0	0	0	0	0	0	0	1.167633929	0.7	0	0	0	0	21.4	0	0.2	11.04	12.4	0	FALSE	FALSE	TRUE
2022-06-07	12.8	8.1	7.9	5.4	1	2.1	0	0	0	0	0	0	0	1.179017857	0.7	0	0	0	0	17.3	0	1.6	8	12.8	0	FALSE	FALSE	TRUE
2022-06-13	13.9	8.3	7.5	5.9	1.3	2.1	0	0	0	0	0	0	0	1.1828125	0.7	0	0	0	0	23.1	0	9.8	25.13	12.8	0	FALSE	FALSE	TRUE
2022-06-20	15.2	8.4	5.2	5	1.8	2.5	0	0	0	0	0	0	0	1.194196429	0.7	0	0	0	0	26.8	0	8.3	24.21	13.9	0	FALSE	FALSE	TRUE
2022-06-27	15.6	8.7	4.8	3.3	1.9	4.1	136	80	0	0	56	0	0	1.213169643	0.7	0	0	0	0	28	3.6	0.4	11.59	15.2	0	FALSE	FALSE	TRUE
2022-07-04	17.4	9.8	4.2	4.2	2.8	2.4	588	0	0	0	588	0	0	1.220758929	0.7	0	0	0	0	27.6	0	4.9	17.32	15.6	136	FALSE	FALSE	TRUE
2022-07-11	18	9.4	3.7	4.5	1.8	4.4	776	0	0	0	776	0	0	1.228348214	0.7	0	0	0	0	25.1	16.3	0.3	9.27	17.4	588	FALSE	FALSE	TRUE
2022-07-18	18.2	8.7	3.3	3.8	1.5	3.6	0	0	0	0	0	0	0	1.243526786	0.7	0	0	0	0	22.3	57.4	0	4.3	18	776	FALSE	FALSE	TRUE
2022-07-25	18.8	9.4	3.3	4	2.8	2.8	100	36	0	0	64	0	0	1.251116071	0.7	0	0	0	0	27.2	0.4	8.3	23.38	18.2	0	FALSE	FALSE	TRUE
2022-08-01	19.7	9.4	3.3	3	2.4	6.2	394	0	62	332	0	0	0	1.270089286	0.7	0	0	0	0	27.6	4.4	3.7	18	18.8	100	FALSE	FALSE	TRUE
2022-08-08	19.9	8.2	3.5	3.5	2.2	3	104	80	0	0	24	0	0	1.273883929	0.7	0	0	0	0	28.6	0	0.1	7.38	19.7	394	FALSE	FALSE	TRUE
2022-08-16	20.4	7.6	4.5	1.7	5.7	6.4	3412	1840	132	1160	280	0	0	1.292857143	0.7	0	0	0	0	25.8	32.9	4.4	13.64	19.9	104	FALSE	FALSE	TRUE
2022-08-22	21	8	9.2	0.3	20.7	33.9	139682	139180	258	212	32	0	0	1.300446429	0.7	0	0	0	0	27.3	0	5.3	17.7	20.4	3412	FALSE	FALSE	TRUE
2022-08-29	20.1	7.6	4.7	1.8	9.6	6.3	5756	5220	0	316	220	0	0	1.311830357	0.7	0	0	0	0	19.6	4.5	0	4.19	21	139682	FALSE	FALSE	TRUE
2022-09-05	20.1	7.5	4.2	1.3	9.2	11.4	9236	7920	0	1316	0	0	0	1.327008929	0.7	0	0	0	0	22.6	46.5	0	3.94	20.1	5756	FALSE	FALSE	TRUE
2022-09-13	21	7.7	6	1.4	8.6	10.7	4256	3360	488	0	408	0	0	1.338392857	0.7	0	0	0	0	24.5	0	0.7	10.85	20.1	9236	FALSE	FALSE	TRUE
2022-09-19	22.9	7.7	5.4	1.5	5.3	11.4	1818	1140	482	0	196	0	0	1.349776786	0.7	0	0	0	0	24.5	0	8.1	18.7	21	4256	FALSE	FALSE	TRUE
2022-09-26	22.3	7.7	5.2	1.8	2.9	6.7	874	460	202	0	212	0	0	1.353571429	0.7	0	0	0	0	18.7	0	3.4	12.82	22.9	1818	FALSE	FALSE	TRUE
2022-10-04	21.8	7.8	5.5	2.4	3.5	12.6	586	392	98	28	68	0	0	1.372544643	0.7	0	0	0	0	20	43.5	1.9	9.55	22.3	874	FALSE	FALSE	TRUE
2022-10-11	18.2	7.5	5.2	2.7	3.9	12.3	538	0	58	316	164	0	0	1.380133929	0.7	0	0	0	0	12	0	8.5	17.78	21.8	586	FALSE	FALSE	TRUE
2022-10-17	20.7	7.6	5.6	2.5	2.9	13.4	428	380	0	48	0	0	0	1.391517857	0.7	0	0	0	0	12.4	0	8.6	17.65	18.2	538	FALSE	FALSE	TRUE
2022-10-24	19.9	7.6	6.4	3	2.3	6.7	244	0	0	172	72	0	0	1.402901786	0.7	0	0	0	0	9.7	0	8	15.58	20.7	428	FALSE	FALSE	TRUE
2022-10-31	19.3	7.6	7	3.3	2.3	6.2	412	120	72	144	76	0	0	1.414285714	0.7	0	0	0	0	14.1	0	8.6	14.59	19.9	244	FALSE	FALSE	TRUE
2022-11-07	18	7.8	8.2	3	2.9	8.2	82	0	26	0	56	0	0	1.429464286	0.7	0	0	0	0	9.6	0	6.5	10.89	19.3	412	FALSE	FALSE	TRUE
2022-11-14	17.1	7.7	7.7	3.4	2.6	5.6	52	0	0	0	52	0	0	1.437053571	0.7	0	0	0	0	9.5	0	1.6	6.15	18	82	FALSE	FALSE	TRUE
2022-11-21	16.2	7.7	7.8	3	3	5.3	32	0	0	0	32	0	0	1.4484375	0.7	0	0	0	0	11.7	0	8.5	10.93	17.1	52	FALSE	FALSE	TRUE
2022-11-28	15.2	7.7	8.3	3	2.8	5.9	212	0	0	0	212	0	0	1.459821429	0.7	0	0	0	0	7.3	30.1	1.4	2.63	16.2	32	FALSE	FALSE	TRUE
2022-12-05	13.4	7.7	9	2.7	1.9	7	84	0	0	0	84	0	0	1.471205357	0.7	0	0	0	0	-2.2	0	6.2	9.97	15.2	212	FALSE	FALSE	TRUE
2022-12-12	11.7	7.7	9	2.9	2.7	4.6	0	0	0	0	0	0	0	1.486383929	0.7	0	0	0	0	1.6	0	4.2	6.82	13.4	84	FALSE	FALSE	TRUE
2022-12-19	10	7.4	9.5	3.9	2.3	3.5	48	0	0	0	48	0	0	1.497767857	0.7	0	0	0	0	-5.5	0	8.1	10.6	11.7	0	FALSE	FALSE	TRUE
2022-12-26	8.2	7.3	9.7	3.7	1.6	3.5	0	0	0	0	0	0	0	1.505357143	0.7	0	0	0	0	-3.6	0	6.1	8.18	10	48	FALSE	FALSE	TRUE
2023-01-02	7.3	7.5	10.1	4.5	1.6	3.4	0	0	0	0	0	0	0	1.512946429	0.7	0	0	0	0	-3	0	8.5	11.46	8.2	0	FALSE	FALSE	TRUE
2023-01-09	6.7	7.5	10.3	5.1	4.2	3.2	0	0	0	0	0	0	0	1.531919643	0.7	0	0	0	0	1.9	0	3.3	6.14	7.3	0	FALSE	FALSE	TRUE
2023-01-16	6.3	7.5	10.5	5.1	1.7	3.7	0	0	0	0	0	0	0	1.539508929	0.7	0	0	0	0	-3.1	0	7.7	12.1	6.7	0	FALSE	FALSE	TRUE
2023-01-25	5.5	7.6	11.2	4.5	1.9	3.9	0	0	0	0	0	0	0	1.550892857	0.7	0	0	0	0	-11.4	0	9.3	14.04	6.3	0	FALSE	FALSE	TRUE
2023-01-30	4.8	7.5	11.4	5.2	1.1	3.2	0	0	0	0	0	0	0	1.558482143	0.7	0	0	0	0	-0.4	0	9.4	14.24	5.5	0	FALSE	FALSE	TRUE
2023-02-06	4.9	7.5	11.7	5.4	1	2.9	0	0	0	0	0	0	0	1.577455357	0.7	0	0	0	0	2.1	0	6.2	11.59	4.8	0	FALSE	FALSE	TRUE
2023-02-13	4.7	7.5	11.6	4.8	1.5	2.5	0	0	0	0	0	0	0	1.58125	0.7	0	0	0	0	6.3	0	0.4	6.84	4.9	0	FALSE	FALSE	TRUE
2023-02-20	4.8	7.5	12	6.2	1.4	3	0	0	0	0	0	0	0	1.600223214	0.7	0	0	0	0	-0.1	0	7.3	15.94	4.7	0	FALSE	FALSE	TRUE
2023-02-27	5.4	7.6	12.2	5.7	1.3	2.5	0	0	0	0	0	0	0	1.611607143	0.7	0	0	0	0	4.4	0	10.5	18.96	4.8	0	FALSE	FALSE	TRUE
2023-03-06	5.8	7.6	12.2	5.7	0.9	2.9	0	0	0	0	0	0	0	1.619196429	0.7	0	0	0	0	8.3	0	10.5	19.25	5.4	0	FALSE	FALSE	TRUE
2023-03-13	6.6	7.5	12.1	4.3	1.5	3.4	0	0	0	0	0	0	0	1.634375	0.7	0	0	0	0	3.5	0	10.9	21.29	5.8	0	FALSE	FALSE	TRUE
2023-03-20	7.2	7.6	12.1	4.7	1.1	3.6	0	0	0	0	0	0	0	1.638169643	0.7	0	0	0	0	10.6	0	10.1	20.84	6.6	0	FALSE	FALSE	TRUE
2023-03-27	7.4	7.7	11.8	4.3	1.1	2.9	0	0	0	0	0	0	0	1.653348214	0.7	0	0	0	0	7.4	0	11.2	23.38	7.2	0	FALSE	FALSE	TRUE
2023-04-03	8.3	7.7	11.7	3.5	1	3.7	0	0	0	0	0	0	0	1.668526786	0.7	0	0	0	0	16.8	0	11.1	23.32	7.4	0	FALSE	FALSE	TRUE
2023-04-10	8.9	7.8	11.3	3	1.3	4.3	0	0	0	0	0	0	0	1.679910714	0.7	0	0	0	0	12.6	0	11.3	23.51	8.3	0	FALSE	FALSE	TRUE
2023-04-17	15.4	7.9	11	2.5	1.5	4.3	0	0	0	0	0	0	0	1.691294643	0.7	0	0	0	0	13.6	0	10.8	23.73	8.9	0	FALSE	FALSE	TRUE
2023-04-24	10.2	7.9	10.4	2.5	1.6	5.6	0	0	0	0	0	0	0	1.695089286	0.7	0	0	0	0	15	0	4.1	17.15	15.4	0	FALSE	FALSE	TRUE
2023-05-02	10.9	8	9.8	2.8	1.9	3.5	0	0	0	0	0	0	0	1.706473214	0.7	0	0	0	0	17	0	10.2	25.5	10.2	0	FALSE	FALSE	TRUE
2023-05-08	11	7.8	9	2.4	2	4.5	0	0	0	0	0	0	0	1.725446429	0.7	0	0	0	0	13.7	0	11.2	26.74	10.9	0	FALSE	FALSE	TRUE
2023-05-15	12.6	8.1	8.7	1.4	3.2	19.7	0	0	0	0	0	0	0	1.736830357	0.7	0	0	0	0	20.5	0	12.7	27.74	11	0	FALSE	FALSE	TRUE
2023-05-22	12.4	8	8.1	2.7	2.1	5	0	0	0	0	0	0	0	1.748214286	0.7	0	0	0	0	17.5	5.7	3.4	13.64	12.6	0	FALSE	FALSE	TRUE
2023-05-30	14	7.9	6	2.3	5	5.6	0	0	0	0	0	0	0	1.755803571	0.7	0	0	0	0	21.6	0	7	22.34	12.4	0	FALSE	FALSE	TRUE
2023-06-05	14.6	8.1	7.1	2.2	3.4	5.5	0	0	0	0	0	0	0	1.7671875	0.7	0	0	0	0	21.5	0	9.4	23.26	14	0	FALSE	FALSE	TRUE
2023-06-12	16.7	8	5.9	2.4	2.4	2.8	334	80	254	0	0	0	0	1.774776786	0.7	0	0	0	0	23.3	0	8.6	26.75	14.6	0	FALSE	FALSE	TRUE
2023-06-19	16.5	7.9	5.5	3	2	6.5	176	44	48	0	84	0	0	1.789955357	0.7	0	0	0	0	27	0	11.2	26.78	16.7	334	FALSE	FALSE	TRUE
2023-06-26	18	7.9	4.5	2	3.9	8.8	0	0	0	0	0	0	0	1.797544643	0.7	0	0	0	0	23.8	54.5	0	5.04	16.5	176	FALSE	FALSE	TRUE
2023-07-03	18.6	7.9	4.6	2.1	3.5	5	760	760	0	0	0	0	0	1.816517857	0.7	0	0	0	0	28.4	0	6.4	21.03	18	0	FALSE	FALSE	TRUE
2023-07-10	19.5	7.8	6	1.5	8.5	7	0	0	0	0	0	0	0	1.827901786	0.7	0	0	0	0	26.5	36.2	8.3	22.11	18.6	760	FALSE	FALSE	TRUE
2023-07-17	22.4	6.6	7.7	0.4	62.3	3.6	26	0	26	0	0	0	0	1.839285714	0.7	0	0	0	0	25.4	30.9	3.8	17.49	19.5	0	FALSE	FALSE	TRUE
2023-07-24	23.8	7.2	7.65	1.35	36.8	4.55	383	370	13	0	0	0	0	1.846875	0.7	0	0	0	0	26.1	5.1	3.9	14.9	22.4	26	FALSE	FALSE	TRUE
2023-07-31	25.2	7.8	7.6	2.3	11.3	5.5	740	740	0	0	0	0	0	1.854464286	0.7	0	0	0	0	27.8	0	9.1	21.85	23.8	383	FALSE	FALSE	TRUE
2023-08-07	25.7	7.8	7.6	2.1	16.5	14.4	4580	4580	0	0	0	0	0	1.865848214	0.7	0	0	0	0	29.7	0	8.3	22.87	25.2	740	FALSE	FALSE	TRUE
2023-08-14	24.6	7.8	9	1.2	29.1	19.6	6372	6300	72	0	0	0	0	1.881026786	0.7	0	0	0	0	28.1	0	9.2	23.99	25.7	4580	FALSE	FALSE	TRUE
2023-08-21	25.9	8.2	8.9	0.8	17.3	17.5	9204	8880	12	312	0	0	0	1.896205357	0.7	0	0	0	0	29.2	0	8	19.76	24.6	6372	FALSE	FALSE	TRUE
2023-08-28	24.9	8	7.8	0.6	19.1	29	12408	12360	0	48	0	0	0	1.2	0.7	0	0	0	0	26.1	0	1.1	11.02	25.9	9204	FALSE	FALSE	TRUE
2023-09-04	25	7.7	7.3	1.1	11.8	19.1	8220	7920	128	172	0	0	0	1.5	0.7	0	0	0	0	27.4	0	2.6	15.27	24.9	12408	FALSE	FALSE	TRUE
2023-09-11	24.8	7.8	5.7	1.7	8.5	7.4	6548	6260	192	96	0	0	0	1.7	0.7	0	0	0	0	25.2	0	6.6	16.71	25	8220	FALSE	FALSE	TRUE
2023-09-18	24.3	7.4	3.8	2.3	9	5.5	4604	3520	0	1084	0	0	0	1.15	0.7	0	0	0	0	24.5	2.2	7.4	19.23	24.8	6548	FALSE	FALSE	TRUE
2023-09-25	23.9	7	5	2.3	6.3	11.3	2888	2020	0	868	0	0	1.5	1.29352518	0.7	0	0	0	0	21.4	4	2.9	13.23	24.3	4604	FALSE	FALSE	TRUE
2023-10-04	23.3	7	5.1	2.5	2.8	6.9	598	420	178	0	0	0.116788321	3.01459854	1.274100719	0.7	0	0	0	0	17.8	0	8.2	17.26	23.9	2888	FALSE	FALSE	TRUE
2023-10-10	22.8	7.2	6	1.8	5.2	15.8	630	360	270	0	0	0.291970803	3.03649635	1.254676259	0.7	0	0	0	0	16.5	0	9.4	17.68	23.3	598	FALSE	FALSE	TRUE
2023-10-16	22	7.1	7	1.7	5.6	15.9	206	80	126	0	0	0.467153285	3.058394161	1.235251799	0.7	0	0	0	0	14.7	0	8.9	15.47	22.8	630	FALSE	FALSE	TRUE
2023-10-23	21.3	7.4	7.4	1.8	3.6	16.5	640	480	64	0	96	0.759124088	3.094890511	1.202877698	0.7	0	0	0	0	13.7	0	7.3	12.92	22	206	FALSE	FALSE	TRUE
2023-10-30	20.4	7	6.9	2	3.9	8.5	260	260	0	0	0	0.934306569	3.116788321	1.183453237	0.7	0	0	0	0	14.1	0	9.6	14.52	21.3	640	FALSE	FALSE	TRUE
2023-11-06	19.9	7	7	2.5	3.4	6.1	0	0	0	0	0	0.99270073	3.124087591	1.176978417	0.7	0	0	0	0	15.5	11.5	3.1	7.65	20.4	260	FALSE	FALSE	TRUE
2023-11-13	18.3	7	7.5	2.3	3.1	8	42	0	42	0	0	1.284671533	3.160583942	1.144604317	0.7	0	0	0	0	2.4	0	9.4	13.97	19.9	0	FALSE	FALSE	TRUE
2023-11-20	16.5	7.1	7.8	2	4.1	6	126	100	26	0	0	1.401459854	3.175182482	1.131654676	0.7	0	0	0	0	6	0	9.2	12.87	18.3	42	FALSE	FALSE	TRUE
2023-11-27	15	7.1	8.1	3	4.9	5.6	260	260	0	0	0	1.576642336	3.197080292	1.112230216	0.7	0	0	0	0	7	3	0.8	3.19	16.5	126	FALSE	FALSE	TRUE
2023-12-04	13.3	7.1	8.7	3.7	3.2	3.5	186	160	26	0	0	1.810218978	3.226277372	1.086330935	0.7	0	0	0	0	2.3	0	8.7	11.41	15	260	FALSE	FALSE	TRUE
2023-12-11	12.2	7	9	2.7	3.8	4.1	52	0	52	0	0	1.927007299	3.240875912	1.073381295	0.7	0	0	0	0	11.9	37	0	0.85	13.3	186	FALSE	FALSE	TRUE
2023-12-18	10.9	7.3	9.9	4.1	3.8	4	108	0	52	0	56	2.160583942	3.270072993	1.047482014	0.7	0	0	0	0	-5.6	0	5.8	8.85	12.2	52	FALSE	FALSE	TRUE
2023-12-26	9.2	7	10.1	4.2	4.8	6	0	0	0	0	0	2.218978102	3.277372263	1.041007194	0.7	0	0	0	0	2.2	0	5.5	9.78	10.9	108	FALSE	FALSE	TRUE
2024-01-02	8.3	7	10.6	3.4	3.4	3.7	160	160	0	0	0	2.510948905	3.313868613	1.008633094	0.7	0	0	0	0	4	0	0	2.9	9.2	0	FALSE	FALSE	TRUE
2024-01-08	7.6	7.3	10.6	3.8	2.1	3.9	0	0	0	0	0	2.627737226	3.328467153	0.995683453	0.7	0	0	0	0	-3.8	0	8.7	11.94	8.3	160	FALSE	FALSE	TRUE
2024-01-15	7.7	7.2	10.7	4.3	2.1	4.4	0	0	0	0	0	2.802919708	3.350364964	0.976258993	0.7	0	0	0	0	-2.1	0	9	12.61	7.6	0	FALSE	FALSE	TRUE
2024-01-22	6.9	7.3	11.5	3	1.6	6.6	0	0	0	0	0	2.97810219	3.372262774	0.956834532	0.7	0	0	0	0	-5.4	0	1.7	6.36	7.7	0	FALSE	FALSE	TRUE
2024-01-30	6.3	7.5	11.6	2.8	2.6	7.8	0	0	0	0	0	3.153284672	3.394160584	0.937410072	0.7	0	0	0	0	1.3	0	9.2	13.5	6.9	0	FALSE	FALSE	TRUE
2024-02-05	6	7.4	11.9	3.1	2	7.6	116	0	0	0	116	3.328467153	3.416058394	0.917985612	0.7	0	0	0	0	4.1	12.3	0	3.26	6.3	0	FALSE	FALSE	TRUE
2024-02-13	5.6	7.4	12.3	3.3	1.9	6.4	128	0	0	0	128	3.562043796	3.445255474	0.892086331	0.7	0	0	0	0	8.4	0	8.4	14.96	6	116	FALSE	FALSE	TRUE
2024-02-19	5.8	7.5	12.3	3.1	3.7	7	0	0	0	0	0	3.620437956	3.452554745	0.885611511	0.7	0	0	0	0	9.8	16.6	0	2.2	5.6	128	FALSE	FALSE	TRUE
2024-02-26	6	7.4	12.4	2.5	2.7	9.4	56	0	0	0	56	3.912408759	3.489051095	0.85323741	0.7	0	0	0	0	3.7	0	7.3	15.85	5.8	0	FALSE	FALSE	TRUE
2024-03-04	6.1	7.4	12.8	2.5	2.1	7.4	64	0	0	0	64	3.97080292	3.496350365	0.84676259	0.7	0	0	0	0	6.7	0	5.7	13.26	6	56	FALSE	FALSE	TRUE
2024-03-11	6.4	7.4	12.7	2.5	2.1	6.4	104	0	0	0	104	4.145985401	3.518248175	0.827338129	0.7	0	0	0	0	6.4	0	4.4	11.04	6.1	64	FALSE	FALSE	TRUE
2024-03-18	7.2	7.7	12.3	3.8	2.1	3.9	148	0	12	0	136	4.321167883	3.540145985	0.807913669	0.7	0	0	0	0	7.9	0	10.2	21.43	6.4	104	FALSE	FALSE	TRUE
2024-03-25	7.3	7.5	11.8	2.4	2.7	4.2	225	0	0	0	225	4.554744526	3.569343066	0.782014388	0.7	0	0	0	0	9.4	6.8	0	5.04	7.2	148	FALSE	FALSE	TRUE
2024-04-01	8.7	7.6	11.6	2.5	1.7	5.6	111	0	0	0	111	4.671532847	3.583941606	0.769064748	0.7	0	0	0	0	13.1	0	11.6	23.63	7.3	225	FALSE	FALSE	TRUE
2024-04-08	9.4	7.7	11.1	2.8	1.6	3.8	172	0	0	0	172	4.96350365	3.620437956	0.736690647	0.7	0	0	0	0	16.5	0	5.6	16.25	8.7	111	FALSE	FALSE	TRUE
2024-04-15	10.5	7.9	10.8	1.8	1.6	4.9	24	0	0	0	24	5.138686131	3.642335766	0.717266187	0.7	0	0	0	0	16.2	7.5	0	3.29	9.4	172	FALSE	FALSE	TRUE
2024-04-22	10.9	7.8	10.1	2.4	1.5	4	98	0	0	0	98	5.197080292	3.649635036	0.710791367	0.7	0	0	0	0	17.4	0	6.2	19.42	10.5	24	FALSE	FALSE	TRUE
2024-04-29	11.4	7.8	10	1.8	2.1	4.9	28	0	0	0	28	5.372262774	3.671532847	0.691366906	0.7	0	0	0	0	17.2	0.8	0	6.96	10.9	98	FALSE	FALSE	TRUE
2024-05-07	11.4	7.8	8.8	2.1	2.3	7.7	0	0	0	0	0	5.547445255	3.693430657	0.671942446	0.7	0	0	0	0	12.9	14.1	0	5.6	11.4	28	FALSE	FALSE	TRUE
2024-05-13	12.5	8.1	9	2.5	2.2	7.8	0	0	0	0	0	5.839416058	3.729927007	0.639568345	0.7	0	0	0	0	17.6	0	13.4	29.96	11.4	0	FALSE	FALSE	TRUE
2024-05-20	14.2	8.3	8.3	3.2	2.5	7.2	0	0	0	0	0	6.01459854	3.751824818	0.620143885	0.7	0	0	0	0	19.3	0	4.7	19.61	12.5	0	FALSE	FALSE	TRUE
2024-05-27	13	7.9	8.1	3	1.8	5.7	115	0	115	0	0	6.131386861	3.766423358	0.607194245	0.7	0	0	0	0	18.5	0	10.9	24.38	14.2	0	FALSE	FALSE	TRUE
2024-06-03	14.8	8.1	6.6	2.1	1.8	6.5	671	564	76	0	31	6.364963504	3.795620438	0.581294964	0.7	0	0	0	0	20.8	0	12.8	29.53	13	115	FALSE	FALSE	TRUE
2024-06-10	15.8	8.2	6.1	4.9	1.6	6	57	0	0	0	57	6.423357664	3.802919708	0.574820144	0.7	0	0	0	0	24.7	0	10.8	27.56	14.8	671	FALSE	FALSE	TRUE
2024-06-17	17	8.3	5.3	4	1.3	3.5	136	59	49	0	28	6.598540146	3.824817518	0.555395683	0.7	0	0	0	0	23.4	0	7.5	20.53	15.8	57	FALSE	FALSE	TRUE
2024-06-24	17.8	8.1	4.8	3.1	1.7	2.9	0	0	0	0	0	6.890510949	3.861313869	0.523021583	0.7	0	0	0	0	25.3	0	8.1	24.9	17	136	FALSE	FALSE	TRUE
2024-07-01	18.9	8.5	4.6	3.5	1.8	2.9	41	0	15	0	26	6.948905109	3.868613139	0.516546763	0.7	0	0	0	0	26.2	0	8.7	24.37	17.8	0	FALSE	FALSE	TRUE
2024-07-08	18.7	7.7	3.1	1.8	2.7	6.5	0	0	0	0	0	7.240875912	3.905109489	0.484172662	0.7	0	0	0	0	23.9	137.5	0	3.05	18.9	41	FALSE	FALSE	TRUE
2024-07-15	22.8	8.3	7.9	0.2	123	7.4	680	464	0	0	216	7.357664234	3.919708029	0.471223022	0.7	0	0	0	0	26.6	0.2	7	20.76	18.7	0	FALSE	FALSE	TRUE
2024-07-23	23.7	7.6	7.1	0.7	58.4	23.7	160	96	0	0	64	7.474452555	3.934306569	0.458273381	0.7	0	0	0	0	27.2	3.9	0	4.96	22.8	680	FALSE	FALSE	TRUE
2024-07-29	23.8	7.7	5.2	1.7	47.4	6.8	6064	5690	0	0	374	7.649635036	3.95620438	0.438848921	0.7	0	0	0	0	28.6	0	5.6	18.2	23.7	160	FALSE	FALSE	TRUE
2024-08-05	25.6	9.3	8	1.5	48.4	3.6	25760	25760	0	0	0	7.941605839	3.99270073	0.40647482	0.7	0	0	0	0	27.4	34.3	5.4	15.35	23.8	6064	FALSE	FALSE	TRUE
2024-08-12	25.9	9.3	8.5	0.2	42.6	18.8	85601	83050	105	0	2446	11	4	0.8	1.8	0	0.2	0	0	30.5	0	11.1	24.7	25.6	25760	FALSE	FALSE	TRUE
2024-08-14	25.2	8.4	6.4	0.6	41.1	22	64852	61300	70	0	3482	5	9	0.9	2	0	0.3	0	0	29.5	0	12.4	26.45	25.9	85601	FALSE	FALSE	TRUE
2024-08-19	25.3	8.5	7.1	0.9	24.4	15.8	32982	31900	39	27	1016	0	11	0.9	1.5	0	0.1	0	0	29.9	0.1	9	21.04	25.2	64852	FALSE	FALSE	TRUE
2024-08-22	25.3	8.2	5.4	1.1	13.3	14.5	28211	26840	91	1202	78	10	11	0.8	2.4	0	0.1	0	0	28.5	0.5	4.7	13.87	25.3	32982	FALSE	FALSE	TRUE
2024-08-26	24.9	8.5	5.9	0.9	27.9	13.1	40717	38870	0	1485	362	2	0	0.7	1.5	0	0.1	0.4	0	27.9	0	2.6	13.01	25.3	28211	FALSE	FALSE	TRUE
2024-08-29	24.5	8.8	3.4	1.2	20.5	7.3	16147	9770	50	5842	485	12	6	0.3	0.6	0	0	0	0	27	3	8.8	19.49	24.9	40717	FALSE	FALSE	TRUE
2024-09-02	24.3	8.4	4.3	1.3	24.1	11.7	20749	18830	129	850	940	7	0	0.4	0.6	0	0	0	0	24.8	0	1.5	8.26	24.5	16147	FALSE	FALSE	TRUE
2024-09-05	24.6	8	2.9	1.8	16.9	9	11065	7690	111	1912	1352	24	4	0.3	0.7	0	0.1	0	0	27.2	0	6.8	18.91	24.3	20749	FALSE	FALSE	TRUE
2024-09-09	24.8	8.4	3.5	1.4	21.3	6.8	17201	13920	228	2155	898	39	0	0.3	0.4	0	0	0	0	29	0	6.5	18.6	24.6	11065	FALSE	FALSE	TRUE
2024-09-12	24.4	8.4	3.7	1.2	20.2	8	16319	14060	737	798	724	44	3	0.2	0.3	0	0	0	0	26.5	4.1	0	8.28	24.8	17201	FALSE	FALSE	TRUE
2024-09-19	24	8.1	2.9	1.6	20.4	7.1	8756	6240	911	1079	526	90	0	0	0	0	0	0	0	28.5	0	4.9	16.45	24.4	16319	FALSE	FALSE	TRUE
2024-09-23	23.9	6.7	1.8	1	21.9	3.9	2735	2380	209	64	82	47	9	0	0	0	0	0	0	21	0	11.3	22.27	24	8756	FALSE	FALSE	TRUE
2024-09-30	23.7	7.3	3.9	1.6	8.7	22.1	14538	13054	1127	0	357	1.5	1	0.25	0.4	0	0	0	0	21	0	11	19.94	23.9	2735	FALSE	FALSE	TRUE
2024-10-07	22.5	6.9	3.4	2.2	10.7	14	6316	6194	0	35	87	36	0	0.35	0.55	0	0	0	0	17	2.3	1	8.24	23.7	14538	FALSE	FALSE	TRUE
2024-10-14	22.1	7	4.2	2.5	10.8	11.2	1325	1250	0	0	75	5	2.5	0.1	0.25	0	0	0	0	17.7	8.3	0	3.57	22.5	6316	FALSE	FALSE	TRUE
2024-10-21	21.3	7	4.3	3	9.8	8	430	325	0	50	55	9.769230769	0	0.202362205	0.395275591	0	0.002362205	0	0	13.9	0.4	0.7	6.66	22.1	1325	FALSE	FALSE	TRUE
2024-10-28	20.9	7	4.6	2.7	7	3.2	94	0	0	0	94	9.538461538	0	0.204724409	0.390551181	0	0.004724409	0	0	14.8	0	0.4	5.37	21.3	430	FALSE	FALSE	TRUE
2024-11-04	19.9	7.1	6.3	2.3	4.7	6.8	73	0	0	0	73	9.384615385	0	0.206299213	0.387401575	0	0.006299213	0	0	14.5	0	4.6	9.85	20.9	94	FALSE	FALSE	TRUE
2024-11-11	19.2	7.2	7.4	2.9	3.7	7.2	172	113	0	0	59	9.230769231	0	0.207874016	0.384251969	0	0.007874016	0	0	13.3	0	9.1	12.95	19.9	73	FALSE	FALSE	TRUE
2024-11-18	17.9	6.9	7.2	2.8	4.3	12	39	0	0	0	39	8.846153846	0	0.211811024	0.376377953	0	0.011811024	0	0	2.6	0	9.2	13.99	19.2	172	FALSE	FALSE	TRUE
2024-11-25	16.9	6.9	7.5	2.5	3.3	7.2	40	0	0	0	40	8.769230769	0	0.212598425	0.37480315	0	0.012598425	0	0	9.7	0.3	7.5	10.98	17.9	39	FALSE	FALSE	TRUE
2024-12-02	15.3	7	7.9	2.5	3.8	5.1	0	0	0	0	0	8.538461538	0	0.21496063	0.37007874	0	0.01496063	0	0	8.3	0	5.1	7.75	16.9	40	FALSE	FALSE	TRUE
2024-12-09	13.5	6.8	8.4	2.5	5.6	4.4	0	0	0	0	0	8.153846154	0	0.218897638	0.362204724	0	0.018897638	0	0	2	0	5.7	8.68	15.3	0	FALSE	FALSE	TRUE
2024-12-16	12	7	8.8	3	3.8	4	0	0	0	0	0	8	0	0.220472441	0.359055118	0	0.020472441	0	0	2.7	0.1	6.8	10.22	13.5	0	FALSE	FALSE	TRUE
2024-12-23	10.7	7	9.3	3	2.2	4.3	60	0	0	0	60	7.692307692	0	0.223622047	0.352755906	0	0.023622047	0	0	-0.4	0	4.2	6.87	12	0	FALSE	FALSE	TRUE
2024-12-30	9.5	7.2	9.7	3.2	3.1	5.1	0	0	0	0	0	7.615384615	0	0.224409449	0.351181102	0	0.024409449	0	0	6.7	0	2.1	5.55	10.7	60	FALSE	FALSE	TRUE
2025-01-06	8.7	7.1	10.1	3.6	2.5	7.4	97	0	0	0	97	7.230769231	0	0.228346457	0.343307087	0	0.028346457	0	0	2	1.8	1.2	4.69	9.5	0	FALSE	FALSE	TRUE
2025-01-13	7.5	7	10.5	4.5	1.4	5.9	0	0	0	0	0	7.153846154	0	0.229133858	0.341732283	0	0.029133858	0	0	1.1	0	7.8	11.61	8.7	97	FALSE	FALSE	TRUE
2025-01-20	7	7	10.8	3.7	1.8	4.5	0	0	0	0	0	6.846153846	0	0.232283465	0.335433071	0	0.032283465	0	0	2.8	0	3	7.09	7.5	0	FALSE	FALSE	TRUE
2025-01-31	6.65	6.95	10.35	3.55	1.9	5.3	0	0	0	0	0	6.615384615	0	0.234645669	0.330708661	0	0.034645669	0	0	1.9	0	1.3	7.44	7	0	FALSE	FALSE	TRUE
2025-02-03	6	7	11.2	4.3	1.5	4.8	0	0	0	0	0	6.384615385	0	0.237007874	0.325984252	0	0.037007874	0	0	-1.4	0.2	9	15.17	6.65	0	FALSE	FALSE	TRUE
2025-02-10	5.3	7	11.6	3.7	1.6	4.8	0	0	0	0	0	6.076923077	0	0.24015748	0.319685039	0	0.04015748	0	0	-2.6	0	5.1	10.56	6	0	FALSE	FALSE	TRUE
2025-02-17	5.2	6.9	11.8	4.1	1.3	4.2	74	0	0	0	74	5.923076923	0	0.241732283	0.316535433	0	0.041732283	0	0	1.3	0	10	17.69	5.3	0	FALSE	FALSE	TRUE
2025-02-24	4.9	7	12.1	3.7	1.7	4.4	0	0	0	0	0	5.692307692	0	0.244094488	0.311811024	0	0.044094488	0	0	-0.7	0	10.3	19.21	5.2	74	FALSE	FALSE	TRUE
2025-03-04	4.9	7.1	12.2	3.3	1.6	4.9	130	0	0	0	130	5.384615385	0	0.247244094	0.305511811	0	0.047244094	0	0	3.4	0.9	0.8	6.16	4.9	0	FALSE	FALSE	TRUE
2025-03-10	5.7	7.3	12.5	3.5	1.7	4.5	24	0	0	0	24	5.153846154	0	0.249606299	0.300787402	0	0.049606299	0	0	8.2	0	10.8	17.64	4.9	130	FALSE	FALSE	TRUE
2025-03-17	5.8	7.3	12.3	3.3	2.1	2.5	0	0	0	0	0	4.923076923	0	0.251968504	0.296062992	0	0.051968504	0	0	3.8	0	11.1	21.51	5.7	24	FALSE	FALSE	TRUE
2025-03-24	9.5	7.3	11.5	2.5	1.3	1.7	0	0	0	0	0	4.846153846	0	0.252755906	0.294488189	0	0.052755906	0	0	16.6	0	8.3	19.25	5.8	0	FALSE	FALSE	TRUE
2025-03-31	7.9	7.1	11.7	4.4	2.1	3.8	122	0	0	0	122	4.615384615	0	0.25511811	0.28976378	0	0.05511811	0	0	8.1	0	8.8	21.06	9.5	0	FALSE	FALSE	TRUE
2025-04-08	8.8	7.3	11.6	4.7	0.9	2.8	0	0	0	0	0	4.384615385	0	0.257480315	0.28503937	0	0.057480315	0	0	15.6	0	10.4	23.97	7.9	122	FALSE	FALSE	TRUE
2025-04-14	8.8	7.9	11.4	2.8	1.6	5.6	0	0	0	0	0	4	0	0.261417323	0.277165354	0	0.061417323	0	0	5.1	6.2	0.9	9.1	8.8	0	FALSE	FALSE	TRUE
2025-04-21	10.2	8.1	11.1	3.3	1.5	6.7	0	0	0	0	0	3.769230769	0	0.263779528	0.272440945	0	0.063779528	0	0	21.5	0	8.1	23.31	8.8	0	FALSE	FALSE	TRUE
2025-04-28	10.4	7.9	10.6	3.4	1.5	3.4	0	0	0	0	0	3.692307692	0	0.264566929	0.270866142	0	0.064566929	0	0	15.3	0	12.7	28.33	10.2	0	FALSE	FALSE	TRUE
2025-05-07	10.9	7.6	9.7	6.6	1.2	1.2	0	0	0	0	0	3.384615385	0	0.267716535	0.264566929	0	0.067716535	0	0	14.7	0	10.6	26.59	10.4	0	FALSE	FALSE	TRUE
2025-05-12	11.3	7.6	9.4	5.5	1.7	2.1	0	0	0	0	0	3.153846154	0	0.27007874	0.25984252	0	0.07007874	0	0	17.7	0	13	28.78	10.9	0	FALSE	FALSE	TRUE
2025-05-19	12	8	8.9	4.3	1.4	2.8	0	0	0	0	0	2.846153846	0	0.273228346	0.253543307	0	0.073228346	0	0	18.8	0	4.3	15.54	11.3	0	FALSE	FALSE	TRUE
2025-05-26	12.8	7.7	8.4	5.1	1.3	4.3	24	0	24	0	0	2.769230769	0	0.274015748	0.251968504	0	0.074015748	0	0	19.7	0	3.225	13.99	12	0	FALSE	FALSE	TRUE
2025-06-02	13.5	7.7	7.9	4.5	1.7	3.5	0	0	0	0	0	2.461538462	0	0.277165354	0.245669291	0	0.077165354	0	0	20.4	0	0	9.34	12.8	24	FALSE	FALSE	TRUE
2025-06-09	15.5	7.7	6.7	3.6	1.4	4	210	200	0	0	10	2.307692308	0	0.278740157	0.242519685	0	0.078740157	0	0	25.5	0	9.9	26.19	13.5	0	FALSE	FALSE	TRUE
2025-06-16	16.1	7.5	4.7	2.3	2.1	5.5	24	0	0	0	24	2	0	0.281889764	0.236220472	0	0.081889764	0	0	24.2	26.3	3.8	12.91	15.5	210	FALSE	FALSE	TRUE
2025-06-23	18.9	7.5	4.7	1.9	6.1	5.8	191	130	0	0	61	1.846153846	0	0.283464567	0.233070866	0	0.083464567	0	0	25.1	0	13.5	29	16.1	24	FALSE	FALSE	TRUE
2025-06-30	21	7.8	6	1.7	4.1	5	626	570	0	0	56	1.538461538	0	0.286614173	0.226771654	0	0.086614173	0	0	29.1	0	11.7	28.75	18.9	191	FALSE	FALSE	TRUE
2025-07-07	21.7	7.8	5.7	3.7	3.4	4.1	620	620	0	0	0	1.307692308	0	0.288976378	0.222047244	0	0.088976378	0	0	30	0	8.6	24.07	21	626	FALSE	FALSE	TRUE
2025-07-14	20.6	8.6	6.8	1.3	3.3	7.4	1276	840	0	0	436	1.153846154	0	0.290551181	0.218897638	0	0.090551181	0	0	23.4	20.9	4	16.43	21.7	620	FALSE	FALSE	TRUE
2025-07-21	20.6	7.7	5.3	1.3	14.4	8.4	710	250	0	0	460	0.769230769	0	0.294488189	0.211023622	0	0.094488189	0	0	28.4	0	9.1	23.59	20.6	1276	FALSE	FALSE	TRUE
2025-07-28	25	7.8	6.7	2.1	6.9	6.6	4705	4547	0	0	158	0.538461538	0	0.296850394	0.206299213	0	0.096850394	0	0	30.9	0	6.925	20.76	20.6	710	FALSE	FALSE	TRUE
2025-08-04	24.5	7.7	6.7	0.9	8.1	18.1	23323	22433	0	0	890	0.384615385	0	0.298425197	0.203149606	0	0.098425197	0	0	28.4	11.4	6.2	20.96	25	4705	FALSE	FALSE	TRUE
2025-08-11	24.4	8	6.7	0.8	11.9	30.4	38665	38627	0	0	38	0.076923077	0	1	0.9	0	0.3	0	0	24.3	2.3	0.3	7.51	24.5	23323	FALSE	FALSE	TRUE
2025-08-13	24.6	7.7	5	0.9	11	15.7	23733	23713	0	0	20	0	0	0.8	0.5	0	0.1	0	0	26.8	5.4	2.2	12.9	24.4	38665	FALSE	FALSE	TRUE
2025-08-18	24.2	8.1	6.6	0.4	38	31.9	194194	194125	0	0	69	0	0	2.4	3.2	0.2	0.5	0.1	0.2	29.2	0	8.6	22.31	24.6	23733	FALSE	FALSE	TRUE
2025-08-21	26	8	6.4	0.6	10.1	15.2	40667	40505	0	0	162	0	0	0.6	1	0.1	0.2	0	0.1	29.9	0	9.1	22.13	24.2	194194	FALSE	FALSE	TRUE
2025-08-25	25.4	7.9	5.9	0.8	9.3	14.1	24560	24195	0	0	365	0	0	0.4	0.6	0	0.1	0	0.1	30.3	0	8.6	22.17	26	40667	FALSE	FALSE	TRUE
2025-08-28	26	8.1	4.7	0.8	12.3	13.9	28182	27818	0	0	364	0	0	0.2	0.4	0	0.1	0	0	28.1	0	8.2	20.75	25.4	24560	FALSE	FALSE	TRUE
2025-09-01	25.4	7.9	4.4	1.1	8.9	10.3	30536	30071	0	0	465	0	0	0.4	0.7	0.1	0.1	0	0.1	26.8	7.4	5.6	16.24	26	28182	FALSE	FALSE	TRUE
2025-09-04	24.4	8	4.1	0.8	9.8	8.5	26975	26248	0	0	727	0	0	0.3	0.5	0	0.1	0	0	26.1	0.4	4	11.25	25.4	30536	FALSE	FALSE	TRUE
2025-09-08	24	7.6	3.2	1	9.2	11.8	24974	24011	0	0	963	0	0	0.4	0.6	0	0.1	0	0	22.2	0	0.1	7.38	24.4	26975	FALSE	FALSE	TRUE
2025-09-11	25.2	7.7	2.5	1.3	9.8	8.3	23710	23660	0	0	50	0	0	0.3	0.4	0	0	0	0	24.9	0	9.3	20.72	24	24974	FALSE	FALSE	TRUE
2025-09-15	24.8	7.6	2.9	1	13	9.2	23673	23542	0	0	131	0	0	0.4	0.6	0	0.1	0	0	25.3	0	2.4	13.39	25.2	23710	FALSE	FALSE	TRUE
2025-09-18	24.3	7.7	3.1	1.5	7.3	6	10402	10320	0	0	82	0	0	0.5	0.4	0	0.1	0	0	21.9	0	4.3	11.71	24.8	23673	FALSE	FALSE	TRUE
2025-09-22	23.3	7.1	3.3	1.9	6.6	5.2	7141	7050	0	0	91	0	3	0.3	0.2	0	0	0	0	21.2	0	2.1	12.18	24.3	10402	FALSE	FALSE	TRUE
2025-09-25	23.4	7.1	2.7	1	4.7	7	8609	8521	0	0	88	0	3	0.4	0.3	0	0.1	0	0	22.2	14.8	0	3.67	23.3	7141	FALSE	FALSE	TRUE
2025-09-29	22.8	7.1	3.4	2.4	4	5.5	12387	12111	0	175	101	0	0	0.3	0.3	0	0	0	0	19.9	0	4.7	13.08	23.4	8609	FALSE	FALSE	TRUE
2025-10-10	23.2	7.1	4.1	2.3	2.3	4.7	3314	2854	57	80	323	139.3333333	0	0.1	0.1	0	0	0	0	21.5	0	2.4	11.11	22.8	12387	FALSE	FALSE	TRUE
2025-10-14	22.8	7.3	5.9	2.9	3.9	11.7	5465	4851	66	380	168	28	0	0.4	0.35	0	0.05	0	0	18.3	5.7	0	5.48	23.2	3314	FALSE	FALSE	TRUE
2025-10-20	22	7.3	7.2	1.8	3.5	10.9	4051	3469	0	515	67	2	0	0.466666667	0.5	0	0.033333333	0	0	11.5	0	9.7	15.82	22.8	5465	FALSE	FALSE	TRUE
2025-10-27	20.7	7.3	7.3	2.7	3	12.6	2653	2493	0	85	75	0	0	0.25	0.75	0	0	0	0	9.5	0	9.9	16.69	22	4051	FALSE	FALSE	TRUE
2025-11-03	19.5	5.9	7.8	2.3	4.6	15.2	2050	2031	0	0	19	0	0	0.2	0.666666667	0	0	0	0	7	0	9.7	14.94	20.7	2653	FALSE	FALSE	TRUE
2025-11-10	18.1	7.6	8.1	2.9	2	7.4	1780	1700	0	0	80	0	0	0.1	0.333333333	0	0	0	0	8.9	0	9.6	14.54	19.5	2050	FALSE	FALSE	TRUE
2025-11-17	17.2	7.5	8.2	2.2	1.7	7.8	2280	2241	0	0	39	0	0	0.1	0.25	0	0	0	0	5.6	0	8.3	11.08	18.1	1780	FALSE	FALSE	TRUE
2025-11-24	16.1	7.6	8.4	2.5	1.9	7.2	893	825	0	25	43	0	0	0.1	0.15	0	0	0	0	12	0	6.5	9.68	17.2	2280	FALSE	FALSE	TRUE
2025-12-01	14.8	7.6	9	3.4	1.7	8.4	117	0	0	95	22	0	0	0.1	0.1	0	0	0	0	7.9	0	8.6	11.82	16.1	893	FALSE	FALSE	TRUE
2025-12-08	13.2	7.7	9.3	3.7	1.8	6.7	174	85	0	0	89	0	0	0.1	0.1	0	0	0	0	4.9	0	8.6	11.61	14.8	117	FALSE	FALSE	TRUE
2025-12-15	12	7.7	9.4	3.5	3.5	6.1	233	200	0	0	33	0	0	0.1	0.1	0	0	0	0	1.8	0	1.6	6.82	13.2	174	FALSE	FALSE	TRUE
2025-12-22	10.6	7.6	9.6	3.7	2.6	6.1	0	0	0	0	0	0	0	0.1	0.1	0	0	0	0	-0.5	0	8.1	10.9	12	233	FALSE	FALSE	TRUE
2025-12-29	9.8	7.6	9.8	3.8	1.3	7.1	138	0	0	0	138	0	0	0.1	0.1	0	0	0	0	5.3	1	2.6	5.33	10.6	0	FALSE	FALSE	TRUE
2026-01-05	8	7.7	11	3.7	1.4	3.7	265	52	0	0	213	0	0	0.1	0.1	0	0	0	0	-0.2	0	8.4	11.35	9.8	138	FALSE	FALSE	TRUE
2026-01-12	7.1	7.8	11.1	4.1	1.4	4.7	18	0	0	0	18	0	0	0.1	0.1	0	0	0	0	-1.5	1.3	3.7	6.5	8	265	FALSE	FALSE	TRUE
2026-01-19	6.8	7.3	10.9	3.8	1.6	4.7	303	130	0	0	173	0	0	0.1	0.1	0	0	0	0	-1	0.6	3.9	7.56	7.1	18	FALSE	FALSE	TRUE
2026-01-26	5.5	7.7	11.4	4.8	1.2	4.3	359	0	0	0	359	0	0	0.1	0.1	0	0	0	0	-3.5	0	4.6	9.93	6.8	303	FALSE	FALSE	TRUE
2026-02-02	5.2	7.6	11.5	4.7	1.6	4.7	92	0	0	0	92	0	0	0.1	0.1	0	0	0	0	-1.9	2.4	7.1	11.79	5.5	359	FALSE	FALSE	TRUE
2026-02-09	4.9	7.7	11.8	2.7	1.1	5.1	128	0	0	0	128	0	0	0.1	0.1	0	0	0	0	-2	0	9.6	15.56	5.2	92	FALSE	FALSE	TRUE
2026-02-19	5.1	7.5	12	4.8	1.4	5	36	0	0	0	36	0	0	0.1	0.1	0	0	0	0	2.1	0	10.2	17.73	4.9	128	FALSE	FALSE	TRUE
2026-02-23	5.3	7.7	12.1	3.7	1.5	4.8	142	0	0	0	142	0	0	0.1	0.1	0	0	0	0	3	0	6.6	14.71	5.1	36	FALSE	FALSE	TRUE
2026-03-03	5.6	7.8	12.1	3.5	1.4	4.5	68	0	0	0	68	0	0	0.1	0.1	0	0	0	0	6.9	0.1	3.6	12.68	5.3	142	FALSE	FALSE	TRUE
2026-03-09	5.6	7.7	12.3	3.5	2.3	4.8	78	0	0	0	78	0	0	0.1	0.1	0	0	0	0	2.8	0	3.5	9.35	5.6	68	FALSE	FALSE	TRUE
2026-03-16	6.2	7.8	12.2	3.5	1.6	5.2	178	0	0	0	178	0	0	0.1	0.1	0	0	0	0	7.5	0	9	18.77	5.6	78	FALSE	FALSE	TRUE
2026-03-23	7	7.8	12	3.8	1.5	4	50	0	0	0	50	0	0	0.1	0.1	0	0	0	0	11.8	0	11.5	22.54	6.2	178	FALSE	FALSE	TRUE
2026-03-30	8.1	7.8	11.6	3.7	1.6	4.1	151	0	0	0	151	0	0	0.1	0.1	0	0	0	0	12.9	11.3	0.7	6.98	7	50	FALSE	FALSE	TRUE
2026-04-06	8.7	7.6	11.4	3.5	1	4.2	56	0	0	0	56	0	0	0.1	0.1	0	0	0	0	10	7.3	0	4.66	8.1	151	FALSE	FALSE	TRUE
2026-04-13	8.8	7.7	11.3	3.4	0.9	5.5	145	0	0	0	145	0	0	0.1	0.1	0	0	0	0	19	0	11.1	25.85	8.7	56	FALSE	FALSE	TRUE
2026-04-20	9.7	8.1	10.9	3.5	1.4	4.3	54	0	0	0	54	0	0	0.1	0.1	0	0	0	0	13.3	0.2	2	6.48	8.8	145	FALSE	FALSE	TRUE
2026-04-27	10.4	8.1	10.6	2	1.8	4.3	0	0	0	0	0	0	0	0.1	0.1	0	0	0	0	13.3	0	2	6.48	9.7	54	FALSE	FALSE	TRUE
